expiry,kind,asof,symbol,pcr,ce,pe,max_ce,max_pe,opt_expiry
2024-05-30,on,2024-05-30,AARTIIND,0.4823,7694000,3711000,700.0,600.0,2024-06-27
2024-05-30,on,2024-05-30,ABB,0.9674,755125,730500,9000.0,7500.0,2024-06-27
2024-05-30,on,2024-05-30,ABBOTINDIA,0.6124,18320,11220,27000.0,26000.0,2024-06-27
2024-05-30,on,2024-05-30,ABCAPITAL,0.6279,27280800,17128800,250.0,200.0,2024-06-27
2024-05-30,on,2024-05-30,ABFRL,0.9773,12828400,12537200,300.0,250.0,2024-06-27
2024-05-30,on,2024-05-30,ACC,0.6618,1860300,1231200,2600.0,2400.0,2024-06-27
2024-05-30,on,2024-05-30,ADANIENT,0.9589,9555300,9162900,3900.0,2800.0,2024-06-27
2024-05-30,on,2024-05-30,ADANIPORTS,0.8441,14502000,12241600,1400.0,1200.0,2024-06-27
2024-05-30,on,2024-05-30,ALKEM,0.454,419600,190500,5000.0,4800.0,2024-06-27
2024-05-30,on,2024-05-30,AMBUJACEM,0.9337,11780100,10998900,650.0,580.0,2024-06-27
2024-05-30,on,2024-05-30,APOLLOHOSP,0.4351,1246875,542500,6000.0,5500.0,2024-06-27
2024-05-30,on,2024-05-30,APOLLOTYRE,0.5539,9100100,5040500,500.0,450.0,2024-06-27
2024-05-30,on,2024-05-30,ASHOKLEY,1.0774,47460000,51135000,230.0,200.0,2024-06-27
2024-05-30,on,2024-05-30,ASIANPAINT,0.7781,3725600,2899000,3000.0,2800.0,2024-06-27
2024-05-30,on,2024-05-30,ASTRAL,0.392,1975561,774370,2300.0,2100.0,2024-06-27
2024-05-30,on,2024-05-30,ATUL,0.4949,174525,86375,6000.0,5500.0,2024-06-27
2024-05-30,on,2024-05-30,AUBANK,0.7526,5647000,4250000,650.0,600.0,2024-06-27
2024-05-30,on,2024-05-30,AUROPHARMA,0.6945,3495800,2427700,1260.0,1100.0,2024-06-27
2024-05-30,on,2024-05-30,AXISBANK,0.6366,13600625,8657500,1200.0,1100.0,2024-06-27
2024-05-30,on,2024-05-30,BAJAJ-AUTO,0.7152,939125,671625,10000.0,9000.0,2024-06-27
2024-05-30,on,2024-05-30,BAJAJFINSV,0.5014,5919000,2967500,1600.0,1500.0,2024-06-27
2024-05-30,on,2024-05-30,BAJFINANCE,0.5716,5189250,2966125,7500.0,6500.0,2024-06-27
2024-05-30,on,2024-05-30,BALKRISIND,0.7203,1944600,1400700,3400.0,2300.0,2024-06-27
2024-05-30,on,2024-05-30,BALRAMCHIN,0.891,3273600,2916800,400.0,340.0,2024-06-27
2024-05-30,on,2024-05-30,BANDHANBNK,0.7149,29221700,20891100,200.0,175.0,2024-06-27
2024-05-30,on,2024-05-30,BANKBARODA,0.7038,44787600,31522725,300.0,250.0,2024-06-27
2024-05-30,on,2024-05-30,BATAINDIA,0.5938,3084750,1831875,1400.0,1400.0,2024-06-27
2024-05-30,on,2024-05-30,BEL,0.9336,65481600,61135350,300.0,250.0,2024-06-27
2024-05-30,on,2024-05-30,BERGEPAINT,0.5156,6935280,3575880,500.0,450.0,2024-06-27
2024-05-30,on,2024-05-30,BHARATFORG,0.9611,4083000,3924000,1600.0,1500.0,2024-06-27
2024-05-30,on,2024-05-30,BHARTIARTL,0.6415,14691750,9425425,1400.0,1250.0,2024-06-27
2024-05-30,on,2024-05-30,BHEL,0.5855,52284750,30610125,300.0,300.0,2024-06-27
2024-05-30,on,2024-05-30,BIOCON,0.5567,15227500,8477500,320.0,300.0,2024-06-27
2024-05-30,on,2024-05-30,BOSCHLTD,0.5167,92325,47700,32000.0,29000.0,2024-06-27
2024-05-30,on,2024-05-30,BPCL,0.6471,16624800,10758600,700.0,700.0,2024-06-27
2024-05-30,on,2024-05-30,BRITANNIA,0.5541,1297200,718800,5500.0,5000.0,2024-06-27
2024-05-30,on,2024-05-30,BSOFT,0.6938,5451000,3782000,700.0,600.0,2024-06-27
2024-05-30,on,2024-05-30,CANBK,0.7436,118199250,87898500,120.0,110.0,2024-06-27
2024-05-30,on,2024-05-30,CANFINHOME,0.6645,2726100,1811550,800.0,700.0,2024-06-27
2024-05-30,on,2024-05-30,CHAMBLFERT,0.4672,6218700,2905100,410.0,400.0,2024-06-27
2024-05-30,on,2024-05-30,CHOLAFIN,0.5223,2993750,1563750,1300.0,1100.0,2024-06-27
2024-05-30,on,2024-05-30,CIPLA,0.9383,6184100,5802550,1500.0,1480.0,2024-06-27
2024-05-30,on,2024-05-30,COALINDIA,0.7604,40584600,30861600,500.0,500.0,2024-06-27
2024-05-30,on,2024-05-30,COFORGE,0.7463,1758900,1312650,5500.0,5000.0,2024-06-27
2024-05-30,on,2024-05-30,COLPAL,0.5036,1124550,566300,2700.0,2500.0,2024-06-27
2024-05-30,on,2024-05-30,CONCOR,0.7151,6410000,4584000,1100.0,1000.0,2024-06-27
2024-05-30,on,2024-05-30,COROMANDEL,1.0817,1241800,1343300,1300.0,1200.0,2024-06-27
2024-05-30,on,2024-05-30,CROMPTON,1.0024,6006600,6021000,400.0,300.0,2024-06-27
2024-05-30,on,2024-05-30,CUB,0.3833,25085000,9615000,150.0,130.0,2024-06-27
2024-05-30,on,2024-05-30,CUMMINSIND,0.5692,2160000,1229400,3800.0,3400.0,2024-06-27
2024-05-30,on,2024-05-30,DABUR,0.9791,8617500,8437500,600.0,500.0,2024-06-27
2024-05-30,on,2024-05-30,DALBHARAT,0.6437,1165500,750225,2000.0,1700.0,2024-06-27
2024-05-30,on,2024-05-30,DEEPAKNTR,0.5972,1626000,971100,2300.0,2200.0,2024-06-27
2024-05-30,on,2024-05-30,DIVISLAB,0.8619,1764200,1520600,4400.0,4300.0,2024-06-27
2024-05-30,on,2024-05-30,DIXON,0.9977,836600,834700,9500.0,8500.0,2024-06-27
2024-05-30,on,2024-05-30,DLF,0.5669,19090500,10822350,850.0,750.0,2024-06-27
2024-05-30,on,2024-05-30,DRREDDY,0.696,1190500,828625,6000.0,5500.0,2024-06-27
2024-05-30,on,2024-05-30,EICHERMOT,0.8029,925225,742875,5000.0,4300.0,2024-06-27
2024-05-30,on,2024-05-30,ESCORTS,1.0438,652300,680900,3900.0,3500.0,2024-06-27
2024-05-30,on,2024-05-30,EXIDEIND,0.7505,14196600,10654200,550.0,500.0,2024-06-27
2024-05-30,on,2024-05-30,FEDERALBNK,0.6024,56450000,34005000,170.0,150.0,2024-06-27
2024-05-30,on,2024-05-30,GAIL,0.5073,62663775,31791675,210.0,200.0,2024-06-27
2024-05-30,on,2024-05-30,GLENMARK,0.9196,1985050,1825550,1200.0,1100.0,2024-06-27
2024-05-30,on,2024-05-30,GMRINFRA,0.4924,106098750,52245000,90.0,85.0,2024-06-27
2024-05-30,on,2024-05-30,GNFC,0.6924,3811600,2639000,700.0,660.0,2024-06-27
2024-05-30,on,2024-05-30,GODREJCP,0.8731,1678000,1465000,1400.0,1200.0,2024-06-27
2024-05-30,on,2024-05-30,GODREJPROP,0.5625,2428175,1365900,2500.0,2700.0,2024-06-27
2024-05-30,on,2024-05-30,GRANULES,0.8384,5026000,4214000,450.0,400.0,2024-06-27
2024-05-30,on,2024-05-30,GRASIM,0.4428,2984112,1321382,2400.0,2300.0,2024-06-27
2024-05-30,on,2024-05-30,GUJGASLTD,0.7502,3842500,2882500,560.0,500.0,2024-06-27
2024-05-30,on,2024-05-30,HAL,0.7746,8523600,6602400,5900.0,4500.0,2024-06-27
2024-05-30,on,2024-05-30,HAVELLS,0.9254,2498500,2312000,1900.0,1900.0,2024-06-27
2024-05-30,on,2024-05-30,HCLTECH,0.6246,8073450,5042450,1400.0,1300.0,2024-06-27
2024-05-30,on,2024-05-30,HDFCAMC,0.563,772650,435000,4000.0,3500.0,2024-06-27
2024-05-30,on,2024-05-30,HDFCBANK,0.6428,46339700,29787450,1600.0,1400.0,2024-06-27
2024-05-30,on,2024-05-30,HDFCLIFE,0.5348,15112900,8082800,600.0,540.0,2024-06-27
2024-05-30,on,2024-05-30,HEROMOTOCO,0.7318,1989300,1455750,5200.0,5000.0,2024-06-27
2024-05-30,on,2024-05-30,HINDALCO,0.9014,22642200,20409200,700.0,600.0,2024-06-27
2024-05-30,on,2024-05-30,HINDCOPPER,0.7922,9897750,7841350,400.0,400.0,2024-06-27
2024-05-30,on,2024-05-30,HINDPETRO,0.6727,11631600,7824600,550.0,500.0,2024-06-27
2024-05-30,on,2024-05-30,HINDUNILVR,0.6438,8456400,5444100,2400.0,2300.0,2024-06-27
2024-05-30,on,2024-05-30,ICICIBANK,0.4549,30010400,13652100,1200.0,1100.0,2024-06-27
2024-05-30,on,2024-05-30,ICICIGI,0.5332,971500,518000,1800.0,1500.0,2024-06-27
2024-05-30,on,2024-05-30,ICICIPRULI,0.6947,3901500,2710500,600.0,550.0,2024-06-27
2024-05-30,on,2024-05-30,IDEA,0.8115,721800000,585760000,16.0,14.0,2024-06-27
2024-05-30,on,2024-05-30,IDFC,0.4326,34885000,15090000,120.0,110.0,2024-06-27
2024-05-30,on,2024-05-30,IDFCFIRSTB,0.431,215940000,93060000,80.0,75.0,2024-06-27
2024-05-30,on,2024-05-30,IEX,0.5476,43680000,23917500,170.0,150.0,2024-06-27
2024-05-30,on,2024-05-30,IGL,0.6019,10026500,6034875,500.0,400.0,2024-06-27
2024-05-30,on,2024-05-30,INDHOTEL,0.4917,8587000,4222000,600.0,530.0,2024-06-27
2024-05-30,on,2024-05-30,INDIACEM,0.5747,8653600,4973500,220.0,200.0,2024-06-27
2024-05-30,on,2024-05-30,INDIAMART,0.5139,960300,493500,2800.0,2500.0,2024-06-27
2024-05-30,on,2024-05-30,INDIGO,0.5675,4366800,2478300,4500.0,4000.0,2024-06-27
2024-05-30,on,2024-05-30,INDUSINDBK,0.9621,7978000,7676000,1600.0,1600.0,2024-06-27
2024-05-30,on,2024-05-30,INDUSTOWER,0.6692,20219800,13532000,350.0,350.0,2024-06-27
2024-05-30,on,2024-05-30,INFY,0.4914,18129600,8909600,1500.0,1400.0,2024-06-27
2024-05-30,on,2024-05-30,IOC,0.5259,88500750,46541625,170.0,170.0,2024-06-27
2024-05-30,on,2024-05-30,IPCALAB,0.4594,1031550,473850,1300.0,1200.0,2024-06-27
2024-05-30,on,2024-05-30,IRCTC,0.6171,10997875,6786500,1100.0,1000.0,2024-06-27
2024-05-30,on,2024-05-30,ITC,0.3868,93635200,36220800,450.0,400.0,2024-06-27
2024-05-30,on,2024-05-30,JINDALSTEL,0.9827,5937500,5835000,1100.0,900.0,2024-06-27
2024-05-30,on,2024-05-30,JKCEMENT,0.9918,91750,91000,4000.0,3500.0,2024-06-27
2024-05-30,on,2024-05-30,JSWSTEEL,0.6594,6545475,4315950,900.0,850.0,2024-06-27
2024-05-30,on,2024-05-30,JUBLFOOD,0.8645,11565000,9997500,520.0,400.0,2024-06-27
2024-05-30,on,2024-05-30,KOTAKBANK,0.7296,17434800,12720400,1800.0,1700.0,2024-06-27
2024-05-30,on,2024-05-30,LALPATHLAB,0.909,366000,332700,2700.0,2600.0,2024-06-27
2024-05-30,on,2024-05-30,LAURUSLABS,0.6074,4598500,2793100,450.0,400.0,2024-06-27
2024-05-30,on,2024-05-30,LICHSGFIN,0.6387,7722000,4932000,700.0,650.0,2024-06-27
2024-05-30,on,2024-05-30,LT,0.7597,5408100,4108350,3800.0,3500.0,2024-06-27
2024-05-30,on,2024-05-30,LTF,0.5426,20699218,11230854,160.0,150.0,2024-06-27
2024-05-30,on,2024-05-30,LTIM,0.6923,1043550,722400,5500.0,4500.0,2024-06-27
2024-05-30,on,2024-05-30,LTTS,0.5235,1130300,591700,5000.0,4000.0,2024-06-27
2024-05-30,on,2024-05-30,LUPIN,0.5492,4768925,2619275,1700.0,1600.0,2024-06-27
2024-05-30,on,2024-05-30,M&M,1.0382,5269250,5470500,2600.0,2300.0,2024-06-27
2024-05-30,on,2024-05-30,M&MFIN,0.6349,13870000,8806000,270.0,250.0,2024-06-27
2024-05-30,on,2024-05-30,MANAPPURAM,0.6345,19002000,12057000,180.0,150.0,2024-06-27
2024-05-30,on,2024-05-30,MARICO,1.1204,5330400,5972400,620.0,550.0,2024-06-27
2024-05-30,on,2024-05-30,MARUTI,0.3717,2341050,870100,13000.0,12000.0,2024-06-27
2024-05-30,on,2024-05-30,MCDOWELL-N,0.7785,2525600,1966300,1200.0,1150.0,2024-06-27
2024-05-30,on,2024-05-30,MCX,0.4697,1750800,822400,4000.0,3600.0,2024-06-27
2024-05-30,on,2024-05-30,METROPOLIS,0.7537,734000,553200,2000.0,1700.0,2024-06-27
2024-05-30,on,2024-05-30,MFSL,0.5863,1752000,1027200,1000.0,860.0,2024-06-27
2024-05-30,on,2024-05-30,MGL,0.5375,1539600,827600,1500.0,1200.0,2024-06-27
2024-05-30,on,2024-05-30,MOTHERSON,0.9302,47179500,43885100,150.0,130.0,2024-06-27
2024-05-30,on,2024-05-30,MPHASIS,0.6559,941325,617375,2500.0,2100.0,2024-06-27
2024-05-30,on,2024-05-30,MRF,0.512,16640,8520,130000.0,120000.0,2024-06-27
2024-05-30,on,2024-05-30,MUTHOOTFIN,0.8732,1401400,1223750,1800.0,1500.0,2024-06-27
2024-05-30,on,2024-05-30,NATIONALUM,0.6771,33453750,22650000,200.0,190.0,2024-06-27
2024-05-30,on,2024-05-30,NAUKRI,0.5451,733350,399750,6500.0,5500.0,2024-06-27
2024-05-30,on,2024-05-30,NAVINFLUOR,0.9242,526375,486500,3500.0,3200.0,2024-06-27
2024-05-30,on,2024-05-30,NESTLEIND,0.6066,1499400,909600,2500.0,2400.0,2024-06-27
2024-05-30,on,2024-05-30,NMDC,0.4603,60142500,27684000,280.0,250.0,2024-06-27
2024-05-30,on,2024-05-30,NTPC,0.2503,76476000,19138500,400.0,330.0,2024-06-27
2024-05-30,on,2024-05-30,OBEROIRLTY,0.7717,3336200,2574600,1700.0,1700.0,2024-06-27
2024-05-30,on,2024-05-30,OFSS,0.5027,418900,210600,8000.0,7260.0,2024-06-27
2024-05-30,on,2024-05-30,ONGC,0.2753,62876275,17311525,290.0,250.0,2024-06-27
2024-05-30,on,2024-05-30,PAGEIND,0.8875,46140,40950,37000.0,35000.0,2024-06-27
2024-05-30,on,2024-05-30,PEL,0.9781,4492500,4394250,900.0,850.0,2024-06-27
2024-05-30,on,2024-05-30,PERSISTENT,0.6292,994000,625400,4000.0,3400.0,2024-06-27
2024-05-30,on,2024-05-30,PETRONET,0.5132,18273000,9378000,320.0,280.0,2024-06-27
2024-05-30,on,2024-05-30,PFC,0.9855,44417075,43774625,520.0,400.0,2024-06-27
2024-05-30,on,2024-05-30,PIDILITIND,0.7174,818250,587000,3100.0,3000.0,2024-06-27
2024-05-30,on,2024-05-30,PIIND,0.7981,507750,405250,4000.0,3500.0,2024-06-27
2024-05-30,on,2024-05-30,PNB,0.6202,106304000,65928000,130.0,130.0,2024-06-27
2024-05-30,on,2024-05-30,POLYCAB,0.7138,992950,708775,6000.0,6000.0,2024-06-27
2024-05-30,on,2024-05-30,POWERGRID,0.5462,40168800,21938400,320.0,300.0,2024-06-27
2024-05-30,on,2024-05-30,PVRINOX,0.6574,2501015,1644280,1400.0,1300.0,2024-06-27
2024-05-30,on,2024-05-30,RAMCOCEM,0.4022,2647750,1065050,800.0,700.0,2024-06-27
2024-05-30,on,2024-05-30,RBLBANK,0.515,18120000,9332500,300.0,250.0,2024-06-27
2024-05-30,on,2024-05-30,RECLTD,0.7277,29054000,21144000,600.0,500.0,2024-06-27
2024-05-30,on,2024-05-30,RELIANCE,0.5052,21749750,10987250,3000.0,2700.0,2024-06-27
2024-05-30,on,2024-05-30,SAIL,0.6194,45560000,28220000,170.0,170.0,2024-06-27
2024-05-30,on,2024-05-30,SBICARD,0.7122,8589600,6117600,750.0,680.0,2024-06-27
2024-05-30,on,2024-05-30,SBILIFE,0.4461,3052500,1361625,1500.0,1360.0,2024-06-27
2024-05-30,on,2024-05-30,SBIN,0.7604,46703250,35511750,900.0,750.0,2024-06-27
2024-05-30,on,2024-05-30,SHREECEM,0.4673,86775,40550,27000.0,25000.0,2024-06-27
2024-05-30,on,2024-05-30,SHRIRAMFIN,0.6272,1604700,1006500,2400.0,2200.0,2024-06-27
2024-05-30,on,2024-05-30,SIEMENS,0.944,817350,771600,7500.0,6000.0,2024-06-27
2024-05-30,on,2024-05-30,SRF,0.5477,3163875,1732875,3000.0,2200.0,2024-06-27
2024-05-30,on,2024-05-30,SUNPHARMA,0.374,8089200,3025750,1500.0,1500.0,2024-06-27
2024-05-30,on,2024-05-30,SUNTV,0.4083,4066500,1660500,700.0,600.0,2024-06-27
2024-05-30,on,2024-05-30,SYNGENE,0.5403,2330000,1259000,700.0,650.0,2024-06-27
2024-05-30,on,2024-05-30,TATACHEM,0.6519,6440500,4198700,1100.0,1000.0,2024-06-27
2024-05-30,on,2024-05-30,TATACOMM,0.6981,1759000,1228000,1900.0,1800.0,2024-06-27
2024-05-30,on,2024-05-30,TATACONSUM,0.6191,6048000,3744450,1100.0,1100.0,2024-06-27
2024-05-30,on,2024-05-30,TATAMOTORS,0.5012,71684400,35925750,1000.0,900.0,2024-06-27
2024-05-30,on,2024-05-30,TATAPOWER,0.7274,48226725,35079750,500.0,400.0,2024-06-27
2024-05-30,on,2024-05-30,TATASTEEL,0.5883,166683000,98065000,180.0,150.0,2024-06-27
2024-05-30,on,2024-05-30,TCS,0.6211,5256125,3264450,3900.0,3800.0,2024-06-27
2024-05-30,on,2024-05-30,TECHM,0.5183,7062000,3660000,1400.0,1300.0,2024-06-27
2024-05-30,on,2024-05-30,TITAN,0.5878,3626700,2131850,3400.0,3300.0,2024-06-27
2024-05-30,on,2024-05-30,TORNTPHARM,0.6114,405250,247750,3000.0,2500.0,2024-06-27
2024-05-30,on,2024-05-30,TRENT,0.8055,1096200,883000,5000.0,4500.0,2024-06-27
2024-05-30,on,2024-05-30,TVSMOTOR,0.7945,2118550,1683150,2300.0,2200.0,2024-06-27
2024-05-30,on,2024-05-30,UBL,0.6067,909200,551600,2000.0,1700.0,2024-06-27
2024-05-30,on,2024-05-30,ULTRACEMCO,0.5161,984100,507900,11000.0,9500.0,2024-06-27
2024-05-30,on,2024-05-30,UPL,0.6281,17440800,10955100,530.0,500.0,2024-06-27
2024-05-30,on,2024-05-30,VEDL,0.776,51526900,39983200,489.0,389.0,2024-06-27
2024-05-30,on,2024-05-30,VOLTAS,0.5643,5992800,3381600,1400.0,1300.0,2024-06-27
2024-05-30,on,2024-05-30,WIPRO,0.5602,31767000,17794500,500.0,450.0,2024-06-27
2024-05-30,on,2024-05-30,ZEEL,0.7009,19992000,14013000,160.0,150.0,2024-06-27
2024-05-30,on,2024-05-30,ZYDUSLIFE,0.6671,4484700,2991600,1100.0,1000.0,2024-06-27
2024-05-30,wk,2024-05-23,AARTIIND,0.4126,11184000,4615000,,,
2024-05-30,wk,2024-05-23,ABB,1.164,1190250,1385500,,,
2024-05-30,wk,2024-05-23,ABBOTINDIA,0.5134,29760,15280,,,
2024-05-30,wk,2024-05-23,ABCAPITAL,0.5968,39290400,23446800,,,
2024-05-30,wk,2024-05-23,ABFRL,0.7253,17238000,12503400,,,
2024-05-30,wk,2024-05-23,ACC,0.5467,2863200,1565400,,,
2024-05-30,wk,2024-05-23,ADANIENT,1.0047,9646500,9692100,,,
2024-05-30,wk,2024-05-23,ADANIPORTS,0.8733,14203600,12404400,,,
2024-05-30,wk,2024-05-23,ALKEM,0.8616,205900,177400,,,
2024-05-30,wk,2024-05-23,AMBUJACEM,0.7139,13487400,9628200,,,
2024-05-30,wk,2024-05-23,APOLLOHOSP,0.4379,1361500,596250,,,
2024-05-30,wk,2024-05-23,APOLLOTYRE,0.5405,16875900,9122200,,,
2024-05-30,wk,2024-05-23,ASHOKLEY,0.9294,53355000,49590000,,,
2024-05-30,wk,2024-05-23,ASIANPAINT,0.7396,5321800,3936200,,,
2024-05-30,wk,2024-05-23,ASTRAL,0.3492,3238408,1130727,,,
2024-05-30,wk,2024-05-23,ATUL,0.4628,267675,123875,,,
2024-05-30,wk,2024-05-23,AUBANK,0.5547,8738000,4847000,,,
2024-05-30,wk,2024-05-23,AUROPHARMA,0.6995,4490200,3141050,,,
2024-05-30,wk,2024-05-23,AXISBANK,0.7366,18204375,13410000,,,
2024-05-30,wk,2024-05-23,BAJAJ-AUTO,0.4872,1737875,846700,,,
2024-05-30,wk,2024-05-23,BAJAJFINSV,0.4532,6543500,2965500,,,
2024-05-30,wk,2024-05-23,BAJFINANCE,0.4414,8343750,3682625,,,
2024-05-30,wk,2024-05-23,BALKRISIND,0.723,2742900,1983000,,,
2024-05-30,wk,2024-05-23,BALRAMCHIN,0.8694,3331200,2896000,,,
2024-05-30,wk,2024-05-23,BANDHANBNK,0.5818,32897500,19141200,,,
2024-05-30,wk,2024-05-23,BANKBARODA,0.711,54495675,38744550,,,
2024-05-30,wk,2024-05-23,BATAINDIA,0.7103,2181375,1549500,,,
2024-05-30,wk,2024-05-23,BEL,0.7347,86295150,63403950,,,
2024-05-30,wk,2024-05-23,BERGEPAINT,0.5068,9379920,4753320,,,
2024-05-30,wk,2024-05-23,BHARATFORG,0.9897,4480000,4434000,,,
2024-05-30,wk,2024-05-23,BHARTIARTL,0.6456,16729025,10799600,,,
2024-05-30,wk,2024-05-23,BHEL,0.6192,75279750,46612125,,,
2024-05-30,wk,2024-05-23,BIOCON,0.6806,14222500,9680000,,,
2024-05-30,wk,2024-05-23,BOSCHLTD,0.6341,123200,78125,,,
2024-05-30,wk,2024-05-23,BPCL,0.6326,20768400,13138200,,,
2024-05-30,wk,2024-05-23,BRITANNIA,0.6283,1860200,1168800,,,
2024-05-30,wk,2024-05-23,BSOFT,0.6086,7708000,4691000,,,
2024-05-30,wk,2024-05-23,CANBK,0.6885,141473250,97409250,,,
2024-05-30,wk,2024-05-23,CANFINHOME,0.6148,3168750,1948050,,,
2024-05-30,wk,2024-05-23,CHAMBLFERT,0.3373,10284700,3469400,,,
2024-05-30,wk,2024-05-23,CHOLAFIN,0.4599,4538750,2087500,,,
2024-05-30,wk,2024-05-23,CIPLA,1.1926,7105800,8474050,,,
2024-05-30,wk,2024-05-23,COALINDIA,0.8673,49406700,42850500,,,
2024-05-30,wk,2024-05-23,COFORGE,0.6108,2669250,1630350,,,
2024-05-30,wk,2024-05-23,COLPAL,0.383,2163700,828800,,,
2024-05-30,wk,2024-05-23,CONCOR,0.6359,10394000,6610000,,,
2024-05-30,wk,2024-05-23,COROMANDEL,1.1538,1729000,1995000,,,
2024-05-30,wk,2024-05-23,CROMPTON,0.9601,8803800,8452800,,,
2024-05-30,wk,2024-05-23,CUB,0.4874,25060000,12215000,,,
2024-05-30,wk,2024-05-23,CUMMINSIND,0.958,1106700,1060200,,,
2024-05-30,wk,2024-05-23,DABUR,0.9385,11396250,10695000,,,
2024-05-30,wk,2024-05-23,DALBHARAT,0.7493,1221250,915025,,,
2024-05-30,wk,2024-05-23,DEEPAKNTR,0.4271,2472600,1056000,,,
2024-05-30,wk,2024-05-23,DIVISLAB,0.5956,1758800,1047600,,,
2024-05-30,wk,2024-05-23,DIXON,1.0219,1627100,1662800,,,
2024-05-30,wk,2024-05-23,DLF,0.4907,23217975,11392425,,,
2024-05-30,wk,2024-05-23,DRREDDY,0.5071,2074375,1051875,,,
2024-05-30,wk,2024-05-23,EICHERMOT,0.9142,1463700,1338050,,,
2024-05-30,wk,2024-05-23,ESCORTS,0.84,948750,796950,,,
2024-05-30,wk,2024-05-23,EXIDEIND,0.4873,22878000,11147400,,,
2024-05-30,wk,2024-05-23,FEDERALBNK,0.5579,68125000,38005000,,,
2024-05-30,wk,2024-05-23,GAIL,0.4768,87876600,41897850,,,
2024-05-30,wk,2024-05-23,GLENMARK,0.4219,1591375,671350,,,
2024-05-30,wk,2024-05-23,GMRINFRA,0.5633,122073750,68760000,,,
2024-05-30,wk,2024-05-23,GNFC,0.4575,4938700,2259400,,,
2024-05-30,wk,2024-05-23,GODREJCP,0.7596,2365000,1796500,,,
2024-05-30,wk,2024-05-23,GODREJPROP,0.5689,3233800,1839650,,,
2024-05-30,wk,2024-05-23,GRANULES,0.6749,6428000,4338000,,,
2024-05-30,wk,2024-05-23,GRASIM,0.4883,3695796,1804491,,,
2024-05-30,wk,2024-05-23,GUJGASLTD,0.4336,6843750,2967500,,,
2024-05-30,wk,2024-05-23,HAL,0.8879,8465100,7516500,,,
2024-05-30,wk,2024-05-23,HAVELLS,1.052,2637000,2774000,,,
2024-05-30,wk,2024-05-23,HCLTECH,0.4836,13157200,6363000,,,
2024-05-30,wk,2024-05-23,HDFCAMC,0.5894,705450,415800,,,
2024-05-30,wk,2024-05-23,HDFCBANK,0.566,58011250,32835550,,,
2024-05-30,wk,2024-05-23,HDFCLIFE,0.4303,18153300,7811100,,,
2024-05-30,wk,2024-05-23,HEROMOTOCO,0.8589,2586150,2221350,,,
2024-05-30,wk,2024-05-23,HINDALCO,0.67,23182600,15531600,,,
2024-05-30,wk,2024-05-23,HINDCOPPER,0.5885,20026050,11784550,,,
2024-05-30,wk,2024-05-23,HINDPETRO,0.5981,15957000,9543150,,,
2024-05-30,wk,2024-05-23,HINDUNILVR,0.6702,9315000,6243000,,,
2024-05-30,wk,2024-05-23,ICICIBANK,0.5037,28445900,14329000,,,
2024-05-30,wk,2024-05-23,ICICIGI,0.505,1247500,630000,,,
2024-05-30,wk,2024-05-23,ICICIPRULI,0.5284,4854000,2565000,,,
2024-05-30,wk,2024-05-23,IDEA,0.8068,503600000,406320000,,,
2024-05-30,wk,2024-05-23,IDFC,0.3857,37140000,14325000,,,
2024-05-30,wk,2024-05-23,IDFCFIRSTB,0.4736,236797500,112155000,,,
2024-05-30,wk,2024-05-23,IEX,0.5763,50475000,29088750,,,
2024-05-30,wk,2024-05-23,IGL,0.5525,12413500,6858500,,,
2024-05-30,wk,2024-05-23,INDHOTEL,0.3605,14749000,5317000,,,
2024-05-30,wk,2024-05-23,INDIACEM,0.6035,8404200,5072100,,,
2024-05-30,wk,2024-05-23,INDIAMART,0.45,1220700,549300,,,
2024-05-30,wk,2024-05-23,INDIGO,0.6993,3944100,2758200,,,
2024-05-30,wk,2024-05-23,INDUSINDBK,0.8226,9203500,7570500,,,
2024-05-30,wk,2024-05-23,INDUSTOWER,0.4661,31490800,14677800,,,
2024-05-30,wk,2024-05-23,INFY,0.5287,19082000,10089600,,,
2024-05-30,wk,2024-05-23,IOC,0.5039,114201750,57549375,,,
2024-05-30,wk,2024-05-23,IPCALAB,0.5802,603850,350350,,,
2024-05-30,wk,2024-05-23,IRCTC,0.7283,9949625,7246750,,,
2024-05-30,wk,2024-05-23,ITC,0.4279,99238400,42468800,,,
2024-05-30,wk,2024-05-23,JINDALSTEL,1.2704,7305000,9280625,,,
2024-05-30,wk,2024-05-23,JKCEMENT,0.5307,167000,88625,,,
2024-05-30,wk,2024-05-23,JSWSTEEL,0.5199,10784475,5606550,,,
2024-05-30,wk,2024-05-23,JUBLFOOD,0.4017,26923750,10816250,,,
2024-05-30,wk,2024-05-23,KOTAKBANK,0.6094,24889200,15166400,,,
2024-05-30,wk,2024-05-23,LALPATHLAB,0.7207,517800,373200,,,
2024-05-30,wk,2024-05-23,LAURUSLABS,0.5042,6929200,3493500,,,
2024-05-30,wk,2024-05-23,LICHSGFIN,0.4876,12553000,6121000,,,
2024-05-30,wk,2024-05-23,LT,0.7474,6749250,5044200,,,
2024-05-30,wk,2024-05-23,LTF,0.5846,23278254,13609100,,,
2024-05-30,wk,2024-05-23,LTIM,0.5987,1431000,856800,,,
2024-05-30,wk,2024-05-23,LTTS,0.4413,1503400,663500,,,
2024-05-30,wk,2024-05-23,LUPIN,0.4188,8689125,3639275,,,
2024-05-30,wk,2024-05-23,M&M,1.2606,7623000,9609600,,,
2024-05-30,wk,2024-05-23,M&MFIN,0.5393,19538000,10536000,,,
2024-05-30,wk,2024-05-23,MANAPPURAM,0.6368,21189000,13494000,,,
2024-05-30,wk,2024-05-23,MARICO,0.905,9476400,8576400,,,
2024-05-30,wk,2024-05-23,MARUTI,0.452,3315850,1498650,,,
2024-05-30,wk,2024-05-23,MCDOWELL-N,0.8123,3345300,2717400,,,
2024-05-30,wk,2024-05-23,MCX,0.3893,3358600,1307400,,,
2024-05-30,wk,2024-05-23,METROPOLIS,0.6286,1442000,906400,,,
2024-05-30,wk,2024-05-23,MFSL,0.5285,2258400,1193600,,,
2024-05-30,wk,2024-05-23,MGL,0.4117,1992800,820400,,,
2024-05-30,wk,2024-05-23,MOTHERSON,0.6657,45766600,30466100,,,
2024-05-30,wk,2024-05-23,MPHASIS,0.6141,1420375,872300,,,
2024-05-30,wk,2024-05-23,MRF,0.4495,32525,14620,,,
2024-05-30,wk,2024-05-23,MUTHOOTFIN,0.6748,1665950,1124200,,,
2024-05-30,wk,2024-05-23,NATIONALUM,0.7163,31526250,22582500,,,
2024-05-30,wk,2024-05-23,NAUKRI,0.5582,965250,538800,,,
2024-05-30,wk,2024-05-23,NAVINFLUOR,0.8004,822925,658675,,,
2024-05-30,wk,2024-05-23,NESTLEIND,0.5218,2114400,1103200,,,
2024-05-30,wk,2024-05-23,NMDC,0.5051,63427500,32040000,,,
2024-05-30,wk,2024-05-23,NTPC,0.3112,76564500,23824500,,,
2024-05-30,wk,2024-05-23,OBEROIRLTY,0.7666,4043200,3099600,,,
2024-05-30,wk,2024-05-23,OFSS,0.4198,655000,275000,,,
2024-05-30,wk,2024-05-23,ONGC,0.3212,68102650,21875700,,,
2024-05-30,wk,2024-05-23,PAGEIND,0.4236,103605,43890,,,
2024-05-30,wk,2024-05-23,PEL,1.0479,4404000,4614750,,,
2024-05-30,wk,2024-05-23,PERSISTENT,0.4552,1842600,838800,,,
2024-05-30,wk,2024-05-23,PETRONET,0.6047,22206000,13428000,,,
2024-05-30,wk,2024-05-23,PFC,0.8119,53449575,43393925,,,
2024-05-30,wk,2024-05-23,PIDILITIND,0.5829,1226250,714750,,,
2024-05-30,wk,2024-05-23,PIIND,0.9188,776000,713000,,,
2024-05-30,wk,2024-05-23,PNB,0.5591,127840000,71472000,,,
2024-05-30,wk,2024-05-23,POLYCAB,0.6403,1546250,990000,,,
2024-05-30,wk,2024-05-23,POWERGRID,0.6624,45421200,30085200,,,
2024-05-30,wk,2024-05-23,PVRINOX,0.6482,2983717,1934064,,,
2024-05-30,wk,2024-05-23,RAMCOCEM,0.38,4082550,1551250,,,
2024-05-30,wk,2024-05-23,RBLBANK,0.4465,24445000,10915000,,,
2024-05-30,wk,2024-05-23,RECLTD,0.6591,37708000,24852000,,,
2024-05-30,wk,2024-05-23,RELIANCE,0.6741,21368500,14404250,,,
2024-05-30,wk,2024-05-23,SAIL,0.6831,41916000,28632000,,,
2024-05-30,wk,2024-05-23,SBICARD,0.6401,10776800,6898400,,,
2024-05-30,wk,2024-05-23,SBILIFE,0.5036,2109750,1062375,,,
2024-05-30,wk,2024-05-23,SBIN,0.7067,63846000,45119250,,,
2024-05-30,wk,2024-05-23,SHREECEM,0.3182,141350,44975,,,
2024-05-30,wk,2024-05-23,SHRIRAMFIN,0.5212,2731800,1423800,,,
2024-05-30,wk,2024-05-23,SIEMENS,0.9691,1254000,1215300,,,
2024-05-30,wk,2024-05-23,SRF,0.4735,4337625,2053875,,,
2024-05-30,wk,2024-05-23,SUNPHARMA,0.3745,13689900,5126800,,,
2024-05-30,wk,2024-05-23,SUNTV,0.5152,3738000,1926000,,,
2024-05-30,wk,2024-05-23,SYNGENE,0.6159,2997000,1846000,,,
2024-05-30,wk,2024-05-23,TATACHEM,0.5792,7795700,4515500,,,
2024-05-30,wk,2024-05-23,TATACOMM,0.5608,2480500,1391000,,,
2024-05-30,wk,2024-05-23,TATACONSUM,0.5176,8350650,4322700,,,
2024-05-30,wk,2024-05-23,TATAMOTORS,0.4702,105797100,49743250,,,
2024-05-30,wk,2024-05-23,TATAPOWER,0.6996,64270125,44966475,,,
2024-05-30,wk,2024-05-23,TATASTEEL,0.8082,136158000,110049500,,,
2024-05-30,wk,2024-05-23,TCS,0.6151,5725475,3521700,,,
2024-05-30,wk,2024-05-23,TECHM,0.5182,9207600,4771200,,,
2024-05-30,wk,2024-05-23,TITAN,0.5482,4949000,2712850,,,
2024-05-30,wk,2024-05-23,TORNTPHARM,0.5262,320250,168500,,,
2024-05-30,wk,2024-05-23,TRENT,0.6103,1871400,1142200,,,
2024-05-30,wk,2024-05-23,TVSMOTOR,0.6535,3304000,2159150,,,
2024-05-30,wk,2024-05-23,UBL,0.4381,1996800,874800,,,
2024-05-30,wk,2024-05-23,ULTRACEMCO,0.5443,1165800,634500,,,
2024-05-30,wk,2024-05-23,UPL,0.6363,21186100,13481000,,,
2024-05-30,wk,2024-05-23,VEDL,0.779,64756500,50443600,,,
2024-05-30,wk,2024-05-23,VOLTAS,0.4735,8888400,4208400,,,
2024-05-30,wk,2024-05-23,WIPRO,0.55,33927000,18660000,,,
2024-05-30,wk,2024-05-23,ZEEL,0.5834,19593000,11430000,,,
2024-05-30,wk,2024-05-23,ZYDUSLIFE,0.5084,8341200,4240800,,,
2024-06-27,on,2024-06-27,AARTIIND,0.764,4749000,3628000,700.0,650.0,2024-07-25
2024-06-27,on,2024-06-27,ABB,0.5839,997125,582250,9000.0,8000.0,2024-07-25
2024-06-27,on,2024-06-27,ABBOTINDIA,0.4754,26380,12540,28000.0,26000.0,2024-07-25
2024-06-27,on,2024-06-27,ABCAPITAL,0.7734,28123200,21751200,250.0,220.0,2024-07-25
2024-06-27,on,2024-06-27,ABFRL,0.6324,16260400,10283000,320.0,320.0,2024-07-25
2024-06-27,on,2024-06-27,ACC,0.5921,1823100,1079400,2700.0,2500.0,2024-07-25
2024-06-27,on,2024-06-27,ADANIENT,0.6715,10518300,7062900,3200.0,3200.0,2024-07-25
2024-06-27,on,2024-06-27,ADANIPORTS,0.8331,16362400,13630800,1500.0,1300.0,2024-07-25
2024-06-27,on,2024-06-27,ALKEM,0.5658,315500,178500,5100.0,4800.0,2024-07-25
2024-06-27,on,2024-06-27,AMBUJACEM,1.0643,13648500,14526000,700.0,550.0,2024-07-25
2024-06-27,on,2024-06-27,APOLLOHOSP,0.7599,908375,690250,6300.0,6000.0,2024-07-25
2024-06-27,on,2024-06-27,APOLLOTYRE,0.6072,11095900,6737100,520.0,450.0,2024-07-25
2024-06-27,on,2024-06-27,ASHOKLEY,0.7811,46975000,36690000,250.0,230.0,2024-07-25
2024-06-27,on,2024-06-27,ASIANPAINT,0.6084,4484000,2728000,3000.0,2800.0,2024-07-25
2024-06-27,on,2024-06-27,ASTRAL,0.5331,1664712,887406,2300.0,2300.0,2024-07-25
2024-06-27,on,2024-06-27,ATUL,0.6,115925,69550,7000.0,6000.0,2024-07-25
2024-06-27,on,2024-06-27,AUBANK,0.801,7095000,5683000,700.0,600.0,2024-07-25
2024-06-27,on,2024-06-27,AUROPHARMA,0.5849,3645400,2132350,1300.0,1200.0,2024-07-25
2024-06-27,on,2024-06-27,AXISBANK,0.9535,15111875,14409375,1300.0,1200.0,2024-07-25
2024-06-27,on,2024-06-27,BAJAJ-AUTO,0.6625,1088900,721425,10000.0,10000.0,2024-07-25
2024-06-27,on,2024-06-27,BAJAJFINSV,0.6646,4294000,2854000,1600.0,1600.0,2024-07-25
2024-06-27,on,2024-06-27,BAJFINANCE,0.7092,3481625,2469000,8000.0,6500.0,2024-07-25
2024-06-27,on,2024-06-27,BALKRISIND,0.6486,1168800,758100,3200.0,3200.0,2024-07-25
2024-06-27,on,2024-06-27,BALRAMCHIN,1.008,3804800,3835200,440.0,400.0,2024-07-25
2024-06-27,on,2024-06-27,BANDHANBNK,0.8556,34880100,29843800,200.0,200.0,2024-07-25
2024-06-27,on,2024-06-27,BANKBARODA,0.8253,35451000,29258775,300.0,280.0,2024-07-25
2024-06-27,on,2024-06-27,BATAINDIA,0.9681,1586625,1536000,1500.0,1400.0,2024-07-25
2024-06-27,on,2024-06-27,BEL,0.7681,78175500,60046650,320.0,300.0,2024-07-25
2024-06-27,on,2024-06-27,BERGEPAINT,0.6983,5529480,3861000,550.0,500.0,2024-07-25
2024-06-27,on,2024-06-27,BHARATFORG,0.7776,2795000,2173500,1800.0,1700.0,2024-07-25
2024-06-27,on,2024-06-27,BHARTIARTL,0.7128,21848575,15573825,1500.0,1400.0,2024-07-25
2024-06-27,on,2024-06-27,BHEL,0.8116,45165750,36655500,300.0,300.0,2024-07-25
2024-06-27,on,2024-06-27,BIOCON,0.8405,12447500,10462500,350.0,320.0,2024-07-25
2024-06-27,on,2024-06-27,BOSCHLTD,0.8084,77625,62750,35000.0,32000.0,2024-07-25
2024-06-27,on,2024-06-27,BPCL,0.5391,48042000,25898400,310.0,300.0,2024-07-25
2024-06-27,on,2024-06-27,BRITANNIA,0.4583,1109800,508600,5500.0,5000.0,2024-07-25
2024-06-27,on,2024-06-27,BSOFT,0.6408,6631000,4249000,700.0,700.0,2024-07-25
2024-06-27,on,2024-06-27,CANBK,0.7188,114993000,82660500,120.0,120.0,2024-07-25
2024-06-27,on,2024-06-27,CANFINHOME,0.8071,3983850,3215550,900.0,800.0,2024-07-25
2024-06-27,on,2024-06-27,CHAMBLFERT,0.6682,9648200,6446700,600.0,500.0,2024-07-25
2024-06-27,on,2024-06-27,CHOLAFIN,0.9508,2287500,2175000,1500.0,1300.0,2024-07-25
2024-06-27,on,2024-06-27,CIPLA,0.5936,5896800,3500250,1500.0,1460.0,2024-07-25
2024-06-27,on,2024-06-27,COALINDIA,0.5441,45458700,24735900,500.0,450.0,2024-07-25
2024-06-27,on,2024-06-27,COFORGE,0.5931,1510500,895950,6000.0,5000.0,2024-07-25
2024-06-27,on,2024-06-27,COLPAL,0.6264,829150,519400,2900.0,2800.0,2024-07-25
2024-06-27,on,2024-06-27,CONCOR,0.678,7078000,4799000,1100.0,1000.0,2024-07-25
2024-06-27,on,2024-06-27,COROMANDEL,0.635,1871800,1188600,1700.0,1400.0,2024-07-25
2024-06-27,on,2024-06-27,CROMPTON,0.6142,4950000,3040200,460.0,400.0,2024-07-25
2024-06-27,on,2024-06-27,CUB,0.762,16825000,12820000,170.0,150.0,2024-07-25
2024-06-27,on,2024-06-27,CUMMINSIND,0.8978,1241400,1114500,4100.0,4000.0,2024-07-25
2024-06-27,on,2024-06-27,DABUR,0.6947,8093750,5622500,600.0,600.0,2024-07-25
2024-06-27,on,2024-06-27,DALBHARAT,0.6934,1229725,852750,1900.0,1800.0,2024-07-25
2024-06-27,on,2024-06-27,DEEPAKNTR,0.7033,1571400,1105200,2700.0,2300.0,2024-07-25
2024-06-27,on,2024-06-27,DIVISLAB,0.567,1109000,628800,5000.0,4500.0,2024-07-25
2024-06-27,on,2024-06-27,DIXON,0.8636,1223600,1056700,12000.0,11000.0,2024-07-25
2024-06-27,on,2024-06-27,DLF,0.6921,14296425,9895050,900.0,800.0,2024-07-25
2024-06-27,on,2024-06-27,DRREDDY,0.6969,1245125,867750,6200.0,6000.0,2024-07-25
2024-06-27,on,2024-06-27,EICHERMOT,0.5771,1134700,654850,5200.0,4500.0,2024-07-25
2024-06-27,on,2024-06-27,ESCORTS,0.7881,728200,573925,4400.0,4000.0,2024-07-25
2024-06-27,on,2024-06-27,EXIDEIND,0.6084,21087000,12828600,600.0,500.0,2024-07-25
2024-06-27,on,2024-06-27,FEDERALBNK,0.8143,41960000,34170000,180.0,170.0,2024-07-25
2024-06-27,on,2024-06-27,GAIL,0.6148,55197375,33937350,220.0,200.0,2024-07-25
2024-06-27,on,2024-06-27,GLENMARK,0.7529,1331825,1002675,1260.0,1100.0,2024-07-25
2024-06-27,on,2024-06-27,GMRINFRA,0.9336,105896250,98865000,100.0,95.0,2024-07-25
2024-06-27,on,2024-06-27,GNFC,0.8153,3822000,3116100,800.0,700.0,2024-07-25
2024-06-27,on,2024-06-27,GODREJCP,0.6142,1958500,1203000,1400.0,1300.0,2024-07-25
2024-06-27,on,2024-06-27,GODREJPROP,0.628,1860450,1168275,2800.0,3000.0,2024-07-25
2024-06-27,on,2024-06-27,GRANULES,0.6497,7524000,4888000,500.0,450.0,2024-07-25
2024-06-27,on,2024-06-27,GRASIM,0.9894,3370765,3334911,2600.0,2600.0,2024-07-25
2024-06-27,on,2024-06-27,GUJGASLTD,0.7942,5078750,4033750,650.0,550.0,2024-07-25
2024-06-27,on,2024-06-27,HAL,0.6663,8818800,5876100,5500.0,5000.0,2024-07-25
2024-06-27,on,2024-06-27,HAVELLS,0.6072,2830000,1718500,2000.0,1800.0,2024-07-25
2024-06-27,on,2024-06-27,HCLTECH,0.5584,7964250,4447450,1500.0,1400.0,2024-07-25
2024-06-27,on,2024-06-27,HDFCAMC,0.6207,987600,613050,4200.0,4000.0,2024-07-25
2024-06-27,on,2024-06-27,HDFCBANK,0.7775,49489550,38476350,1700.0,1600.0,2024-07-25
2024-06-27,on,2024-06-27,HDFCLIFE,0.6214,15557300,9667900,600.0,550.0,2024-07-25
2024-06-27,on,2024-06-27,HEROMOTOCO,0.5217,1838550,959100,6000.0,5500.0,2024-07-25
2024-06-27,on,2024-06-27,HINDALCO,0.7129,20301400,14473200,700.0,650.0,2024-07-25
2024-06-27,on,2024-06-27,HINDCOPPER,0.6555,13785300,9036500,350.0,300.0,2024-07-25
2024-06-27,on,2024-06-27,HINDPETRO,0.5859,20049525,11747025,400.0,320.0,2024-07-25
2024-06-27,on,2024-06-27,HINDUNILVR,0.5218,9651300,5035800,2500.0,2400.0,2024-07-25
2024-06-27,on,2024-06-27,ICICIBANK,0.9785,27081600,26499900,1200.0,1200.0,2024-07-25
2024-06-27,on,2024-06-27,ICICIGI,0.8484,1220500,1035500,1800.0,1700.0,2024-07-25
2024-06-27,on,2024-06-27,ICICIPRULI,0.6509,3747000,2439000,650.0,600.0,2024-07-25
2024-06-27,on,2024-06-27,IDEA,0.9861,1075520000,1060600000,18.0,15.0,2024-07-25
2024-06-27,on,2024-06-27,IDFC,0.9524,22260000,21200000,125.0,110.0,2024-07-25
2024-06-27,on,2024-06-27,IDFCFIRSTB,0.6113,194490000,118897500,90.0,80.0,2024-07-25
2024-06-27,on,2024-06-27,IEX,0.6873,45840000,31503750,200.0,180.0,2024-07-25
2024-06-27,on,2024-06-27,IGL,0.8465,8696875,7361750,500.0,450.0,2024-07-25
2024-06-27,on,2024-06-27,INDHOTEL,0.8579,6634000,5691000,650.0,600.0,2024-07-25
2024-06-27,on,2024-06-27,INDIACEM,0.994,13589400,13508200,260.0,260.0,2024-07-25
2024-06-27,on,2024-06-27,INDIAMART,0.7167,668100,478800,2700.0,2500.0,2024-07-25
2024-06-27,on,2024-06-27,INDIGO,0.6132,3879000,2378700,4500.0,4000.0,2024-07-25
2024-06-27,on,2024-06-27,INDUSINDBK,0.8703,9566000,8325500,1600.0,1500.0,2024-07-25
2024-06-27,on,2024-06-27,INDUSTOWER,1.0746,27057200,29076800,340.0,330.0,2024-07-25
2024-06-27,on,2024-06-27,INFY,0.6578,19345600,12725200,1600.0,1500.0,2024-07-25
2024-06-27,on,2024-06-27,IOC,0.5274,83138250,43845750,170.0,170.0,2024-07-25
2024-06-27,on,2024-06-27,IPCALAB,0.5232,1693250,885950,1200.0,1100.0,2024-07-25
2024-06-27,on,2024-06-27,IRCTC,0.5604,15048250,8432375,1100.0,900.0,2024-07-25
2024-06-27,on,2024-06-27,ITC,0.3955,93644800,37033600,430.0,420.0,2024-07-25
2024-06-27,on,2024-06-27,JINDALSTEL,0.6828,6786875,4633750,1100.0,1000.0,2024-07-25
2024-06-27,on,2024-06-27,JKCEMENT,0.7644,216500,165500,4500.0,4400.0,2024-07-25
2024-06-27,on,2024-06-27,JSWSTEEL,0.9761,6326775,6175575,950.0,900.0,2024-07-25
2024-06-27,on,2024-06-27,JUBLFOOD,1.0364,7515000,7788750,600.0,500.0,2024-07-25
2024-06-27,on,2024-06-27,KOTAKBANK,0.8452,9424800,7965600,1900.0,1800.0,2024-07-25
2024-06-27,on,2024-06-27,LALPATHLAB,0.5585,438300,244800,2800.0,2700.0,2024-07-25
2024-06-27,on,2024-06-27,LAURUSLABS,0.5082,5315900,2701300,450.0,400.0,2024-07-25
2024-06-27,on,2024-06-27,LICHSGFIN,0.935,9032000,8445000,800.0,700.0,2024-07-25
2024-06-27,on,2024-06-27,LT,0.5442,8060700,4386600,3600.0,3500.0,2024-07-25
2024-06-27,on,2024-06-27,LTF,0.6492,31162608,20230708,200.0,160.0,2024-07-25
2024-06-27,on,2024-06-27,LTIM,0.7482,1360500,1017900,5600.0,5200.0,2024-07-25
2024-06-27,on,2024-06-27,LTTS,0.6936,665100,461300,5000.0,4500.0,2024-07-25
2024-06-27,on,2024-06-27,LUPIN,0.615,3570000,2195550,1600.0,1600.0,2024-07-25
2024-06-27,on,2024-06-27,M&M,0.8915,6148450,5481350,3000.0,2600.0,2024-07-25
2024-06-27,on,2024-06-27,M&MFIN,0.6842,12158000,8318000,310.0,300.0,2024-07-25
2024-06-27,on,2024-06-27,MANAPPURAM,0.8216,16275000,13371000,220.0,200.0,2024-07-25
2024-06-27,on,2024-06-27,MARICO,0.5379,5726400,3080400,650.0,580.0,2024-07-25
2024-06-27,on,2024-06-27,MARUTI,0.3306,3278850,1084000,13000.0,11500.0,2024-07-25
2024-06-27,on,2024-06-27,MCX,0.6804,1377400,937200,4000.0,3800.0,2024-07-25
2024-06-27,on,2024-06-27,METROPOLIS,0.5642,697600,393600,2000.0,1800.0,2024-07-25
2024-06-27,on,2024-06-27,MFSL,0.6032,1352800,816000,1000.0,900.0,2024-07-25
2024-06-27,on,2024-06-27,MGL,0.6548,1482000,970400,1500.0,1400.0,2024-07-25
2024-06-27,on,2024-06-27,MOTHERSON,1.2757,42472200,54180100,200.0,160.0,2024-07-25
2024-06-27,on,2024-06-27,MPHASIS,0.726,1694000,1229800,2500.0,2400.0,2024-07-25
2024-06-27,on,2024-06-27,MRF,0.6906,8340,5760,130000.0,120000.0,2024-07-25
2024-06-27,on,2024-06-27,MUTHOOTFIN,0.7613,1507000,1147300,2000.0,1700.0,2024-07-25
2024-06-27,on,2024-06-27,NATIONALUM,0.706,29238750,20643750,200.0,170.0,2024-07-25
2024-06-27,on,2024-06-27,NAUKRI,0.8603,485400,417600,7000.0,6500.0,2024-07-25
2024-06-27,on,2024-06-27,NAVINFLUOR,0.65,684250,444775,4000.0,3600.0,2024-07-25
2024-06-27,on,2024-06-27,NESTLEIND,0.5144,1265200,650800,2600.0,2400.0,2024-07-25
2024-06-27,on,2024-06-27,NMDC,0.5482,60831000,33349500,270.0,240.0,2024-07-25
2024-06-27,on,2024-06-27,NTPC,0.3021,68316000,20638500,400.0,360.0,2024-07-25
2024-06-27,on,2024-06-27,OBEROIRLTY,0.6996,1927100,1348200,1900.0,1800.0,2024-07-25
2024-06-27,on,2024-06-27,OFSS,0.5723,1008300,577000,10000.0,9000.0,2024-07-25
2024-06-27,on,2024-06-27,ONGC,0.2921,81879875,23914275,300.0,250.0,2024-07-25
2024-06-27,on,2024-06-27,PAGEIND,1.0748,26055,28005,41000.0,38000.0,2024-07-25
2024-06-27,on,2024-06-27,PEL,0.7314,4665750,3412500,900.0,900.0,2024-07-25
2024-06-27,on,2024-06-27,PERSISTENT,0.8892,904000,803800,4000.0,3500.0,2024-07-25
2024-06-27,on,2024-06-27,PETRONET,0.7032,19536000,13737000,330.0,300.0,2024-07-25
2024-06-27,on,2024-06-27,PFC,0.6781,53731475,36433400,500.0,450.0,2024-07-25
2024-06-27,on,2024-06-27,PIDILITIND,0.6585,662500,436250,3200.0,3000.0,2024-07-25
2024-06-27,on,2024-06-27,PIIND,0.7806,909250,709750,3800.0,3700.0,2024-07-25
2024-06-27,on,2024-06-27,PNB,0.5341,99048000,52904000,130.0,130.0,2024-07-25
2024-06-27,on,2024-06-27,POLYCAB,0.6908,1018475,703600,7300.0,7000.0,2024-07-25
2024-06-27,on,2024-06-27,POWERGRID,0.7153,41940000,29998800,350.0,300.0,2024-07-25
2024-06-27,on,2024-06-27,PVRINOX,0.5731,2954413,1693120,1500.0,1300.0,2024-07-25
2024-06-27,on,2024-06-27,RAMCOCEM,0.5556,5296350,2942700,900.0,800.0,2024-07-25
2024-06-27,on,2024-06-27,RBLBANK,0.6311,17085000,10782500,260.0,230.0,2024-07-25
2024-06-27,on,2024-06-27,RECLTD,0.613,42176000,25854000,600.0,500.0,2024-07-25
2024-06-27,on,2024-06-27,RELIANCE,0.7684,23634000,18159750,3100.0,2900.0,2024-07-25
2024-06-27,on,2024-06-27,SAIL,0.5291,47392000,25076000,160.0,150.0,2024-07-25
2024-06-27,on,2024-06-27,SBICARD,0.872,7277600,6346400,800.0,730.0,2024-07-25
2024-06-27,on,2024-06-27,SBILIFE,0.3836,3039000,1165875,1400.0,1400.0,2024-07-25
2024-06-27,on,2024-06-27,SBIN,0.6549,54366000,35607000,850.0,800.0,2024-07-25
2024-06-27,on,2024-06-27,SHREECEM,0.7582,52625,39900,28000.0,27000.0,2024-07-25
2024-06-27,on,2024-06-27,SHRIRAMFIN,0.9741,1750200,1704900,3200.0,2800.0,2024-07-25
2024-06-27,on,2024-06-27,SIEMENS,0.7562,925500,699900,8000.0,7000.0,2024-07-25
2024-06-27,on,2024-06-27,SRF,0.5113,2562375,1310250,2600.0,2300.0,2024-07-25
2024-06-27,on,2024-06-27,SUNPHARMA,0.3869,8614900,3333400,1600.0,1400.0,2024-07-25
2024-06-27,on,2024-06-27,SUNTV,0.6653,3720000,2475000,780.0,750.0,2024-07-25
2024-06-27,on,2024-06-27,SYNGENE,0.7201,1704000,1227000,720.0,650.0,2024-07-25
2024-06-27,on,2024-06-27,TATACHEM,0.7301,7795700,5691400,1200.0,1000.0,2024-07-25
2024-06-27,on,2024-06-27,TATACOMM,0.6369,1893500,1206000,2000.0,1800.0,2024-07-25
2024-06-27,on,2024-06-27,TATACONSUM,0.5962,5854500,3490650,1100.0,1110.0,2024-07-25
2024-06-27,on,2024-06-27,TATAMOTORS,0.6118,51250300,31354275,1000.0,900.0,2024-07-25
2024-06-27,on,2024-06-27,TATAPOWER,0.5846,49322250,28832625,450.0,420.0,2024-07-25
2024-06-27,on,2024-06-27,TATASTEEL,0.6305,142505000,89853500,180.0,160.0,2024-07-25
2024-06-27,on,2024-06-27,TCS,0.7915,6663300,5274150,3900.0,3800.0,2024-07-25
2024-06-27,on,2024-06-27,TECHM,0.7461,6745800,5032800,1500.0,1300.0,2024-07-25
2024-06-27,on,2024-06-27,TITAN,0.623,3999450,2491475,3400.0,3400.0,2024-07-25
2024-06-27,on,2024-06-27,TORNTPHARM,0.639,307500,196500,3000.0,2700.0,2024-07-25
2024-06-27,on,2024-06-27,TRENT,0.8506,1025600,872400,5500.0,5000.0,2024-07-25
2024-06-27,on,2024-06-27,TVSMOTOR,0.7071,2130800,1506750,2500.0,2500.0,2024-07-25
2024-06-27,on,2024-06-27,UBL,0.7037,908400,639200,2100.0,2000.0,2024-07-25
2024-06-27,on,2024-06-27,ULTRACEMCO,0.683,1753500,1197700,12000.0,11500.0,2024-07-25
2024-06-27,on,2024-06-27,UNITDSPR,0.7373,2128700,1569400,1300.0,1250.0,2024-07-25
2024-06-27,on,2024-06-27,UPL,0.8023,13761800,11040900,600.0,500.0,2024-07-25
2024-06-27,on,2024-06-27,VEDL,0.7269,47607700,34605800,500.0,400.0,2024-07-25
2024-06-27,on,2024-06-27,VOLTAS,0.8427,2490000,2098200,1600.0,1400.0,2024-07-25
2024-06-27,on,2024-06-27,WIPRO,0.9071,27352500,24811500,500.0,500.0,2024-07-25
2024-06-27,on,2024-06-27,ZEEL,0.6774,7578000,5133000,,,
2024-06-27,on,2024-06-27,ZYDUSLIFE,0.741,2331900,1728000,1100.0,1000.0,2024-07-25
2024-06-27,wk,2024-06-20,AARTIIND,0.66,5979000,3946000,,,
2024-06-27,wk,2024-06-20,ABB,0.4167,1994000,830875,,,
2024-06-27,wk,2024-06-20,ABBOTINDIA,0.5852,23580,13800,,,
2024-06-27,wk,2024-06-20,ABCAPITAL,0.568,46942200,26665200,,,
2024-06-27,wk,2024-06-20,ABFRL,0.526,19539000,10277800,,,
2024-06-27,wk,2024-06-20,ACC,0.531,2305200,1224000,,,
2024-06-27,wk,2024-06-20,ADANIENT,0.5749,14765100,8488200,,,
2024-06-27,wk,2024-06-20,ADANIPORTS,0.6641,24711200,16409600,,,
2024-06-27,wk,2024-06-20,ALKEM,0.3562,443800,158100,,,
2024-06-27,wk,2024-06-20,AMBUJACEM,0.7114,18249300,12982500,,,
2024-06-27,wk,2024-06-20,APOLLOHOSP,0.5521,1156750,638625,,,
2024-06-27,wk,2024-06-20,APOLLOTYRE,0.5424,11505600,6240700,,,
2024-06-27,wk,2024-06-20,ASHOKLEY,0.5895,61615000,36325000,,,
2024-06-27,wk,2024-06-20,ASIANPAINT,0.4871,5509400,2683600,,,
2024-06-27,wk,2024-06-20,ASTRAL,0.4798,1225413,587934,,,
2024-06-27,wk,2024-06-20,ATUL,0.3858,266075,102650,,,
2024-06-27,wk,2024-06-20,AUBANK,0.543,11116000,6036000,,,
2024-06-27,wk,2024-06-20,AUROPHARMA,0.592,4491850,2659250,,,
2024-06-27,wk,2024-06-20,AXISBANK,0.773,17289375,13365000,,,
2024-06-27,wk,2024-06-20,BAJAJ-AUTO,0.6619,1278850,846425,,,
2024-06-27,wk,2024-06-20,BAJAJFINSV,0.5008,5343500,2676000,,,
2024-06-27,wk,2024-06-20,BAJFINANCE,0.5763,4391875,2531000,,,
2024-06-27,wk,2024-06-20,BALKRISIND,0.6855,1363200,934500,,,
2024-06-27,wk,2024-06-20,BALRAMCHIN,0.7306,5126400,3745600,,,
2024-06-27,wk,2024-06-20,BANDHANBNK,0.9187,28739800,26403800,,,
2024-06-27,wk,2024-06-20,BANKBARODA,0.6796,43863300,29808675,,,
2024-06-27,wk,2024-06-20,BATAINDIA,0.8803,2136750,1881000,,,
2024-06-27,wk,2024-06-20,BEL,0.6787,103155750,70013100,,,
2024-06-27,wk,2024-06-20,BERGEPAINT,0.6247,6882480,4299240,,,
2024-06-27,wk,2024-06-20,BHARATFORG,0.8561,4065000,3480000,,,
2024-06-27,wk,2024-06-20,BHARTIARTL,0.3448,22874100,7887850,,,
2024-06-27,wk,2024-06-20,BHEL,0.534,68827500,36755250,,,
2024-06-27,wk,2024-06-20,BIOCON,0.6707,15472500,10377500,,,
2024-06-27,wk,2024-06-20,BOSCHLTD,0.3401,192875,65600,,,
2024-06-27,wk,2024-06-20,BPCL,0.4729,30857400,14591700,,,
2024-06-27,wk,2024-06-20,BRITANNIA,0.315,1801800,567600,,,
2024-06-27,wk,2024-06-20,BSOFT,0.4653,9967000,4638000,,,
2024-06-27,wk,2024-06-20,CANBK,0.6751,119738250,80838000,,,
2024-06-27,wk,2024-06-20,CANFINHOME,0.7375,3870750,2854800,,,
2024-06-27,wk,2024-06-20,CHAMBLFERT,0.7694,6378300,4907700,,,
2024-06-27,wk,2024-06-20,CHOLAFIN,0.9386,3083125,2893750,,,
2024-06-27,wk,2024-06-20,CIPLA,0.781,6176950,4824300,,,
2024-06-27,wk,2024-06-20,COALINDIA,0.512,58583700,29994300,,,
2024-06-27,wk,2024-06-20,COFORGE,0.4646,2366550,1099500,,,
2024-06-27,wk,2024-06-20,COLPAL,0.5544,1049300,581700,,,
2024-06-27,wk,2024-06-20,CONCOR,0.5554,9053000,5028000,,,
2024-06-27,wk,2024-06-20,COROMANDEL,0.5771,3181500,1836100,,,
2024-06-27,wk,2024-06-20,CROMPTON,0.9037,4150800,3751200,,,
2024-06-27,wk,2024-06-20,CUB,0.7032,20705000,14560000,,,
2024-06-27,wk,2024-06-20,CUMMINSIND,0.5259,1966500,1034100,,,
2024-06-27,wk,2024-06-20,DABUR,0.4523,16612500,7513750,,,
2024-06-27,wk,2024-06-20,DALBHARAT,0.587,1119825,657350,,,
2024-06-27,wk,2024-06-20,DEEPAKNTR,0.7164,2332200,1670700,,,
2024-06-27,wk,2024-06-20,DIVISLAB,0.5027,1658800,833800,,,
2024-06-27,wk,2024-06-20,DIXON,0.9167,1982900,1817700,,,
2024-06-27,wk,2024-06-20,DLF,0.6528,15241875,9950325,,,
2024-06-27,wk,2024-06-20,DRREDDY,0.5468,1774000,970000,,,
2024-06-27,wk,2024-06-20,EICHERMOT,0.5821,1360975,792225,,,
2024-06-27,wk,2024-06-20,ESCORTS,0.8882,799700,710325,,,
2024-06-27,wk,2024-06-20,EXIDEIND,0.8522,12949200,11035800,,,
2024-06-27,wk,2024-06-20,FEDERALBNK,0.7342,49835000,36590000,,,
2024-06-27,wk,2024-06-20,GAIL,0.5656,78049500,44144175,,,
2024-06-27,wk,2024-06-20,GLENMARK,0.7647,1685625,1289050,,,
2024-06-27,wk,2024-06-20,GMRINFRA,0.6999,120690000,84476250,,,
2024-06-27,wk,2024-06-20,GNFC,0.5999,10028200,6016400,,,
2024-06-27,wk,2024-06-20,GODREJCP,0.4412,2447000,1079500,,,
2024-06-27,wk,2024-06-20,GODREJPROP,0.6236,2584150,1611350,,,
2024-06-27,wk,2024-06-20,GRANULES,0.6879,6588000,4532000,,,
2024-06-27,wk,2024-06-20,GRASIM,0.5609,3669202,2057906,,,
2024-06-27,wk,2024-06-20,GUJGASLTD,0.6168,7046250,4346250,,,
2024-06-27,wk,2024-06-20,HAL,0.5716,12963600,7410300,,,
2024-06-27,wk,2024-06-20,HAVELLS,0.4644,3971500,1844500,,,
2024-06-27,wk,2024-06-20,HCLTECH,0.4597,8955100,4116700,,,
2024-06-27,wk,2024-06-20,HDFCAMC,0.4858,1244400,604500,,,
2024-06-27,wk,2024-06-20,HDFCBANK,0.822,49880050,41003600,,,
2024-06-27,wk,2024-06-20,HDFCLIFE,0.5898,18880400,11135300,,,
2024-06-27,wk,2024-06-20,HEROMOTOCO,0.4484,2971950,1332600,,,
2024-06-27,wk,2024-06-20,HINDALCO,0.6139,26878600,16501800,,,
2024-06-27,wk,2024-06-20,HINDCOPPER,0.6623,14204000,9407500,,,
2024-06-27,wk,2024-06-20,HINDPETRO,0.6019,19534500,11758500,,,
2024-06-27,wk,2024-06-20,HINDUNILVR,0.4111,12396600,5096100,,,
2024-06-27,wk,2024-06-20,ICICIBANK,0.6955,30991800,21555800,,,
2024-06-27,wk,2024-06-20,ICICIGI,0.651,1858000,1209500,,,
2024-06-27,wk,2024-06-20,ICICIPRULI,0.536,4671000,2503500,,,
2024-06-27,wk,2024-06-20,IDEA,0.7099,1169920000,830480000,,,
2024-06-27,wk,2024-06-20,IDFC,0.827,21355000,17660000,,,
2024-06-27,wk,2024-06-20,IDFCFIRSTB,0.6338,188295000,119332500,,,
2024-06-27,wk,2024-06-20,IEX,0.6981,49605000,34631250,,,
2024-06-27,wk,2024-06-20,IGL,0.588,11926750,7012500,,,
2024-06-27,wk,2024-06-20,INDHOTEL,0.6725,9980000,6712000,,,
2024-06-27,wk,2024-06-20,INDIACEM,0.7356,6000100,4413800,,,
2024-06-27,wk,2024-06-20,INDIAMART,0.4852,911400,442200,,,
2024-06-27,wk,2024-06-20,INDIGO,0.4738,6371400,3018600,,,
2024-06-27,wk,2024-06-20,INDUSINDBK,0.8189,8461500,6929000,,,
2024-06-27,wk,2024-06-20,INDUSTOWER,0.6522,63229800,41238600,,,
2024-06-27,wk,2024-06-20,INFY,0.4972,25433200,12646000,,,
2024-06-27,wk,2024-06-20,IOC,0.523,95871750,50139375,,,
2024-06-27,wk,2024-06-20,IPCALAB,0.4163,2167100,902200,,,
2024-06-27,wk,2024-06-20,IRCTC,0.4408,20698125,9123625,,,
2024-06-27,wk,2024-06-20,ITC,0.3311,98193600,32516800,,,
2024-06-27,wk,2024-06-20,JINDALSTEL,0.5765,8116875,4679375,,,
2024-06-27,wk,2024-06-20,JKCEMENT,0.4491,323125,145125,,,
2024-06-27,wk,2024-06-20,JSWSTEEL,0.5969,9252900,5522850,,,
2024-06-27,wk,2024-06-20,JUBLFOOD,0.7585,9836250,7461250,,,
2024-06-27,wk,2024-06-20,KOTAKBANK,0.6488,13464800,8736400,,,
2024-06-27,wk,2024-06-20,LALPATHLAB,0.3162,960300,303600,,,
2024-06-27,wk,2024-06-20,LAURUSLABS,0.4074,7731600,3150100,,,
2024-06-27,wk,2024-06-20,LICHSGFIN,1.0652,10072000,10729000,,,
2024-06-27,wk,2024-06-20,LT,0.3998,11877750,4748250,,,
2024-06-27,wk,2024-06-20,LTF,0.6682,28980690,19365080,,,
2024-06-27,wk,2024-06-20,LTIM,0.4509,1810200,816150,,,
2024-06-27,wk,2024-06-20,LTTS,0.6154,736800,453400,,,
2024-06-27,wk,2024-06-20,LUPIN,0.4611,5406425,2493050,,,
2024-06-27,wk,2024-06-20,M&M,0.6851,9048900,6199200,,,
2024-06-27,wk,2024-06-20,M&MFIN,0.5499,16080000,8842000,,,
2024-06-27,wk,2024-06-20,MANAPPURAM,0.7352,14265000,10488000,,,
2024-06-27,wk,2024-06-20,MARICO,0.4387,9622800,4221600,,,
2024-06-27,wk,2024-06-20,MARUTI,0.2618,5035750,1318300,,,
2024-06-27,wk,2024-06-20,MCX,0.6977,1443400,1007000,,,
2024-06-27,wk,2024-06-20,METROPOLIS,0.441,1162000,512400,,,
2024-06-27,wk,2024-06-20,MFSL,0.3697,2731200,1009600,,,
2024-06-27,wk,2024-06-20,MGL,0.4261,2355200,1003600,,,
2024-06-27,wk,2024-06-20,MOTHERSON,1.0702,52156600,55820200,,,
2024-06-27,wk,2024-06-20,MPHASIS,0.5881,2801700,1647800,,,
2024-06-27,wk,2024-06-20,MRF,0.5719,16200,9265,,,
2024-06-27,wk,2024-06-20,MUTHOOTFIN,0.486,1962400,953700,,,
2024-06-27,wk,2024-06-20,NATIONALUM,0.5511,40477500,22308750,,,
2024-06-27,wk,2024-06-20,NAUKRI,0.4842,729600,353250,,,
2024-06-27,wk,2024-06-20,NAVINFLUOR,0.5454,915225,499200,,,
2024-06-27,wk,2024-06-20,NESTLEIND,0.4435,1872800,830600,,,
2024-06-27,wk,2024-06-20,NMDC,0.5755,54355500,31279500,,,
2024-06-27,wk,2024-06-20,NTPC,0.2365,82596000,19530000,,,
2024-06-27,wk,2024-06-20,OBEROIRLTY,0.6457,2313500,1493800,,,
2024-06-27,wk,2024-06-20,OFSS,0.6094,1596700,973100,,,
2024-06-27,wk,2024-06-20,ONGC,0.2981,92026550,27429325,,,
2024-06-27,wk,2024-06-20,PAGEIND,0.8687,38385,33345,,,
2024-06-27,wk,2024-06-20,PEL,0.7222,4748250,3429000,,,
2024-06-27,wk,2024-06-20,PERSISTENT,0.5,1398800,699400,,,
2024-06-27,wk,2024-06-20,PETRONET,0.6754,19944000,13470000,,,
2024-06-27,wk,2024-06-20,PFC,0.6024,78716900,47419575,,,
2024-06-27,wk,2024-06-20,PIDILITIND,0.4697,1179000,553750,,,
2024-06-27,wk,2024-06-20,PIIND,0.6404,1180500,756000,,,
2024-06-27,wk,2024-06-20,PNB,0.5205,148392000,77232000,,,
2024-06-27,wk,2024-06-20,POLYCAB,0.5721,992550,567850,,,
2024-06-27,wk,2024-06-20,POWERGRID,0.7295,54622800,39844800,,,
2024-06-27,wk,2024-06-20,PVRINOX,0.4673,2844523,1329262,,,
2024-06-27,wk,2024-06-20,RAMCOCEM,0.4768,4963150,2366400,,,
2024-06-27,wk,2024-06-20,RBLBANK,0.5794,18592500,10772500,,,
2024-06-27,wk,2024-06-20,RECLTD,0.4722,69874000,32994000,,,
2024-06-27,wk,2024-06-20,RELIANCE,0.467,28926750,13507750,,,
2024-06-27,wk,2024-06-20,SAIL,0.7076,41520000,29380000,,,
2024-06-27,wk,2024-06-20,SBICARD,0.6993,8496800,5941600,,,
2024-06-27,wk,2024-06-20,SBILIFE,0.3889,3779250,1469625,,,
2024-06-27,wk,2024-06-20,SBIN,0.5253,80771250,42430500,,,
2024-06-27,wk,2024-06-20,SHREECEM,0.5439,84025,45700,,,
2024-06-27,wk,2024-06-20,SHRIRAMFIN,0.848,2151900,1824900,,,
2024-06-27,wk,2024-06-20,SIEMENS,0.5616,1623450,911700,,,
2024-06-27,wk,2024-06-20,SRF,0.4479,3225000,1444500,,,
2024-06-27,wk,2024-06-20,SUNPHARMA,0.2367,10997000,2602950,,,
2024-06-27,wk,2024-06-20,SUNTV,0.5414,5851500,3168000,,,
2024-06-27,wk,2024-06-20,SYNGENE,0.6535,2609000,1705000,,,
2024-06-27,wk,2024-06-20,TATACHEM,0.7208,8118550,5851450,,,
2024-06-27,wk,2024-06-20,TATACOMM,0.5309,2674500,1420000,,,
2024-06-27,wk,2024-06-20,TATACONSUM,0.5836,6244650,3644100,,,
2024-06-27,wk,2024-06-20,TATAMOTORS,0.495,85217875,42185000,,,
2024-06-27,wk,2024-06-20,TATAPOWER,0.5284,62669025,33111450,,,
2024-06-27,wk,2024-06-20,TATASTEEL,0.7559,141383000,106865000,,,
2024-06-27,wk,2024-06-20,TCS,0.5189,10961650,5688025,,,
2024-06-27,wk,2024-06-20,TECHM,0.65,7343400,4773000,,,
2024-06-27,wk,2024-06-20,TITAN,0.4402,7707000,3392550,,,
2024-06-27,wk,2024-06-20,TORNTPHARM,0.512,459500,235250,,,
2024-06-27,wk,2024-06-20,TRENT,0.7297,1649800,1203800,,,
2024-06-27,wk,2024-06-20,TVSMOTOR,0.6823,2711100,1849750,,,
2024-06-27,wk,2024-06-20,UBL,0.8078,886400,716000,,,
2024-06-27,wk,2024-06-20,ULTRACEMCO,0.6027,1608400,969400,,,
2024-06-27,wk,2024-06-20,UNITDSPR,0.5417,3748500,2030700,,,
2024-06-27,wk,2024-06-20,UPL,0.5234,21681400,11349000,,,
2024-06-27,wk,2024-06-20,VEDL,0.7782,44240500,34428700,,,
2024-06-27,wk,2024-06-20,VOLTAS,0.5358,5564400,2981400,,,
2024-06-27,wk,2024-06-20,WIPRO,0.6343,43794000,27780000,,,
2024-06-27,wk,2024-06-20,ZEEL,0.843,11541000,9729000,,,
2024-06-27,wk,2024-06-20,ZYDUSLIFE,0.5285,3564000,1883700,,,
2024-07-25,on,2024-07-25,AARTIIND,0.5184,4495000,2330000,800.0,700.0,2024-08-29
2024-07-25,on,2024-07-25,ABB,0.4642,933375,433250,8000.0,7500.0,2024-08-29
2024-07-25,on,2024-07-25,ABBOTINDIA,0.767,24120,18500,30000.0,27000.0,2024-08-29
2024-07-25,on,2024-07-25,ABCAPITAL,0.5512,31093200,17139600,230.0,210.0,2024-08-29
2024-07-25,on,2024-07-25,ABFRL,0.4933,16023800,7904000,320.0,300.0,2024-08-29
2024-07-25,on,2024-07-25,ACC,0.6572,1544700,1015200,2700.0,2500.0,2024-08-29
2024-07-25,on,2024-07-25,ADANIENT,0.6486,10137600,6574800,3200.0,3000.0,2024-08-29
2024-07-25,on,2024-07-25,ADANIPORTS,0.8425,10332000,8704800,1600.0,1400.0,2024-08-29
2024-07-25,on,2024-07-25,ALKEM,0.8121,154900,125800,5200.0,5200.0,2024-08-29
2024-07-25,on,2024-07-25,AMBUJACEM,1.1209,7627500,8550000,700.0,600.0,2024-08-29
2024-07-25,on,2024-07-25,APOLLOHOSP,0.6855,581500,398625,6800.0,6000.0,2024-08-29
2024-07-25,on,2024-07-25,APOLLOTYRE,0.7093,8636000,6125100,550.0,500.0,2024-08-29
2024-07-25,on,2024-07-25,ASHOKLEY,0.5745,72495000,41650000,240.0,230.0,2024-08-29
2024-07-25,on,2024-07-25,ASIANPAINT,0.6757,5508000,3722000,3000.0,2800.0,2024-08-29
2024-07-25,on,2024-07-25,ASTRAL,0.4886,1240827,606284,2400.0,2000.0,2024-08-29
2024-07-25,on,2024-07-25,ATUL,0.6585,125900,82900,7500.0,7000.0,2024-08-29
2024-07-25,on,2024-07-25,AUBANK,0.6411,8331000,5341000,650.0,600.0,2024-08-29
2024-07-25,on,2024-07-25,AUROPHARMA,0.643,4017750,2583350,1400.0,1300.0,2024-08-29
2024-07-25,on,2024-07-25,AXISBANK,0.4902,26125625,12807500,1200.0,1100.0,2024-08-29
2024-07-25,on,2024-07-25,BAJAJ-AUTO,0.5129,1617225,829425,10000.0,9000.0,2024-08-29
2024-07-25,on,2024-07-25,BAJAJFINSV,0.482,6699000,3229000,1700.0,1500.0,2024-08-29
2024-07-25,on,2024-07-25,BAJFINANCE,0.5389,5987625,3227000,7000.0,6500.0,2024-08-29
2024-07-25,on,2024-07-25,BALKRISIND,0.5588,553500,309300,3200.0,3200.0,2024-08-29
2024-07-25,on,2024-07-25,BALRAMCHIN,0.6509,4019200,2616000,500.0,400.0,2024-08-29
2024-07-25,on,2024-07-25,BANDHANBNK,0.6021,43604400,26252800,200.0,180.0,2024-08-29
2024-07-25,on,2024-07-25,BANKBARODA,0.6683,55136250,36849150,260.0,250.0,2024-08-29
2024-07-25,on,2024-07-25,BATAINDIA,0.8154,1617375,1318875,1600.0,1500.0,2024-08-29
2024-07-25,on,2024-07-25,BEL,0.5166,91051800,47039250,320.0,300.0,2024-08-29
2024-07-25,on,2024-07-25,BERGEPAINT,0.5516,4719000,2603040,530.0,500.0,2024-08-29
2024-07-25,on,2024-07-25,BHARATFORG,0.5289,2899500,1533500,1700.0,1600.0,2024-08-29
2024-07-25,on,2024-07-25,BHARTIARTL,0.4387,16278725,7141150,1500.0,1400.0,2024-08-29
2024-07-25,on,2024-07-25,BHEL,0.6976,45835125,31972500,320.0,300.0,2024-08-29
2024-07-25,on,2024-07-25,BIOCON,0.6825,13505000,9217500,380.0,340.0,2024-08-29
2024-07-25,on,2024-07-25,BOSCHLTD,0.5013,47375,23750,35000.0,34000.0,2024-08-29
2024-07-25,on,2024-07-25,BPCL,0.8363,28276200,23646600,320.0,320.0,2024-08-29
2024-07-25,on,2024-07-25,BRITANNIA,0.7893,803800,634400,6000.0,5500.0,2024-08-29
2024-07-25,on,2024-07-25,BSOFT,0.7135,5166000,3686000,750.0,700.0,2024-08-29
2024-07-25,on,2024-07-25,CANBK,0.6755,117524250,79393500,120.0,105.0,2024-08-29
2024-07-25,on,2024-07-25,CANFINHOME,0.6014,3732300,2244450,900.0,800.0,2024-08-29
2024-07-25,on,2024-07-25,CHAMBLFERT,0.5348,7159200,3828500,500.0,500.0,2024-08-29
2024-07-25,on,2024-07-25,CHOLAFIN,0.6412,2050000,1314375,1400.0,1300.0,2024-08-29
2024-07-25,on,2024-07-25,CIPLA,0.5185,4361500,2261350,1500.0,1400.0,2024-08-29
2024-07-25,on,2024-07-25,COALINDIA,0.5001,39396000,19700100,500.0,450.0,2024-08-29
2024-07-25,on,2024-07-25,COFORGE,1.1346,834450,946800,6800.0,6000.0,2024-08-29
2024-07-25,on,2024-07-25,COLPAL,0.8101,696850,564550,3300.0,3000.0,2024-08-29
2024-07-25,on,2024-07-25,CONCOR,0.6614,7892000,5220000,1100.0,1000.0,2024-08-29
2024-07-25,on,2024-07-25,COROMANDEL,0.458,1358700,622300,1620.0,1500.0,2024-08-29
2024-07-25,on,2024-07-25,CROMPTON,0.6861,6760800,4638600,450.0,400.0,2024-08-29
2024-07-25,on,2024-07-25,CUB,0.6816,11810000,8050000,160.0,140.0,2024-08-29
2024-07-25,on,2024-07-25,CUMMINSIND,0.555,1299900,721500,4000.0,3500.0,2024-08-29
2024-07-25,on,2024-07-25,DABUR,0.8376,6458750,5410000,650.0,600.0,2024-08-29
2024-07-25,on,2024-07-25,DALBHARAT,0.4301,1794100,771650,2000.0,1800.0,2024-08-29
2024-07-25,on,2024-07-25,DEEPAKNTR,0.8336,1381200,1151400,3000.0,2600.0,2024-08-29
2024-07-25,on,2024-07-25,DIVISLAB,0.5346,1023600,547200,4600.0,4500.0,2024-08-29
2024-07-25,on,2024-07-25,DIXON,0.4569,1678400,766800,12000.0,10500.0,2024-08-29
2024-07-25,on,2024-07-25,DLF,0.7814,15527325,12132450,850.0,800.0,2024-08-29
2024-07-25,on,2024-07-25,DRREDDY,1.2666,1076250,1363125,6800.0,6800.0,2024-08-29
2024-07-25,on,2024-07-25,EICHERMOT,0.6431,1165850,749700,5000.0,4500.0,2024-08-29
2024-07-25,on,2024-07-25,ESCORTS,0.6198,721875,447425,4100.0,4000.0,2024-08-29
2024-07-25,on,2024-07-25,EXIDEIND,0.5435,14455800,7857000,600.0,500.0,2024-08-29
2024-07-25,on,2024-07-25,FEDERALBNK,0.8611,44455000,38280000,210.0,200.0,2024-08-29
2024-07-25,on,2024-07-25,GAIL,0.6145,49442025,30382575,230.0,200.0,2024-08-29
2024-07-25,on,2024-07-25,GLENMARK,1.0191,1368800,1394900,1500.0,1400.0,2024-08-29
2024-07-25,on,2024-07-25,GMRINFRA,0.6405,113546250,72731250,100.0,90.0,2024-08-29
2024-07-25,on,2024-07-25,GNFC,0.4724,4245800,2005900,700.0,700.0,2024-08-29
2024-07-25,on,2024-07-25,GODREJCP,0.6133,1581500,970000,1600.0,1400.0,2024-08-29
2024-07-25,on,2024-07-25,GODREJPROP,0.7016,1115775,782775,3200.0,3000.0,2024-08-29
2024-07-25,on,2024-07-25,GRANULES,0.9852,3794000,3738000,550.0,520.0,2024-08-29
2024-07-25,on,2024-07-25,GRASIM,1.0115,2137250,2161750,3000.0,2800.0,2024-08-29
2024-07-25,on,2024-07-25,GUJGASLTD,0.661,3963750,2620000,650.0,600.0,2024-08-29
2024-07-25,on,2024-07-25,HAL,0.4755,8879400,4222500,5500.0,5000.0,2024-08-29
2024-07-25,on,2024-07-25,HAVELLS,0.5128,2693000,1381000,1900.0,1700.0,2024-08-29
2024-07-25,on,2024-07-25,HCLTECH,0.5238,8978200,4702600,1600.0,1500.0,2024-08-29
2024-07-25,on,2024-07-25,HDFCAMC,0.481,1131000,544050,4500.0,3800.0,2024-08-29
2024-07-25,on,2024-07-25,HDFCBANK,0.4294,76051800,32656800,1700.0,1600.0,2024-08-29
2024-07-25,on,2024-07-25,HDFCLIFE,0.8898,15207500,13531100,700.0,640.0,2024-08-29
2024-07-25,on,2024-07-25,HEROMOTOCO,0.416,1288800,536100,5500.0,5000.0,2024-08-29
2024-07-25,on,2024-07-25,HINDALCO,0.5014,17885000,8968400,700.0,650.0,2024-08-29
2024-07-25,on,2024-07-25,HINDCOPPER,0.5779,10923300,6312300,330.0,300.0,2024-08-29
2024-07-25,on,2024-07-25,HINDPETRO,0.9054,13097700,11858400,380.0,350.0,2024-08-29
2024-07-25,on,2024-07-25,HINDUNILVR,0.5137,8346000,4287000,2800.0,2600.0,2024-08-29
2024-07-25,on,2024-07-25,ICICIBANK,0.5069,20311200,10294900,1250.0,1200.0,2024-08-29
2024-07-25,on,2024-07-25,ICICIGI,0.9057,795000,720000,1900.0,1900.0,2024-08-29
2024-07-25,on,2024-07-25,ICICIPRULI,1.2049,5008500,6034500,700.0,650.0,2024-08-29
2024-07-25,on,2024-07-25,IDEA,0.4103,1581600000,648880000,16.0,15.0,2024-08-29
2024-07-25,on,2024-07-25,IDFC,0.4687,29905000,14015000,120.0,110.0,2024-08-29
2024-07-25,on,2024-07-25,IDFCFIRSTB,0.4302,231240000,99472500,80.0,75.0,2024-08-29
2024-07-25,on,2024-07-25,IEX,0.5453,44726250,24390000,200.0,170.0,2024-08-29
2024-07-25,on,2024-07-25,IGL,0.5867,11214500,6579375,550.0,500.0,2024-08-29
2024-07-25,on,2024-07-25,INDHOTEL,0.6478,8889000,5758000,650.0,600.0,2024-08-29
2024-07-25,on,2024-07-25,INDIACEM,1.4576,9543900,13911300,350.0,320.0,2024-08-29
2024-07-25,on,2024-07-25,INDIAMART,0.9941,706200,702000,3000.0,2900.0,2024-08-29
2024-07-25,on,2024-07-25,INDIGO,0.6793,2353500,1598700,4500.0,4000.0,2024-08-29
2024-07-25,on,2024-07-25,INDUSINDBK,0.714,9992000,7134000,1500.0,1400.0,2024-08-29
2024-07-25,on,2024-07-25,INDUSTOWER,1.0884,25693800,27965000,400.0,360.0,2024-08-29
2024-07-25,on,2024-07-25,INFY,0.7302,22754800,16616000,1900.0,1800.0,2024-08-29
2024-07-25,on,2024-07-25,IOC,0.6789,69615000,47263125,180.0,170.0,2024-08-29
2024-07-25,on,2024-07-25,IPCALAB,0.6846,1102400,754650,1300.0,1200.0,2024-08-29
2024-07-25,on,2024-07-25,IRCTC,0.5312,13953625,7412125,1000.0,900.0,2024-08-29
2024-07-25,on,2024-07-25,ITC,0.8502,86376000,73436800,500.0,500.0,2024-08-29
2024-07-25,on,2024-07-25,JINDALSTEL,0.5061,7480000,3785625,1000.0,900.0,2024-08-29
2024-07-25,on,2024-07-25,JKCEMENT,0.6677,198250,132375,4500.0,4000.0,2024-08-29
2024-07-25,on,2024-07-25,JSWSTEEL,0.5014,8429400,4226850,950.0,800.0,2024-08-29
2024-07-25,on,2024-07-25,JUBLFOOD,0.753,5393750,4061250,600.0,500.0,2024-08-29
2024-07-25,on,2024-07-25,KOTAKBANK,0.5852,11975200,7008000,1900.0,1700.0,2024-08-29
2024-07-25,on,2024-07-25,LALPATHLAB,0.8454,557100,471000,3300.0,2800.0,2024-08-29
2024-07-25,on,2024-07-25,LAURUSLABS,0.6851,9020200,6179500,450.0,400.0,2024-08-29
2024-07-25,on,2024-07-25,LICHSGFIN,0.533,9705000,5173000,800.0,750.0,2024-08-29
2024-07-25,on,2024-07-25,LT,0.6091,7210050,4391850,3700.0,3500.0,2024-08-29
2024-07-25,on,2024-07-25,LTF,0.4833,37686052,18213884,200.0,170.0,2024-08-29
2024-07-25,on,2024-07-25,LTIM,0.6687,1045950,699450,6000.0,5400.0,2024-08-29
2024-07-25,on,2024-07-25,LTTS,0.6959,690600,480600,5200.0,5000.0,2024-08-29
2024-07-25,on,2024-07-25,LUPIN,0.9766,2923150,2854725,1900.0,1700.0,2024-08-29
2024-07-25,on,2024-07-25,M&M,0.8018,5412750,4340000,3000.0,2600.0,2024-08-29
2024-07-25,on,2024-07-25,M&MFIN,0.5858,13198000,7732000,310.0,270.0,2024-08-29
2024-07-25,on,2024-07-25,MANAPPURAM,0.604,19197000,11595000,230.0,200.0,2024-08-29
2024-07-25,on,2024-07-25,MARICO,0.8558,3745200,3205200,680.0,620.0,2024-08-29
2024-07-25,on,2024-07-25,MARUTI,0.5108,2854100,1457950,13000.0,12000.0,2024-08-29
2024-07-25,on,2024-07-25,MCX,0.7441,1192000,887000,4700.0,4000.0,2024-08-29
2024-07-25,on,2024-07-25,METROPOLIS,0.6165,702000,432800,2100.0,2000.0,2024-08-29
2024-07-25,on,2024-07-25,MFSL,1.0913,1052000,1148000,1100.0,1000.0,2024-08-29
2024-07-25,on,2024-07-25,MGL,0.6258,2056400,1286800,1800.0,1600.0,2024-08-29
2024-07-25,on,2024-07-25,MOTHERSON,0.6381,53661800,34243300,200.0,180.0,2024-08-29
2024-07-25,on,2024-07-25,MPHASIS,0.8151,1875225,1528450,3000.0,2700.0,2024-08-29
2024-07-25,on,2024-07-25,MRF,1.156,14235,16455,145000.0,130000.0,2024-08-29
2024-07-25,on,2024-07-25,MUTHOOTFIN,0.6979,1208900,843700,1800.0,1600.0,2024-08-29
2024-07-25,on,2024-07-25,NATIONALUM,0.4543,34308750,15585000,200.0,180.0,2024-08-29
2024-07-25,on,2024-07-25,NAUKRI,0.6797,378450,257250,7000.0,7000.0,2024-08-29
2024-07-25,on,2024-07-25,NAVINFLUOR,0.3021,994525,300475,3600.0,3300.0,2024-08-29
2024-07-25,on,2024-07-25,NESTLEIND,0.6029,2379600,1434600,2600.0,2500.0,2024-08-29
2024-07-25,on,2024-07-25,NMDC,0.5389,54589500,29416500,250.0,230.0,2024-08-29
2024-07-25,on,2024-07-25,NTPC,0.6182,41707500,25782000,400.0,390.0,2024-08-29
2024-07-25,on,2024-07-25,OBEROIRLTY,0.583,2336600,1362200,1800.0,1600.0,2024-08-29
2024-07-25,on,2024-07-25,OFSS,0.6448,1008800,650500,12000.0,10500.0,2024-08-29
2024-07-25,on,2024-07-25,ONGC,0.7521,70139300,52752700,350.0,300.0,2024-08-29
2024-07-25,on,2024-07-25,PAGEIND,0.6124,17880,10950,42000.0,38000.0,2024-08-29
2024-07-25,on,2024-07-25,PEL,0.5868,3150750,1848750,1000.0,900.0,2024-08-29
2024-07-25,on,2024-07-25,PERSISTENT,0.7803,1322800,1032200,5000.0,4500.0,2024-08-29
2024-07-25,on,2024-07-25,PETRONET,1.1964,12753000,15258000,400.0,350.0,2024-08-29
2024-07-25,on,2024-07-25,PFC,0.7071,29415100,20798700,600.0,500.0,2024-08-29
2024-07-25,on,2024-07-25,PIDILITIND,0.7311,518750,379250,3200.0,3000.0,2024-08-29
2024-07-25,on,2024-07-25,PIIND,0.6514,727250,473750,4000.0,3700.0,2024-08-29
2024-07-25,on,2024-07-25,PNB,0.5296,118016000,62504000,120.0,110.0,2024-08-29
2024-07-25,on,2024-07-25,POLYCAB,0.6545,1528625,1000500,7000.0,6000.0,2024-08-29
2024-07-25,on,2024-07-25,POWERGRID,0.4208,37332000,15710400,350.0,300.0,2024-08-29
2024-07-25,on,2024-07-25,PVRINOX,0.95,2090352,1985753,1500.0,1300.0,2024-08-29
2024-07-25,on,2024-07-25,RAMCOCEM,0.5158,5150150,2656250,800.0,800.0,2024-08-29
2024-07-25,on,2024-07-25,RBLBANK,0.6602,25632500,16922500,250.0,210.0,2024-08-29
2024-07-25,on,2024-07-25,RECLTD,0.7688,34904000,26834000,700.0,600.0,2024-08-29
2024-07-25,on,2024-07-25,RELIANCE,0.49,31526750,15447000,3000.0,3000.0,2024-08-29
2024-07-25,on,2024-07-25,SAIL,0.5373,48580000,26100000,150.0,150.0,2024-08-29
2024-07-25,on,2024-07-25,SBICARD,0.8158,9556800,7796000,750.0,700.0,2024-08-29
2024-07-25,on,2024-07-25,SBILIFE,0.7513,3495750,2626500,1700.0,1600.0,2024-08-29
2024-07-25,on,2024-07-25,SBIN,0.6928,43140000,29886750,900.0,800.0,2024-08-29
2024-07-25,on,2024-07-25,SHREECEM,0.4586,59250,27175,28000.0,27000.0,2024-08-29
2024-07-25,on,2024-07-25,SHRIRAMFIN,0.5612,1744800,979200,3000.0,2500.0,2024-08-29
2024-07-25,on,2024-07-25,SIEMENS,0.4488,1101000,494100,7500.0,6500.0,2024-08-29
2024-07-25,on,2024-07-25,SRF,0.5607,2173500,1218750,2500.0,2300.0,2024-08-29
2024-07-25,on,2024-07-25,SUNPHARMA,0.7265,6281450,4563300,1700.0,1500.0,2024-08-29
2024-07-25,on,2024-07-25,SUNTV,0.5521,3439500,1899000,800.0,750.0,2024-08-29
2024-07-25,on,2024-07-25,SYNGENE,0.682,3396000,2316000,800.0,750.0,2024-08-29
2024-07-25,on,2024-07-25,TATACHEM,0.5936,6626400,3933600,1100.0,1000.0,2024-08-29
2024-07-25,on,2024-07-25,TATACOMM,0.585,1785500,1044500,1900.0,1800.0,2024-08-29
2024-07-25,on,2024-07-25,TATACONSUM,0.872,5285700,4609350,1220.0,1230.0,2024-08-29
2024-07-25,on,2024-07-25,TATAMOTORS,1.0111,25059650,25339050,1100.0,1000.0,2024-08-29
2024-07-25,on,2024-07-25,TATAPOWER,0.573,41515200,23788350,450.0,420.0,2024-08-29
2024-07-25,on,2024-07-25,TATASTEEL,0.4689,206778000,96954000,170.0,160.0,2024-08-29
2024-07-25,on,2024-07-25,TCS,1.0232,6905850,7066325,4500.0,4000.0,2024-08-29
2024-07-25,on,2024-07-25,TECHM,0.8406,6571200,5523600,1600.0,1500.0,2024-08-29
2024-07-25,on,2024-07-25,TITAN,0.7273,4425050,3218425,3500.0,3400.0,2024-08-29
2024-07-25,on,2024-07-25,TORNTPHARM,0.9261,284000,263000,3200.0,3000.0,2024-08-29
2024-07-25,on,2024-07-25,TRENT,0.6458,1225400,791400,6000.0,4800.0,2024-08-29
2024-07-25,on,2024-07-25,TVSMOTOR,0.6813,1794450,1222550,2500.0,2500.0,2024-08-29
2024-07-25,on,2024-07-25,UBL,0.4782,1267200,606000,2100.0,2000.0,2024-08-29
2024-07-25,on,2024-07-25,ULTRACEMCO,0.4644,1152700,535300,12000.0,11000.0,2024-08-29
2024-07-25,on,2024-07-25,UNITDSPR,1.064,2513700,2674700,1500.0,1300.0,2024-08-29
2024-07-25,on,2024-07-25,UPL,0.6477,11703900,7580300,600.0,500.0,2024-08-29
2024-07-25,on,2024-07-25,VEDL,0.6248,50708100,31682500,450.0,430.0,2024-08-29
2024-07-25,on,2024-07-25,VOLTAS,0.6901,2214600,1528200,1500.0,1400.0,2024-08-29
2024-07-25,on,2024-07-25,WIPRO,0.4578,61474500,28140000,600.0,500.0,2024-08-29
2024-07-25,on,2024-07-25,ZYDUSLIFE,1.2935,2462400,3185100,1200.0,1100.0,2024-08-29
2024-07-25,wk,2024-07-18,AARTIIND,0.421,6560000,2762000,,,
2024-07-25,wk,2024-07-18,ABB,0.3377,1580500,533750,,,
2024-07-25,wk,2024-07-18,ABBOTINDIA,0.4061,39300,15960,,,
2024-07-25,wk,2024-07-18,ABCAPITAL,0.5114,36158400,18489600,,,
2024-07-25,wk,2024-07-18,ABFRL,0.5864,17531800,10280400,,,
2024-07-25,wk,2024-07-18,ACC,0.4671,2969400,1386900,,,
2024-07-25,wk,2024-07-18,ADANIENT,0.5939,11096100,6590400,,,
2024-07-25,wk,2024-07-18,ADANIPORTS,0.6356,14326400,9106000,,,
2024-07-25,wk,2024-07-18,ALKEM,0.4548,399700,181800,,,
2024-07-25,wk,2024-07-18,AMBUJACEM,0.8186,10365300,8485200,,,
2024-07-25,wk,2024-07-18,APOLLOHOSP,0.6774,847000,573750,,,
2024-07-25,wk,2024-07-18,APOLLOTYRE,0.5969,14978700,8940300,,,
2024-07-25,wk,2024-07-18,ASHOKLEY,0.4738,88155000,41770000,,,
2024-07-25,wk,2024-07-18,ASIANPAINT,0.9046,6938200,6276400,,,
2024-07-25,wk,2024-07-18,ASTRAL,0.3754,2365682,888140,,,
2024-07-25,wk,2024-07-18,ATUL,0.5522,150300,83000,,,
2024-07-25,wk,2024-07-18,AUBANK,0.5466,10753000,5878000,,,
2024-07-25,wk,2024-07-18,AUROPHARMA,0.5364,5882250,3155350,,,
2024-07-25,wk,2024-07-18,AXISBANK,0.9102,12423750,11308125,,,
2024-07-25,wk,2024-07-18,BAJAJ-AUTO,0.4992,2857500,1426425,,,
2024-07-25,wk,2024-07-18,BAJAJFINSV,0.5573,6768000,3771500,,,
2024-07-25,wk,2024-07-18,BAJFINANCE,0.5629,5617375,3162000,,,
2024-07-25,wk,2024-07-18,BALKRISIND,0.3994,924000,369000,,,
2024-07-25,wk,2024-07-18,BALRAMCHIN,0.5678,6734400,3824000,,,
2024-07-25,wk,2024-07-18,BANDHANBNK,0.5611,45992800,25804800,,,
2024-07-25,wk,2024-07-18,BANKBARODA,0.5611,62679825,35170200,,,
2024-07-25,wk,2024-07-18,BATAINDIA,0.6104,2734500,1669125,,,
2024-07-25,wk,2024-07-18,BEL,0.5251,100200300,52619550,,,
2024-07-25,wk,2024-07-18,BERGEPAINT,0.5089,6412560,3263040,,,
2024-07-25,wk,2024-07-18,BHARATFORG,0.4185,4968500,2079500,,,
2024-07-25,wk,2024-07-18,BHARTIARTL,0.4696,21350300,10026775,,,
2024-07-25,wk,2024-07-18,BHEL,0.5623,69000750,38797500,,,
2024-07-25,wk,2024-07-18,BIOCON,0.4138,22355000,9250000,,,
2024-07-25,wk,2024-07-18,BOSCHLTD,0.4813,69450,33425,,,
2024-07-25,wk,2024-07-18,BPCL,0.6092,35058600,21357000,,,
2024-07-25,wk,2024-07-18,BRITANNIA,0.8457,1075600,909600,,,
2024-07-25,wk,2024-07-18,BSOFT,0.6116,7569000,4629000,,,
2024-07-25,wk,2024-07-18,CANBK,0.6466,117720000,76113000,,,
2024-07-25,wk,2024-07-18,CANFINHOME,0.5772,4549350,2625675,,,
2024-07-25,wk,2024-07-18,CHAMBLFERT,0.4548,9558900,4347200,,,
2024-07-25,wk,2024-07-18,CHOLAFIN,0.5025,3083125,1549375,,,
2024-07-25,wk,2024-07-18,CIPLA,0.4709,6179550,2910050,,,
2024-07-25,wk,2024-07-18,COALINDIA,0.4715,43803900,20653500,,,
2024-07-25,wk,2024-07-18,COFORGE,0.7848,1194900,937800,,,
2024-07-25,wk,2024-07-18,COLPAL,0.6957,1021300,710500,,,
2024-07-25,wk,2024-07-18,CONCOR,0.4076,12279000,5005000,,,
2024-07-25,wk,2024-07-18,COROMANDEL,0.3387,2529800,856800,,,
2024-07-25,wk,2024-07-18,CROMPTON,0.4455,6472800,2883600,,,
2024-07-25,wk,2024-07-18,CUB,0.6044,15975000,9655000,,,
2024-07-25,wk,2024-07-18,CUMMINSIND,0.4499,1603800,721500,,,
2024-07-25,wk,2024-07-18,DABUR,0.8473,7785000,6596250,,,
2024-07-25,wk,2024-07-18,DALBHARAT,0.6777,1653575,1120625,,,
2024-07-25,wk,2024-07-18,DEEPAKNTR,0.5945,2062500,1226100,,,
2024-07-25,wk,2024-07-18,DIVISLAB,0.4429,1683400,745600,,,
2024-07-25,wk,2024-07-18,DIXON,0.4326,1896100,820200,,,
2024-07-25,wk,2024-07-18,DLF,0.656,13506075,8860500,,,
2024-07-25,wk,2024-07-18,DRREDDY,0.7487,1487500,1113750,,,
2024-07-25,wk,2024-07-18,EICHERMOT,0.4962,1724800,855925,,,
2024-07-25,wk,2024-07-18,ESCORTS,0.3931,1282875,504350,,,
2024-07-25,wk,2024-07-18,EXIDEIND,0.4612,27228600,12556800,,,
2024-07-25,wk,2024-07-18,FEDERALBNK,0.9117,44000000,40115000,,,
2024-07-25,wk,2024-07-18,GAIL,0.545,62000400,33790950,,,
2024-07-25,wk,2024-07-18,GLENMARK,0.8271,2020575,1671125,,,
2024-07-25,wk,2024-07-18,GMRINFRA,0.5803,132570000,76927500,,,
2024-07-25,wk,2024-07-18,GNFC,0.5001,4538300,2269800,,,
2024-07-25,wk,2024-07-18,GODREJCP,0.5403,2164500,1169500,,,
2024-07-25,wk,2024-07-18,GODREJPROP,0.7346,1446300,1062450,,,
2024-07-25,wk,2024-07-18,GRANULES,0.6873,5750000,3952000,,,
2024-07-25,wk,2024-07-18,GRASIM,0.9615,2970000,2855750,,,
2024-07-25,wk,2024-07-18,GUJGASLTD,0.4431,7622500,3377500,,,
2024-07-25,wk,2024-07-18,HAL,0.3884,16222800,6300900,,,
2024-07-25,wk,2024-07-18,HAVELLS,0.5216,3996000,2084500,,,
2024-07-25,wk,2024-07-18,HCLTECH,0.4199,17000550,7138250,,,
2024-07-25,wk,2024-07-18,HDFCAMC,0.4376,1947900,852450,,,
2024-07-25,wk,2024-07-18,HDFCBANK,0.4448,98550100,43836100,,,
2024-07-25,wk,2024-07-18,HDFCLIFE,0.4824,21935100,10580900,,,
2024-07-25,wk,2024-07-18,HEROMOTOCO,0.424,2038950,864600,,,
2024-07-25,wk,2024-07-18,HINDALCO,0.5354,21119000,11307800,,,
2024-07-25,wk,2024-07-18,HINDCOPPER,0.5182,12407300,6428900,,,
2024-07-25,wk,2024-07-18,HINDPETRO,0.6501,19691100,12802050,,,
2024-07-25,wk,2024-07-18,HINDUNILVR,0.6784,8113200,5504100,,,
2024-07-25,wk,2024-07-18,ICICIBANK,0.968,21112700,20437900,,,
2024-07-25,wk,2024-07-18,ICICIGI,0.7122,952000,678000,,,
2024-07-25,wk,2024-07-18,ICICIPRULI,0.8509,4507500,3835500,,,
2024-07-25,wk,2024-07-18,IDEA,0.4694,1584000000,743480000,,,
2024-07-25,wk,2024-07-18,IDFC,0.5645,27450000,15495000,,,
2024-07-25,wk,2024-07-18,IDFCFIRSTB,0.4611,229425000,105780000,,,
2024-07-25,wk,2024-07-18,IEX,0.4537,53572500,24303750,,,
2024-07-25,wk,2024-07-18,IGL,0.5493,11845625,6506500,,,
2024-07-25,wk,2024-07-18,INDHOTEL,0.4412,14101000,6221000,,,
2024-07-25,wk,2024-07-18,INDIACEM,1.1265,16715600,18829700,,,
2024-07-25,wk,2024-07-18,INDIAMART,0.707,1402500,991500,,,
2024-07-25,wk,2024-07-18,INDIGO,0.5756,2671200,1537500,,,
2024-07-25,wk,2024-07-18,INDUSINDBK,0.7481,11544500,8636000,,,
2024-07-25,wk,2024-07-18,INDUSTOWER,0.915,25598600,23422600,,,
2024-07-25,wk,2024-07-18,INFY,0.6224,31356800,19515600,,,
2024-07-25,wk,2024-07-18,IOC,0.6292,63838125,40170000,,,
2024-07-25,wk,2024-07-18,IPCALAB,0.5699,1505400,858000,,,
2024-07-25,wk,2024-07-18,IRCTC,0.4899,19210625,9410625,,,
2024-07-25,wk,2024-07-18,ITC,0.7676,79003200,60643200,,,
2024-07-25,wk,2024-07-18,JINDALSTEL,0.4176,7724375,3225625,,,
2024-07-25,wk,2024-07-18,JKCEMENT,0.6205,287250,178250,,,
2024-07-25,wk,2024-07-18,JSWSTEEL,0.9138,7699050,7035525,,,
2024-07-25,wk,2024-07-18,JUBLFOOD,0.6147,8146250,5007500,,,
2024-07-25,wk,2024-07-18,KOTAKBANK,0.6258,12365200,7738000,,,
2024-07-25,wk,2024-07-18,LALPATHLAB,0.3851,1047000,403200,,,
2024-07-25,wk,2024-07-18,LAURUSLABS,0.5188,8916500,4625700,,,
2024-07-25,wk,2024-07-18,LICHSGFIN,0.5221,10557000,5512000,,,
2024-07-25,wk,2024-07-18,LT,0.4785,7254450,3471600,,,
2024-07-25,wk,2024-07-18,LTF,0.4216,49666522,20940166,,,
2024-07-25,wk,2024-07-18,LTIM,0.8118,1569000,1273650,,,
2024-07-25,wk,2024-07-18,LTTS,0.5297,1305300,691400,,,
2024-07-25,wk,2024-07-18,LUPIN,1.0354,4333300,4486725,,,
2024-07-25,wk,2024-07-18,M&M,0.5062,10118500,5121900,,,
2024-07-25,wk,2024-07-18,M&MFIN,0.5658,11548000,6534000,,,
2024-07-25,wk,2024-07-18,MANAPPURAM,0.7147,19254000,13761000,,,
2024-07-25,wk,2024-07-18,MARICO,0.8009,6334800,5073600,,,
2024-07-25,wk,2024-07-18,MARUTI,0.4167,5109800,2129500,,,
2024-07-25,wk,2024-07-18,MCX,0.6197,1527200,946400,,,
2024-07-25,wk,2024-07-18,METROPOLIS,0.3543,1356000,480400,,,
2024-07-25,wk,2024-07-18,MFSL,0.4882,2400800,1172000,,,
2024-07-25,wk,2024-07-18,MGL,0.5831,2904000,1693200,,,
2024-07-25,wk,2024-07-18,MOTHERSON,0.8454,52824000,44659000,,,
2024-07-25,wk,2024-07-18,MPHASIS,0.906,1758625,1593350,,,
2024-07-25,wk,2024-07-18,MRF,0.5038,26645,13425,,,
2024-07-25,wk,2024-07-18,MUTHOOTFIN,0.4022,2242900,902000,,,
2024-07-25,wk,2024-07-18,NATIONALUM,0.4812,44047500,21195000,,,
2024-07-25,wk,2024-07-18,NAUKRI,0.4899,714300,349950,,,
2024-07-25,wk,2024-07-18,NAVINFLUOR,0.2785,1310225,364875,,,
2024-07-25,wk,2024-07-18,NESTLEIND,0.7371,1456200,1073400,,,
2024-07-25,wk,2024-07-18,NMDC,0.4621,69853500,32278500,,,
2024-07-25,wk,2024-07-18,NTPC,0.3239,53068500,17188500,,,
2024-07-25,wk,2024-07-18,OBEROIRLTY,0.4033,2952600,1190700,,,
2024-07-25,wk,2024-07-18,OFSS,0.5948,1054900,627500,,,
2024-07-25,wk,2024-07-18,ONGC,0.7531,81338950,61257350,,,
2024-07-25,wk,2024-07-18,PAGEIND,0.4941,31725,15675,,,
2024-07-25,wk,2024-07-18,PEL,0.5082,4369500,2220750,,,
2024-07-25,wk,2024-07-18,PERSISTENT,0.678,1922000,1303200,,,
2024-07-25,wk,2024-07-18,PETRONET,1.0023,11568000,11595000,,,
2024-07-25,wk,2024-07-18,PFC,0.6571,37090300,24372400,,,
2024-07-25,wk,2024-07-18,PIDILITIND,0.4591,792250,363750,,,
2024-07-25,wk,2024-07-18,PIIND,0.541,909500,492000,,,
2024-07-25,wk,2024-07-18,PNB,0.459,146240000,67128000,,,
2024-07-25,wk,2024-07-18,POLYCAB,0.5914,2459000,1454375,,,
2024-07-25,wk,2024-07-18,POWERGRID,0.4401,42080400,18518400,,,
2024-07-25,wk,2024-07-18,PVRINOX,0.4961,4226288,2096457,,,
2024-07-25,wk,2024-07-18,RAMCOCEM,0.455,8213550,3737450,,,
2024-07-25,wk,2024-07-18,RBLBANK,0.5539,24185000,13395000,,,
2024-07-25,wk,2024-07-18,RECLTD,0.7274,44508000,32374000,,,
2024-07-25,wk,2024-07-18,RELIANCE,0.6185,21718750,13432000,,,
2024-07-25,wk,2024-07-18,SAIL,0.4828,72804000,35148000,,,
2024-07-25,wk,2024-07-18,SBICARD,0.6044,12549600,7584800,,,
2024-07-25,wk,2024-07-18,SBILIFE,0.6748,3286500,2217750,,,
2024-07-25,wk,2024-07-18,SBIN,0.815,47388750,38622750,,,
2024-07-25,wk,2024-07-18,SHREECEM,0.2689,120975,32525,,,
2024-07-25,wk,2024-07-18,SHRIRAMFIN,0.5178,2337000,1210200,,,
2024-07-25,wk,2024-07-18,SIEMENS,0.3699,1563300,578250,,,
2024-07-25,wk,2024-07-18,SRF,0.5803,2759250,1601250,,,
2024-07-25,wk,2024-07-18,SUNPHARMA,0.4846,7506800,3637550,,,
2024-07-25,wk,2024-07-18,SUNTV,0.5029,4990500,2509500,,,
2024-07-25,wk,2024-07-18,SYNGENE,0.6427,3283000,2110000,,,
2024-07-25,wk,2024-07-18,TATACHEM,0.4705,10902650,5129300,,,
2024-07-25,wk,2024-07-18,TATACOMM,0.6307,2762000,1742000,,,
2024-07-25,wk,2024-07-18,TATACONSUM,0.7948,5344200,4247550,,,
2024-07-25,wk,2024-07-18,TATAMOTORS,0.6492,35420000,22994950,,,
2024-07-25,wk,2024-07-18,TATAPOWER,0.466,63325800,29509650,,,
2024-07-25,wk,2024-07-18,TATASTEEL,0.4804,179074500,86031000,,,
2024-07-25,wk,2024-07-18,TCS,1.3119,10485125,13755000,,,
2024-07-25,wk,2024-07-18,TECHM,0.7888,5317200,4194000,,,
2024-07-25,wk,2024-07-18,TITAN,0.5128,6965875,3571925,,,
2024-07-25,wk,2024-07-18,TORNTPHARM,0.7414,297750,220750,,,
2024-07-25,wk,2024-07-18,TRENT,0.4497,1769600,795800,,,
2024-07-25,wk,2024-07-18,TVSMOTOR,0.4583,3194100,1463700,,,
2024-07-25,wk,2024-07-18,UBL,0.461,1854400,854800,,,
2024-07-25,wk,2024-07-18,ULTRACEMCO,0.4871,1750700,852700,,,
2024-07-25,wk,2024-07-18,UNITDSPR,0.6064,2793700,1694000,,,
2024-07-25,wk,2024-07-18,UPL,0.5357,15093000,8086000,,,
2024-07-25,wk,2024-07-18,VEDL,0.6288,54027000,33973300,,,
2024-07-25,wk,2024-07-18,VOLTAS,0.639,3166200,2023200,,,
2024-07-25,wk,2024-07-18,WIPRO,0.7798,30393000,23701500,,,
2024-07-25,wk,2024-07-18,ZYDUSLIFE,0.8709,3123000,2719800,,,
2024-08-29,on,2024-08-29,AARTIIND,0.5983,11220000,6713000,700.0,600.0,2024-09-26
2024-08-29,on,2024-08-29,ABB,0.5455,1191125,649750,8000.0,7000.0,2024-09-26
2024-08-29,on,2024-08-29,ABBOTINDIA,0.8606,42040,36180,31000.0,29000.0,2024-09-26
2024-08-29,on,2024-08-29,ABCAPITAL,0.5696,28452600,16205400,230.0,220.0,2024-09-26
2024-08-29,on,2024-08-29,ABFRL,0.4922,13777400,6780800,320.0,300.0,2024-09-26
2024-08-29,on,2024-08-29,ACC,0.7386,3277800,2421000,2400.0,2300.0,2024-09-26
2024-08-29,on,2024-08-29,ADANIENT,0.7408,12054900,8930100,3200.0,2800.0,2024-09-26
2024-08-29,on,2024-08-29,ADANIPORTS,0.8781,11254400,9882400,1500.0,1200.0,2024-09-26
2024-08-29,on,2024-08-29,ALKEM,0.9847,352400,347000,6000.0,5500.0,2024-09-26
2024-08-29,on,2024-08-29,AMBUJACEM,0.7196,15599700,11224800,650.0,600.0,2024-09-26
2024-08-29,on,2024-08-29,APOLLOHOSP,0.684,1216500,832125,7000.0,6500.0,2024-09-26
2024-08-29,on,2024-08-29,APOLLOTYRE,0.5428,17425000,9458800,500.0,480.0,2024-09-26
2024-08-29,on,2024-08-29,ASHOKLEY,0.7325,47145000,34535000,260.0,250.0,2024-09-26
2024-08-29,on,2024-08-29,ASIANPAINT,0.8322,4271000,3554200,3200.0,3100.0,2024-09-26
2024-08-29,on,2024-08-29,ASTRAL,0.7587,2964259,2248976,2000.0,1900.0,2024-09-26
2024-08-29,on,2024-08-29,ATUL,0.8237,125900,103700,8000.0,7500.0,2024-09-26
2024-08-29,on,2024-08-29,AUBANK,0.6506,7405000,4818000,700.0,600.0,2024-09-26
2024-08-29,on,2024-08-29,AUROPHARMA,1.0035,3751000,3764200,1600.0,1500.0,2024-09-26
2024-08-29,on,2024-08-29,AXISBANK,0.6024,18565625,11183125,1200.0,1200.0,2024-09-26
2024-08-29,on,2024-08-29,BAJAJ-AUTO,1.1951,1304175,1558575,11000.0,10000.0,2024-09-26
2024-08-29,on,2024-08-29,BAJAJFINSV,0.7745,7661500,5934000,1800.0,1700.0,2024-09-26
2024-08-29,on,2024-08-29,BAJFINANCE,0.883,3655500,3227625,7500.0,7000.0,2024-09-26
2024-08-29,on,2024-08-29,BALKRISIND,0.5825,1266900,738000,3000.0,2700.0,2024-09-26
2024-08-29,on,2024-08-29,BALRAMCHIN,0.9626,5524800,5318400,580.0,540.0,2024-09-26
2024-08-29,on,2024-08-29,BANDHANBNK,0.5967,40692400,24281600,220.0,200.0,2024-09-26
2024-08-29,on,2024-08-29,BANKBARODA,0.8234,48619350,40034475,260.0,250.0,2024-09-26
2024-08-29,on,2024-08-29,BATAINDIA,0.6967,2779125,1936125,1500.0,1400.0,2024-09-26
2024-08-29,on,2024-08-29,BEL,0.5767,91892550,52990050,310.0,300.0,2024-09-26
2024-08-29,on,2024-08-29,BERGEPAINT,0.9168,5377680,4930200,600.0,550.0,2024-09-26
2024-08-29,on,2024-08-29,BHARATFORG,0.5583,3689000,2059500,1700.0,1500.0,2024-09-26
2024-08-29,on,2024-08-29,BHARTIARTL,1.0207,12246450,12499625,1600.0,1400.0,2024-09-26
2024-08-29,on,2024-08-29,BHEL,0.5919,49819875,29489250,300.0,300.0,2024-09-26
2024-08-29,on,2024-08-29,BIOCON,0.6474,21432500,13875000,360.0,360.0,2024-09-26
2024-08-29,on,2024-08-29,BOSCHLTD,0.5512,83225,45875,33000.0,30000.0,2024-09-26
2024-08-29,on,2024-08-29,BPCL,0.7148,28859400,20629800,350.0,350.0,2024-09-26
2024-08-29,on,2024-08-29,BRITANNIA,0.6564,1092600,717200,6000.0,5800.0,2024-09-26
2024-08-29,on,2024-08-29,BSOFT,0.5453,8879000,4842000,700.0,650.0,2024-09-26
2024-08-29,on,2024-08-29,CANBK,0.7766,107824500,83740500,115.0,110.0,2024-09-26
2024-08-29,on,2024-08-29,CANFINHOME,0.72,3099525,2231775,900.0,800.0,2024-09-26
2024-08-29,on,2024-08-29,CHAMBLFERT,0.5467,6811500,3724000,550.0,500.0,2024-09-26
2024-08-29,on,2024-08-29,CHOLAFIN,0.8578,3156250,2707500,1600.0,1400.0,2024-09-26
2024-08-29,on,2024-08-29,CIPLA,0.7544,5827900,4396600,1640.0,1500.0,2024-09-26
2024-08-29,on,2024-08-29,COALINDIA,0.7531,37216200,28026600,540.0,500.0,2024-09-26
2024-08-29,on,2024-08-29,COFORGE,0.6338,1080450,684750,6300.0,6000.0,2024-09-26
2024-08-29,on,2024-08-29,COLPAL,1.0615,1115100,1183700,3600.0,3500.0,2024-09-26
2024-08-29,on,2024-08-29,CONCOR,0.515,10341000,5326000,1000.0,940.0,2024-09-26
2024-08-29,on,2024-08-29,COROMANDEL,0.9644,1276800,1231300,1740.0,1700.0,2024-09-26
2024-08-29,on,2024-08-29,CROMPTON,0.9468,5173200,4897800,500.0,465.0,2024-09-26
2024-08-29,on,2024-08-29,CUB,0.5797,15680000,9090000,170.0,150.0,2024-09-26
2024-08-29,on,2024-08-29,CUMMINSIND,0.8057,1670700,1346100,4000.0,3500.0,2024-09-26
2024-08-29,on,2024-08-29,DABUR,0.6764,7308750,4943750,650.0,600.0,2024-09-26
2024-08-29,on,2024-08-29,DALBHARAT,0.5037,1428350,719400,2000.0,1800.0,2024-09-26
2024-08-29,on,2024-08-29,DEEPAKNTR,0.57,3093000,1763100,3000.0,2900.0,2024-09-26
2024-08-29,on,2024-08-29,DIVISLAB,0.8629,1829800,1579000,5100.0,5000.0,2024-09-26
2024-08-29,on,2024-08-29,DIXON,0.8269,1742500,1440900,12000.0,13000.0,2024-09-26
2024-08-29,on,2024-08-29,DLF,0.7908,14585175,11534325,900.0,800.0,2024-09-26
2024-08-29,on,2024-08-29,DRREDDY,0.9956,1061375,1056750,7000.0,6500.0,2024-09-26
2024-08-29,on,2024-08-29,EICHERMOT,0.6889,1818600,1252825,5000.0,5000.0,2024-09-26
2024-08-29,on,2024-08-29,ESCORTS,0.5227,1275725,666875,4000.0,3800.0,2024-09-26
2024-08-29,on,2024-08-29,EXIDEIND,0.5651,20377800,11514600,500.0,500.0,2024-09-26
2024-08-29,on,2024-08-29,FEDERALBNK,0.5572,55465000,30905000,205.0,190.0,2024-09-26
2024-08-29,on,2024-08-29,GAIL,0.6629,51240000,33969375,240.0,240.0,2024-09-26
2024-08-29,on,2024-08-29,GLENMARK,1.2933,2733975,3535825,1700.0,1600.0,2024-09-26
2024-08-29,on,2024-08-29,GMRINFRA,0.5113,192397500,98381250,100.0,95.0,2024-09-26
2024-08-29,on,2024-08-29,GNFC,0.6511,3971500,2585700,700.0,700.0,2024-09-26
2024-08-29,on,2024-08-29,GODREJCP,0.7122,1409000,1003500,1500.0,1400.0,2024-09-26
2024-08-29,on,2024-08-29,GODREJPROP,0.4942,2414925,1193400,3000.0,2900.0,2024-09-26
2024-08-29,on,2024-08-29,GRANULES,0.9995,8384000,8380000,680.0,680.0,2024-09-26
2024-08-29,on,2024-08-29,GRASIM,0.5904,3093250,1826250,2800.0,2700.0,2024-09-26
2024-08-29,on,2024-08-29,GUJGASLTD,0.5279,7421250,3917500,650.0,600.0,2024-09-26
2024-08-29,on,2024-08-29,HAL,0.5787,7814700,4522200,5000.0,4500.0,2024-09-26
2024-08-29,on,2024-08-29,HAVELLS,0.6965,2272000,1582500,2000.0,1800.0,2024-09-26
2024-08-29,on,2024-08-29,HCLTECH,0.9393,6847750,6432300,1800.0,1700.0,2024-09-26
2024-08-29,on,2024-08-29,HDFCAMC,0.7587,642150,487200,4500.0,4200.0,2024-09-26
2024-08-29,on,2024-08-29,HDFCBANK,0.5405,53762500,29057600,1700.0,1600.0,2024-09-26
2024-08-29,on,2024-08-29,HDFCLIFE,0.9117,15701400,14315400,750.0,700.0,2024-09-26
2024-08-29,on,2024-08-29,HEROMOTOCO,0.833,2124300,1769550,5400.0,5300.0,2024-09-26
2024-08-29,on,2024-08-29,HINDALCO,1.012,20889400,21140000,720.0,650.0,2024-09-26
2024-08-29,on,2024-08-29,HINDCOPPER,1.0457,9394250,9823550,330.0,310.0,2024-09-26
2024-08-29,on,2024-08-29,HINDPETRO,0.9299,20031300,18627975,410.0,410.0,2024-09-26
2024-08-29,on,2024-08-29,HINDUNILVR,0.5387,7095300,3822300,2900.0,2600.0,2024-09-26
2024-08-29,on,2024-08-29,ICICIBANK,0.7997,22429400,17936100,1250.0,1200.0,2024-09-26
2024-08-29,on,2024-08-29,ICICIGI,1.0783,1027500,1108000,2200.0,2000.0,2024-09-26
2024-08-29,on,2024-08-29,ICICIPRULI,0.8521,4666500,3976500,750.0,700.0,2024-09-26
2024-08-29,on,2024-08-29,IDEA,0.6218,1196320000,743920000,16.0,15.0,2024-09-26
2024-08-29,on,2024-08-29,IDFC,0.5762,25895000,14920000,115.0,110.0,2024-09-26
2024-08-29,on,2024-08-29,IDFCFIRSTB,0.6407,193050000,123682500,80.0,75.0,2024-09-26
2024-08-29,on,2024-08-29,IEX,0.7767,46080000,35790000,210.0,200.0,2024-09-26
2024-08-29,on,2024-08-29,IGL,0.6754,9475125,6399250,550.0,500.0,2024-09-26
2024-08-29,on,2024-08-29,INDHOTEL,0.8118,6308000,5121000,700.0,600.0,2024-09-26
2024-08-29,on,2024-08-29,INDIACEM,1.0384,8534700,8862400,,,
2024-08-29,on,2024-08-29,INDIAMART,0.8059,894900,721200,3100.0,2900.0,2024-09-26
2024-08-29,on,2024-08-29,INDIGO,0.8193,6271200,5137800,5000.0,4700.0,2024-09-26
2024-08-29,on,2024-08-29,INDUSINDBK,1.0913,8084500,8823000,1500.0,1400.0,2024-09-26
2024-08-29,on,2024-08-29,INDUSTOWER,0.7585,25017200,18975400,450.0,400.0,2024-09-26
2024-08-29,on,2024-08-29,INFY,0.9921,18067200,17924400,2000.0,1800.0,2024-09-26
2024-08-29,on,2024-08-29,IOC,0.5627,112061625,63053250,175.0,170.0,2024-09-26
2024-08-29,on,2024-08-29,IPCALAB,0.9659,1123200,1084850,1400.0,1300.0,2024-09-26
2024-08-29,on,2024-08-29,IRCTC,0.629,11459000,7207375,1000.0,900.0,2024-09-26
2024-08-29,on,2024-08-29,ITC,0.6198,56283200,34883200,510.0,500.0,2024-09-26
2024-08-29,on,2024-08-29,JINDALSTEL,0.9036,4031875,3643125,1000.0,920.0,2024-09-26
2024-08-29,on,2024-08-29,JKCEMENT,0.6853,190250,130375,4500.0,4000.0,2024-09-26
2024-08-29,on,2024-08-29,JSWSTEEL,0.7255,6848550,4968675,950.0,900.0,2024-09-26
2024-08-29,on,2024-08-29,JUBLFOOD,1.0721,8183750,8773750,720.0,600.0,2024-09-26
2024-08-29,on,2024-08-29,KOTAKBANK,0.5883,9632400,5666400,1900.0,1800.0,2024-09-26
2024-08-29,on,2024-08-29,LALPATHLAB,1.2815,455100,583200,3400.0,3000.0,2024-09-26
2024-08-29,on,2024-08-29,LAURUSLABS,0.681,9319400,6346100,450.0,450.0,2024-09-26
2024-08-29,on,2024-08-29,LICHSGFIN,0.5576,11499000,6412000,700.0,700.0,2024-09-26
2024-08-29,on,2024-08-29,LT,0.6496,5576850,3622500,3800.0,3500.0,2024-09-26
2024-08-29,on,2024-08-29,LTF,0.5577,33219590,18526224,170.0,170.0,2024-09-26
2024-08-29,on,2024-08-29,LTIM,0.8892,1716750,1526550,6500.0,6000.0,2024-09-26
2024-08-29,on,2024-08-29,LTTS,0.7187,855600,614900,5800.0,5500.0,2024-09-26
2024-08-29,on,2024-08-29,LUPIN,1.1963,4116125,4924050,2200.0,2200.0,2024-09-26
2024-08-29,on,2024-08-29,M&M,0.6906,6727000,4645550,3000.0,2700.0,2024-09-26
2024-08-29,on,2024-08-29,M&MFIN,0.7596,13146000,9986000,320.0,280.0,2024-09-26
2024-08-29,on,2024-08-29,MANAPPURAM,0.6807,13212000,8994000,220.0,200.0,2024-09-26
2024-08-29,on,2024-08-29,MARICO,0.5039,8827200,4448400,700.0,600.0,2024-09-26
2024-08-29,on,2024-08-29,MARUTI,0.4744,3724600,1766950,13000.0,12000.0,2024-09-26
2024-08-29,on,2024-08-29,MCX,1.0134,1451400,1470800,5200.0,4800.0,2024-09-26
2024-08-29,on,2024-08-29,METROPOLIS,0.6098,872400,532000,2100.0,2000.0,2024-09-26
2024-08-29,on,2024-08-29,MFSL,0.8205,2112800,1733600,1220.0,1000.0,2024-09-26
2024-08-29,on,2024-08-29,MGL,0.5199,1548800,805200,1800.0,1700.0,2024-09-26
2024-08-29,on,2024-08-29,MOTHERSON,0.9886,50601700,50026600,200.0,180.0,2024-09-26
2024-08-29,on,2024-08-29,MPHASIS,0.9283,1958550,1818025,3200.0,3000.0,2024-09-26
2024-08-29,on,2024-08-29,MRF,0.6145,29290,18000,140000.0,130000.0,2024-09-26
2024-08-29,on,2024-08-29,MUTHOOTFIN,0.8736,1522400,1329900,2000.0,1800.0,2024-09-26
2024-08-29,on,2024-08-29,NATIONALUM,0.6315,37541250,23707500,185.0,180.0,2024-09-26
2024-08-29,on,2024-08-29,NAUKRI,0.8903,607200,540600,8000.0,7000.0,2024-09-26
2024-08-29,on,2024-08-29,NAVINFLUOR,0.6819,1212925,827050,3400.0,3200.0,2024-09-26
2024-08-29,on,2024-08-29,NESTLEIND,0.5723,1961200,1122400,2600.0,2600.0,2024-09-26
2024-08-29,on,2024-08-29,NMDC,0.6991,48537000,33934500,230.0,250.0,2024-09-26
2024-08-29,on,2024-08-29,NTPC,0.3265,62331000,20349000,420.0,400.0,2024-09-26
2024-08-29,on,2024-08-29,OBEROIRLTY,0.5111,2428300,1241100,1900.0,1600.0,2024-09-26
2024-08-29,on,2024-08-29,OFSS,0.7354,668900,491900,11500.0,10500.0,2024-09-26
2024-08-29,on,2024-08-29,ONGC,0.4315,83160000,35885850,350.0,300.0,2024-09-26
2024-08-29,on,2024-08-29,PAGEIND,0.9319,17190,16020,42000.0,40000.0,2024-09-26
2024-08-29,on,2024-08-29,PEL,0.888,5492250,4877250,1100.0,1000.0,2024-09-26
2024-08-29,on,2024-08-29,PERSISTENT,0.7875,1206400,950000,5100.0,5000.0,2024-09-26
2024-08-29,on,2024-08-29,PETRONET,1.0707,16248000,17397000,380.0,370.0,2024-09-26
2024-08-29,on,2024-08-29,PFC,0.9431,24319100,22934600,550.0,500.0,2024-09-26
2024-08-29,on,2024-08-29,PIDILITIND,0.5834,1068250,623250,3100.0,3000.0,2024-09-26
2024-08-29,on,2024-08-29,PIIND,0.7563,758000,573250,4500.0,4200.0,2024-09-26
2024-08-29,on,2024-08-29,PNB,0.6455,123200000,79520000,120.0,120.0,2024-09-26
2024-08-29,on,2024-08-29,POLYCAB,0.6719,1097750,737625,7000.0,6000.0,2024-09-26
2024-08-29,on,2024-08-29,POWERGRID,0.427,41972400,17920800,340.0,340.0,2024-09-26
2024-08-29,on,2024-08-29,PVRINOX,0.6532,2302806,1504272,1600.0,1500.0,2024-09-26
2024-08-29,on,2024-08-29,RAMCOCEM,0.7578,3506250,2657100,830.0,800.0,2024-09-26
2024-08-29,on,2024-08-29,RBLBANK,0.9824,15605000,15330000,250.0,200.0,2024-09-26
2024-08-29,on,2024-08-29,RECLTD,0.8106,34300000,27804000,650.0,600.0,2024-09-26
2024-08-29,on,2024-08-29,RELIANCE,0.6012,36490750,21939500,3100.0,3000.0,2024-09-26
2024-08-29,on,2024-08-29,SAIL,0.6048,63696000,38524000,140.0,130.0,2024-09-26
2024-08-29,on,2024-08-29,SBICARD,0.7326,10535200,7717600,800.0,700.0,2024-09-26
2024-08-29,on,2024-08-29,SBILIFE,0.9227,3644625,3363000,1900.0,1700.0,2024-09-26
2024-08-29,on,2024-08-29,SBIN,0.5955,56151750,33440250,820.0,800.0,2024-09-26
2024-08-29,on,2024-08-29,SHREECEM,0.6705,113125,75850,27000.0,24000.0,2024-09-26
2024-08-29,on,2024-08-29,SHRIRAMFIN,0.7853,1973100,1549500,3400.0,3000.0,2024-09-26
2024-08-29,on,2024-08-29,SIEMENS,0.7172,763350,547500,7500.0,6800.0,2024-09-26
2024-08-29,on,2024-08-29,SRF,0.6621,1962000,1299000,2600.0,2300.0,2024-09-26
2024-08-29,on,2024-08-29,SUNPHARMA,0.8228,9836050,8092700,1800.0,1800.0,2024-09-26
2024-08-29,on,2024-08-29,SUNTV,0.5119,3964500,2029500,800.0,800.0,2024-09-26
2024-08-29,on,2024-08-29,SYNGENE,0.8556,2452000,2098000,900.0,800.0,2024-09-26
2024-08-29,on,2024-08-29,TATACHEM,0.645,6636300,4280650,1100.0,1000.0,2024-09-26
2024-08-29,on,2024-08-29,TATACOMM,0.5767,1800000,1038000,2000.0,1800.0,2024-09-26
2024-08-29,on,2024-08-29,TATACONSUM,0.6,6715056,4028760,1250.0,1200.0,2024-09-26
2024-08-29,on,2024-08-29,TATAMOTORS,0.6647,41023950,27267900,1200.0,1000.0,2024-09-26
2024-08-29,on,2024-08-29,TATAPOWER,0.6273,57006450,35762850,440.0,400.0,2024-09-26
2024-08-29,on,2024-08-29,TATASTEEL,0.4932,291786000,143918500,160.0,155.0,2024-09-26
2024-08-29,on,2024-08-29,TCS,0.7558,6776700,5121725,5000.0,4500.0,2024-09-26
2024-08-29,on,2024-08-29,TECHM,1.1844,4769400,5649000,1700.0,1500.0,2024-09-26
2024-08-29,on,2024-08-29,TITAN,0.6543,4912425,3214050,3600.0,3400.0,2024-09-26
2024-08-29,on,2024-08-29,TORNTPHARM,0.6976,401750,280250,3400.0,3200.0,2024-09-26
2024-08-29,on,2024-08-29,TRENT,1.0818,3158800,3417200,7500.0,7000.0,2024-09-26
2024-08-29,on,2024-08-29,TVSMOTOR,0.8034,3106950,2496200,2800.0,2500.0,2024-09-26
2024-08-29,on,2024-08-29,UBL,0.8053,957200,770800,2100.0,1800.0,2024-09-26
2024-08-29,on,2024-08-29,ULTRACEMCO,0.4674,1034000,483300,12000.0,11000.0,2024-09-26
2024-08-29,on,2024-08-29,UNITDSPR,0.6572,1782900,1171800,1500.0,1400.0,2024-09-26
2024-08-29,on,2024-08-29,UPL,0.6755,14350700,9694100,600.0,550.0,2024-09-26
2024-08-29,on,2024-08-29,VEDL,0.8315,43769000,36392900,500.0,450.0,2024-09-26
2024-08-29,on,2024-08-29,VOLTAS,1.3612,4915800,6691200,1800.0,1600.0,2024-09-26
2024-08-29,on,2024-08-29,WIPRO,0.882,39255000,34624500,550.0,520.0,2024-09-26
2024-08-29,on,2024-08-29,ZYDUSLIFE,0.68,9399600,6391800,1200.0,1100.0,2024-09-26
2024-08-29,wk,2024-08-22,AARTIIND,0.4559,16198000,7384000,,,
2024-08-29,wk,2024-08-22,ABB,0.429,1775750,761750,,,
2024-08-29,wk,2024-08-22,ABBOTINDIA,0.5889,68260,40200,,,
2024-08-29,wk,2024-08-22,ABCAPITAL,0.5019,33031800,16578000,,,
2024-08-29,wk,2024-08-22,ABFRL,0.7183,14391000,10337600,,,
2024-08-29,wk,2024-08-22,ACC,0.4896,4570800,2238000,,,
2024-08-29,wk,2024-08-22,ADANIENT,0.7176,12571200,9021000,,,
2024-08-29,wk,2024-08-22,ADANIPORTS,0.7848,14462800,11350000,,,
2024-08-29,wk,2024-08-22,ALKEM,0.7051,524500,369800,,,
2024-08-29,wk,2024-08-22,AMBUJACEM,0.8762,14774400,12944700,,,
2024-08-29,wk,2024-08-22,APOLLOHOSP,0.7064,1439750,1017000,,,
2024-08-29,wk,2024-08-22,APOLLOTYRE,0.4482,21899400,9815800,,,
2024-08-29,wk,2024-08-22,ASHOKLEY,0.8694,53525000,46535000,,,
2024-08-29,wk,2024-08-22,ASIANPAINT,0.7973,5184000,4133000,,,
2024-08-29,wk,2024-08-22,ASTRAL,0.4602,4495383,2068779,,,
2024-08-29,wk,2024-08-22,ATUL,0.6351,188800,119900,,,
2024-08-29,wk,2024-08-22,AUBANK,0.5416,10064000,5451000,,,
2024-08-29,wk,2024-08-22,AUROPHARMA,0.9149,4664550,4267450,,,
2024-08-29,wk,2024-08-22,AXISBANK,0.4284,29478125,12627500,,,
2024-08-29,wk,2024-08-22,BAJAJ-AUTO,0.7347,1018350,748200,,,
2024-08-29,wk,2024-08-22,BAJAJFINSV,0.5787,6107500,3534500,,,
2024-08-29,wk,2024-08-22,BAJFINANCE,0.6611,4865125,3216125,,,
2024-08-29,wk,2024-08-22,BALKRISIND,0.5197,1614000,838800,,,
2024-08-29,wk,2024-08-22,BALRAMCHIN,1.0642,4910400,5225600,,,
2024-08-29,wk,2024-08-22,BANDHANBNK,0.5872,39676000,23298800,,,
2024-08-29,wk,2024-08-22,BANKBARODA,0.6489,59766525,38782575,,,
2024-08-29,wk,2024-08-22,BATAINDIA,0.5527,3656625,2020875,,,
2024-08-29,wk,2024-08-22,BEL,0.4708,109602450,51602100,,,
2024-08-29,wk,2024-08-22,BERGEPAINT,0.7429,7666560,5695800,,,
2024-08-29,wk,2024-08-22,BHARATFORG,0.5021,4799500,2410000,,,
2024-08-29,wk,2024-08-22,BHARTIARTL,0.5374,17451025,9378400,,,
2024-08-29,wk,2024-08-22,BHEL,0.5227,63795375,33342750,,,
2024-08-29,wk,2024-08-22,BIOCON,0.6506,18265000,11882500,,,
2024-08-29,wk,2024-08-22,BOSCHLTD,0.4195,141050,59175,,,
2024-08-29,wk,2024-08-22,BPCL,0.5328,44150400,23524200,,,
2024-08-29,wk,2024-08-22,BRITANNIA,0.4887,1492000,729200,,,
2024-08-29,wk,2024-08-22,BSOFT,0.4596,12826000,5895000,,,
2024-08-29,wk,2024-08-22,CANBK,0.6496,130767750,84942000,,,
2024-08-29,wk,2024-08-22,CANFINHOME,0.6796,2793375,1898325,,,
2024-08-29,wk,2024-08-22,CHAMBLFERT,0.4411,12281600,5416900,,,
2024-08-29,wk,2024-08-22,CHOLAFIN,0.5405,4355000,2353750,,,
2024-08-29,wk,2024-08-22,CIPLA,0.5634,6449950,3634150,,,
2024-08-29,wk,2024-08-22,COALINDIA,0.717,40727400,29202600,,,
2024-08-29,wk,2024-08-22,COFORGE,0.3981,1863450,741750,,,
2024-08-29,wk,2024-08-22,COLPAL,1.2358,1417500,1751750,,,
2024-08-29,wk,2024-08-22,CONCOR,0.4458,14264000,6359000,,,
2024-08-29,wk,2024-08-22,COROMANDEL,1.0702,2115400,2263800,,,
2024-08-29,wk,2024-08-22,CROMPTON,0.653,8200800,5355000,,,
2024-08-29,wk,2024-08-22,CUB,0.4556,20535000,9355000,,,
2024-08-29,wk,2024-08-22,CUMMINSIND,0.8247,1889100,1557900,,,
2024-08-29,wk,2024-08-22,DABUR,0.5553,10163750,5643750,,,
2024-08-29,wk,2024-08-22,DALBHARAT,0.4069,1934900,787325,,,
2024-08-29,wk,2024-08-22,DEEPAKNTR,0.3679,4834200,1778400,,,
2024-08-29,wk,2024-08-22,DIVISLAB,0.6648,2533800,1684400,,,
2024-08-29,wk,2024-08-22,DIXON,0.9148,1928900,1764500,,,
2024-08-29,wk,2024-08-22,DLF,0.667,16409250,10945275,,,
2024-08-29,wk,2024-08-22,DRREDDY,0.8759,1749750,1532625,,,
2024-08-29,wk,2024-08-22,EICHERMOT,0.7264,2260475,1642025,,,
2024-08-29,wk,2024-08-22,ESCORTS,0.3556,1815275,645425,,,
2024-08-29,wk,2024-08-22,EXIDEIND,0.4428,30412800,13465800,,,
2024-08-29,wk,2024-08-22,FEDERALBNK,0.6089,54750000,33335000,,,
2024-08-29,wk,2024-08-22,GAIL,0.5186,73602600,38169225,,,
2024-08-29,wk,2024-08-22,GLENMARK,1.3417,3772175,5061225,,,
2024-08-29,wk,2024-08-22,GMRINFRA,0.5322,167332500,89055000,,,
2024-08-29,wk,2024-08-22,GNFC,0.5442,4457700,2425800,,,
2024-08-29,wk,2024-08-22,GODREJCP,0.4333,2846500,1233500,,,
2024-08-29,wk,2024-08-22,GODREJPROP,0.4142,3977550,1647450,,,
2024-08-29,wk,2024-08-22,GRANULES,1.0116,7924000,8016000,,,
2024-08-29,wk,2024-08-22,GRASIM,0.5851,4333500,2535500,,,
2024-08-29,wk,2024-08-22,GUJGASLTD,0.407,8336250,3392500,,,
2024-08-29,wk,2024-08-22,HAL,0.4547,11055000,5026800,,,
2024-08-29,wk,2024-08-22,HAVELLS,0.6206,2330000,1446000,,,
2024-08-29,wk,2024-08-22,HCLTECH,0.7729,6639500,5131700,,,
2024-08-29,wk,2024-08-22,HDFCAMC,0.7974,804900,641850,,,
2024-08-29,wk,2024-08-22,HDFCBANK,0.4342,73130750,31754250,,,
2024-08-29,wk,2024-08-22,HDFCLIFE,0.6575,20414900,13423300,,,
2024-08-29,wk,2024-08-22,HEROMOTOCO,0.615,4009350,2465550,,,
2024-08-29,wk,2024-08-22,HINDALCO,0.8485,25450600,21595000,,,
2024-08-29,wk,2024-08-22,HINDCOPPER,0.7451,11768650,8768850,,,
2024-08-29,wk,2024-08-22,HINDPETRO,0.6771,26644950,18040725,,,
2024-08-29,wk,2024-08-22,HINDUNILVR,0.4069,8586600,3493500,,,
2024-08-29,wk,2024-08-22,ICICIBANK,0.4627,39399500,18229400,,,
2024-08-29,wk,2024-08-22,ICICIGI,0.886,1149500,1018500,,,
2024-08-29,wk,2024-08-22,ICICIPRULI,0.725,6927000,5022000,,,
2024-08-29,wk,2024-08-22,IDEA,0.5875,1050440000,617160000,,,
2024-08-29,wk,2024-08-22,IDFC,0.5882,24250000,14265000,,,
2024-08-29,wk,2024-08-22,IDFCFIRSTB,0.6187,182385000,112837500,,,
2024-08-29,wk,2024-08-22,IEX,0.5336,63750000,34020000,,,
2024-08-29,wk,2024-08-22,IGL,0.461,14154250,6525750,,,
2024-08-29,wk,2024-08-22,INDHOTEL,0.7173,7796000,5592000,,,
2024-08-29,wk,2024-08-22,INDIACEM,0.9577,17901700,17144800,,,
2024-08-29,wk,2024-08-22,INDIAMART,0.4729,2042100,965700,,,
2024-08-29,wk,2024-08-22,INDIGO,0.7486,4760400,3563700,,,
2024-08-29,wk,2024-08-22,INDUSINDBK,0.7647,11570500,8847500,,,
2024-08-29,wk,2024-08-22,INDUSTOWER,0.6822,36057000,24599000,,,
2024-08-29,wk,2024-08-22,INFY,0.7673,22146000,16993600,,,
2024-08-29,wk,2024-08-22,IOC,0.4971,140385375,69790500,,,
2024-08-29,wk,2024-08-22,IPCALAB,0.8151,1493700,1217450,,,
2024-08-29,wk,2024-08-22,IRCTC,0.4897,16015125,7842625,,,
2024-08-29,wk,2024-08-22,ITC,0.4685,71595200,33545600,,,
2024-08-29,wk,2024-08-22,JINDALSTEL,0.6332,6228125,3943750,,,
2024-08-29,wk,2024-08-22,JKCEMENT,0.4328,254750,110250,,,
2024-08-29,wk,2024-08-22,JSWSTEEL,0.6015,9078075,5460750,,,
2024-08-29,wk,2024-08-22,JUBLFOOD,0.7697,12641250,9730000,,,
2024-08-29,wk,2024-08-22,KOTAKBANK,0.5522,11198000,6183600,,,
2024-08-29,wk,2024-08-22,LALPATHLAB,0.7612,854100,650100,,,
2024-08-29,wk,2024-08-22,LAURUSLABS,0.4786,11184300,5353300,,,
2024-08-29,wk,2024-08-22,LICHSGFIN,0.565,12742000,7199000,,,
2024-08-29,wk,2024-08-22,LT,0.4322,9063750,3917100,,,
2024-08-29,wk,2024-08-22,LTF,0.5152,36641944,18878722,,,
2024-08-29,wk,2024-08-22,LTIM,0.7897,1240650,979800,,,
2024-08-29,wk,2024-08-22,LTTS,0.9065,697500,632300,,,
2024-08-29,wk,2024-08-22,LUPIN,1.183,4838625,5724325,,,
2024-08-29,wk,2024-08-22,M&M,0.4015,13225450,5309850,,,
2024-08-29,wk,2024-08-22,M&MFIN,0.5039,19686000,9920000,,,
2024-08-29,wk,2024-08-22,MANAPPURAM,0.5089,15975000,8130000,,,
2024-08-29,wk,2024-08-22,MARICO,0.5843,9290400,5428800,,,
2024-08-29,wk,2024-08-22,MARUTI,0.3566,5956500,2124200,,,
2024-08-29,wk,2024-08-22,MCX,1.244,1657200,2061600,,,
2024-08-29,wk,2024-08-22,METROPOLIS,0.373,1656800,618000,,,
2024-08-29,wk,2024-08-22,MFSL,0.6994,2278400,1593600,,,
2024-08-29,wk,2024-08-22,MGL,0.517,1948000,1007200,,,
2024-08-29,wk,2024-08-22,MOTHERSON,0.8081,65611100,53022800,,,
2024-08-29,wk,2024-08-22,MPHASIS,0.8768,2429075,2129875,,,
2024-08-29,wk,2024-08-22,MRF,0.8528,32705,27890,,,
2024-08-29,wk,2024-08-22,MUTHOOTFIN,0.7304,2186800,1597200,,,
2024-08-29,wk,2024-08-22,NATIONALUM,0.4232,53261250,22537500,,,
2024-08-29,wk,2024-08-22,NAUKRI,0.6452,848400,547350,,,
2024-08-29,wk,2024-08-22,NAVINFLUOR,0.4386,1560825,684600,,,
2024-08-29,wk,2024-08-22,NESTLEIND,0.4826,2276000,1098400,,,
2024-08-29,wk,2024-08-22,NMDC,0.525,59454000,31212000,,,
2024-08-29,wk,2024-08-22,NTPC,0.2901,70969500,20589000,,,
2024-08-29,wk,2024-08-22,OBEROIRLTY,0.5176,2587200,1339100,,,
2024-08-29,wk,2024-08-22,OFSS,0.6432,957700,616000,,,
2024-08-29,wk,2024-08-22,ONGC,0.4008,115091900,46124925,,,
2024-08-29,wk,2024-08-22,PAGEIND,0.781,25140,19635,,,
2024-08-29,wk,2024-08-22,PEL,0.897,5184750,4650750,,,
2024-08-29,wk,2024-08-22,PERSISTENT,0.6455,1396800,901600,,,
2024-08-29,wk,2024-08-22,PETRONET,0.8902,16587000,14766000,,,
2024-08-29,wk,2024-08-22,PFC,0.6522,33416500,21795800,,,
2024-08-29,wk,2024-08-22,PIDILITIND,0.4076,1779250,725250,,,
2024-08-29,wk,2024-08-22,PIIND,0.523,1004250,525250,,,
2024-08-29,wk,2024-08-22,PNB,0.6122,132176000,80920000,,,
2024-08-29,wk,2024-08-22,POLYCAB,0.75,1935125,1451250,,,
2024-08-29,wk,2024-08-22,POWERGRID,0.4596,47185200,21686400,,,
2024-08-29,wk,2024-08-22,PVRINOX,0.4753,3270245,1554333,,,
2024-08-29,wk,2024-08-22,RAMCOCEM,0.5472,4464200,2442900,,,
2024-08-29,wk,2024-08-22,RBLBANK,0.579,23320000,13502500,,,
2024-08-29,wk,2024-08-22,RECLTD,0.5813,44644000,25950000,,,
2024-08-29,wk,2024-08-22,RELIANCE,0.5098,33122500,16887250,,,
2024-08-29,wk,2024-08-22,SAIL,0.4966,67924000,33728000,,,
2024-08-29,wk,2024-08-22,SBICARD,0.6487,11690400,7584000,,,
2024-08-29,wk,2024-08-22,SBILIFE,0.7877,4488750,3535875,,,
2024-08-29,wk,2024-08-22,SBIN,0.5041,76085250,38355750,,,
2024-08-29,wk,2024-08-22,SHREECEM,0.4871,173875,84700,,,
2024-08-29,wk,2024-08-22,SHRIRAMFIN,0.7931,2739600,2172900,,,
2024-08-29,wk,2024-08-22,SIEMENS,0.5554,1316850,731400,,,
2024-08-29,wk,2024-08-22,SRF,0.5423,2572875,1395375,,,
2024-08-29,wk,2024-08-22,SUNPHARMA,0.545,12958400,7062300,,,
2024-08-29,wk,2024-08-22,SUNTV,0.463,5232000,2422500,,,
2024-08-29,wk,2024-08-22,SYNGENE,0.5021,4451000,2235000,,,
2024-08-29,wk,2024-08-22,TATACHEM,0.6185,6087950,3765300,,,
2024-08-29,wk,2024-08-22,TATACOMM,0.3571,3193500,1140500,,,
2024-08-29,wk,2024-08-22,TATACONSUM,0.5175,8069832,4176048,,,
2024-08-29,wk,2024-08-22,TATAMOTORS,0.4585,73013600,33475200,,,
2024-08-29,wk,2024-08-22,TATAPOWER,0.4375,81699300,35739900,,,
2024-08-29,wk,2024-08-22,TATASTEEL,0.4525,319742500,144688500,,,
2024-08-29,wk,2024-08-22,TCS,0.9224,8108450,7478975,,,
2024-08-29,wk,2024-08-22,TECHM,0.9234,6520200,6021000,,,
2024-08-29,wk,2024-08-22,TITAN,0.5978,6371750,3809225,,,
2024-08-29,wk,2024-08-22,TORNTPHARM,0.7201,445750,321000,,,
2024-08-29,wk,2024-08-22,TRENT,1.2808,3336200,4273000,,,
2024-08-29,wk,2024-08-22,TVSMOTOR,0.9124,2870000,2618700,,,
2024-08-29,wk,2024-08-22,UBL,0.5585,1479600,826400,,,
2024-08-29,wk,2024-08-22,ULTRACEMCO,0.3713,1588300,589800,,,
2024-08-29,wk,2024-08-22,UNITDSPR,0.6498,2548700,1656200,,,
2024-08-29,wk,2024-08-22,UPL,0.5858,18513300,10844600,,,
2024-08-29,wk,2024-08-22,VEDL,0.723,51439500,37191000,,,
2024-08-29,wk,2024-08-22,VOLTAS,1.3352,6824400,9112200,,,
2024-08-29,wk,2024-08-22,WIPRO,0.5777,45045000,26022000,,,
2024-08-29,wk,2024-08-22,ZYDUSLIFE,0.5277,8195400,4324500,,,
2024-09-26,on,2024-09-26,AARTIIND,0.7693,7170000,5516000,650.0,580.0,2024-10-31
2024-09-26,on,2024-09-26,ABB,0.7984,708750,565875,8500.0,8000.0,2024-10-31
2024-09-26,on,2024-09-26,ABBOTINDIA,0.8517,29000,24700,30000.0,29000.0,2024-10-31
2024-09-26,on,2024-09-26,ABCAPITAL,0.8937,21481200,19197000,250.0,220.0,2024-10-31
2024-09-26,on,2024-09-26,ABFRL,0.9479,9037600,8567000,350.0,340.0,2024-10-31
2024-09-26,on,2024-09-26,ACC,0.9358,1878300,1757700,2500.0,2500.0,2024-10-31
2024-09-26,on,2024-09-26,ADANIENT,0.9821,7702200,7564500,3100.0,3000.0,2024-10-31
2024-09-26,on,2024-09-26,ADANIPORTS,0.7961,7946800,6326800,1500.0,1400.0,2024-10-31
2024-09-26,on,2024-09-26,ALKEM,0.5729,345600,198000,6200.0,5500.0,2024-10-31
2024-09-26,on,2024-09-26,AMBUJACEM,1.0021,8295300,8312400,620.0,600.0,2024-10-31
2024-09-26,on,2024-09-26,APOLLOHOSP,0.9135,767375,701000,7200.0,7000.0,2024-10-31
2024-09-26,on,2024-09-26,APOLLOTYRE,0.7411,10925900,8097100,550.0,500.0,2024-10-31
2024-09-26,on,2024-09-26,ASHOKLEY,0.5246,55685000,29210000,240.0,240.0,2024-10-31
2024-09-26,on,2024-09-26,ASIANPAINT,0.5442,3967400,2159200,3400.0,3000.0,2024-10-31
2024-09-26,on,2024-09-26,ASTRAL,0.8848,1883077,1666180,2000.0,1900.0,2024-10-31
2024-09-26,on,2024-09-26,ATUL,0.3171,184500,58500,8000.0,7000.0,2024-10-31
2024-09-26,on,2024-09-26,AUBANK,1.0128,7255000,7348000,800.0,700.0,2024-10-31
2024-09-26,on,2024-09-26,AUROPHARMA,0.6835,3576100,2444200,1540.0,1500.0,2024-10-31
2024-09-26,on,2024-09-26,AXISBANK,0.8874,14036875,12456875,1300.0,1200.0,2024-10-31
2024-09-26,on,2024-09-26,BAJAJ-AUTO,1.0885,1762500,1918500,13000.0,12000.0,2024-10-31
2024-09-26,on,2024-09-26,BAJAJFINSV,1.1769,7591500,8934500,2000.0,1900.0,2024-10-31
2024-09-26,on,2024-09-26,BAJFINANCE,0.9871,3964125,3912875,8000.0,7000.0,2024-10-31
2024-09-26,on,2024-09-26,BALKRISIND,0.8007,773700,619500,3350.0,2900.0,2024-10-31
2024-09-26,on,2024-09-26,BALRAMCHIN,0.6339,4689600,2972800,620.0,580.0,2024-10-31
2024-09-26,on,2024-09-26,BANDHANBNK,0.7927,36668800,29066800,220.0,180.0,2024-10-31
2024-09-26,on,2024-09-26,BANKBARODA,0.9211,46317375,42664050,250.0,240.0,2024-10-31
2024-09-26,on,2024-09-26,BATAINDIA,0.7776,1758375,1367250,1500.0,1400.0,2024-10-31
2024-09-26,on,2024-09-26,BEL,0.6228,77126700,48031050,300.0,290.0,2024-10-31
2024-09-26,on,2024-09-26,BERGEPAINT,0.8829,3854400,3402960,630.0,600.0,2024-10-31
2024-09-26,on,2024-09-26,BHARATFORG,0.5193,3698500,1920500,1700.0,1500.0,2024-10-31
2024-09-26,on,2024-09-26,BHARTIARTL,1.0896,13015000,14181125,1800.0,1600.0,2024-10-31
2024-09-26,on,2024-09-26,BHEL,0.8273,41666625,34468875,300.0,280.0,2024-10-31
2024-09-26,on,2024-09-26,BIOCON,0.5502,17870000,9832500,380.0,360.0,2024-10-31
2024-09-26,on,2024-09-26,BOSCHLTD,1.7176,76300,131050,37000.0,36500.0,2024-10-31
2024-09-26,on,2024-09-26,BPCL,0.5934,33615000,19947600,350.0,330.0,2024-10-31
2024-09-26,on,2024-09-26,BRITANNIA,0.8819,855200,754200,6500.0,6300.0,2024-10-31
2024-09-26,on,2024-09-26,BSOFT,0.6519,6449000,4204000,700.0,600.0,2024-10-31
2024-09-26,on,2024-09-26,CANBK,0.9333,100993500,94257000,110.0,105.0,2024-10-31
2024-09-26,on,2024-09-26,CANFINHOME,0.7865,3188250,2507700,900.0,800.0,2024-10-31
2024-09-26,on,2024-09-26,CHAMBLFERT,0.5994,6520800,3908300,550.0,500.0,2024-10-31
2024-09-26,on,2024-09-26,CHOLAFIN,1.0613,2353750,2498125,1700.0,1400.0,2024-10-31
2024-09-26,on,2024-09-26,CIPLA,0.6174,5571800,3439800,1660.0,1600.0,2024-10-31
2024-09-26,on,2024-09-26,COALINDIA,0.7758,36369900,28215600,500.0,500.0,2024-10-31
2024-09-26,on,2024-09-26,COFORGE,0.7072,1178400,833400,7000.0,6300.0,2024-10-31
2024-09-26,on,2024-09-26,COLPAL,0.8043,810250,651700,3700.0,3700.0,2024-10-31
2024-09-26,on,2024-09-26,CONCOR,0.5648,11817000,6674000,1000.0,900.0,2024-10-31
2024-09-26,on,2024-09-26,COROMANDEL,0.5039,1166900,588000,1700.0,1600.0,2024-10-31
2024-09-26,on,2024-09-26,CROMPTON,0.48,8685000,4168800,450.0,400.0,2024-10-31
2024-09-26,on,2024-09-26,CUB,0.5317,15365000,8170000,170.0,150.0,2024-10-31
2024-09-26,on,2024-09-26,CUMMINSIND,0.5557,1365300,758700,4000.0,3500.0,2024-10-31
2024-09-26,on,2024-09-26,DABUR,0.4883,13332500,6510000,670.0,600.0,2024-10-31
2024-09-26,on,2024-09-26,DALBHARAT,0.677,818950,554400,2000.0,1800.0,2024-10-31
2024-09-26,on,2024-09-26,DEEPAKNTR,0.6227,1584600,986700,2900.0,2800.0,2024-10-31
2024-09-26,on,2024-09-26,DIVISLAB,0.7144,1834800,1310800,5500.0,5000.0,2024-10-31
2024-09-26,on,2024-09-26,DIXON,0.8447,1834100,1549200,15000.0,12000.0,2024-10-31
2024-09-26,on,2024-09-26,DLF,0.9594,14383875,13800600,950.0,900.0,2024-10-31
2024-09-26,on,2024-09-26,DRREDDY,0.4795,2103875,1008750,7000.0,6200.0,2024-10-31
2024-09-26,on,2024-09-26,EICHERMOT,0.6315,1725500,1089725,5000.0,5000.0,2024-10-31
2024-09-26,on,2024-09-26,ESCORTS,1.0637,1290850,1373075,4400.0,4000.0,2024-10-31
2024-09-26,on,2024-09-26,EXIDEIND,0.6422,12481200,8015400,500.0,500.0,2024-10-31
2024-09-26,on,2024-09-26,FEDERALBNK,0.6909,53355000,36865000,200.0,180.0,2024-10-31
2024-09-26,on,2024-09-26,GAIL,0.7889,41449500,32697525,240.0,220.0,2024-10-31
2024-09-26,on,2024-09-26,GLENMARK,0.5895,2660025,1568175,1700.0,1600.0,2024-10-31
2024-09-26,on,2024-09-26,GMRINFRA,0.6376,145417500,92711250,100.0,95.0,2024-10-31
2024-09-26,on,2024-09-26,GNFC,0.6817,3900000,2658500,700.0,650.0,2024-10-31
2024-09-26,on,2024-09-26,GODREJCP,0.507,2142000,1086000,1500.0,1400.0,2024-10-31
2024-09-26,on,2024-09-26,GODREJPROP,0.8246,2088225,1721925,3400.0,3000.0,2024-10-31
2024-09-26,on,2024-09-26,GRANULES,0.6588,11654000,7678000,730.0,500.0,2024-10-31
2024-09-26,on,2024-09-26,GRASIM,0.519,2751250,1428000,2800.0,2500.0,2024-10-31
2024-09-26,on,2024-09-26,GUJGASLTD,0.3471,13436250,4663750,700.0,600.0,2024-10-31
2024-09-26,on,2024-09-26,HAL,0.6128,8269200,5067000,5000.0,4400.0,2024-10-31
2024-09-26,on,2024-09-26,HAVELLS,0.9418,2370000,2232000,2100.0,2000.0,2024-10-31
2024-09-26,on,2024-09-26,HCLTECH,0.6122,5719000,3501050,1800.0,1700.0,2024-10-31
2024-09-26,on,2024-09-26,HDFCAMC,0.6283,544050,341850,4500.0,4400.0,2024-10-31
2024-09-26,on,2024-09-26,HDFCBANK,0.8475,35322650,29937600,1800.0,1700.0,2024-10-31
2024-09-26,on,2024-09-26,HDFCLIFE,0.3759,19069600,7168700,800.0,700.0,2024-10-31
2024-09-26,on,2024-09-26,HEROMOTOCO,0.8205,2303400,1889850,6200.0,5500.0,2024-10-31
2024-09-26,on,2024-09-26,HINDALCO,0.8684,20715800,17990000,750.0,700.0,2024-10-31
2024-09-26,on,2024-09-26,HINDCOPPER,0.7469,9913650,7404100,360.0,320.0,2024-10-31
2024-09-26,on,2024-09-26,HINDPETRO,0.815,17524350,14282325,420.0,400.0,2024-10-31
2024-09-26,on,2024-09-26,HINDUNILVR,0.7481,5895600,4410300,3000.0,2700.0,2024-10-31
2024-09-26,on,2024-09-26,ICICIBANK,0.9489,20039600,19016200,1300.0,1300.0,2024-10-31
2024-09-26,on,2024-09-26,ICICIGI,0.9068,842500,764000,2400.0,2100.0,2024-10-31
2024-09-26,on,2024-09-26,ICICIPRULI,0.9767,3150000,3076500,800.0,750.0,2024-10-31
2024-09-26,on,2024-09-26,IDEA,0.4749,1792320000,851160000,12.0,10.0,2024-10-31
2024-09-26,on,2024-09-26,IDFC,0.5491,29175000,16020000,110.0,110.0,2024-10-31
2024-09-26,on,2024-09-26,IDFCFIRSTB,0.6634,215782500,143152500,80.0,70.0,2024-10-31
2024-09-26,on,2024-09-26,IEX,0.6102,56317500,34365000,240.0,200.0,2024-10-31
2024-09-26,on,2024-09-26,IGL,0.6625,11363000,7528125,600.0,500.0,2024-10-31
2024-09-26,on,2024-09-26,INDHOTEL,0.9998,4624000,4623000,720.0,600.0,2024-10-31
2024-09-26,on,2024-09-26,INDIAMART,0.7918,619500,490500,3000.0,2800.0,2024-10-31
2024-09-26,on,2024-09-26,INDIGO,0.9411,2664000,2507100,5000.0,4500.0,2024-10-31
2024-09-26,on,2024-09-26,INDUSINDBK,0.7393,8828500,6527000,1500.0,1400.0,2024-10-31
2024-09-26,on,2024-09-26,INDUSTOWER,0.6632,41395000,27451600,400.0,350.0,2024-10-31
2024-09-26,on,2024-09-26,INFY,0.4529,19318800,8750000,1900.0,1900.0,2024-10-31
2024-09-26,on,2024-09-26,IOC,0.582,90787125,52840125,170.0,170.0,2024-10-31
2024-09-26,on,2024-09-26,IPCALAB,1.0786,1092000,1177800,1500.0,1320.0,2024-10-31
2024-09-26,on,2024-09-26,IRCTC,0.6382,12007625,7663250,920.0,900.0,2024-10-31
2024-09-26,on,2024-09-26,ITC,0.773,38612800,29849600,520.0,500.0,2024-10-31
2024-09-26,on,2024-09-26,JINDALSTEL,0.7878,5938750,4678750,1060.0,1000.0,2024-10-31
2024-09-26,on,2024-09-26,JKCEMENT,0.6835,235000,160625,4800.0,4500.0,2024-10-31
2024-09-26,on,2024-09-26,JSWSTEEL,0.9066,7039575,6382125,1000.0,900.0,2024-10-31
2024-09-26,on,2024-09-26,JUBLFOOD,0.9673,6351250,6143750,700.0,650.0,2024-10-31
2024-09-26,on,2024-09-26,KOTAKBANK,0.8082,8620000,6966400,2000.0,1800.0,2024-10-31
2024-09-26,on,2024-09-26,LALPATHLAB,0.7474,469200,350700,3400.0,3100.0,2024-10-31
2024-09-26,on,2024-09-26,LAURUSLABS,0.6244,9463900,5909200,500.0,440.0,2024-10-31
2024-09-26,on,2024-09-26,LICHSGFIN,0.6269,10552000,6615000,700.0,600.0,2024-10-31
2024-09-26,on,2024-09-26,LT,0.7868,5723550,4503450,3800.0,3600.0,2024-10-31
2024-09-26,on,2024-09-26,LTF,1.0945,21395290,23416576,190.0,165.0,2024-10-31
2024-09-26,on,2024-09-26,LTIM,0.6437,1677900,1080000,6500.0,5500.0,2024-10-31
2024-09-26,on,2024-09-26,LTTS,0.5807,616500,358000,5500.0,5000.0,2024-10-31
2024-09-26,on,2024-09-26,LUPIN,0.7356,3633325,2672825,2300.0,2000.0,2024-10-31
2024-09-26,on,2024-09-26,M&M,1.3912,5409600,7525700,3200.0,2800.0,2024-10-31
2024-09-26,on,2024-09-26,M&MFIN,0.7216,9870000,7122000,340.0,300.0,2024-10-31
2024-09-26,on,2024-09-26,MANAPPURAM,0.5292,18606000,9846000,210.0,200.0,2024-10-31
2024-09-26,on,2024-09-26,MARICO,1.06,4580400,4855200,700.0,680.0,2024-10-31
2024-09-26,on,2024-09-26,MARUTI,1.09,2508850,2734600,13500.0,13000.0,2024-10-31
2024-09-26,on,2024-09-26,MCX,0.6144,2182800,1341200,6000.0,5000.0,2024-10-31
2024-09-26,on,2024-09-26,METROPOLIS,0.6653,670400,446000,2200.0,2100.0,2024-10-31
2024-09-26,on,2024-09-26,MFSL,1.4303,1411200,2018400,1160.0,1000.0,2024-10-31
2024-09-26,on,2024-09-26,MGL,0.6525,1999600,1304800,2000.0,1800.0,2024-10-31
2024-09-26,on,2024-09-26,MOTHERSON,0.9949,46959400,46718000,230.0,190.0,2024-10-31
2024-09-26,on,2024-09-26,MPHASIS,0.7754,1296625,1005400,3100.0,2900.0,2024-10-31
2024-09-26,on,2024-09-26,MRF,0.8765,13805,12100,140000.0,130000.0,2024-10-31
2024-09-26,on,2024-09-26,MUTHOOTFIN,0.8548,1326050,1133550,2100.0,2000.0,2024-10-31
2024-09-26,on,2024-09-26,NATIONALUM,0.7356,30153750,22181250,200.0,200.0,2024-10-31
2024-09-26,on,2024-09-26,NAUKRI,0.8091,536700,434250,8500.0,7500.0,2024-10-31
2024-09-26,on,2024-09-26,NAVINFLUOR,0.7552,633325,478275,3400.0,3100.0,2024-10-31
2024-09-26,on,2024-09-26,NESTLEIND,0.7622,1554200,1184600,2800.0,2600.0,2024-10-31
2024-09-26,on,2024-09-26,NMDC,0.8508,44532000,37890000,250.0,250.0,2024-10-31
2024-09-26,on,2024-09-26,NTPC,0.6183,81999000,50700000,440.0,430.0,2024-10-31
2024-09-26,on,2024-09-26,OBEROIRLTY,1.0894,2121700,2311400,2000.0,1700.0,2024-10-31
2024-09-26,on,2024-09-26,OFSS,0.5974,1277600,763300,12000.0,11000.0,2024-10-31
2024-09-26,on,2024-09-26,ONGC,0.4073,86394000,35185150,300.0,300.0,2024-10-31
2024-09-26,on,2024-09-26,PAGEIND,0.4947,45390,22455,44000.0,41000.0,2024-10-31
2024-09-26,on,2024-09-26,PEL,0.775,4280250,3317250,1200.0,1000.0,2024-10-31
2024-09-26,on,2024-09-26,PERSISTENT,0.7671,957600,734600,6000.0,5000.0,2024-10-31
2024-09-26,on,2024-09-26,PETRONET,1.2018,21225000,25509000,340.0,300.0,2024-10-31
2024-09-26,on,2024-09-26,PFC,0.5793,39427700,22841000,500.0,480.0,2024-10-31
2024-09-26,on,2024-09-26,PIDILITIND,0.6465,941250,608500,3300.0,3200.0,2024-10-31
2024-09-26,on,2024-09-26,PIIND,0.7283,447250,325750,4800.0,4600.0,2024-10-31
2024-09-26,on,2024-09-26,PNB,0.6167,138184000,85224000,110.0,100.0,2024-10-31
2024-09-26,on,2024-09-26,POLYCAB,0.7777,744000,578625,7000.0,6000.0,2024-10-31
2024-09-26,on,2024-09-26,POWERGRID,0.9204,42044400,38696400,400.0,360.0,2024-10-31
2024-09-26,on,2024-09-26,PVRINOX,0.7321,2028488,1485143,1800.0,1600.0,2024-10-31
2024-09-26,on,2024-09-26,RAMCOCEM,0.7074,2916350,2062950,860.0,800.0,2024-10-31
2024-09-26,on,2024-09-26,RBLBANK,0.8136,17582500,14305000,220.0,200.0,2024-10-31
2024-09-26,on,2024-09-26,RECLTD,0.5477,46724000,25590000,600.0,550.0,2024-10-31
2024-09-26,on,2024-09-26,RELIANCE,0.6381,27322000,17435000,3000.0,2900.0,2024-10-31
2024-09-26,on,2024-09-26,SAIL,0.8393,50232000,42160000,140.0,135.0,2024-10-31
2024-09-26,on,2024-09-26,SBICARD,0.5683,13345600,7584800,800.0,750.0,2024-10-31
2024-09-26,on,2024-09-26,SBILIFE,0.3658,4479375,1638375,1900.0,1800.0,2024-10-31
2024-09-26,on,2024-09-26,SBIN,0.7894,51937500,40997250,800.0,800.0,2024-10-31
2024-09-26,on,2024-09-26,SHREECEM,0.9891,43650,43175,26000.0,25000.0,2024-10-31
2024-09-26,on,2024-09-26,SHRIRAMFIN,1.0169,1454100,1478700,3800.0,3200.0,2024-10-31
2024-09-26,on,2024-09-26,SIEMENS,0.7547,753450,568650,7200.0,6500.0,2024-10-31
2024-09-26,on,2024-09-26,SRF,0.6466,2749500,1777875,2500.0,2300.0,2024-10-31
2024-09-26,on,2024-09-26,SUNPHARMA,0.7586,7725550,5860400,1900.0,1800.0,2024-10-31
2024-09-26,on,2024-09-26,SUNTV,0.5669,2521500,1429500,850.0,700.0,2024-10-31
2024-09-26,on,2024-09-26,SYNGENE,0.766,2103000,1611000,900.0,800.0,2024-10-31
2024-09-26,on,2024-09-26,TATACHEM,0.6787,7219850,4899950,1100.0,1000.0,2024-10-31
2024-09-26,on,2024-09-26,TATACOMM,0.7253,2313500,1678000,2200.0,1900.0,2024-10-31
2024-09-26,on,2024-09-26,TATACONSUM,0.5698,6365760,3627480,1250.0,1200.0,2024-10-31
2024-09-26,on,2024-09-26,TATAMOTORS,0.5241,65879000,34529000,1000.0,900.0,2024-10-31
2024-09-26,on,2024-09-26,TATAPOWER,1.0237,40196250,41148000,500.0,460.0,2024-10-31
2024-09-26,on,2024-09-26,TATASTEEL,0.9729,163493000,159054500,170.0,160.0,2024-10-31
2024-09-26,on,2024-09-26,TCS,0.5686,9330650,5305825,4300.0,4300.0,2024-10-31
2024-09-26,on,2024-09-26,TECHM,0.5609,5356800,3004800,1700.0,1600.0,2024-10-31
2024-09-26,on,2024-09-26,TITAN,0.7181,3027850,2174375,4000.0,3700.0,2024-10-31
2024-09-26,on,2024-09-26,TORNTPHARM,0.7874,332750,262000,3500.0,3300.0,2024-10-31
2024-09-26,on,2024-09-26,TRENT,1.119,1875200,2098400,8000.0,7500.0,2024-10-31
2024-09-26,on,2024-09-26,TVSMOTOR,0.8948,2265550,2027200,2900.0,2600.0,2024-10-31
2024-09-26,on,2024-09-26,UBL,0.6649,977600,650000,2200.0,2100.0,2024-10-31
2024-09-26,on,2024-09-26,ULTRACEMCO,0.6962,813600,566400,12500.0,12000.0,2024-10-31
2024-09-26,on,2024-09-26,UNITDSPR,0.9702,1505700,1460900,1760.0,1600.0,2024-10-31
2024-09-26,on,2024-09-26,UPL,0.6704,11476400,7693400,620.0,600.0,2024-10-31
2024-09-26,on,2024-09-26,VEDL,1.1923,40781300,48624300,500.0,460.0,2024-10-31
2024-09-26,on,2024-09-26,VOLTAS,1.0067,3407400,3430200,1900.0,1800.0,2024-10-31
2024-09-26,on,2024-09-26,WIPRO,0.7142,32974500,23551500,550.0,500.0,2024-10-31
2024-09-26,on,2024-09-26,ZYDUSLIFE,0.7645,7191900,5498100,1100.0,1000.0,2024-10-31
2024-09-26,wk,2024-09-19,AARTIIND,0.748,9810000,7338000,,,
2024-09-26,wk,2024-09-19,ABB,0.499,1215875,606750,,,
2024-09-26,wk,2024-09-19,ABBOTINDIA,0.4115,70520,29020,,,
2024-09-26,wk,2024-09-19,ABCAPITAL,0.5968,32529600,19413000,,,
2024-09-26,wk,2024-09-19,ABFRL,0.667,10392200,6931600,,,
2024-09-26,wk,2024-09-19,ACC,0.6545,2492700,1631400,,,
2024-09-26,wk,2024-09-19,ADANIENT,0.651,12468000,8116800,,,
2024-09-26,wk,2024-09-19,ADANIPORTS,0.5634,13286800,7485200,,,
2024-09-26,wk,2024-09-19,ALKEM,0.73,377100,275300,,,
2024-09-26,wk,2024-09-19,AMBUJACEM,0.876,11251800,9856800,,,
2024-09-26,wk,2024-09-19,APOLLOHOSP,0.6524,1206875,787375,,,
2024-09-26,wk,2024-09-19,APOLLOTYRE,0.6017,11277800,6786400,,,
2024-09-26,wk,2024-09-19,ASHOKLEY,0.4497,76840000,34555000,,,
2024-09-26,wk,2024-09-19,ASIANPAINT,0.618,4544200,2808200,,,
2024-09-26,wk,2024-09-19,ASTRAL,0.7111,3111426,2212643,,,
2024-09-26,wk,2024-09-19,ATUL,0.3773,215500,81300,,,
2024-09-26,wk,2024-09-19,AUBANK,0.9562,9062000,8665000,,,
2024-09-26,wk,2024-09-19,AUROPHARMA,0.5899,4707450,2776950,,,
2024-09-26,wk,2024-09-19,AXISBANK,0.7956,15328750,12196250,,,
2024-09-26,wk,2024-09-19,BAJAJ-AUTO,1.0723,2169825,2326650,,,
2024-09-26,wk,2024-09-19,BAJAJFINSV,0.5232,14950500,7822500,,,
2024-09-26,wk,2024-09-19,BAJFINANCE,0.7671,6500250,4986125,,,
2024-09-26,wk,2024-09-19,BALKRISIND,0.9813,851100,835200,,,
2024-09-26,wk,2024-09-19,BALRAMCHIN,0.5024,6219200,3124800,,,
2024-09-26,wk,2024-09-19,BANDHANBNK,0.6237,29654800,18496800,,,
2024-09-26,wk,2024-09-19,BANKBARODA,0.7238,60114600,43509375,,,
2024-09-26,wk,2024-09-19,BATAINDIA,0.5543,2328000,1290375,,,
2024-09-26,wk,2024-09-19,BEL,0.4458,113566800,50633100,,,
2024-09-26,wk,2024-09-19,BERGEPAINT,0.8462,4917000,4160640,,,
2024-09-26,wk,2024-09-19,BHARATFORG,0.4649,3594000,1671000,,,
2024-09-26,wk,2024-09-19,BHARTIARTL,0.8438,14945875,12611250,,,
2024-09-26,wk,2024-09-19,BHEL,0.4416,69688500,30775500,,,
2024-09-26,wk,2024-09-19,BIOCON,0.5211,29082500,15155000,,,
2024-09-26,wk,2024-09-19,BOSCHLTD,0.5446,158700,86425,,,
2024-09-26,wk,2024-09-19,BPCL,0.457,46873800,21421800,,,
2024-09-26,wk,2024-09-19,BRITANNIA,0.6584,1317400,867400,,,
2024-09-26,wk,2024-09-19,BSOFT,0.4679,8442000,3950000,,,
2024-09-26,wk,2024-09-19,CANBK,0.6658,131571000,87594750,,,
2024-09-26,wk,2024-09-19,CANFINHOME,0.4719,6045000,2852850,,,
2024-09-26,wk,2024-09-19,CHAMBLFERT,0.3148,16583200,5221200,,,
2024-09-26,wk,2024-09-19,CHOLAFIN,0.8058,3652500,2943125,,,
2024-09-26,wk,2024-09-19,CIPLA,0.5983,6532500,3908450,,,
2024-09-26,wk,2024-09-19,COALINDIA,0.5129,58632000,30074100,,,
2024-09-26,wk,2024-09-19,COFORGE,0.7951,1725900,1372200,,,
2024-09-26,wk,2024-09-19,COLPAL,0.5593,1509900,844550,,,
2024-09-26,wk,2024-09-19,CONCOR,0.5644,10605000,5985000,,,
2024-09-26,wk,2024-09-19,COROMANDEL,0.3339,1911700,638400,,,
2024-09-26,wk,2024-09-19,CROMPTON,0.4765,5965200,2842200,,,
2024-09-26,wk,2024-09-19,CUB,0.4299,16235000,6980000,,,
2024-09-26,wk,2024-09-19,CUMMINSIND,0.836,1527600,1277100,,,
2024-09-26,wk,2024-09-19,DABUR,0.5435,10186250,5536250,,,
2024-09-26,wk,2024-09-19,DALBHARAT,0.4369,1544125,674575,,,
2024-09-26,wk,2024-09-19,DEEPAKNTR,0.5148,2385300,1227900,,,
2024-09-26,wk,2024-09-19,DIVISLAB,0.8763,1854400,1625000,,,
2024-09-26,wk,2024-09-19,DIXON,0.6278,3268000,2051800,,,
2024-09-26,wk,2024-09-19,DLF,0.4657,19281900,8980125,,,
2024-09-26,wk,2024-09-19,DRREDDY,0.3026,4138000,1252250,,,
2024-09-26,wk,2024-09-19,EICHERMOT,0.4656,1741950,811125,,,
2024-09-26,wk,2024-09-19,ESCORTS,0.4376,1711875,749100,,,
2024-09-26,wk,2024-09-19,EXIDEIND,0.4617,20577600,9500400,,,
2024-09-26,wk,2024-09-19,FEDERALBNK,0.4306,79620000,34285000,,,
2024-09-26,wk,2024-09-19,GAIL,0.4224,76269825,32212575,,,
2024-09-26,wk,2024-09-19,GLENMARK,0.5477,2960900,1621825,,,
2024-09-26,wk,2024-09-19,GMRINFRA,0.5768,168885000,97413750,,,
2024-09-26,wk,2024-09-19,GNFC,0.6553,4408300,2888600,,,
2024-09-26,wk,2024-09-19,GODREJCP,0.3197,3348500,1070500,,,
2024-09-26,wk,2024-09-19,GODREJPROP,0.5355,2183850,1169550,,,
2024-09-26,wk,2024-09-19,GRANULES,0.6358,21804000,13864000,,,
2024-09-26,wk,2024-09-19,GRASIM,0.4073,2859250,1164500,,,
2024-09-26,wk,2024-09-19,GUJGASLTD,0.3398,16193750,5502500,,,
2024-09-26,wk,2024-09-19,HAL,0.3845,15128100,5816400,,,
2024-09-26,wk,2024-09-19,HAVELLS,0.8085,2979500,2409000,,,
2024-09-26,wk,2024-09-19,HCLTECH,0.5307,8174600,4338250,,,
2024-09-26,wk,2024-09-19,HDFCAMC,0.4092,961050,393300,,,
2024-09-26,wk,2024-09-19,HDFCBANK,0.7704,37973650,29253400,,,
2024-09-26,wk,2024-09-19,HDFCLIFE,0.308,27628700,8509600,,,
2024-09-26,wk,2024-09-19,HEROMOTOCO,0.6739,3476550,2342850,,,
2024-09-26,wk,2024-09-19,HINDALCO,0.4897,23739800,11625600,,,
2024-09-26,wk,2024-09-19,HINDCOPPER,0.663,9759950,6471300,,,
2024-09-26,wk,2024-09-19,HINDPETRO,0.6126,24621975,15082200,,,
2024-09-26,wk,2024-09-19,HINDUNILVR,0.5979,7722000,4616700,,,
2024-09-26,wk,2024-09-19,ICICIBANK,1.0706,20346200,21783300,,,
2024-09-26,wk,2024-09-19,ICICIGI,0.6143,1409000,865500,,,
2024-09-26,wk,2024-09-19,ICICIPRULI,0.7071,4414500,3121500,,,
2024-09-26,wk,2024-09-19,IDEA,0.5817,1641800000,954960000,,,
2024-09-26,wk,2024-09-19,IDFC,0.5729,21695000,12430000,,,
2024-09-26,wk,2024-09-19,IDFCFIRSTB,0.6452,191985000,123862500,,,
2024-09-26,wk,2024-09-19,IEX,0.844,38227500,32265000,,,
2024-09-26,wk,2024-09-19,IGL,0.5016,17188875,8622625,,,
2024-09-26,wk,2024-09-19,INDHOTEL,0.6822,6511000,4442000,,,
2024-09-26,wk,2024-09-19,INDIAMART,0.8131,818700,665700,,,
2024-09-26,wk,2024-09-19,INDIGO,0.7242,3885000,2813400,,,
2024-09-26,wk,2024-09-19,INDUSINDBK,0.7893,8034500,6341500,,,
2024-09-26,wk,2024-09-19,INDUSTOWER,0.7516,45784400,34411400,,,
2024-09-26,wk,2024-09-19,INFY,0.46,20908000,9618400,,,
2024-09-26,wk,2024-09-19,IOC,0.5482,107713125,59050875,,,
2024-09-26,wk,2024-09-19,IPCALAB,0.6903,1372800,947700,,,
2024-09-26,wk,2024-09-19,IRCTC,0.4803,19389125,9311750,,,
2024-09-26,wk,2024-09-19,ITC,0.4966,59400000,29500800,,,
2024-09-26,wk,2024-09-19,JINDALSTEL,0.7725,6333750,4893125,,,
2024-09-26,wk,2024-09-19,JKCEMENT,0.4637,474750,220125,,,
2024-09-26,wk,2024-09-19,JSWSTEEL,0.7557,8102700,6123600,,,
2024-09-26,wk,2024-09-19,JUBLFOOD,0.72,8196250,5901250,,,
2024-09-26,wk,2024-09-19,KOTAKBANK,0.7358,9898000,7283200,,,
2024-09-26,wk,2024-09-19,LALPATHLAB,0.5913,657000,388500,,,
2024-09-26,wk,2024-09-19,LAURUSLABS,0.5305,11077200,5876900,,,
2024-09-26,wk,2024-09-19,LICHSGFIN,0.526,15661000,8237000,,,
2024-09-26,wk,2024-09-19,LT,0.5869,5346900,3137850,,,
2024-09-26,wk,2024-09-19,LTF,0.7115,26584596,18914418,,,
2024-09-26,wk,2024-09-19,LTIM,0.5641,1967400,1109850,,,
2024-09-26,wk,2024-09-19,LTTS,0.4284,1032400,442300,,,
2024-09-26,wk,2024-09-19,LUPIN,0.6406,5052825,3236800,,,
2024-09-26,wk,2024-09-19,M&M,0.7406,5591600,4141200,,,
2024-09-26,wk,2024-09-19,M&MFIN,0.6409,10444000,6694000,,,
2024-09-26,wk,2024-09-19,MANAPPURAM,0.6634,18264000,12117000,,,
2024-09-26,wk,2024-09-19,MARICO,0.7904,7540800,5960400,,,
2024-09-26,wk,2024-09-19,MARUTI,0.3777,3122800,1179550,,,
2024-09-26,wk,2024-09-19,MCX,0.6896,2357400,1625600,,,
2024-09-26,wk,2024-09-19,METROPOLIS,0.6038,1071200,646800,,,
2024-09-26,wk,2024-09-19,MFSL,0.916,2647200,2424800,,,
2024-09-26,wk,2024-09-19,MGL,0.4426,2987200,1322000,,,
2024-09-26,wk,2024-09-19,MOTHERSON,0.7617,73996200,56359800,,,
2024-09-26,wk,2024-09-19,MPHASIS,0.4956,3338500,1654400,,,
2024-09-26,wk,2024-09-19,MRF,0.4926,30595,15070,,,
2024-09-26,wk,2024-09-19,MUTHOOTFIN,0.8454,1920600,1623600,,,
2024-09-26,wk,2024-09-19,NATIONALUM,0.4228,48060000,20321250,,,
2024-09-26,wk,2024-09-19,NAUKRI,0.4948,1029750,509550,,,
2024-09-26,wk,2024-09-19,NAVINFLUOR,0.6678,1064000,710500,,,
2024-09-26,wk,2024-09-19,NESTLEIND,0.567,2295000,1301200,,,
2024-09-26,wk,2024-09-19,NMDC,0.7267,53118000,38601000,,,
2024-09-26,wk,2024-09-19,NTPC,0.422,92815500,39166500,,,
2024-09-26,wk,2024-09-19,OBEROIRLTY,0.6105,2436700,1487500,,,
2024-09-26,wk,2024-09-19,OFSS,0.4436,2450900,1087200,,,
2024-09-26,wk,2024-09-19,ONGC,0.3285,115879225,38070725,,,
2024-09-26,wk,2024-09-19,PAGEIND,0.6206,73890,45855,,,
2024-09-26,wk,2024-09-19,PEL,0.7234,6060000,4383750,,,
2024-09-26,wk,2024-09-19,PERSISTENT,0.5101,1651200,842200,,,
2024-09-26,wk,2024-09-19,PETRONET,0.9881,22860000,22587000,,,
2024-09-26,wk,2024-09-19,PFC,0.4694,55437200,26023400,,,
2024-09-26,wk,2024-09-19,PIDILITIND,0.7692,1017000,782250,,,
2024-09-26,wk,2024-09-19,PIIND,0.5427,615000,333750,,,
2024-09-26,wk,2024-09-19,PNB,0.7283,112808000,82160000,,,
2024-09-26,wk,2024-09-19,POLYCAB,0.5491,1655250,908875,,,
2024-09-26,wk,2024-09-19,POWERGRID,0.579,36795600,21304800,,,
2024-09-26,wk,2024-09-19,PVRINOX,0.7506,2284491,1714691,,,
2024-09-26,wk,2024-09-19,RAMCOCEM,0.509,4044300,2058700,,,
2024-09-26,wk,2024-09-19,RBLBANK,1.0148,11320000,11487500,,,
2024-09-26,wk,2024-09-19,RECLTD,0.3912,80444000,31472000,,,
2024-09-26,wk,2024-09-19,RELIANCE,0.4068,52435500,21330500,,,
2024-09-26,wk,2024-09-19,SAIL,0.5046,75496000,38096000,,,
2024-09-26,wk,2024-09-19,SBICARD,0.5171,16628800,8598400,,,
2024-09-26,wk,2024-09-19,SBILIFE,0.2997,5555625,1665000,,,
2024-09-26,wk,2024-09-19,SBIN,0.5933,73458750,43583250,,,
2024-09-26,wk,2024-09-19,SHREECEM,0.5,94600,47300,,,
2024-09-26,wk,2024-09-19,SHRIRAMFIN,0.9102,2102400,1913700,,,
2024-09-26,wk,2024-09-19,SIEMENS,0.5688,872100,496050,,,
2024-09-26,wk,2024-09-19,SRF,0.4876,4217250,2056500,,,
2024-09-26,wk,2024-09-19,SUNPHARMA,0.5084,8899100,4524450,,,
2024-09-26,wk,2024-09-19,SUNTV,0.3636,4761000,1731000,,,
2024-09-26,wk,2024-09-19,SYNGENE,0.6548,2790000,1827000,,,
2024-09-26,wk,2024-09-19,TATACHEM,0.4734,10615550,5025350,,,
2024-09-26,wk,2024-09-19,TATACOMM,0.4247,3159000,1341500,,,
2024-09-26,wk,2024-09-19,TATACONSUM,0.5465,7341144,4011888,,,
2024-09-26,wk,2024-09-19,TATAMOTORS,0.36,106795150,38442250,,,
2024-09-26,wk,2024-09-19,TATAPOWER,0.5956,55301400,32938650,,,
2024-09-26,wk,2024-09-19,TATASTEEL,0.5158,244865500,126313000,,,
2024-09-26,wk,2024-09-19,TCS,0.3657,17022250,6225800,,,
2024-09-26,wk,2024-09-19,TECHM,0.565,6976800,3942000,,,
2024-09-26,wk,2024-09-19,TITAN,0.7061,3715600,2623600,,,
2024-09-26,wk,2024-09-19,TORNTPHARM,0.4972,537500,267250,,,
2024-09-26,wk,2024-09-19,TRENT,0.6895,2814000,1940200,,,
2024-09-26,wk,2024-09-19,TVSMOTOR,0.5191,3892350,2020550,,,
2024-09-26,wk,2024-09-19,UBL,0.5101,1206800,615600,,,
2024-09-26,wk,2024-09-19,ULTRACEMCO,0.4463,1203400,537100,,,
2024-09-26,wk,2024-09-19,UNITDSPR,0.7185,1919400,1379000,,,
2024-09-26,wk,2024-09-19,UPL,0.6045,14340300,8668400,,,
2024-09-26,wk,2024-09-19,VEDL,0.6696,55791100,37358900,,,
2024-09-26,wk,2024-09-19,VOLTAS,1.0848,4831200,5241000,,,
2024-09-26,wk,2024-09-19,WIPRO,0.5883,49086000,28878000,,,
2024-09-26,wk,2024-09-19,ZYDUSLIFE,0.5093,11711700,5965200,,,
2024-10-31,on,2024-10-31,AARTIIND,0.6352,9003000,5719000,600.0,500.0,2024-11-28
2024-10-31,on,2024-10-31,ABB,0.597,1379125,823375,8000.0,7000.0,2024-11-28
2024-10-31,on,2024-10-31,ABBOTINDIA,1.1682,21280,24860,30000.0,28500.0,2024-11-28
2024-10-31,on,2024-10-31,ABCAPITAL,0.5459,56008800,30574800,220.0,200.0,2024-11-28
2024-10-31,on,2024-10-31,ABFRL,0.5744,17942600,10306400,350.0,300.0,2024-11-28
2024-10-31,on,2024-10-31,ACC,1.1044,2335200,2579100,2400.0,2400.0,2024-11-28
2024-10-31,on,2024-10-31,ADANIENT,0.8798,12406500,10915500,3000.0,3000.0,2024-11-28
2024-10-31,on,2024-10-31,ADANIPORTS,0.6858,8527200,5847600,1400.0,1400.0,2024-11-28
2024-10-31,on,2024-10-31,ALKEM,0.5954,288400,171700,6000.0,5800.0,2024-11-28
2024-10-31,on,2024-10-31,AMBUJACEM,0.6463,14767200,9544500,600.0,580.0,2024-11-28
2024-10-31,on,2024-10-31,APOLLOHOSP,0.6646,996250,662125,7000.0,7000.0,2024-11-28
2024-10-31,on,2024-10-31,APOLLOTYRE,0.5149,11549800,5946600,500.0,450.0,2024-11-28
2024-10-31,on,2024-10-31,ASHOKLEY,0.5768,64130000,36990000,230.0,210.0,2024-11-28
2024-10-31,on,2024-10-31,ASIANPAINT,0.58,5695400,3303600,3200.0,3000.0,2024-11-28
2024-10-31,on,2024-10-31,ASTRAL,0.6618,2537071,1679025,1900.0,1700.0,2024-11-28
2024-10-31,on,2024-10-31,ATUL,0.7042,290700,204700,8000.0,7500.0,2024-11-28
2024-10-31,on,2024-10-31,AUBANK,0.5584,13131000,7333000,700.0,600.0,2024-11-28
2024-10-31,on,2024-10-31,AUROPHARMA,0.6951,3775750,2624600,1400.0,1400.0,2024-11-28
2024-10-31,on,2024-10-31,AXISBANK,0.506,25694375,13001250,1200.0,1200.0,2024-11-28
2024-10-31,on,2024-10-31,BAJAJ-AUTO,0.4649,4384275,2038350,11000.0,10000.0,2024-11-28
2024-10-31,on,2024-10-31,BAJAJFINSV,0.4565,9889000,4514500,1800.0,1700.0,2024-11-28
2024-10-31,on,2024-10-31,BAJFINANCE,0.6902,4342375,2997125,7500.0,7000.0,2024-11-28
2024-10-31,on,2024-10-31,BALKRISIND,0.6856,634500,435000,3000.0,2800.0,2024-11-28
2024-10-31,on,2024-10-31,BALRAMCHIN,0.7336,3297600,2419200,,,
2024-10-31,on,2024-10-31,BANDHANBNK,0.8,36680000,29344000,200.0,160.0,2024-11-28
2024-10-31,on,2024-10-31,BANKBARODA,0.9063,48712950,44147025,260.0,240.0,2024-11-28
2024-10-31,on,2024-10-31,BATAINDIA,0.6349,2115750,1343250,1400.0,1300.0,2024-11-28
2024-10-31,on,2024-10-31,BEL,0.66,67576350,44599650,300.0,270.0,2024-11-28
2024-10-31,on,2024-10-31,BERGEPAINT,0.5515,5983560,3300000,600.0,520.0,2024-11-28
2024-10-31,on,2024-10-31,BHARATFORG,0.4574,4638500,2121500,1500.0,1500.0,2024-11-28
2024-10-31,on,2024-10-31,BHARTIARTL,0.4158,17898475,7442300,1700.0,1600.0,2024-11-28
2024-10-31,on,2024-10-31,BHEL,0.6737,59172750,39863250,240.0,220.0,2024-11-28
2024-10-31,on,2024-10-31,BIOCON,0.687,22087500,15175000,330.0,300.0,2024-11-28
2024-10-31,on,2024-10-31,BOSCHLTD,0.645,65000,41925,37000.0,35000.0,2024-11-28
2024-10-31,on,2024-10-31,BPCL,0.4749,46148400,21915000,320.0,300.0,2024-11-28
2024-10-31,on,2024-10-31,BRITANNIA,0.5661,1067000,604000,5800.0,5500.0,2024-11-28
2024-10-31,on,2024-10-31,BSOFT,0.7778,6826000,5309000,600.0,550.0,2024-11-28
2024-10-31,on,2024-10-31,CANBK,0.7905,145341000,114898500,110.0,100.0,2024-11-28
2024-10-31,on,2024-10-31,CANFINHOME,0.7444,3005925,2237625,900.0,800.0,2024-11-28
2024-10-31,on,2024-10-31,CHAMBLFERT,0.5654,8314400,4700600,500.0,460.0,2024-11-28
2024-10-31,on,2024-10-31,CHOLAFIN,0.7281,3965625,2887500,1400.0,1240.0,2024-11-28
2024-10-31,on,2024-10-31,CIPLA,0.8066,11025950,8893950,1600.0,1500.0,2024-11-28
2024-10-31,on,2024-10-31,COALINDIA,0.574,43404900,24914400,500.0,500.0,2024-11-28
2024-10-31,on,2024-10-31,COFORGE,0.9841,1396350,1374150,8000.0,7000.0,2024-11-28
2024-10-31,on,2024-10-31,COLPAL,0.78,1480850,1155000,3200.0,2900.0,2024-11-28
2024-10-31,on,2024-10-31,CONCOR,0.7264,11208000,8142000,900.0,1000.0,2024-11-28
2024-10-31,on,2024-10-31,COROMANDEL,0.652,1365700,890400,1700.0,1400.0,2024-11-28
2024-10-31,on,2024-10-31,CROMPTON,0.5177,7412400,3837600,400.0,400.0,2024-11-28
2024-10-31,on,2024-10-31,CUB,0.838,27035000,22655000,180.0,160.0,2024-11-28
2024-10-31,on,2024-10-31,CUMMINSIND,0.87,1546500,1345500,3700.0,3400.0,2024-11-28
2024-10-31,on,2024-10-31,DABUR,0.5482,21075000,11552500,600.0,540.0,2024-11-28
2024-10-31,on,2024-10-31,DALBHARAT,0.5757,994125,572275,1900.0,1800.0,2024-11-28
2024-10-31,on,2024-10-31,DEEPAKNTR,0.7596,1614600,1226400,2700.0,2800.0,2024-11-28
2024-10-31,on,2024-10-31,DIVISLAB,0.9782,1757600,1719200,6000.0,5000.0,2024-11-28
2024-10-31,on,2024-10-31,DIXON,0.5632,2609200,1469600,15000.0,13000.0,2024-11-28
2024-10-31,on,2024-10-31,DLF,0.6707,20502900,13750275,900.0,800.0,2024-11-28
2024-10-31,on,2024-10-31,DRREDDY,0.3292,9433125,3105000,1300.0,1200.0,2024-11-28
2024-10-31,on,2024-10-31,EICHERMOT,0.7199,2047150,1473675,5000.0,4800.0,2024-11-28
2024-10-31,on,2024-10-31,ESCORTS,0.6803,1576575,1072500,4000.0,3500.0,2024-11-28
2024-10-31,on,2024-10-31,EXIDEIND,0.5245,25353000,13298400,500.0,450.0,2024-11-28
2024-10-31,on,2024-10-31,FEDERALBNK,1.0153,52730000,53535000,210.0,190.0,2024-11-28
2024-10-31,on,2024-10-31,GAIL,0.5549,65751900,36485625,210.0,200.0,2024-11-28
2024-10-31,on,2024-10-31,GLENMARK,0.7685,2169925,1667500,1700.0,1600.0,2024-11-28
2024-10-31,on,2024-10-31,GMRINFRA,0.6104,187211250,114266250,95.0,95.0,2024-11-28
2024-10-31,on,2024-10-31,GNFC,0.6178,4680000,2891200,700.0,600.0,2024-11-28
2024-10-31,on,2024-10-31,GODREJCP,1.025,2400000,2460000,1300.0,1300.0,2024-11-28
2024-10-31,on,2024-10-31,GODREJPROP,0.6262,2488050,1558125,3000.0,2800.0,2024-11-28
2024-10-31,on,2024-10-31,GRANULES,0.6443,6190000,3988000,600.0,500.0,2024-11-28
2024-10-31,on,2024-10-31,GRASIM,0.6323,1960000,1239250,2800.0,2600.0,2024-11-28
2024-10-31,on,2024-10-31,GUJGASLTD,0.4093,8157500,3338750,530.0,520.0,2024-11-28
2024-10-31,on,2024-10-31,HAL,0.6478,6528600,4229400,4600.0,4200.0,2024-11-28
2024-10-31,on,2024-10-31,HAVELLS,0.568,4840000,2749000,1700.0,1600.0,2024-11-28
2024-10-31,on,2024-10-31,HCLTECH,0.5694,8315300,4734800,1900.0,1700.0,2024-11-28
2024-10-31,on,2024-10-31,HDFCAMC,0.7239,1224000,886050,4500.0,4400.0,2024-11-28
2024-10-31,on,2024-10-31,HDFCBANK,0.523,44662750,23359600,1800.0,1700.0,2024-11-28
2024-10-31,on,2024-10-31,HDFCLIFE,0.3801,17611000,6693500,800.0,700.0,2024-11-28
2024-10-31,on,2024-10-31,HEROMOTOCO,0.4831,4125150,1992750,5200.0,5000.0,2024-11-28
2024-10-31,on,2024-10-31,HINDALCO,0.5117,23951200,12255600,700.0,700.0,2024-11-28
2024-10-31,on,2024-10-31,HINDCOPPER,0.7621,11630850,8864250,300.0,300.0,2024-11-28
2024-10-31,on,2024-10-31,HINDPETRO,0.7098,24085350,17095050,400.0,380.0,2024-11-28
2024-10-31,on,2024-10-31,HINDUNILVR,0.5696,8190600,4665300,2800.0,2600.0,2024-11-28
2024-10-31,on,2024-10-31,ICICIBANK,0.8239,26103000,21506100,1350.0,1200.0,2024-11-28
2024-10-31,on,2024-10-31,ICICIGI,0.6507,1234000,803000,2100.0,2100.0,2024-11-28
2024-10-31,on,2024-10-31,ICICIPRULI,0.6471,3583500,2319000,750.0,700.0,2024-11-28
2024-10-31,on,2024-10-31,IDEA,0.3546,1368360000,485160000,8.0,8.0,2024-11-28
2024-10-31,on,2024-10-31,IDFCFIRSTB,0.6094,143197500,87262500,70.0,70.0,2024-11-28
2024-10-31,on,2024-10-31,IEX,0.5557,55297500,30727500,200.0,200.0,2024-11-28
2024-10-31,on,2024-10-31,IGL,0.5398,22371250,12075250,450.0,400.0,2024-11-28
2024-10-31,on,2024-10-31,INDHOTEL,0.5652,7470000,4222000,700.0,650.0,2024-11-28
2024-10-31,on,2024-10-31,INDIAMART,0.4732,1560300,738300,3000.0,2300.0,2024-11-28
2024-10-31,on,2024-10-31,INDIGO,0.7628,3753300,2863200,4200.0,4000.0,2024-11-28
2024-10-31,on,2024-10-31,INDUSINDBK,0.5821,31612000,18402500,1200.0,1000.0,2024-11-28
2024-10-31,on,2024-10-31,INDUSTOWER,0.6767,33500200,22671200,400.0,360.0,2024-11-28
2024-10-31,on,2024-10-31,INFY,0.3812,25390400,9679600,1900.0,1800.0,2024-11-28
2024-10-31,on,2024-10-31,IOC,0.4464,168918750,75401625,150.0,145.0,2024-11-28
2024-10-31,on,2024-10-31,IPCALAB,0.8619,1346150,1160250,1700.0,1500.0,2024-11-28
2024-10-31,on,2024-10-31,IRCTC,0.7187,10804500,7765625,900.0,900.0,2024-11-28
2024-10-31,on,2024-10-31,ITC,0.4935,70939200,35008000,500.0,500.0,2024-11-28
2024-10-31,on,2024-10-31,JINDALSTEL,0.6018,10651875,6410000,950.0,900.0,2024-11-28
2024-10-31,on,2024-10-31,JKCEMENT,0.8144,233000,189750,4500.0,4500.0,2024-11-28
2024-10-31,on,2024-10-31,JSWSTEEL,0.666,8567775,5706450,1000.0,900.0,2024-11-28
2024-10-31,on,2024-10-31,JUBLFOOD,0.5173,8561250,4428750,600.0,570.0,2024-11-28
2024-10-31,on,2024-10-31,KOTAKBANK,0.4771,15167200,7235600,1800.0,1800.0,2024-11-28
2024-10-31,on,2024-10-31,LALPATHLAB,0.8773,1075500,943500,3400.0,3100.0,2024-11-28
2024-10-31,on,2024-10-31,LAURUSLABS,0.9182,9288800,8528900,500.0,400.0,2024-11-28
2024-10-31,on,2024-10-31,LICHSGFIN,0.7726,10719000,8282000,700.0,600.0,2024-11-28
2024-10-31,on,2024-10-31,LT,0.7837,7316250,5733900,3600.0,3600.0,2024-11-28
2024-10-31,on,2024-10-31,LTF,0.5816,49456808,28766514,150.0,160.0,2024-11-28
2024-10-31,on,2024-10-31,LTIM,0.5813,1385100,805200,6000.0,5500.0,2024-11-28
2024-10-31,on,2024-10-31,LTTS,0.7311,727500,531900,5200.0,5000.0,2024-11-28
2024-10-31,on,2024-10-31,LUPIN,0.6931,3712375,2572950,2200.0,2100.0,2024-11-28
2024-10-31,on,2024-10-31,M&M,0.5601,9910950,5550650,2750.0,2700.0,2024-11-28
2024-10-31,on,2024-10-31,M&MFIN,0.5221,21458000,11204000,300.0,290.0,2024-11-28
2024-10-31,on,2024-10-31,MANAPPURAM,0.7071,19545000,13821000,180.0,150.0,2024-11-28
2024-10-31,on,2024-10-31,MARICO,0.565,11515200,6506400,700.0,600.0,2024-11-28
2024-10-31,on,2024-10-31,MARUTI,0.461,4547550,2096600,12000.0,11000.0,2024-11-28
2024-10-31,on,2024-10-31,MCX,0.7492,2576400,1930200,6000.0,6000.0,2024-11-28
2024-10-31,on,2024-10-31,METROPOLIS,0.569,672800,382800,2300.0,2100.0,2024-11-28
2024-10-31,on,2024-10-31,MFSL,1.061,1979200,2100000,1300.0,1200.0,2024-11-28
2024-10-31,on,2024-10-31,MGL,0.5621,3427600,1926800,1600.0,1400.0,2024-11-28
2024-10-31,on,2024-10-31,MOTHERSON,0.4297,78973300,33938000,200.0,180.0,2024-11-28
2024-10-31,on,2024-10-31,MPHASIS,0.7898,1655225,1307350,3100.0,2900.0,2024-11-28
2024-10-31,on,2024-10-31,MRF,0.5195,34930,18145,130000.0,120000.0,2024-11-28
2024-10-31,on,2024-10-31,MUTHOOTFIN,0.6978,1330450,928400,2000.0,1800.0,2024-11-28
2024-10-31,on,2024-10-31,NATIONALUM,0.892,32096250,28631250,230.0,200.0,2024-11-28
2024-10-31,on,2024-10-31,NAUKRI,0.6654,516900,343950,8000.0,7000.0,2024-11-28
2024-10-31,on,2024-10-31,NAVINFLUOR,0.6995,748300,523425,3500.0,3300.0,2024-11-28
2024-10-31,on,2024-10-31,NESTLEIND,0.5634,4529600,2551800,2400.0,2400.0,2024-11-28
2024-10-31,on,2024-10-31,NMDC,0.7741,44221500,34231500,250.0,250.0,2024-11-28
2024-10-31,on,2024-10-31,NTPC,0.2642,87931500,23233500,420.0,400.0,2024-11-28
2024-10-31,on,2024-10-31,OBEROIRLTY,0.7576,3009300,2279900,2100.0,1900.0,2024-11-28
2024-10-31,on,2024-10-31,OFSS,0.8393,662300,555900,11000.0,10000.0,2024-11-28
2024-10-31,on,2024-10-31,ONGC,0.3418,86886800,29700825,300.0,300.0,2024-11-28
2024-10-31,on,2024-10-31,PAGEIND,0.8426,33360,28110,45000.0,40000.0,2024-11-28
2024-10-31,on,2024-10-31,PEL,1.0144,3291750,3339000,1100.0,1000.0,2024-11-28
2024-10-31,on,2024-10-31,PERSISTENT,0.8278,1489200,1232800,5500.0,5000.0,2024-11-28
2024-10-31,on,2024-10-31,PETRONET,1.0,16887000,16887000,350.0,310.0,2024-11-28
2024-10-31,on,2024-10-31,PFC,0.664,32297200,21444800,500.0,460.0,2024-11-28
2024-10-31,on,2024-10-31,PIDILITIND,0.6266,1175000,736250,3200.0,3200.0,2024-11-28
2024-10-31,on,2024-10-31,PIIND,0.5905,462750,273250,4800.0,4400.0,2024-11-28
2024-10-31,on,2024-10-31,PNB,0.6602,101856000,67248000,100.0,100.0,2024-11-28
2024-10-31,on,2024-10-31,POLYCAB,0.7193,1718000,1235750,7000.0,6500.0,2024-11-28
2024-10-31,on,2024-10-31,POWERGRID,0.434,52502400,22784400,330.0,320.0,2024-11-28
2024-10-31,on,2024-10-31,PVRINOX,0.4336,3595438,1558810,1700.0,1500.0,2024-11-28
2024-10-31,on,2024-10-31,RAMCOCEM,0.7184,2070600,1487500,900.0,800.0,2024-11-28
2024-10-31,on,2024-10-31,RBLBANK,0.5663,16300000,9230000,200.0,160.0,2024-11-28
2024-10-31,on,2024-10-31,RECLTD,0.659,39646000,26128000,530.0,500.0,2024-11-28
2024-10-31,on,2024-10-31,RELIANCE,0.5625,118179500,66475500,1400.0,1350.0,2024-11-28
2024-10-31,on,2024-10-31,SAIL,0.6648,64168000,42660000,120.0,120.0,2024-11-28
2024-10-31,on,2024-10-31,SBICARD,0.6282,15166400,9528000,700.0,700.0,2024-11-28
2024-10-31,on,2024-10-31,SBILIFE,0.3706,5637000,2089125,1800.0,1600.0,2024-11-28
2024-10-31,on,2024-10-31,SBIN,0.8468,40542750,34332000,800.0,800.0,2024-11-28
2024-10-31,on,2024-10-31,SHREECEM,0.8345,60725,50675,26000.0,25000.0,2024-11-28
2024-10-31,on,2024-10-31,SHRIRAMFIN,0.5967,2338500,1395300,3400.0,3200.0,2024-11-28
2024-10-31,on,2024-10-31,SIEMENS,0.5412,1158450,627000,7500.0,6500.0,2024-11-28
2024-10-31,on,2024-10-31,SRF,0.86,2776875,2388000,2400.0,2200.0,2024-11-28
2024-10-31,on,2024-10-31,SUNPHARMA,0.2951,11133500,3285100,1900.0,1800.0,2024-11-28
2024-10-31,on,2024-10-31,SUNTV,0.5545,3676500,2038500,750.0,600.0,2024-11-28
2024-10-31,on,2024-10-31,SYNGENE,0.5311,2525000,1341000,900.0,850.0,2024-11-28
2024-10-31,on,2024-10-31,TATACHEM,0.7133,6146800,4384600,1200.0,1100.0,2024-11-28
2024-10-31,on,2024-10-31,TATACOMM,0.5316,2597000,1380500,1800.0,1800.0,2024-11-28
2024-10-31,on,2024-10-31,TATACONSUM,0.5465,9508512,5196576,1100.0,1000.0,2024-11-28
2024-10-31,on,2024-10-31,TATAMOTORS,0.4524,73709350,33347600,900.0,850.0,2024-11-28
2024-10-31,on,2024-10-31,TATAPOWER,0.5818,58542750,34060500,500.0,450.0,2024-11-28
2024-10-31,on,2024-10-31,TATASTEEL,0.4724,292704500,138259000,160.0,150.0,2024-11-28
2024-10-31,on,2024-10-31,TCS,0.5689,9182775,5223750,4200.0,4000.0,2024-11-28
2024-10-31,on,2024-10-31,TECHM,0.5948,7394400,4398000,1800.0,1600.0,2024-11-28
2024-10-31,on,2024-10-31,TITAN,0.6813,5734750,3906875,3300.0,3000.0,2024-11-28
2024-10-31,on,2024-10-31,TORNTPHARM,0.6776,814250,551750,3200.0,3200.0,2024-11-28
2024-10-31,on,2024-10-31,TRENT,0.6576,3241600,2131600,8000.0,7200.0,2024-11-28
2024-10-31,on,2024-10-31,TVSMOTOR,0.561,4974200,2790550,2700.0,2200.0,2024-11-28
2024-10-31,on,2024-10-31,UBL,0.5796,1383600,802000,2000.0,1900.0,2024-11-28
2024-10-31,on,2024-10-31,ULTRACEMCO,0.6138,1047500,643000,11500.0,11000.0,2024-11-28
2024-10-31,on,2024-10-31,UNITDSPR,0.7721,2377200,1835400,1500.0,1500.0,2024-11-28
2024-10-31,on,2024-10-31,UPL,0.6261,11878100,7437300,600.0,600.0,2024-11-28
2024-10-31,on,2024-10-31,VEDL,0.6215,49700700,30889000,500.0,460.0,2024-11-28
2024-10-31,on,2024-10-31,VOLTAS,0.4444,6864600,3050400,1800.0,1600.0,2024-11-28
2024-10-31,on,2024-10-31,WIPRO,0.8186,30138000,24672000,600.0,500.0,2024-11-28
2024-10-31,on,2024-10-31,ZYDUSLIFE,0.8548,4804200,4106700,1100.0,1000.0,2024-11-28
2024-10-31,wk,2024-10-24,AARTIIND,0.6361,10411000,6622000,,,
2024-10-31,wk,2024-10-24,ABB,0.4275,2045125,874375,,,
2024-10-31,wk,2024-10-24,ABBOTINDIA,0.7023,26000,18260,,,
2024-10-31,wk,2024-10-24,ABCAPITAL,0.7167,35391600,25363800,,,
2024-10-31,wk,2024-10-24,ABFRL,0.6523,19351800,12623000,,,
2024-10-31,wk,2024-10-24,ACC,0.8841,3796200,3356100,,,
2024-10-31,wk,2024-10-24,ADANIENT,0.7147,13521000,9663000,,,
2024-10-31,wk,2024-10-24,ADANIPORTS,0.5958,9828000,5855200,,,
2024-10-31,wk,2024-10-24,ALKEM,0.7528,350300,263700,,,
2024-10-31,wk,2024-10-24,AMBUJACEM,0.4639,18191700,8439300,,,
2024-10-31,wk,2024-10-24,APOLLOHOSP,0.6194,1306750,809375,,,
2024-10-31,wk,2024-10-24,APOLLOTYRE,0.4513,16835100,7597300,,,
2024-10-31,wk,2024-10-24,ASHOKLEY,0.5773,74500000,43010000,,,
2024-10-31,wk,2024-10-24,ASIANPAINT,0.485,7582000,3677000,,,
2024-10-31,wk,2024-10-24,ASTRAL,0.6305,2951781,1861057,,,
2024-10-31,wk,2024-10-24,ATUL,0.4801,539900,259200,,,
2024-10-31,wk,2024-10-24,AUBANK,0.453,14635000,6630000,,,
2024-10-31,wk,2024-10-24,AUROPHARMA,0.7394,4060100,3001900,,,
2024-10-31,wk,2024-10-24,AXISBANK,0.521,29663125,15455625,,,
2024-10-31,wk,2024-10-24,BAJAJ-AUTO,0.3509,7398825,2595900,,,
2024-10-31,wk,2024-10-24,BAJAJFINSV,0.3908,12306500,4809000,,,
2024-10-31,wk,2024-10-24,BAJFINANCE,0.6942,6435375,4467250,,,
2024-10-31,wk,2024-10-24,BALKRISIND,0.6122,927600,567900,,,
2024-10-31,wk,2024-10-24,BALRAMCHIN,0.6106,6372800,3891200,,,
2024-10-31,wk,2024-10-24,BANDHANBNK,0.7256,31038000,22520400,,,
2024-10-31,wk,2024-10-24,BANKBARODA,0.8407,51497550,43292925,,,
2024-10-31,wk,2024-10-24,BATAINDIA,0.5764,2830500,1631625,,,
2024-10-31,wk,2024-10-24,BEL,0.5533,77066850,42644550,,,
2024-10-31,wk,2024-10-24,BERGEPAINT,0.4596,7818360,3593040,,,
2024-10-31,wk,2024-10-24,BHARATFORG,0.3542,5579500,1976000,,,
2024-10-31,wk,2024-10-24,BHARTIARTL,0.4719,14222925,6711750,,,
2024-10-31,wk,2024-10-24,BHEL,0.484,74893875,36246000,,,
2024-10-31,wk,2024-10-24,BIOCON,0.5977,20222500,12087500,,,
2024-10-31,wk,2024-10-24,BOSCHLTD,0.4898,116675,57150,,,
2024-10-31,wk,2024-10-24,BPCL,0.4425,46560600,20604600,,,
2024-10-31,wk,2024-10-24,BRITANNIA,0.5209,1612600,840000,,,
2024-10-31,wk,2024-10-24,BSOFT,0.6703,6892000,4620000,,,
2024-10-31,wk,2024-10-24,CANBK,0.6071,167163750,101486250,,,
2024-10-31,wk,2024-10-24,CANFINHOME,0.7047,3625050,2554500,,,
2024-10-31,wk,2024-10-24,CHAMBLFERT,0.5376,9129500,4907700,,,
2024-10-31,wk,2024-10-24,CHOLAFIN,0.6194,3527500,2185000,,,
2024-10-31,wk,2024-10-24,CIPLA,0.4746,9386650,4454450,,,
2024-10-31,wk,2024-10-24,COALINDIA,0.5847,40141500,23469600,,,
2024-10-31,wk,2024-10-24,COFORGE,1.3468,2026200,2728950,,,
2024-10-31,wk,2024-10-24,COLPAL,0.6987,2002700,1399300,,,
2024-10-31,wk,2024-10-24,CONCOR,0.6537,11447000,7483000,,,
2024-10-31,wk,2024-10-24,COROMANDEL,0.8221,2050300,1685600,,,
2024-10-31,wk,2024-10-24,CROMPTON,0.5947,8753400,5205600,,,
2024-10-31,wk,2024-10-24,CUB,0.7942,29100000,23110000,,,
2024-10-31,wk,2024-10-24,CUMMINSIND,0.5814,2434800,1415700,,,
2024-10-31,wk,2024-10-24,DABUR,0.5337,21305000,11371250,,,
2024-10-31,wk,2024-10-24,DALBHARAT,0.649,1460525,947925,,,
2024-10-31,wk,2024-10-24,DEEPAKNTR,0.6286,2280900,1433700,,,
2024-10-31,wk,2024-10-24,DIVISLAB,0.7639,2456800,1876800,,,
2024-10-31,wk,2024-10-24,DIXON,0.7135,2749900,1962000,,,
2024-10-31,wk,2024-10-24,DLF,0.5126,29784150,15268275,,,
2024-10-31,wk,2024-10-24,DRREDDY,0.4059,2179375,884500,,,
2024-10-31,wk,2024-10-24,EICHERMOT,0.4477,3019450,1351875,,,
2024-10-31,wk,2024-10-24,ESCORTS,0.4665,3603875,1681075,,,
2024-10-31,wk,2024-10-24,EXIDEIND,0.4417,28668600,12663000,,,
2024-10-31,wk,2024-10-24,FEDERALBNK,0.7133,52805000,37665000,,,
2024-10-31,wk,2024-10-24,GAIL,0.554,62453325,34600725,,,
2024-10-31,wk,2024-10-24,GLENMARK,0.7255,2570125,1864700,,,
2024-10-31,wk,2024-10-24,GMRINFRA,0.6415,172642500,110756250,,,
2024-10-31,wk,2024-10-24,GNFC,0.6432,4470700,2875600,,,
2024-10-31,wk,2024-10-24,GODREJCP,0.9608,3874000,3722000,,,
2024-10-31,wk,2024-10-24,GODREJPROP,0.4794,4376700,2098350,,,
2024-10-31,wk,2024-10-24,GRANULES,0.6957,6546000,4554000,,,
2024-10-31,wk,2024-10-24,GRASIM,0.4785,2591750,1240250,,,
2024-10-31,wk,2024-10-24,GUJGASLTD,0.3859,10361250,3998750,,,
2024-10-31,wk,2024-10-24,HAL,0.5134,8547600,4388100,,,
2024-10-31,wk,2024-10-24,HAVELLS,0.6014,5838000,3511000,,,
2024-10-31,wk,2024-10-24,HCLTECH,0.661,9336250,6171200,,,
2024-10-31,wk,2024-10-24,HDFCAMC,0.5287,2022150,1069200,,,
2024-10-31,wk,2024-10-24,HDFCBANK,0.5748,53845000,30950150,,,
2024-10-31,wk,2024-10-24,HDFCLIFE,0.4025,21408200,8617400,,,
2024-10-31,wk,2024-10-24,HEROMOTOCO,0.343,6659100,2283900,,,
2024-10-31,wk,2024-10-24,HINDALCO,0.4905,30808400,15113000,,,
2024-10-31,wk,2024-10-24,HINDCOPPER,0.7743,11026650,8538300,,,
2024-10-31,wk,2024-10-24,HINDPETRO,0.798,24111675,19241550,,,
2024-10-31,wk,2024-10-24,HINDUNILVR,0.4789,13616100,6521400,,,
2024-10-31,wk,2024-10-24,ICICIBANK,0.497,32678100,16241400,,,
2024-10-31,wk,2024-10-24,ICICIGI,0.5691,1701000,968000,,,
2024-10-31,wk,2024-10-24,ICICIPRULI,0.7522,5302500,3988500,,,
2024-10-31,wk,2024-10-24,IDEA,0.3952,1142280000,451400000,,,
2024-10-31,wk,2024-10-24,IDFCFIRSTB,0.6824,171855000,117277500,,,
2024-10-31,wk,2024-10-24,IEX,0.6039,54307500,32793750,,,
2024-10-31,wk,2024-10-24,IGL,0.5277,21396375,11290125,,,
2024-10-31,wk,2024-10-24,INDHOTEL,0.5068,10727000,5436000,,,
2024-10-31,wk,2024-10-24,INDIAMART,0.3961,3085200,1222200,,,
2024-10-31,wk,2024-10-24,INDIGO,0.7072,3379800,2390100,,,
2024-10-31,wk,2024-10-24,INDUSINDBK,0.899,20274500,18226000,,,
2024-10-31,wk,2024-10-24,INDUSTOWER,0.6932,39089800,27098000,,,
2024-10-31,wk,2024-10-24,INFY,0.4052,30914000,12526000,,,
2024-10-31,wk,2024-10-24,IOC,0.4629,150076875,69463875,,,
2024-10-31,wk,2024-10-24,IPCALAB,0.9104,1669200,1519700,,,
2024-10-31,wk,2024-10-24,IRCTC,0.5601,14598500,8176000,,,
2024-10-31,wk,2024-10-24,ITC,0.4667,88729600,41409600,,,
2024-10-31,wk,2024-10-24,JINDALSTEL,0.5302,11546250,6121875,,,
2024-10-31,wk,2024-10-24,JKCEMENT,0.4969,337875,167875,,,
2024-10-31,wk,2024-10-24,JSWSTEEL,0.6171,9308925,5744250,,,
2024-10-31,wk,2024-10-24,JUBLFOOD,0.5668,10318750,5848750,,,
2024-10-31,wk,2024-10-24,KOTAKBANK,0.4467,20550000,9179600,,,
2024-10-31,wk,2024-10-24,LALPATHLAB,0.4406,2892600,1274400,,,
2024-10-31,wk,2024-10-24,LAURUSLABS,0.8466,11692600,9899100,,,
2024-10-31,wk,2024-10-24,LICHSGFIN,0.6744,11742000,7919000,,,
2024-10-31,wk,2024-10-24,LT,0.4451,8683650,3864750,,,
2024-10-31,wk,2024-10-24,LTF,0.5564,48046816,26731842,,,
2024-10-31,wk,2024-10-24,LTIM,0.465,2254950,1048500,,,
2024-10-31,wk,2024-10-24,LTTS,0.5225,1022200,534100,,,
2024-10-31,wk,2024-10-24,LUPIN,0.5948,4899825,2914650,,,
2024-10-31,wk,2024-10-24,M&M,0.3882,13684650,5312650,,,
2024-10-31,wk,2024-10-24,M&MFIN,0.5222,28982000,15134000,,,
2024-10-31,wk,2024-10-24,MANAPPURAM,0.6275,19578000,12285000,,,
2024-10-31,wk,2024-10-24,MARICO,0.5709,8742000,4990800,,,
2024-10-31,wk,2024-10-24,MARUTI,0.3357,5088450,1708400,,,
2024-10-31,wk,2024-10-24,MCX,0.8197,2311400,1894600,,,
2024-10-31,wk,2024-10-24,METROPOLIS,0.3342,1625600,543200,,,
2024-10-31,wk,2024-10-24,MFSL,1.1677,2519200,2941600,,,
2024-10-31,wk,2024-10-24,MGL,0.4935,4896400,2416400,,,
2024-10-31,wk,2024-10-24,MOTHERSON,0.4837,84376400,40810800,,,
2024-10-31,wk,2024-10-24,MPHASIS,0.8274,2295700,1899425,,,
2024-10-31,wk,2024-10-24,MRF,0.3488,58290,20330,,,
2024-10-31,wk,2024-10-24,MUTHOOTFIN,0.6612,1876600,1240800,,,
2024-10-31,wk,2024-10-24,NATIONALUM,0.7505,46586250,34965000,,,
2024-10-31,wk,2024-10-24,NAUKRI,0.5542,795000,440550,,,
2024-10-31,wk,2024-10-24,NAVINFLUOR,0.702,1234800,866775,,,
2024-10-31,wk,2024-10-24,NESTLEIND,0.4797,5842400,2802600,,,
2024-10-31,wk,2024-10-24,NMDC,0.6445,60295500,38862000,,,
2024-10-31,wk,2024-10-24,NTPC,0.2637,94158000,24834000,,,
2024-10-31,wk,2024-10-24,OBEROIRLTY,0.4947,5434100,2688000,,,
2024-10-31,wk,2024-10-24,OFSS,0.6117,1111000,679600,,,
2024-10-31,wk,2024-10-24,ONGC,0.3078,89173700,27446650,,,
2024-10-31,wk,2024-10-24,PAGEIND,0.7713,46905,36180,,,
2024-10-31,wk,2024-10-24,PEL,0.771,4391250,3385500,,,
2024-10-31,wk,2024-10-24,PERSISTENT,0.926,1836000,1700200,,,
2024-10-31,wk,2024-10-24,PETRONET,0.9769,20880000,20397000,,,
2024-10-31,wk,2024-10-24,PFC,0.5789,43084600,24943100,,,
2024-10-31,wk,2024-10-24,PIDILITIND,0.4597,2198500,1010750,,,
2024-10-31,wk,2024-10-24,PIIND,0.5036,625500,315000,,,
2024-10-31,wk,2024-10-24,PNB,0.6997,105648000,73920000,,,
2024-10-31,wk,2024-10-24,POLYCAB,0.5689,2826750,1608000,,,
2024-10-31,wk,2024-10-24,POWERGRID,0.3841,65044800,24984000,,,
2024-10-31,wk,2024-10-24,PVRINOX,0.3484,5177447,1803824,,,
2024-10-31,wk,2024-10-24,RAMCOCEM,0.5717,2585700,1478150,,,
2024-10-31,wk,2024-10-24,RBLBANK,0.7956,22942500,18252500,,,
2024-10-31,wk,2024-10-24,RECLTD,0.5384,43250000,23284000,,,
2024-10-31,wk,2024-10-24,RELIANCE,0.4601,80878750,37216250,,,
2024-10-31,wk,2024-10-24,SAIL,0.6239,59412000,37068000,,,
2024-10-31,wk,2024-10-24,SBICARD,0.4245,17820800,7564800,,,
2024-10-31,wk,2024-10-24,SBILIFE,0.3126,7763625,2427000,,,
2024-10-31,wk,2024-10-24,SBIN,0.5979,60186000,35986500,,,
2024-10-31,wk,2024-10-24,SHREECEM,0.5022,133550,67075,,,
2024-10-31,wk,2024-10-24,SHRIRAMFIN,0.5185,2846100,1475700,,,
2024-10-31,wk,2024-10-24,SIEMENS,0.3661,2121300,776700,,,
2024-10-31,wk,2024-10-24,SRF,0.9303,4318875,4017750,,,
2024-10-31,wk,2024-10-24,SUNPHARMA,0.3889,8729700,3394650,,,
2024-10-31,wk,2024-10-24,SUNTV,0.4285,4509000,1932000,,,
2024-10-31,wk,2024-10-24,SYNGENE,0.5599,3774000,2113000,,,
2024-10-31,wk,2024-10-24,TATACHEM,0.5856,8500250,4977500,,,
2024-10-31,wk,2024-10-24,TATACOMM,0.381,4258500,1622500,,,
2024-10-31,wk,2024-10-24,TATACONSUM,0.48,12777576,6132744,,,
2024-10-31,wk,2024-10-24,TATAMOTORS,0.3893,91665750,35686200,,,
2024-10-31,wk,2024-10-24,TATAPOWER,0.4389,77174100,33875550,,,
2024-10-31,wk,2024-10-24,TATASTEEL,0.4333,325809000,141185000,,,
2024-10-31,wk,2024-10-24,TCS,0.4434,13385750,5935650,,,
2024-10-31,wk,2024-10-24,TECHM,0.7708,8283600,6384600,,,
2024-10-31,wk,2024-10-24,TITAN,0.4382,9294075,4072600,,,
2024-10-31,wk,2024-10-24,TORNTPHARM,0.5744,620250,356250,,,
2024-10-31,wk,2024-10-24,TRENT,0.5928,4213400,2497600,,,
2024-10-31,wk,2024-10-24,TVSMOTOR,0.4152,8902950,3696350,,,
2024-10-31,wk,2024-10-24,UBL,0.6122,2092000,1280800,,,
2024-10-31,wk,2024-10-24,ULTRACEMCO,0.6554,1788800,1172400,,,
2024-10-31,wk,2024-10-24,UNITDSPR,0.7082,3245200,2298100,,,
2024-10-31,wk,2024-10-24,UPL,0.5198,16160300,8400600,,,
2024-10-31,wk,2024-10-24,VEDL,0.5493,63519100,34891000,,,
2024-10-31,wk,2024-10-24,VOLTAS,0.6737,4607400,3103800,,,
2024-10-31,wk,2024-10-24,WIPRO,0.7422,38770500,28774500,,,
2024-10-31,wk,2024-10-24,ZYDUSLIFE,0.6633,6228900,4131900,,,
2024-11-28,on,2024-11-28,AARTIIND,0.7423,8775000,6514000,500.0,500.0,2024-12-26
2024-11-28,on,2024-11-28,ABB,0.7965,1166875,929375,7500.0,7000.0,2024-12-26
2024-11-28,on,2024-11-28,ABBOTINDIA,0.8085,31640,25580,28000.0,27000.0,2024-12-26
2024-11-28,on,2024-11-28,ABCAPITAL,0.7656,30045600,23004000,200.0,180.0,2024-12-26
2024-11-28,on,2024-11-28,ABFRL,0.9132,10995400,10041200,330.0,300.0,2024-12-26
2024-11-28,on,2024-11-28,ACC,0.9658,3210600,3100800,2400.0,2400.0,2024-12-26
2024-11-28,on,2024-11-28,ADANIENT,0.9367,16767900,15706800,3000.0,3000.0,2024-12-26
2024-11-28,on,2024-11-28,ADANIPORTS,0.7091,21810400,15466000,1200.0,1200.0,2024-12-26
2024-11-28,on,2024-11-28,ALKEM,0.5815,439200,255400,5500.0,5400.0,2024-12-26
2024-11-28,on,2024-11-28,AMBUJACEM,1.0536,16790400,17690400,520.0,520.0,2024-12-26
2024-11-28,on,2024-11-28,APOLLOHOSP,0.5916,1448875,857125,7000.0,7000.0,2024-12-26
2024-11-28,on,2024-11-28,APOLLOTYRE,1.1776,8595200,10121800,520.0,460.0,2024-12-26
2024-11-28,on,2024-11-28,ASHOKLEY,0.9804,28572500,28012500,240.0,220.0,2024-12-26
2024-11-28,on,2024-11-28,ASIANPAINT,0.6671,8688000,5796000,2500.0,2500.0,2024-12-26
2024-11-28,on,2024-11-28,ASTRAL,0.8046,1559016,1254406,1900.0,1800.0,2024-12-26
2024-11-28,on,2024-11-28,ATUL,0.444,141000,62600,8000.0,7000.0,2024-12-26
2024-11-28,on,2024-11-28,AUBANK,0.5836,9751000,5691000,600.0,580.0,2024-12-26
2024-11-28,on,2024-11-28,AUROPHARMA,0.7126,4563900,3252150,1300.0,1240.0,2024-12-26
2024-11-28,on,2024-11-28,AXISBANK,0.488,22838125,11144375,1200.0,1150.0,2024-12-26
2024-11-28,on,2024-11-28,BAJAJ-AUTO,0.4423,2842650,1257225,10000.0,9000.0,2024-12-26
2024-11-28,on,2024-11-28,BAJAJFINSV,0.5451,7495000,4085500,1700.0,1600.0,2024-12-26
2024-11-28,on,2024-11-28,BAJFINANCE,0.7404,4212875,3119125,7000.0,6500.0,2024-12-26
2024-11-28,on,2024-11-28,BALKRISIND,0.5593,738600,413100,2800.0,2800.0,2024-12-26
2024-11-28,on,2024-11-28,BANDHANBNK,0.6987,36153600,25258800,180.0,160.0,2024-12-26
2024-11-28,on,2024-11-28,BANKBARODA,0.8991,59865975,53822925,260.0,260.0,2024-12-26
2024-11-28,on,2024-11-28,BATAINDIA,0.6778,1909875,1294500,1400.0,1300.0,2024-12-26
2024-11-28,on,2024-11-28,BEL,1.0109,56398650,57014250,310.0,300.0,2024-12-26
2024-11-28,on,2024-11-28,BERGEPAINT,0.6502,4864200,3162720,500.0,450.0,2024-12-26
2024-11-28,on,2024-11-28,BHARATFORG,0.6065,4515000,2738500,1400.0,1300.0,2024-12-26
2024-11-28,on,2024-11-28,BHARTIARTL,0.4604,15719175,7236625,1600.0,1500.0,2024-12-26
2024-11-28,on,2024-11-28,BHEL,1.0668,37876125,40406625,250.0,250.0,2024-12-26
2024-11-28,on,2024-11-28,BIOCON,0.9424,16505000,15555000,400.0,350.0,2024-12-26
2024-11-28,on,2024-11-28,BOSCHLTD,1.4137,68350,96625,36000.0,34000.0,2024-12-26
2024-11-28,on,2024-11-28,BPCL,0.4893,35627400,17431200,300.0,300.0,2024-12-26
2024-11-28,on,2024-11-28,BRITANNIA,0.4858,2517100,1222700,5000.0,5000.0,2024-12-26
2024-11-28,on,2024-11-28,BSOFT,0.7345,7033000,5166000,700.0,600.0,2024-12-26
2024-11-28,on,2024-11-28,CANBK,0.8598,129505500,111348000,110.0,100.0,2024-12-26
2024-11-28,on,2024-11-28,CANFINHOME,0.6541,3404700,2226900,900.0,800.0,2024-12-26
2024-11-28,on,2024-11-28,CHAMBLFERT,0.6391,7797600,4983700,500.0,450.0,2024-12-26
2024-11-28,on,2024-11-28,CHOLAFIN,0.6866,2845625,1953750,1300.0,1200.0,2024-12-26
2024-11-28,on,2024-11-28,CIPLA,0.7293,4391075,3202225,1500.0,1500.0,2024-12-26
2024-11-28,on,2024-11-28,COALINDIA,0.6001,38019450,22815450,420.0,420.0,2024-12-26
2024-11-28,on,2024-11-28,COFORGE,1.1018,1487025,1638450,9000.0,8000.0,2024-12-26
2024-11-28,on,2024-11-28,COLPAL,0.6296,1951600,1228675,3100.0,3000.0,2024-12-26
2024-11-28,on,2024-11-28,CONCOR,0.7518,8477000,6373000,900.0,800.0,2024-12-26
2024-11-28,on,2024-11-28,COROMANDEL,1.0051,756700,760550,1800.0,1700.0,2024-12-26
2024-11-28,on,2024-11-28,CROMPTON,1.1939,4984200,5950800,420.0,400.0,2024-12-26
2024-11-28,on,2024-11-28,CUB,0.6388,21580000,13785000,180.0,180.0,2024-12-26
2024-11-28,on,2024-11-28,CUMMINSIND,0.699,1058400,739800,3500.0,3500.0,2024-12-26
2024-11-28,on,2024-11-28,DABUR,0.6029,10748750,6480000,550.0,500.0,2024-12-26
2024-11-28,on,2024-11-28,DALBHARAT,1.4251,503250,717200,1900.0,1800.0,2024-12-26
2024-11-28,on,2024-11-28,DEEPAKNTR,0.905,1405500,1272000,3000.0,2700.0,2024-12-26
2024-11-28,on,2024-11-28,DIVISLAB,0.9357,934700,874600,6100.0,6000.0,2024-12-26
2024-11-28,on,2024-11-28,DIXON,0.8429,1593900,1343550,16000.0,14000.0,2024-12-26
2024-11-28,on,2024-11-28,DLF,0.8007,14658600,11737275,830.0,800.0,2024-12-26
2024-11-28,on,2024-11-28,DRREDDY,0.5661,5713125,3234375,1300.0,1200.0,2024-12-26
2024-11-28,on,2024-11-28,EICHERMOT,0.745,2219000,1653225,5000.0,4500.0,2024-12-26
2024-11-28,on,2024-11-28,ESCORTS,0.7193,892100,641650,3700.0,3300.0,2024-12-26
2024-11-28,on,2024-11-28,EXIDEIND,0.7981,20197800,16120800,450.0,450.0,2024-12-26
2024-11-28,on,2024-11-28,FEDERALBNK,0.9267,52965000,49085000,230.0,200.0,2024-12-26
2024-11-28,on,2024-11-28,GAIL,0.6175,61831125,38178375,200.0,200.0,2024-12-26
2024-11-28,on,2024-11-28,GLENMARK,0.7679,2858675,2195150,1600.0,1500.0,2024-12-26
2024-11-28,on,2024-11-28,GMRINFRA,0.9324,109158750,101784375,90.0,90.0,2024-12-26
2024-11-28,on,2024-11-28,GNFC,0.899,4426500,3979300,600.0,590.0,2024-12-26
2024-11-28,on,2024-11-28,GODREJCP,0.7588,1469500,1115000,1300.0,1200.0,2024-12-26
2024-11-28,on,2024-11-28,GODREJPROP,0.5497,2526075,1388475,3000.0,2800.0,2024-12-26
2024-11-28,on,2024-11-28,GRANULES,0.6883,4238000,2917000,600.0,580.0,2024-12-26
2024-11-28,on,2024-11-28,GRASIM,0.7092,2249750,1595500,2700.0,2400.0,2024-12-26
2024-11-28,on,2024-11-28,GUJGASLTD,0.5793,8905000,5158750,470.0,470.0,2024-12-26
2024-11-28,on,2024-11-28,HAL,1.0416,4135800,4307700,4500.0,4500.0,2024-12-26
2024-11-28,on,2024-11-28,HAVELLS,1.0002,2230000,2230500,1800.0,1600.0,2024-12-26
2024-11-28,on,2024-11-28,HCLTECH,0.5744,7381150,4239550,1900.0,1800.0,2024-12-26
2024-11-28,on,2024-11-28,HDFCAMC,0.6825,746100,509250,4500.0,4000.0,2024-12-26
2024-11-28,on,2024-11-28,HDFCBANK,0.7233,52758200,38157900,1800.0,1700.0,2024-12-26
2024-11-28,on,2024-11-28,HDFCLIFE,0.3914,20267500,7933200,700.0,650.0,2024-12-26
2024-11-28,on,2024-11-28,HEROMOTOCO,0.6684,2498100,1669650,5000.0,4800.0,2024-12-26
2024-11-28,on,2024-11-28,HINDALCO,0.5764,25779600,14859600,700.0,660.0,2024-12-26
2024-11-28,on,2024-11-28,HINDCOPPER,0.9226,8829800,8146100,300.0,280.0,2024-12-26
2024-11-28,on,2024-11-28,HINDPETRO,0.7169,19233450,13788225,400.0,380.0,2024-12-26
2024-11-28,on,2024-11-28,HINDUNILVR,0.6553,5599200,3669300,2600.0,2500.0,2024-12-26
2024-11-28,on,2024-11-28,ICICIBANK,0.5783,25542300,14772100,1300.0,1300.0,2024-12-26
2024-11-28,on,2024-11-28,ICICIGI,1.023,685000,700750,1900.0,2000.0,2024-12-26
2024-11-28,on,2024-11-28,ICICIPRULI,0.6212,3786000,2352000,700.0,650.0,2024-12-26
2024-11-28,on,2024-11-28,IDEA,0.6203,1155360000,716680000,8.0,8.0,2024-12-26
2024-11-28,on,2024-11-28,IDFCFIRSTB,0.6431,137610000,88492500,70.0,65.0,2024-12-26
2024-11-28,on,2024-11-28,IEX,0.7041,31023750,21843750,200.0,170.0,2024-12-26
2024-11-28,on,2024-11-28,IGL,0.4943,25767500,12738000,400.0,320.0,2024-12-26
2024-11-28,on,2024-11-28,INDHOTEL,1.0149,10447000,10603000,800.0,750.0,2024-12-26
2024-11-28,on,2024-11-28,INDIAMART,0.6345,924300,586500,2500.0,2200.0,2024-12-26
2024-11-28,on,2024-11-28,INDIGO,0.9889,1938450,1916850,4500.0,4200.0,2024-12-26
2024-11-28,on,2024-11-28,INDUSINDBK,0.5822,21922500,12763500,1100.0,1000.0,2024-12-26
2024-11-28,on,2024-11-28,INDUSTOWER,0.8141,25540800,20792700,350.0,350.0,2024-12-26
2024-11-28,on,2024-11-28,INFY,0.698,20688000,14439200,2000.0,1800.0,2024-12-26
2024-11-28,on,2024-11-28,IOC,0.5857,96968625,56798625,140.0,140.0,2024-12-26
2024-11-28,on,2024-11-28,IPCALAB,0.5316,2016300,1071850,1600.0,1500.0,2024-12-26
2024-11-28,on,2024-11-28,IRCTC,0.7553,8828750,6668375,900.0,900.0,2024-12-26
2024-11-28,on,2024-11-28,ITC,0.5463,49376000,26976000,500.0,480.0,2024-12-26
2024-11-28,on,2024-11-28,JINDALSTEL,0.8828,6336875,5594375,900.0,900.0,2024-12-26
2024-11-28,on,2024-11-28,JKCEMENT,0.9383,131625,123500,4200.0,4150.0,2024-12-26
2024-11-28,on,2024-11-28,JSWSTEEL,0.6528,7495875,4893075,1000.0,960.0,2024-12-26
2024-11-28,on,2024-11-28,JUBLFOOD,0.9786,7527500,7366250,650.0,650.0,2024-12-26
2024-11-28,on,2024-11-28,KOTAKBANK,0.7405,9375200,6942000,1900.0,1800.0,2024-12-26
2024-11-28,on,2024-11-28,LALPATHLAB,0.984,440550,433500,3100.0,3100.0,2024-12-26
2024-11-28,on,2024-11-28,LAURUSLABS,0.9495,9467300,8989600,550.0,500.0,2024-12-26
2024-11-28,on,2024-11-28,LICHSGFIN,0.937,6825000,6395000,650.0,600.0,2024-12-26
2024-11-28,on,2024-11-28,LT,0.6226,6139050,3822150,3700.0,3600.0,2024-12-26
2024-11-28,on,2024-11-28,LTF,0.6471,38297346,24781948,150.0,140.0,2024-12-26
2024-11-28,on,2024-11-28,LTIM,0.6873,773850,531900,6500.0,6000.0,2024-12-26
2024-11-28,on,2024-11-28,LTTS,0.8169,578300,472400,5500.0,4700.0,2024-12-26
2024-11-28,on,2024-11-28,LUPIN,0.5214,5118700,2669000,2100.0,2000.0,2024-12-26
2024-11-28,on,2024-11-28,M&M,0.7161,8512700,6095600,3000.0,2900.0,2024-12-26
2024-11-28,on,2024-11-28,M&MFIN,0.7142,8788000,6276000,280.0,280.0,2024-12-26
2024-11-28,on,2024-11-28,MANAPPURAM,0.7659,17919000,13725000,160.0,140.0,2024-12-26
2024-11-28,on,2024-11-28,MARICO,0.7266,6061200,4404000,660.0,600.0,2024-12-26
2024-11-28,on,2024-11-28,MARUTI,0.3933,2744450,1079400,12000.0,11000.0,2024-12-26
2024-11-28,on,2024-11-28,MCX,0.6241,1259400,786000,6500.0,6000.0,2024-12-26
2024-11-28,on,2024-11-28,METROPOLIS,0.6485,645200,418400,2200.0,2000.0,2024-12-26
2024-11-28,on,2024-11-28,MFSL,0.6308,2880000,1816800,1200.0,1100.0,2024-12-26
2024-11-28,on,2024-11-28,MGL,0.6767,3231200,2186400,1200.0,1100.0,2024-12-26
2024-11-28,on,2024-11-28,MOTHERSON,0.4445,75618550,33614950,170.0,160.0,2024-12-26
2024-11-28,on,2024-11-28,MPHASIS,0.9477,962500,912175,3000.0,2800.0,2024-12-26
2024-11-28,on,2024-11-28,MRF,0.8142,18410,14990,130000.0,130000.0,2024-12-26
2024-11-28,on,2024-11-28,MUTHOOTFIN,0.9385,1225675,1150325,2000.0,1900.0,2024-12-26
2024-11-28,on,2024-11-28,NATIONALUM,0.9087,37297500,33892500,250.0,250.0,2024-12-26
2024-11-28,on,2024-11-28,NAUKRI,0.839,579975,486600,8500.0,8000.0,2024-12-26
2024-11-28,on,2024-11-28,NAVINFLUOR,0.8429,428750,361375,3600.0,3600.0,2024-12-26
2024-11-28,on,2024-11-28,NESTLEIND,0.7085,2229000,1579200,2400.0,2200.0,2024-12-26
2024-11-28,on,2024-11-28,NMDC,0.7517,45886500,34492500,250.0,250.0,2024-12-26
2024-11-28,on,2024-11-28,NTPC,0.2942,82237500,24195000,400.0,360.0,2024-12-26
2024-11-28,on,2024-11-28,OBEROIRLTY,0.6137,2139200,1312850,2000.0,1900.0,2024-12-26
2024-11-28,on,2024-11-28,OFSS,0.9937,322850,320800,12000.0,11500.0,2024-12-26
2024-11-28,on,2024-11-28,ONGC,0.3393,91483700,31044475,284.0,250.0,2024-12-26
2024-11-28,on,2024-11-28,PAGEIND,0.6317,52215,32985,47000.0,44000.0,2024-12-26
2024-11-28,on,2024-11-28,PEL,1.152,4277250,4927500,1200.0,1000.0,2024-12-26
2024-11-28,on,2024-11-28,PERSISTENT,0.821,946900,777400,6000.0,5700.0,2024-12-26
2024-11-28,on,2024-11-28,PETRONET,1.2254,9157500,11221500,340.0,320.0,2024-12-26
2024-11-28,on,2024-11-28,PFC,1.0763,22955400,24706500,500.0,500.0,2024-12-26
2024-11-28,on,2024-11-28,PIDILITIND,0.472,982500,463750,3200.0,3000.0,2024-12-26
2024-11-28,on,2024-11-28,PIIND,0.6119,778375,476250,4200.0,4100.0,2024-12-26
2024-11-28,on,2024-11-28,PNB,0.8698,123640000,107536000,120.0,100.0,2024-12-26
2024-11-28,on,2024-11-28,POLYCAB,0.957,956000,914875,7200.0,7000.0,2024-12-26
2024-11-28,on,2024-11-28,POWERGRID,0.9791,28589400,27991800,350.0,300.0,2024-12-26
2024-11-28,on,2024-11-28,PVRINOX,0.6914,3109887,2150181,1600.0,1500.0,2024-12-26
2024-11-28,on,2024-11-28,RAMCOCEM,1.1646,2019600,2351950,1000.0,900.0,2024-12-26
2024-11-28,on,2024-11-28,RBLBANK,0.5973,21467500,12822500,160.0,150.0,2024-12-26
2024-11-28,on,2024-11-28,RECLTD,0.8051,26143000,21049000,550.0,500.0,2024-12-26
2024-11-28,on,2024-11-28,RELIANCE,0.6759,88804500,60023000,1300.0,1300.0,2024-12-26
2024-11-28,on,2024-11-28,SAIL,0.743,61048000,45360000,120.0,145.0,2024-12-26
2024-11-28,on,2024-11-28,SBICARD,0.8099,6998400,5668000,700.0,700.0,2024-12-26
2024-11-28,on,2024-11-28,SBILIFE,0.4043,7060125,2854500,1500.0,1400.0,2024-12-26
2024-11-28,on,2024-11-28,SBIN,0.7306,58399500,42666000,900.0,800.0,2024-12-26
2024-11-28,on,2024-11-28,SHREECEM,1.3644,32725,44650,26000.0,24000.0,2024-12-26
2024-11-28,on,2024-11-28,SHRIRAMFIN,0.6962,1797750,1251600,3100.0,3000.0,2024-12-26
2024-11-28,on,2024-11-28,SIEMENS,0.7947,1053000,836850,7500.0,7000.0,2024-12-26
2024-11-28,on,2024-11-28,SRF,0.9164,1650750,1512750,2300.0,2200.0,2024-12-26
2024-11-28,on,2024-11-28,SUNPHARMA,0.3887,6849500,2662450,1800.0,1700.0,2024-12-26
2024-11-28,on,2024-11-28,SUNTV,0.8684,1761000,1529250,750.0,700.0,2024-12-26
2024-11-28,on,2024-11-28,SYNGENE,0.638,2970000,1895000,950.0,900.0,2024-12-26
2024-11-28,on,2024-11-28,TATACHEM,0.5864,4422000,2593250,1200.0,1100.0,2024-12-26
2024-11-28,on,2024-11-28,TATACOMM,0.7522,1419250,1067500,1900.0,1700.0,2024-12-26
2024-11-28,on,2024-11-28,TATACONSUM,0.5577,6459696,3602400,1000.0,940.0,2024-12-26
2024-11-28,on,2024-11-28,TATAMOTORS,0.5646,57949650,32717300,800.0,800.0,2024-12-26
2024-11-28,on,2024-11-28,TATAPOWER,0.6708,44524350,29867400,420.0,420.0,2024-12-26
2024-11-28,on,2024-11-28,TATASTEEL,0.5285,269863000,142609500,160.0,140.0,2024-12-26
2024-11-28,on,2024-11-28,TCS,0.8912,5469450,4874625,4400.0,4000.0,2024-12-26
2024-11-28,on,2024-11-28,TECHM,0.8066,5278200,4257600,1800.0,1600.0,2024-12-26
2024-11-28,on,2024-11-28,TITAN,0.9201,3601325,3313625,3300.0,3100.0,2024-12-26
2024-11-28,on,2024-11-28,TORNTPHARM,0.9062,343750,311500,3300.0,3200.0,2024-12-26
2024-11-28,on,2024-11-28,TRENT,0.7507,2602400,1953600,7000.0,6400.0,2024-12-26
2024-11-28,on,2024-11-28,TVSMOTOR,0.589,2218300,1306550,2500.0,2300.0,2024-12-26
2024-11-28,on,2024-11-28,UBL,0.6681,749600,500800,2100.0,2000.0,2024-12-26
2024-11-28,on,2024-11-28,ULTRACEMCO,0.7498,591400,443450,11500.0,11000.0,2024-12-26
2024-11-28,on,2024-11-28,UNITDSPR,0.7867,1353450,1064700,1600.0,1500.0,2024-12-26
2024-11-28,on,2024-11-28,UPL,1.0484,11797985,12368440,575.55,556.35,2024-12-26
2024-11-28,on,2024-11-28,VEDL,0.7953,30349650,24136200,500.0,450.0,2024-12-26
2024-11-28,on,2024-11-28,VOLTAS,0.7786,2974200,2315700,1700.0,1600.0,2024-12-26
2024-11-28,on,2024-11-28,WIPRO,0.819,29074500,23812500,600.0,580.0,2024-12-26
2024-11-28,on,2024-11-28,ZYDUSLIFE,0.7251,4911300,3561300,1000.0,940.0,2024-12-26
2024-11-28,wk,2024-11-21,AARTIIND,0.7059,11113000,7845000,,,
2024-11-28,wk,2024-11-21,ABB,0.4734,2148250,1016875,,,
2024-11-28,wk,2024-11-21,ABBOTINDIA,0.6117,44760,27380,,,
2024-11-28,wk,2024-11-21,ABCAPITAL,0.6559,35591400,23344200,,,
2024-11-28,wk,2024-11-21,ABFRL,0.8346,11273600,9409400,,,
2024-11-28,wk,2024-11-21,ACC,1.096,2822100,3093000,,,
2024-11-28,wk,2024-11-21,ADANIENT,0.6266,20019600,12544200,,,
2024-11-28,wk,2024-11-21,ADANIPORTS,0.7007,16587600,11623600,,,
2024-11-28,wk,2024-11-21,ALKEM,0.6965,490200,341400,,,
2024-11-28,wk,2024-11-21,AMBUJACEM,0.9226,15678900,14464800,,,
2024-11-28,wk,2024-11-21,APOLLOHOSP,0.3652,2576375,941000,,,
2024-11-28,wk,2024-11-21,APOLLOTYRE,0.9776,9805600,9586300,,,
2024-11-28,wk,2024-11-21,ASHOKLEY,0.7949,32957500,26197500,,,
2024-11-28,wk,2024-11-21,ASIANPAINT,0.6272,11709000,7343400,,,
2024-11-28,wk,2024-11-21,ASTRAL,0.8585,1507269,1294042,,,
2024-11-28,wk,2024-11-21,ATUL,0.4113,161700,66500,,,
2024-11-28,wk,2024-11-21,AUBANK,0.4965,10580000,5253000,,,
2024-11-28,wk,2024-11-21,AUROPHARMA,0.5733,4504500,2582250,,,
2024-11-28,wk,2024-11-21,AXISBANK,0.5405,19122500,10335625,,,
2024-11-28,wk,2024-11-21,BAJAJ-AUTO,0.3896,2849625,1110075,,,
2024-11-28,wk,2024-11-21,BAJAJFINSV,0.4319,7252500,3132000,,,
2024-11-28,wk,2024-11-21,BAJFINANCE,0.5968,4764125,2843125,,,
2024-11-28,wk,2024-11-21,BALKRISIND,0.3654,1137900,415800,,,
2024-11-28,wk,2024-11-21,BANDHANBNK,0.6674,34616400,23102800,,,
2024-11-28,wk,2024-11-21,BANKBARODA,0.6767,77281425,52293150,,,
2024-11-28,wk,2024-11-21,BATAINDIA,0.7556,1924125,1453875,,,
2024-11-28,wk,2024-11-21,BEL,0.6021,73042650,43975500,,,
2024-11-28,wk,2024-11-21,BERGEPAINT,0.5939,4927560,2926440,,,
2024-11-28,wk,2024-11-21,BHARATFORG,0.633,5109000,3234000,,,
2024-11-28,wk,2024-11-21,BHARTIARTL,0.3844,16052150,6170250,,,
2024-11-28,wk,2024-11-21,BHEL,0.7091,47404875,33615750,,,
2024-11-28,wk,2024-11-21,BIOCON,0.7545,16232500,12247500,,,
2024-11-28,wk,2024-11-21,BOSCHLTD,0.595,114625,68200,,,
2024-11-28,wk,2024-11-21,BPCL,0.4944,33678000,16650000,,,
2024-11-28,wk,2024-11-21,BRITANNIA,0.3464,4485400,1553800,,,
2024-11-28,wk,2024-11-21,BSOFT,0.7724,5210000,4024000,,,
2024-11-28,wk,2024-11-21,CANBK,0.6803,144956250,98610750,,,
2024-11-28,wk,2024-11-21,CANFINHOME,0.5226,3792750,1982175,,,
2024-11-28,wk,2024-11-21,CHAMBLFERT,0.5039,10554500,5318100,,,
2024-11-28,wk,2024-11-21,CHOLAFIN,0.5671,3358125,1904375,,,
2024-11-28,wk,2024-11-21,CIPLA,0.6146,5631600,3461250,,,
2024-11-28,wk,2024-11-21,COALINDIA,0.5458,33820500,18457950,,,
2024-11-28,wk,2024-11-21,COFORGE,1.191,1572225,1872450,,,
2024-11-28,wk,2024-11-21,COLPAL,0.4948,1935500,957775,,,
2024-11-28,wk,2024-11-21,CONCOR,0.6844,8599000,5885000,,,
2024-11-28,wk,2024-11-21,COROMANDEL,0.6727,831950,559650,,,
2024-11-28,wk,2024-11-21,CROMPTON,0.7662,6674400,5113800,,,
2024-11-28,wk,2024-11-21,CUB,0.5564,23760000,13220000,,,
2024-11-28,wk,2024-11-21,CUMMINSIND,0.5735,1758000,1008150,,,
2024-11-28,wk,2024-11-21,DABUR,0.4987,13177500,6571250,,,
2024-11-28,wk,2024-11-21,DALBHARAT,1.0731,537900,577225,,,
2024-11-28,wk,2024-11-21,DEEPAKNTR,0.8458,1938300,1639500,,,
2024-11-28,wk,2024-11-21,DIVISLAB,0.9173,1540100,1412700,,,
2024-11-28,wk,2024-11-21,DIXON,0.6095,2311650,1409000,,,
2024-11-28,wk,2024-11-21,DLF,0.4847,21218175,10283625,,,
2024-11-28,wk,2024-11-21,DRREDDY,0.5163,6425625,3317500,,,
2024-11-28,wk,2024-11-21,EICHERMOT,0.8871,2608025,2313500,,,
2024-11-28,wk,2024-11-21,ESCORTS,0.5982,1160500,694250,,,
2024-11-28,wk,2024-11-21,EXIDEIND,0.5819,22892400,13320000,,,
2024-11-28,wk,2024-11-21,FEDERALBNK,0.8647,56055000,48470000,,,
2024-11-28,wk,2024-11-21,GAIL,0.5244,72115725,37816950,,,
2024-11-28,wk,2024-11-21,GLENMARK,0.5626,4407275,2479500,,,
2024-11-28,wk,2024-11-21,GMRINFRA,0.7329,112651875,82563750,,,
2024-11-28,wk,2024-11-21,GNFC,0.8993,4816500,4331600,,,
2024-11-28,wk,2024-11-21,GODREJCP,0.497,1892500,940500,,,
2024-11-28,wk,2024-11-21,GODREJPROP,0.5201,2282400,1187100,,,
2024-11-28,wk,2024-11-21,GRANULES,0.6669,4722000,3149000,,,
2024-11-28,wk,2024-11-21,GRASIM,0.7565,3039500,2299500,,,
2024-11-28,wk,2024-11-21,GUJGASLTD,0.5896,9953750,5868750,,,
2024-11-28,wk,2024-11-21,HAL,0.589,7664250,4513950,,,
2024-11-28,wk,2024-11-21,HAVELLS,0.8212,2682500,2203000,,,
2024-11-28,wk,2024-11-21,HCLTECH,0.6286,7157500,4498900,,,
2024-11-28,wk,2024-11-21,HDFCAMC,0.6286,1017450,639600,,,
2024-11-28,wk,2024-11-21,HDFCBANK,0.5154,45408550,23403600,,,
2024-11-28,wk,2024-11-21,HDFCLIFE,0.3052,17075300,5211800,,,
2024-11-28,wk,2024-11-21,HEROMOTOCO,0.5237,3504900,1835400,,,
2024-11-28,wk,2024-11-21,HINDALCO,0.4534,39303600,17819200,,,
2024-11-28,wk,2024-11-21,HINDCOPPER,1.0859,7589600,8241500,,,
2024-11-28,wk,2024-11-21,HINDPETRO,0.5652,21689775,12259350,,,
2024-11-28,wk,2024-11-21,HINDUNILVR,0.5209,6704400,3492300,,,
2024-11-28,wk,2024-11-21,ICICIBANK,0.4337,35476700,15386700,,,
2024-11-28,wk,2024-11-21,ICICIGI,0.731,675750,494000,,,
2024-11-28,wk,2024-11-21,ICICIPRULI,0.546,4152750,2267250,,,
2024-11-28,wk,2024-11-21,IDEA,0.5319,860880000,457880000,,,
2024-11-28,wk,2024-11-21,IDFCFIRSTB,0.6222,118380000,73657500,,,
2024-11-28,wk,2024-11-21,IEX,0.5316,34391250,18281250,,,
2024-11-28,wk,2024-11-21,IGL,0.4749,31535625,14976500,,,
2024-11-28,wk,2024-11-21,INDHOTEL,1.0437,14157000,14776000,,,
2024-11-28,wk,2024-11-21,INDIAMART,0.4402,1245000,548100,,,
2024-11-28,wk,2024-11-21,INDIGO,0.7345,2560800,1881000,,,
2024-11-28,wk,2024-11-21,INDUSINDBK,0.4847,24625500,11937000,,,
2024-11-28,wk,2024-11-21,INDUSTOWER,0.5935,29138000,17292400,,,
2024-11-28,wk,2024-11-21,INFY,0.6831,19876800,13578400,,,
2024-11-28,wk,2024-11-21,IOC,0.5157,99776625,51455625,,,
2024-11-28,wk,2024-11-21,IPCALAB,0.8024,1559350,1251250,,,
2024-11-28,wk,2024-11-21,IRCTC,0.7272,9536625,6935250,,,
2024-11-28,wk,2024-11-21,ITC,0.4299,53148800,22849600,,,
2024-11-28,wk,2024-11-21,JINDALSTEL,0.6631,8073125,5353125,,,
2024-11-28,wk,2024-11-21,JKCEMENT,0.6693,160250,107250,,,
2024-11-28,wk,2024-11-21,JSWSTEEL,0.6659,8639325,5753025,,,
2024-11-28,wk,2024-11-21,JUBLFOOD,0.7193,9012500,6482500,,,
2024-11-28,wk,2024-11-21,KOTAKBANK,0.7391,9215600,6810800,,,
2024-11-28,wk,2024-11-21,LALPATHLAB,0.8204,570300,467850,,,
2024-11-28,wk,2024-11-21,LAURUSLABS,0.7667,6966600,5341400,,,
2024-11-28,wk,2024-11-21,LICHSGFIN,0.7304,7514000,5488000,,,
2024-11-28,wk,2024-11-21,LT,0.5067,6754650,3422850,,,
2024-11-28,wk,2024-11-21,LTF,0.5757,36218054,20850926,,,
2024-11-28,wk,2024-11-21,LTIM,0.714,752100,537000,,,
2024-11-28,wk,2024-11-21,LTTS,0.8392,450300,377900,,,
2024-11-28,wk,2024-11-21,LUPIN,0.4671,6416650,2997525,,,
2024-11-28,wk,2024-11-21,M&M,0.7475,7133175,5332250,,,
2024-11-28,wk,2024-11-21,M&MFIN,0.5419,10334000,5600000,,,
2024-11-28,wk,2024-11-21,MANAPPURAM,0.7555,18414000,13911000,,,
2024-11-28,wk,2024-11-21,MARICO,0.3692,8625600,3184800,,,
2024-11-28,wk,2024-11-21,MARUTI,0.32,3822200,1223200,,,
2024-11-28,wk,2024-11-21,MCX,0.5103,1743400,889600,,,
2024-11-28,wk,2024-11-21,METROPOLIS,0.4062,885200,359600,,,
2024-11-28,wk,2024-11-21,MFSL,0.6543,2055200,1344800,,,
2024-11-28,wk,2024-11-21,MGL,0.5663,4334400,2454400,,,
2024-11-28,wk,2024-11-21,MOTHERSON,0.5003,73303950,36671500,,,
2024-11-28,wk,2024-11-21,MPHASIS,0.5425,1526800,828300,,,
2024-11-28,wk,2024-11-21,MRF,0.7419,28960,21485,,,
2024-11-28,wk,2024-11-21,MUTHOOTFIN,0.8701,1688775,1469325,,,
2024-11-28,wk,2024-11-21,NATIONALUM,1.0104,53771250,54330000,,,
2024-11-28,wk,2024-11-21,NAUKRI,0.6175,587775,362925,,,
2024-11-28,wk,2024-11-21,NAVINFLUOR,0.5424,567875,308000,,,
2024-11-28,wk,2024-11-21,NESTLEIND,0.7106,2343000,1665000,,,
2024-11-28,wk,2024-11-21,NMDC,0.6585,58297500,38389500,,,
2024-11-28,wk,2024-11-21,NTPC,0.2564,80982000,20764500,,,
2024-11-28,wk,2024-11-21,OBEROIRLTY,0.4646,3375400,1568350,,,
2024-11-28,wk,2024-11-21,OFSS,0.7737,462350,357700,,,
2024-11-28,wk,2024-11-21,ONGC,0.2807,98819875,27739250,,,
2024-11-28,wk,2024-11-21,PAGEIND,0.5711,86235,49245,,,
2024-11-28,wk,2024-11-21,PEL,0.6961,3262500,2271000,,,
2024-11-28,wk,2024-11-21,PERSISTENT,0.7597,1061700,806600,,,
2024-11-28,wk,2024-11-21,PETRONET,1.1761,9831000,11562000,,,
2024-11-28,wk,2024-11-21,PFC,0.7754,33255300,25786800,,,
2024-11-28,wk,2024-11-21,PIDILITIND,0.4774,1021250,487500,,,
2024-11-28,wk,2024-11-21,PIIND,0.8107,737625,598000,,,
2024-11-28,wk,2024-11-21,PNB,0.6568,130896000,85976000,,,
2024-11-28,wk,2024-11-21,POLYCAB,0.7645,1208000,923500,,,
2024-11-28,wk,2024-11-21,POWERGRID,0.7955,30515400,24274800,,,
2024-11-28,wk,2024-11-21,PVRINOX,0.3943,3888885,1533576,,,
2024-11-28,wk,2024-11-21,RAMCOCEM,0.7143,2663050,1902300,,,
2024-11-28,wk,2024-11-21,RBLBANK,0.5835,19837500,11575000,,,
2024-11-28,wk,2024-11-21,RECLTD,0.5825,37907000,22082000,,,
2024-11-28,wk,2024-11-21,RELIANCE,0.5129,112584500,57747500,,,
2024-11-28,wk,2024-11-21,SAIL,0.5904,60992000,36008000,,,
2024-11-28,wk,2024-11-21,SBICARD,0.5007,12134400,6076000,,,
2024-11-28,wk,2024-11-21,SBILIFE,0.3126,5954625,1861125,,,
2024-11-28,wk,2024-11-21,SBIN,0.4221,96977250,40938750,,,
2024-11-28,wk,2024-11-21,SHREECEM,1.0978,47275,51900,,,
2024-11-28,wk,2024-11-21,SHRIRAMFIN,0.5203,2280750,1186650,,,
2024-11-28,wk,2024-11-21,SIEMENS,0.5137,697125,358125,,,
2024-11-28,wk,2024-11-21,SRF,0.8136,1782750,1450500,,,
2024-11-28,wk,2024-11-21,SUNPHARMA,0.3786,7740950,2930900,,,
2024-11-28,wk,2024-11-21,SUNTV,0.7261,2245500,1630500,,,
2024-11-28,wk,2024-11-21,SYNGENE,0.5042,2029000,1023000,,,
2024-11-28,wk,2024-11-21,TATACHEM,0.4259,6342050,2701050,,,
2024-11-28,wk,2024-11-21,TATACOMM,0.73,1492750,1089750,,,
2024-11-28,wk,2024-11-21,TATACONSUM,0.5247,6278664,3294144,,,
2024-11-28,wk,2024-11-21,TATAMOTORS,0.4866,70052950,34091200,,,
2024-11-28,wk,2024-11-21,TATAPOWER,0.5254,55448550,29131650,,,
2024-11-28,wk,2024-11-21,TATASTEEL,0.3928,311360500,122287000,,,
2024-11-28,wk,2024-11-21,TCS,0.6959,6210050,4321275,,,
2024-11-28,wk,2024-11-21,TECHM,0.7754,5659800,4388400,,,
2024-11-28,wk,2024-11-21,TITAN,0.6676,4458650,2976400,,,
2024-11-28,wk,2024-11-21,TORNTPHARM,0.6319,410250,259250,,,
2024-11-28,wk,2024-11-21,TRENT,0.4587,4742500,2175500,,,
2024-11-28,wk,2024-11-21,TVSMOTOR,0.456,2797900,1275750,,,
2024-11-28,wk,2024-11-21,UBL,0.3229,1163200,375600,,,
2024-11-28,wk,2024-11-21,ULTRACEMCO,0.6247,595600,372050,,,
2024-11-28,wk,2024-11-21,UNITDSPR,0.641,1907150,1222550,,,
2024-11-28,wk,2024-11-21,UPL,0.9933,15693600,15588300,,,
2024-11-28,wk,2024-11-21,VEDL,0.6691,39923400,26714500,,,
2024-11-28,wk,2024-11-21,VOLTAS,0.673,3845400,2588100,,,
2024-11-28,wk,2024-11-21,WIPRO,0.5623,33387000,18774000,,,
2024-11-28,wk,2024-11-21,ZYDUSLIFE,0.6425,5211900,3348900,,,
2024-12-26,on,2024-12-26,AARTIIND,0.6649,8767000,5829000,450.0,400.0,2025-01-30
2024-12-26,on,2024-12-26,ABB,0.4838,1298125,628000,8000.0,7000.0,2025-01-30
2024-12-26,on,2024-12-26,ABBOTINDIA,0.4893,26160,12800,30000.0,27000.0,2025-01-30
2024-12-26,on,2024-12-26,ABCAPITAL,0.8811,21667500,19091700,200.0,170.0,2025-01-30
2024-12-26,on,2024-12-26,ABFRL,0.5626,12459200,7009600,300.0,280.0,2025-01-30
2024-12-26,on,2024-12-26,ACC,0.8277,3012300,2493300,2400.0,2400.0,2025-01-30
2024-12-26,on,2024-12-26,ADANIENSOL,0.7407,3254375,2410625,800.0,700.0,2025-01-30
2024-12-26,on,2024-12-26,ADANIENT,1.0262,11693700,12000000,2800.0,2800.0,2025-01-30
2024-12-26,on,2024-12-26,ADANIGREEN,0.4871,9192750,4477875,1100.0,1000.0,2025-01-30
2024-12-26,on,2024-12-26,ADANIPORTS,0.6287,14801600,9305200,1300.0,1200.0,2025-01-30
2024-12-26,on,2024-12-26,ALKEM,0.4711,391000,184200,5500.0,5400.0,2025-01-30
2024-12-26,on,2024-12-26,AMBUJACEM,0.8339,10775700,8985600,600.0,600.0,2025-01-30
2024-12-26,on,2024-12-26,ANGELONE,0.4441,2527600,1122600,3000.0,2500.0,2025-01-30
2024-12-26,on,2024-12-26,APLAPOLLO,0.7438,2077950,1545600,1680.0,1500.0,2025-01-30
2024-12-26,on,2024-12-26,APOLLOHOSP,1.1286,723875,817000,7300.0,7000.0,2025-01-30
2024-12-26,on,2024-12-26,APOLLOTYRE,0.8664,6567100,5689900,550.0,500.0,2025-01-30
2024-12-26,on,2024-12-26,ASHOKLEY,0.5024,37957500,19070000,250.0,210.0,2025-01-30
2024-12-26,on,2024-12-26,ASIANPAINT,0.5595,10426000,5833400,2500.0,2300.0,2025-01-30
2024-12-26,on,2024-12-26,ASTRAL,0.5135,1848946,949429,1700.0,1700.0,2025-01-30
2024-12-26,on,2024-12-26,ATGL,0.3755,4698050,1763900,700.0,700.0,2025-01-30
2024-12-26,on,2024-12-26,ATUL,0.4161,181700,75600,7200.0,7000.0,2025-01-30
2024-12-26,on,2024-12-26,AUBANK,0.6119,9154000,5601000,600.0,550.0,2025-01-30
2024-12-26,on,2024-12-26,AUROPHARMA,0.9219,3758700,3465000,1300.0,1260.0,2025-01-30
2024-12-26,on,2024-12-26,AXISBANK,0.4629,29274375,13551250,1200.0,1100.0,2025-01-30
2024-12-26,on,2024-12-26,BAJAJ-AUTO,0.4794,1958775,939000,10000.0,9000.0,2025-01-30
2024-12-26,on,2024-12-26,BAJAJFINSV,0.4668,8471500,3954500,1700.0,1600.0,2025-01-30
2024-12-26,on,2024-12-26,BAJFINANCE,0.8023,3773625,3027625,7500.0,7000.0,2025-01-30
2024-12-26,on,2024-12-26,BALKRISIND,0.6188,597300,369600,2900.0,2700.0,2025-01-30
2024-12-26,on,2024-12-26,BANDHANBNK,0.7031,36579200,25718000,170.0,160.0,2025-01-30
2024-12-26,on,2024-12-26,BANKBARODA,0.8666,53825850,46644975,260.0,260.0,2025-01-30
2024-12-26,on,2024-12-26,BANKINDIA,1.2721,21529150,27386700,105.0,100.0,2025-01-30
2024-12-26,on,2024-12-26,BATAINDIA,0.6204,1411500,875625,1400.0,1300.0,2025-01-30
2024-12-26,on,2024-12-26,BEL,0.6399,66781200,42730050,300.0,270.0,2025-01-30
2024-12-26,on,2024-12-26,BERGEPAINT,0.592,5761800,3410880,450.0,440.0,2025-01-30
2024-12-26,on,2024-12-26,BHARATFORG,0.5913,3804500,2249500,1400.0,1300.0,2025-01-30
2024-12-26,on,2024-12-26,BHARTIARTL,0.4364,14155950,6178325,1700.0,1600.0,2025-01-30
2024-12-26,on,2024-12-26,BHEL,0.803,37067625,29764875,250.0,290.0,2025-01-30
2024-12-26,on,2024-12-26,BIOCON,0.5015,23155000,11612500,350.0,340.0,2025-01-30
2024-12-26,on,2024-12-26,BOSCHLTD,0.6473,85775,55525,36000.0,34000.0,2025-01-30
2024-12-26,on,2024-12-26,BPCL,0.5157,38124000,19661400,330.0,300.0,2025-01-30
2024-12-26,on,2024-12-26,BRITANNIA,0.5178,1523800,789000,5000.0,4800.0,2025-01-30
2024-12-26,on,2024-12-26,BSE,0.7618,2620500,1996375,6000.0,5000.0,2025-01-30
2024-12-26,on,2024-12-26,BSOFT,0.5778,6675000,3857000,600.0,600.0,2025-01-30
2024-12-26,on,2024-12-26,CAMS,0.438,363625,159250,5000.0,4800.0,2025-01-30
2024-12-26,on,2024-12-26,CANBK,0.6659,148209750,98691750,110.0,100.0,2025-01-30
2024-12-26,on,2024-12-26,CANFINHOME,0.5752,6049875,3479775,800.0,700.0,2025-01-30
2024-12-26,on,2024-12-26,CDSL,0.7236,4678800,3385550,2000.0,1800.0,2025-01-30
2024-12-26,on,2024-12-26,CESC,0.4823,10644075,5133375,200.0,170.0,2025-01-30
2024-12-26,on,2024-12-26,CGPOWER,0.4307,3131275,1348500,800.0,700.0,2025-01-30
2024-12-26,on,2024-12-26,CHAMBLFERT,0.5342,7660800,4092600,550.0,500.0,2025-01-30
2024-12-26,on,2024-12-26,CHOLAFIN,0.5662,5123125,2900625,1200.0,1200.0,2025-01-30
2024-12-26,on,2024-12-26,CIPLA,0.6122,5486975,3359200,1500.0,1500.0,2025-01-30
2024-12-26,on,2024-12-26,COALINDIA,0.6464,39633300,25618950,400.0,400.0,2025-01-30
2024-12-26,on,2024-12-26,COFORGE,0.9652,1330500,1284225,9800.0,9000.0,2025-01-30
2024-12-26,on,2024-12-26,COLPAL,0.464,2055375,953750,3000.0,2600.0,2025-01-30
2024-12-26,on,2024-12-26,CONCOR,0.788,8830000,6958000,850.0,1000.0,2025-01-30
2024-12-26,on,2024-12-26,COROMANDEL,0.9122,1534750,1400000,1900.0,1700.0,2025-01-30
2024-12-26,on,2024-12-26,CROMPTON,0.8184,4937400,4041000,400.0,390.0,2025-01-30
2024-12-26,on,2024-12-26,CUB,0.4651,21565000,10030000,180.0,170.0,2025-01-30
2024-12-26,on,2024-12-26,CUMMINSIND,0.7896,1189350,939150,3500.0,3200.0,2025-01-30
2024-12-26,on,2024-12-26,CYIENT,0.3482,847800,295200,2000.0,1800.0,2025-01-30
2024-12-26,on,2024-12-26,DABUR,0.6011,12371250,7436250,520.0,500.0,2025-01-30
2024-12-26,on,2024-12-26,DALBHARAT,0.4874,1370050,667700,1800.0,1700.0,2025-01-30
2024-12-26,on,2024-12-26,DEEPAKNTR,0.6691,1431600,957900,2700.0,2600.0,2025-01-30
2024-12-26,on,2024-12-26,DELHIVERY,0.5332,7585350,4044300,400.0,320.0,2025-01-30
2024-12-26,on,2024-12-26,DIVISLAB,0.52,1635900,850700,6000.0,5800.0,2025-01-30
2024-12-26,on,2024-12-26,DIXON,1.0427,1557600,1624150,19000.0,15000.0,2025-01-30
2024-12-26,on,2024-12-26,DLF,0.6688,13611675,9103050,900.0,850.0,2025-01-30
2024-12-26,on,2024-12-26,DMART,0.5283,1748100,923550,4000.0,3500.0,2025-01-30
2024-12-26,on,2024-12-26,DRREDDY,0.8738,7216250,6305625,1400.0,1300.0,2025-01-30
2024-12-26,on,2024-12-26,EICHERMOT,0.6518,1352400,881475,4800.0,4400.0,2025-01-30
2024-12-26,on,2024-12-26,ESCORTS,0.3778,1432225,541100,3500.0,3100.0,2025-01-30
2024-12-26,on,2024-12-26,EXIDEIND,0.4207,28247400,11883600,450.0,420.0,2025-01-30
2024-12-26,on,2024-12-26,FEDERALBNK,0.5493,65545000,36005000,210.0,200.0,2025-01-30
2024-12-26,on,2024-12-26,GAIL,0.6987,46417150,32433750,200.0,200.0,2025-01-30
2024-12-26,on,2024-12-26,GLENMARK,0.7698,2660750,2048325,1700.0,1400.0,2025-01-30
2024-12-26,on,2024-12-26,GMRAIRPORT,0.7594,103882500,78885000,80.0,80.0,2025-01-30
2024-12-26,on,2024-12-26,GNFC,0.5486,5014100,2750800,700.0,600.0,2025-01-30
2024-12-26,on,2024-12-26,GODREJCP,0.4691,5809500,2725000,1100.0,1100.0,2025-01-30
2024-12-26,on,2024-12-26,GODREJPROP,0.5412,2217825,1200375,3000.0,2800.0,2025-01-30
2024-12-26,on,2024-12-26,GRANULES,1.0287,3933000,4046000,600.0,580.0,2025-01-30
2024-12-26,on,2024-12-26,GRASIM,0.6581,2347500,1545000,2600.0,2520.0,2025-01-30
2024-12-26,on,2024-12-26,GUJGASLTD,0.6867,6167500,4235000,510.0,500.0,2025-01-30
2024-12-26,on,2024-12-26,HAL,0.6676,5362650,3579900,5000.0,4200.0,2025-01-30
2024-12-26,on,2024-12-26,HAVELLS,0.5237,2222500,1164000,1800.0,1700.0,2025-01-30
2024-12-26,on,2024-12-26,HCLTECH,0.4421,7144200,3158750,2000.0,1900.0,2025-01-30
2024-12-26,on,2024-12-26,HDFCAMC,0.8214,709800,583050,4500.0,4000.0,2025-01-30
2024-12-26,on,2024-12-26,HDFCBANK,0.4871,42941800,20916500,1800.0,1800.0,2025-01-30
2024-12-26,on,2024-12-26,HDFCLIFE,0.4309,21358700,9203700,700.0,630.0,2025-01-30
2024-12-26,on,2024-12-26,HEROMOTOCO,0.4862,3588900,1745100,4500.0,4300.0,2025-01-30
2024-12-26,on,2024-12-26,HFCL,0.3909,24675900,9644600,120.0,115.0,2025-01-30
2024-12-26,on,2024-12-26,HINDALCO,0.5575,21992600,12261200,680.0,600.0,2025-01-30
2024-12-26,on,2024-12-26,HINDCOPPER,0.6117,11882600,7268950,270.0,270.0,2025-01-30
2024-12-26,on,2024-12-26,HINDPETRO,0.9313,15485175,14422050,420.0,400.0,2025-01-30
2024-12-26,on,2024-12-26,HINDUNILVR,0.6609,7033500,4648500,2400.0,2300.0,2025-01-30
2024-12-26,on,2024-12-26,HUDCO,0.3937,16373600,6445650,250.0,230.0,2025-01-30
2024-12-26,on,2024-12-26,ICICIBANK,0.5864,25658500,15046500,1300.0,1300.0,2025-01-30
2024-12-26,on,2024-12-26,ICICIGI,0.7176,687750,493500,2000.0,2000.0,2025-01-30
2024-12-26,on,2024-12-26,ICICIPRULI,0.5904,3363750,1986000,660.0,660.0,2025-01-30
2024-12-26,on,2024-12-26,IDEA,0.4266,1358920000,579760000,8.0,8.0,2025-01-30
2024-12-26,on,2024-12-26,IDFCFIRSTB,0.6799,179737500,122197500,70.0,60.0,2025-01-30
2024-12-26,on,2024-12-26,IEX,0.7084,28770000,20381250,200.0,180.0,2025-01-30
2024-12-26,on,2024-12-26,IGL,0.6451,22255750,14357750,400.0,400.0,2025-01-30
2024-12-26,on,2024-12-26,INDHOTEL,0.9673,8690000,8406000,900.0,800.0,2025-01-30
2024-12-26,on,2024-12-26,INDIAMART,0.8679,731400,634800,2400.0,2300.0,2025-01-30
2024-12-26,on,2024-12-26,INDIANB,0.3761,3690750,1387950,600.0,500.0,2025-01-30
2024-12-26,on,2024-12-26,INDIGO,1.0989,1767300,1942050,5000.0,4600.0,2025-01-30
2024-12-26,on,2024-12-26,INDUSINDBK,0.5467,23245000,12709000,1000.0,1000.0,2025-01-30
2024-12-26,on,2024-12-26,INDUSTOWER,0.649,28303300,18370200,400.0,400.0,2025-01-30
2024-12-26,on,2024-12-26,INFY,0.5426,17291600,9383200,2000.0,1900.0,2025-01-30
2024-12-26,on,2024-12-26,IOC,0.7251,85449000,61961250,140.0,140.0,2025-01-30
2024-12-26,on,2024-12-26,IPCALAB,0.7044,1596400,1124500,1700.0,1500.0,2025-01-30
2024-12-26,on,2024-12-26,IRB,0.4706,47939250,22560250,60.0,55.0,2025-01-30
2024-12-26,on,2024-12-26,IRCTC,0.677,11156250,7553000,900.0,800.0,2025-01-30
2024-12-26,on,2024-12-26,IRFC,0.353,65335875,23064075,160.0,145.0,2025-01-30
2024-12-26,on,2024-12-26,ITC,0.4943,96011200,47462400,500.0,480.0,2025-01-30
2024-12-26,on,2024-12-26,JINDALSTEL,0.8836,6891250,6089375,1000.0,900.0,2025-01-30
2024-12-26,on,2024-12-26,JIOFIN,0.5029,30990300,15585900,320.0,300.0,2025-01-30
2024-12-26,on,2024-12-26,JKCEMENT,0.5792,317875,184125,4500.0,4300.0,2025-01-30
2024-12-26,on,2024-12-26,JSL,0.4559,1132275,516150,800.0,700.0,2025-01-30
2024-12-26,on,2024-12-26,JSWENERGY,0.4572,2565750,1173000,650.0,650.0,2025-01-30
2024-12-26,on,2024-12-26,JSWSTEEL,0.6628,9712575,6437475,1000.0,900.0,2025-01-30
2024-12-26,on,2024-12-26,JUBLFOOD,0.7584,7723750,5857500,700.0,700.0,2025-01-30
2024-12-26,on,2024-12-26,KALYANKJIL,0.283,5388575,1525200,800.0,720.0,2025-01-30
2024-12-26,on,2024-12-26,KEI,0.2778,405000,112500,4400.0,4200.0,2025-01-30
2024-12-26,on,2024-12-26,KOTAKBANK,0.6503,11099600,7218400,1800.0,1800.0,2025-01-30
2024-12-26,on,2024-12-26,KPITTECH,0.9332,1508000,1407200,1500.0,1400.0,2025-01-30
2024-12-26,on,2024-12-26,LALPATHLAB,0.5562,655050,364350,3200.0,3200.0,2025-01-30
2024-12-26,on,2024-12-26,LAURUSLABS,0.7183,12100600,8692100,600.0,530.0,2025-01-30
2024-12-26,on,2024-12-26,LICHSGFIN,0.7327,8190000,6001000,650.0,600.0,2025-01-30
2024-12-26,on,2024-12-26,LICI,0.4446,5658575,2515625,1000.0,900.0,2025-01-30
2024-12-26,on,2024-12-26,LODHA,0.5494,2328750,1279350,1500.0,1400.0,2025-01-30
2024-12-26,on,2024-12-26,LT,0.5229,6735450,3521700,4000.0,3600.0,2025-01-30
2024-12-26,on,2024-12-26,LTF,0.6965,36110966,25152294,140.0,140.0,2025-01-30
2024-12-26,on,2024-12-26,LTIM,0.4355,2375850,1034700,6500.0,5600.0,2025-01-30
2024-12-26,on,2024-12-26,LTTS,0.4675,878300,410600,5300.0,4700.0,2025-01-30
2024-12-26,on,2024-12-26,LUPIN,0.9285,2756550,2559350,2200.0,2100.0,2025-01-30
2024-12-26,on,2024-12-26,M&M,0.7135,4060875,2897475,3000.0,2800.0,2025-01-30
2024-12-26,on,2024-12-26,M&MFIN,0.6239,11136000,6948000,300.0,260.0,2025-01-30
2024-12-26,on,2024-12-26,MANAPPURAM,0.6982,21738000,15177000,200.0,160.0,2025-01-30
2024-12-26,on,2024-12-26,MARICO,0.7341,5181600,3804000,700.0,600.0,2025-01-30
2024-12-26,on,2024-12-26,MARUTI,0.5412,2162650,1170450,12000.0,11000.0,2025-01-30
2024-12-26,on,2024-12-26,MAXHEALTH,0.792,1531950,1213275,1200.0,980.0,2025-01-30
2024-12-26,on,2024-12-26,MCX,0.4902,1483900,727400,7000.0,6000.0,2025-01-30
2024-12-26,on,2024-12-26,METROPOLIS,0.5591,1083200,605600,2200.0,2000.0,2025-01-30
2024-12-26,on,2024-12-26,MFSL,0.5306,2401600,1274400,1200.0,1100.0,2025-01-30
2024-12-26,on,2024-12-26,MGL,0.6953,2752000,1913600,1300.0,1260.0,2025-01-30
2024-12-26,on,2024-12-26,MOTHERSON,0.5185,70094750,36341350,160.0,157.5,2025-01-30
2024-12-26,on,2024-12-26,MPHASIS,0.6464,1488575,962225,3000.0,2900.0,2025-01-30
2024-12-26,on,2024-12-26,MRF,0.7711,13300,10255,145000.0,120000.0,2025-01-30
2024-12-26,on,2024-12-26,MUTHOOTFIN,0.8069,1146200,924825,2100.0,2000.0,2025-01-30
2024-12-26,on,2024-12-26,NATIONALUM,0.4869,54720000,26643750,220.0,220.0,2025-01-30
2024-12-26,on,2024-12-26,NAUKRI,0.6763,477300,322800,9200.0,8000.0,2025-01-30
2024-12-26,on,2024-12-26,NAVINFLUOR,0.5495,717150,394100,3400.0,3400.0,2025-01-30
2024-12-26,on,2024-12-26,NCC,0.3234,5504275,1780325,300.0,300.0,2025-01-30
2024-12-26,on,2024-12-26,NESTLEIND,0.8019,2421800,1942000,2200.0,2200.0,2025-01-30
2024-12-26,on,2024-12-26,NHPC,0.3827,40172800,15372800,85.0,85.0,2025-01-30
2024-12-26,on,2024-12-26,NMDC,0.5574,60588000,33772500,250.0,250.0,2025-01-30
2024-12-26,on,2024-12-26,NTPC,0.3156,79345500,25044000,350.0,340.0,2025-01-30
2024-12-26,on,2024-12-26,NYKAA,0.4909,14891600,7310100,160.0,160.0,2025-01-30
2024-12-26,on,2024-12-26,OBEROIRLTY,0.8757,2761500,2418150,2300.0,2200.0,2025-01-30
2024-12-26,on,2024-12-26,OFSS,0.9078,390950,354900,13000.0,12000.0,2025-01-30
2024-12-26,on,2024-12-26,OIL,0.4202,3211025,1349125,480.0,430.0,2025-01-30
2024-12-26,on,2024-12-26,ONGC,0.353,86463300,30520875,260.0,240.0,2025-01-30
2024-12-26,on,2024-12-26,PAGEIND,0.7651,39270,30045,52000.0,47000.0,2025-01-30
2024-12-26,on,2024-12-26,PAYTM,0.8194,7453550,6107400,1000.0,920.0,2025-01-30
2024-12-26,on,2024-12-26,PEL,0.6994,4484250,3136500,1200.0,1100.0,2025-01-30
2024-12-26,on,2024-12-26,PERSISTENT,0.8509,1068500,909200,7000.0,6000.0,2025-01-30
2024-12-26,on,2024-12-26,PETRONET,0.8553,11803500,10095000,350.0,340.0,2025-01-30
2024-12-26,on,2024-12-26,PFC,0.6505,31349500,20391800,500.0,400.0,2025-01-30
2024-12-26,on,2024-12-26,PIDILITIND,0.6199,918250,569250,3000.0,3000.0,2025-01-30
2024-12-26,on,2024-12-26,PIIND,0.6008,649375,390125,4000.0,3800.0,2025-01-30
2024-12-26,on,2024-12-26,PNB,0.5745,176440000,101360000,110.0,110.0,2025-01-30
2024-12-26,on,2024-12-26,POLICYBZR,0.9427,1433900,1351675,2200.0,2000.0,2025-01-30
2024-12-26,on,2024-12-26,POLYCAB,0.6217,914375,568500,7500.0,7000.0,2025-01-30
2024-12-26,on,2024-12-26,POONAWALLA,0.5744,6388700,3669950,350.0,300.0,2025-01-30
2024-12-26,on,2024-12-26,POWERGRID,0.4052,34624800,14031000,330.0,310.0,2025-01-30
2024-12-26,on,2024-12-26,PRESTIGE,0.7409,897000,664625,1900.0,1700.0,2025-01-30
2024-12-26,on,2024-12-26,PVRINOX,0.5852,3811962,2230767,1400.0,1300.0,2025-01-30
2024-12-26,on,2024-12-26,RAMCOCEM,0.4936,3006450,1484100,1000.0,900.0,2025-01-30
2024-12-26,on,2024-12-26,RBLBANK,0.7607,23642500,17985000,160.0,160.0,2025-01-30
2024-12-26,on,2024-12-26,RECLTD,0.7088,23883000,16928000,520.0,520.0,2025-01-30
2024-12-26,on,2024-12-26,RELIANCE,0.6257,105413000,65952000,1300.0,1300.0,2025-01-30
2024-12-26,on,2024-12-26,SAIL,0.9088,49452000,44944000,145.0,145.0,2025-01-30
2024-12-26,on,2024-12-26,SBICARD,0.6597,7835200,5168800,700.0,700.0,2025-01-30
2024-12-26,on,2024-12-26,SBILIFE,0.4412,6903000,3045750,1500.0,1360.0,2025-01-30
2024-12-26,on,2024-12-26,SBIN,0.5739,56952750,32684250,850.0,800.0,2025-01-30
2024-12-26,on,2024-12-26,SHREECEM,0.6312,66500,41975,28000.0,26000.0,2025-01-30
2024-12-26,on,2024-12-26,SHRIRAMFIN,0.5278,2644350,1395750,3000.0,2900.0,2025-01-30
2024-12-26,on,2024-12-26,SIEMENS,0.535,1998675,1069350,7000.0,6500.0,2025-01-30
2024-12-26,on,2024-12-26,SJVN,0.4676,11821950,5528250,120.0,100.0,2025-01-30
2024-12-26,on,2024-12-26,SONACOMS,0.4071,2758225,1122975,650.0,600.0,2025-01-30
2024-12-26,on,2024-12-26,SRF,0.6227,1405500,875250,2400.0,2200.0,2025-01-30
2024-12-26,on,2024-12-26,SUNPHARMA,0.5446,7315700,3984400,1840.0,1840.0,2025-01-30
2024-12-26,on,2024-12-26,SUNTV,0.5862,2769750,1623750,800.0,700.0,2025-01-30
2024-12-26,on,2024-12-26,SUPREMEIND,0.5383,212000,114125,5000.0,4700.0,2025-01-30
2024-12-26,on,2024-12-26,SYNGENE,0.4397,4701000,2067000,900.0,850.0,2025-01-30
2024-12-26,on,2024-12-26,TATACHEM,0.49,6537300,3203200,1100.0,1000.0,2025-01-30
2024-12-26,on,2024-12-26,TATACOMM,0.5983,2037000,1218750,1900.0,1900.0,2025-01-30
2024-12-26,on,2024-12-26,TATACONSUM,0.4842,8911152,4315128,1000.0,900.0,2025-01-30
2024-12-26,on,2024-12-26,TATAELXSI,0.5116,559000,286000,7000.0,7000.0,2025-01-30
2024-12-26,on,2024-12-26,TATAMOTORS,0.4742,76405450,36231800,800.0,750.0,2025-01-30
2024-12-26,on,2024-12-26,TATAPOWER,0.637,45848700,29205900,450.0,400.0,2025-01-30
2024-12-26,on,2024-12-26,TATASTEEL,0.5659,225511000,127622000,150.0,140.0,2025-01-30
2024-12-26,on,2024-12-26,TCS,0.6534,6710025,4384275,4200.0,4200.0,2025-01-30
2024-12-26,on,2024-12-26,TECHM,0.6134,4696200,2880600,1800.0,1700.0,2025-01-30
2024-12-26,on,2024-12-26,TIINDIA,0.4921,189900,93450,3700.0,3600.0,2025-01-30
2024-12-26,on,2024-12-26,TITAN,0.7612,2961875,2254525,3400.0,3400.0,2025-01-30
2024-12-26,on,2024-12-26,TORNTPHARM,0.6827,576000,393250,3600.0,3200.0,2025-01-30
2024-12-26,on,2024-12-26,TRENT,0.8568,1689500,1447500,7200.0,6000.0,2025-01-30
2024-12-26,on,2024-12-26,TVSMOTOR,0.5633,2158100,1215550,2500.0,2800.0,2025-01-30
2024-12-26,on,2024-12-26,UBL,0.6257,954400,597200,2100.0,1900.0,2025-01-30
2024-12-26,on,2024-12-26,ULTRACEMCO,0.581,998300,580000,12000.0,11500.0,2025-01-30
2024-12-26,on,2024-12-26,UNIONBANK,0.4354,15823800,6889725,120.0,115.0,2025-01-30
2024-12-26,on,2024-12-26,UNITDSPR,0.6123,1933750,1184050,1600.0,1500.0,2025-01-30
2024-12-26,on,2024-12-26,UPL,0.5724,13013420,7448435,500.0,500.0,2025-01-30
2024-12-26,on,2024-12-26,VBL,0.4986,5420625,2702875,700.0,600.0,2025-01-30
2024-12-26,on,2024-12-26,VEDL,0.5653,47223600,26697250,500.0,500.0,2025-01-30
2024-12-26,on,2024-12-26,VOLTAS,0.6931,2362800,1637700,1800.0,1700.0,2025-01-30
2024-12-26,on,2024-12-26,WIPRO,0.7818,51732000,40443000,310.0,310.0,2025-01-30
2024-12-26,on,2024-12-26,YESBANK,0.3842,211120000,81120000,21.0,20.0,2025-01-30
2024-12-26,on,2024-12-26,ZOMATO,0.603,74152000,44714000,250.0,250.0,2025-01-30
2024-12-26,on,2024-12-26,ZYDUSLIFE,0.6247,4149000,2592000,1100.0,960.0,2025-01-30
2024-12-26,wk,2024-12-19,AARTIIND,0.6678,9592000,6406000,,,
2024-12-26,wk,2024-12-19,ABB,0.4725,1412250,667250,,,
2024-12-26,wk,2024-12-19,ABBOTINDIA,0.371,37200,13800,,,
2024-12-26,wk,2024-12-19,ABCAPITAL,0.8947,22329000,19977300,,,
2024-12-26,wk,2024-12-19,ABFRL,0.5456,13949000,7610200,,,
2024-12-26,wk,2024-12-19,ACC,0.8056,3186900,2567400,,,
2024-12-26,wk,2024-12-19,ADANIENSOL,0.558,4527500,2526250,,,
2024-12-26,wk,2024-12-19,ADANIENT,0.8595,13214700,11358000,,,
2024-12-26,wk,2024-12-19,ADANIGREEN,0.3219,14104500,4539750,,,
2024-12-26,wk,2024-12-19,ADANIPORTS,0.534,21511600,11487600,,,
2024-12-26,wk,2024-12-19,ALKEM,0.3719,556000,206800,,,
2024-12-26,wk,2024-12-19,AMBUJACEM,0.8838,11364300,10044000,,,
2024-12-26,wk,2024-12-19,ANGELONE,0.328,4263600,1398600,,,
2024-12-26,wk,2024-12-19,APLAPOLLO,0.7678,1700300,1305500,,,
2024-12-26,wk,2024-12-19,APOLLOHOSP,0.9827,897625,882125,,,
2024-12-26,wk,2024-12-19,APOLLOTYRE,0.8576,7709500,6611300,,,
2024-12-26,wk,2024-12-19,ASHOKLEY,0.413,45325000,18717500,,,
2024-12-26,wk,2024-12-19,ASIANPAINT,0.4339,13530800,5870600,,,
2024-12-26,wk,2024-12-19,ASTRAL,0.4257,1806007,768865,,,
2024-12-26,wk,2024-12-19,ATGL,0.3679,5643550,2076225,,,
2024-12-26,wk,2024-12-19,ATUL,0.2896,319100,92400,,,
2024-12-26,wk,2024-12-19,AUBANK,0.4784,13678000,6543000,,,
2024-12-26,wk,2024-12-19,AUROPHARMA,0.7647,4684900,3582700,,,
2024-12-26,wk,2024-12-19,AXISBANK,0.4624,29288750,13541875,,,
2024-12-26,wk,2024-12-19,BAJAJ-AUTO,0.4086,3134250,1280775,,,
2024-12-26,wk,2024-12-19,BAJAJFINSV,0.4848,8675500,4206000,,,
2024-12-26,wk,2024-12-19,BAJFINANCE,0.7508,4342250,3260000,,,
2024-12-26,wk,2024-12-19,BALKRISIND,0.4323,877800,379500,,,
2024-12-26,wk,2024-12-19,BANDHANBNK,0.6952,38861200,27017200,,,
2024-12-26,wk,2024-12-19,BANKBARODA,0.8212,57218850,46990125,,,
2024-12-26,wk,2024-12-19,BANKINDIA,0.7876,18605200,14653525,,,
2024-12-26,wk,2024-12-19,BATAINDIA,0.5527,1479750,817875,,,
2024-12-26,wk,2024-12-19,BEL,0.65,77958900,50675850,,,
2024-12-26,wk,2024-12-19,BERGEPAINT,0.5263,5954520,3133680,,,
2024-12-26,wk,2024-12-19,BHARATFORG,0.4671,4866000,2273000,,,
2024-12-26,wk,2024-12-19,BHARTIARTL,0.3742,20349475,7615200,,,
2024-12-26,wk,2024-12-19,BHEL,0.7336,46638375,34214250,,,
2024-12-26,wk,2024-12-19,BIOCON,0.3841,30702500,11792500,,,
2024-12-26,wk,2024-12-19,BOSCHLTD,0.6783,131275,89050,,,
2024-12-26,wk,2024-12-19,BPCL,0.5568,33168600,18468000,,,
2024-12-26,wk,2024-12-19,BRITANNIA,0.4029,2532900,1020400,,,
2024-12-26,wk,2024-12-19,BSE,0.9628,2655500,2556625,,,
2024-12-26,wk,2024-12-19,BSOFT,0.6282,7736000,4860000,,,
2024-12-26,wk,2024-12-19,CAMS,0.3468,542125,188000,,,
2024-12-26,wk,2024-12-19,CANBK,0.691,139617000,96477750,,,
2024-12-26,wk,2024-12-19,CANFINHOME,0.4851,6849375,3322800,,,
2024-12-26,wk,2024-12-19,CDSL,0.7521,5254550,3951850,,,
2024-12-26,wk,2024-12-19,CESC,0.4197,14768325,6198075,,,
2024-12-26,wk,2024-12-19,CGPOWER,0.3883,3527125,1369525,,,
2024-12-26,wk,2024-12-19,CHAMBLFERT,0.526,9591200,5044500,,,
2024-12-26,wk,2024-12-19,CHOLAFIN,0.4972,6542500,3253125,,,
2024-12-26,wk,2024-12-19,CIPLA,0.586,7164300,4198025,,,
2024-12-26,wk,2024-12-19,COALINDIA,0.5806,44052750,25576950,,,
2024-12-26,wk,2024-12-19,COFORGE,1.163,1851900,2153700,,,
2024-12-26,wk,2024-12-19,COLPAL,0.3666,4032700,1478225,,,
2024-12-26,wk,2024-12-19,CONCOR,0.6651,9957000,6622000,,,
2024-12-26,wk,2024-12-19,COROMANDEL,0.7613,1949850,1484350,,,
2024-12-26,wk,2024-12-19,CROMPTON,0.7954,6377400,5072400,,,
2024-12-26,wk,2024-12-19,CUB,0.5272,25900000,13655000,,,
2024-12-26,wk,2024-12-19,CUMMINSIND,0.5941,1285650,763800,,,
2024-12-26,wk,2024-12-19,CYIENT,0.4784,786300,376200,,,
2024-12-26,wk,2024-12-19,DABUR,0.6076,14515000,8820000,,,
2024-12-26,wk,2024-12-19,DALBHARAT,0.4197,1260600,529100,,,
2024-12-26,wk,2024-12-19,DEEPAKNTR,0.5563,1925100,1071000,,,
2024-12-26,wk,2024-12-19,DELHIVERY,0.441,10113800,4460625,,,
2024-12-26,wk,2024-12-19,DIVISLAB,0.4231,2414500,1021600,,,
2024-12-26,wk,2024-12-19,DIXON,1.1271,2307700,2600900,,,
2024-12-26,wk,2024-12-19,DLF,0.7769,15431625,11988075,,,
2024-12-26,wk,2024-12-19,DMART,0.3778,2786250,1052700,,,
2024-12-26,wk,2024-12-19,DRREDDY,0.7734,7881250,6095625,,,
2024-12-26,wk,2024-12-19,EICHERMOT,0.4886,1965600,960400,,,
2024-12-26,wk,2024-12-19,ESCORTS,0.3985,1506025,600200,,,
2024-12-26,wk,2024-12-19,EXIDEIND,0.4951,27331200,13530600,,,
2024-12-26,wk,2024-12-19,FEDERALBNK,0.563,69985000,39405000,,,
2024-12-26,wk,2024-12-19,GAIL,0.617,51001225,31468575,,,
2024-12-26,wk,2024-12-19,GLENMARK,0.683,4299325,2936500,,,
2024-12-26,wk,2024-12-19,GMRAIRPORT,0.8388,92975625,77985000,,,
2024-12-26,wk,2024-12-19,GNFC,0.4794,5760300,2761200,,,
2024-12-26,wk,2024-12-19,GODREJCP,0.385,8164500,3143000,,,
2024-12-26,wk,2024-12-19,GODREJPROP,0.5993,2757375,1652400,,,
2024-12-26,wk,2024-12-19,GRANULES,0.9793,5450000,5337000,,,
2024-12-26,wk,2024-12-19,GRASIM,0.5325,2658000,1415500,,,
2024-12-26,wk,2024-12-19,GUJGASLTD,0.5913,7802500,4613750,,,
2024-12-26,wk,2024-12-19,HAL,0.553,7039950,3893400,,,
2024-12-26,wk,2024-12-19,HAVELLS,0.4883,2638500,1288500,,,
2024-12-26,wk,2024-12-19,HCLTECH,0.522,7516600,3923850,,,
2024-12-26,wk,2024-12-19,HDFCAMC,0.698,869700,607050,,,
2024-12-26,wk,2024-12-19,HDFCBANK,0.5062,55419650,28051650,,,
2024-12-26,wk,2024-12-19,HDFCLIFE,0.3789,26590300,10076000,,,
2024-12-26,wk,2024-12-19,HEROMOTOCO,0.4017,4842900,1945350,,,
2024-12-26,wk,2024-12-19,HFCL,0.3502,24991300,8752350,,,
2024-12-26,wk,2024-12-19,HINDALCO,0.5242,26517400,13900600,,,
2024-12-26,wk,2024-12-19,HINDCOPPER,0.6912,9783800,6762800,,,
2024-12-26,wk,2024-12-19,HINDPETRO,0.8112,18731250,15195600,,,
2024-12-26,wk,2024-12-19,HINDUNILVR,0.4908,9568800,4696800,,,
2024-12-26,wk,2024-12-19,HUDCO,0.4877,19050800,9290175,,,
2024-12-26,wk,2024-12-19,ICICIBANK,0.5102,32841200,16755900,,,
2024-12-26,wk,2024-12-19,ICICIGI,0.5255,896250,471000,,,
2024-12-26,wk,2024-12-19,ICICIPRULI,0.4861,4728750,2298750,,,
2024-12-26,wk,2024-12-19,IDEA,0.4271,1257720000,537160000,,,
2024-12-26,wk,2024-12-19,IDFCFIRSTB,0.6725,148410000,99802500,,,
2024-12-26,wk,2024-12-19,IEX,0.6335,32407500,20531250,,,
2024-12-26,wk,2024-12-19,IGL,0.5335,25546125,13629000,,,
2024-12-26,wk,2024-12-19,INDHOTEL,1.0911,10790000,11773000,,,
2024-12-26,wk,2024-12-19,INDIAMART,0.9023,822900,742500,,,
2024-12-26,wk,2024-12-19,INDIANB,0.4214,3781000,1593150,,,
2024-12-26,wk,2024-12-19,INDIGO,0.6975,1793550,1251000,,,
2024-12-26,wk,2024-12-19,INDUSINDBK,0.4914,25419000,12490000,,,
2024-12-26,wk,2024-12-19,INDUSTOWER,0.6149,36743800,22593000,,,
2024-12-26,wk,2024-12-19,INFY,0.6203,22064400,13687200,,,
2024-12-26,wk,2024-12-19,IOC,0.6163,88266750,54400125,,,
2024-12-26,wk,2024-12-19,IPCALAB,0.6934,2172950,1506700,,,
2024-12-26,wk,2024-12-19,IRB,0.4842,51055250,24723000,,,
2024-12-26,wk,2024-12-19,IRCTC,0.602,11787125,7096250,,,
2024-12-26,wk,2024-12-19,IRFC,0.3239,72192000,23381325,,,
2024-12-26,wk,2024-12-19,ITC,0.4848,81376000,39454400,,,
2024-12-26,wk,2024-12-19,JINDALSTEL,0.7829,8346875,6535000,,,
2024-12-26,wk,2024-12-19,JIOFIN,0.4207,30602550,12874950,,,
2024-12-26,wk,2024-12-19,JKCEMENT,0.5278,472250,249250,,,
2024-12-26,wk,2024-12-19,JSL,0.3683,1264800,465775,,,
2024-12-26,wk,2024-12-19,JSWENERGY,0.42,3252000,1365750,,,
2024-12-26,wk,2024-12-19,JSWSTEEL,0.5694,11585025,6596100,,,
2024-12-26,wk,2024-12-19,JUBLFOOD,0.5877,8806250,5175000,,,
2024-12-26,wk,2024-12-19,KALYANKJIL,0.2838,6875800,1951450,,,
2024-12-26,wk,2024-12-19,KEI,0.255,469500,119700,,,
2024-12-26,wk,2024-12-19,KOTAKBANK,0.5322,12602400,6706400,,,
2024-12-26,wk,2024-12-19,KPITTECH,0.7269,1972800,1434000,,,
2024-12-26,wk,2024-12-19,LALPATHLAB,0.6006,908400,545550,,,
2024-12-26,wk,2024-12-19,LAURUSLABS,0.6986,14200100,9919500,,,
2024-12-26,wk,2024-12-19,LICHSGFIN,0.7279,9398000,6841000,,,
2024-12-26,wk,2024-12-19,LICI,0.4043,7252475,2931925,,,
2024-12-26,wk,2024-12-19,LODHA,0.5035,2697300,1358100,,,
2024-12-26,wk,2024-12-19,LT,0.5292,7380750,3906150,,,
2024-12-26,wk,2024-12-19,LTF,0.5964,36557166,21801332,,,
2024-12-26,wk,2024-12-19,LTIM,0.577,1839900,1061550,,,
2024-12-26,wk,2024-12-19,LTTS,0.4076,905500,369100,,,
2024-12-26,wk,2024-12-19,LUPIN,0.6827,3340925,2280975,,,
2024-12-26,wk,2024-12-19,M&M,0.6474,5311775,3438750,,,
2024-12-26,wk,2024-12-19,M&MFIN,0.567,12320000,6986000,,,
2024-12-26,wk,2024-12-19,MANAPPURAM,0.5889,25215000,14850000,,,
2024-12-26,wk,2024-12-19,MARICO,0.5978,7210800,4310400,,,
2024-12-26,wk,2024-12-19,MARUTI,0.4635,2761700,1280050,,,
2024-12-26,wk,2024-12-19,MAXHEALTH,0.8751,1798650,1573950,,,
2024-12-26,wk,2024-12-19,MCX,0.5443,1836500,999600,,,
2024-12-26,wk,2024-12-19,METROPOLIS,0.3665,1832400,671600,,,
2024-12-26,wk,2024-12-19,MFSL,0.6114,3055200,1868000,,,
2024-12-26,wk,2024-12-19,MGL,0.5399,3485600,1882000,,,
2024-12-26,wk,2024-12-19,MOTHERSON,0.4455,79012350,35201800,,,
2024-12-26,wk,2024-12-19,MPHASIS,0.7123,1492975,1063425,,,
2024-12-26,wk,2024-12-19,MRF,0.7381,20240,14940,,,
2024-12-26,wk,2024-12-19,MUTHOOTFIN,0.7098,1650825,1171775,,,
2024-12-26,wk,2024-12-19,NATIONALUM,0.5278,48236250,25458750,,,
2024-12-26,wk,2024-12-19,NAUKRI,0.6815,649275,442500,,,
2024-12-26,wk,2024-12-19,NAVINFLUOR,0.5535,706300,390950,,,
2024-12-26,wk,2024-12-19,NCC,0.3195,6194750,1979125,,,
2024-12-26,wk,2024-12-19,NESTLEIND,0.7788,2680400,2087600,,,
2024-12-26,wk,2024-12-19,NHPC,0.4639,43392000,20128000,,,
2024-12-26,wk,2024-12-19,NMDC,0.5152,73503000,37867500,,,
2024-12-26,wk,2024-12-19,NTPC,0.2718,82549500,22440000,,,
2024-12-26,wk,2024-12-19,NYKAA,0.3615,16469850,5953100,,,
2024-12-26,wk,2024-12-19,OBEROIRLTY,0.8822,3137400,2767800,,,
2024-12-26,wk,2024-12-19,OFSS,0.8229,555450,457100,,,
2024-12-26,wk,2024-12-19,OIL,0.3971,4042000,1604975,,,
2024-12-26,wk,2024-12-19,ONGC,0.3246,90022625,29223425,,,
2024-12-26,wk,2024-12-19,PAGEIND,1.0605,48630,51570,,,
2024-12-26,wk,2024-12-19,PAYTM,0.7093,8424000,5975450,,,
2024-12-26,wk,2024-12-19,PEL,0.7597,5153250,3915000,,,
2024-12-26,wk,2024-12-19,PERSISTENT,1.2187,1038800,1266000,,,
2024-12-26,wk,2024-12-19,PETRONET,0.8069,10686000,8622000,,,
2024-12-26,wk,2024-12-19,PFC,0.6389,28922400,18478200,,,
2024-12-26,wk,2024-12-19,PIDILITIND,0.5185,1062250,550750,,,
2024-12-26,wk,2024-12-19,PIIND,0.426,980875,417875,,,
2024-12-26,wk,2024-12-19,PNB,0.5148,190824000,98232000,,,
2024-12-26,wk,2024-12-19,POLICYBZR,0.6371,1928225,1228500,,,
2024-12-26,wk,2024-12-19,POLYCAB,0.6436,1034750,666000,,,
2024-12-26,wk,2024-12-19,POONAWALLA,0.5698,7318150,4170200,,,
2024-12-26,wk,2024-12-19,POWERGRID,0.368,36217800,13329000,,,
2024-12-26,wk,2024-12-19,PRESTIGE,0.7518,1002950,754000,,,
2024-12-26,wk,2024-12-19,PVRINOX,0.4475,5002844,2238907,,,
2024-12-26,wk,2024-12-19,RAMCOCEM,0.5234,4565350,2389350,,,
2024-12-26,wk,2024-12-19,RBLBANK,0.7957,21407500,17035000,,,
2024-12-26,wk,2024-12-19,RECLTD,0.7823,24457000,19133000,,,
2024-12-26,wk,2024-12-19,RELIANCE,0.509,123380500,62806000,,,
2024-12-26,wk,2024-12-19,SAIL,0.7803,46400000,36204000,,,
2024-12-26,wk,2024-12-19,SBICARD,0.6902,6983200,4820000,,,
2024-12-26,wk,2024-12-19,SBILIFE,0.4072,8349375,3400125,,,
2024-12-26,wk,2024-12-19,SBIN,0.582,60879750,35430750,,,
2024-12-26,wk,2024-12-19,SHREECEM,0.7909,76050,60150,,,
2024-12-26,wk,2024-12-19,SHRIRAMFIN,0.3763,4298100,1617450,,,
2024-12-26,wk,2024-12-19,SIEMENS,0.7354,968625,712350,,,
2024-12-26,wk,2024-12-19,SJVN,0.4973,14241150,7082775,,,
2024-12-26,wk,2024-12-19,SONACOMS,0.3485,3957925,1379500,,,
2024-12-26,wk,2024-12-19,SRF,0.6431,1728375,1111500,,,
2024-12-26,wk,2024-12-19,SUNPHARMA,0.3347,9207100,3081400,,,
2024-12-26,wk,2024-12-19,SUNTV,0.5311,3061500,1626000,,,
2024-12-26,wk,2024-12-19,SUPREMEIND,0.3568,415125,148125,,,
2024-12-26,wk,2024-12-19,SYNGENE,0.3407,7388000,2517000,,,
2024-12-26,wk,2024-12-19,TATACHEM,0.5291,5542350,2932600,,,
2024-12-26,wk,2024-12-19,TATACOMM,0.5968,2043250,1219500,,,
2024-12-26,wk,2024-12-19,TATACONSUM,0.4479,11226264,5027856,,,
2024-12-26,wk,2024-12-19,TATAELXSI,0.4717,673100,317500,,,
2024-12-26,wk,2024-12-19,TATAMOTORS,0.4091,91983650,37629350,,,
2024-12-26,wk,2024-12-19,TATAPOWER,0.6255,47414700,29659500,,,
2024-12-26,wk,2024-12-19,TATASTEEL,0.5508,210127500,115742000,,,
2024-12-26,wk,2024-12-19,TCS,0.6134,8444450,5179650,,,
2024-12-26,wk,2024-12-19,TECHM,0.6674,5350800,3571200,,,
2024-12-26,wk,2024-12-19,TIINDIA,0.3458,317550,109800,,,
2024-12-26,wk,2024-12-19,TITAN,0.7506,3570175,2679950,,,
2024-12-26,wk,2024-12-19,TORNTPHARM,0.5211,846250,441000,,,
2024-12-26,wk,2024-12-19,TRENT,0.7,2598000,1818600,,,
2024-12-26,wk,2024-12-19,TVSMOTOR,0.5051,3070900,1551200,,,
2024-12-26,wk,2024-12-19,UBL,0.3974,1310400,520800,,,
2024-12-26,wk,2024-12-19,ULTRACEMCO,0.5514,1435750,791650,,,
2024-12-26,wk,2024-12-19,UNIONBANK,0.4154,15947700,6624225,,,
2024-12-26,wk,2024-12-19,UNITDSPR,0.6922,2567250,1776950,,,
2024-12-26,wk,2024-12-19,UPL,0.4987,12903665,6434895,,,
2024-12-26,wk,2024-12-19,VBL,0.4956,7975625,3952375,,,
2024-12-26,wk,2024-12-19,VEDL,0.5496,55395500,30446250,,,
2024-12-26,wk,2024-12-19,VOLTAS,0.7771,2718900,2112900,,,
2024-12-26,wk,2024-12-19,WIPRO,0.9032,54651000,49362000,,,
2024-12-26,wk,2024-12-19,YESBANK,0.4635,192920000,89414000,,,
2024-12-26,wk,2024-12-19,ZOMATO,0.6602,70286000,46404000,,,
2024-12-26,wk,2024-12-19,ZYDUSLIFE,0.5718,5044500,2884500,,,
2025-01-30,on,2025-01-30,AARTIIND,0.7825,10493000,8211000,450.0,400.0,2025-02-27
2025-01-30,on,2025-01-30,ABB,0.4793,1732625,830375,6000.0,6000.0,2025-02-27
2025-01-30,on,2025-01-30,ABBOTINDIA,0.5346,34680,18540,27000.0,26000.0,2025-02-27
2025-01-30,on,2025-01-30,ABCAPITAL,0.8879,23922000,21240900,200.0,200.0,2025-02-27
2025-01-30,on,2025-01-30,ABFRL,0.705,11133200,7849400,300.0,300.0,2025-02-27
2025-01-30,on,2025-01-30,ACC,0.7413,3480600,2580000,2400.0,2400.0,2025-02-27
2025-01-30,on,2025-01-30,ADANIENSOL,0.4838,5063750,2450000,800.0,740.0,2025-02-27
2025-01-30,on,2025-01-30,ADANIENT,0.9251,11225400,10385100,2800.0,2800.0,2025-02-27
2025-01-30,on,2025-01-30,ADANIGREEN,0.3859,6420000,2477250,1100.0,1000.0,2025-02-27
2025-01-30,on,2025-01-30,ADANIPORTS,0.5465,16769600,9164800,1100.0,1100.0,2025-02-27
2025-01-30,on,2025-01-30,ALKEM,0.6485,336000,217900,5000.0,5000.0,2025-02-27
2025-01-30,on,2025-01-30,AMBUJACEM,0.6287,20330100,12780900,600.0,600.0,2025-02-27
2025-01-30,on,2025-01-30,ANGELONE,0.5733,2606800,1494600,2500.0,2100.0,2025-02-27
2025-01-30,on,2025-01-30,APLAPOLLO,0.7023,1576750,1107400,1600.0,1500.0,2025-02-27
2025-01-30,on,2025-01-30,APOLLOHOSP,0.5598,1135250,635500,7000.0,7000.0,2025-02-27
2025-01-30,on,2025-01-30,APOLLOTYRE,0.5422,11452900,6210100,500.0,400.0,2025-02-27
2025-01-30,on,2025-01-30,ASHOKLEY,0.8053,32040000,25802500,220.0,200.0,2025-02-27
2025-01-30,on,2025-01-30,ASIANPAINT,0.7716,6474800,4996200,2500.0,2600.0,2025-02-27
2025-01-30,on,2025-01-30,ASTRAL,0.6314,3109591,1963450,1500.0,1600.0,2025-02-27
2025-01-30,on,2025-01-30,ATGL,0.488,4516700,2204100,700.0,600.0,2025-02-27
2025-01-30,on,2025-01-30,ATUL,0.4379,295500,129400,7000.0,6300.0,2025-02-27
2025-01-30,on,2025-01-30,AUBANK,1.0858,8891000,9654000,600.0,550.0,2025-02-27
2025-01-30,on,2025-01-30,AUROPHARMA,0.7158,5133700,3674550,1200.0,1200.0,2025-02-27
2025-01-30,on,2025-01-30,AXISBANK,0.55,34816875,19148125,1000.0,980.0,2025-02-27
2025-01-30,on,2025-01-30,BAJAJ-AUTO,0.6735,1850400,1246200,9000.0,8000.0,2025-02-27
2025-01-30,on,2025-01-30,BAJAJFINSV,0.6799,11994000,8154500,1900.0,1700.0,2025-02-27
2025-01-30,on,2025-01-30,BAJFINANCE,0.9419,4706625,4433375,8000.0,7500.0,2025-02-27
2025-01-30,on,2025-01-30,BALKRISIND,0.3909,1537800,601200,2800.0,2700.0,2025-02-27
2025-01-30,on,2025-01-30,BANDHANBNK,0.6947,42487200,29517600,160.0,185.0,2025-02-27
2025-01-30,on,2025-01-30,BANKBARODA,0.826,72847125,60173100,260.0,260.0,2025-02-27
2025-01-30,on,2025-01-30,BANKINDIA,1.499,25934375,38875025,120.0,100.0,2025-02-27
2025-01-30,on,2025-01-30,BATAINDIA,0.5975,2046000,1222500,1300.0,1200.0,2025-02-27
2025-01-30,on,2025-01-30,BEL,0.6149,75653250,46517700,300.0,270.0,2025-02-27
2025-01-30,on,2025-01-30,BERGEPAINT,0.905,4403520,3985080,500.0,450.0,2025-02-27
2025-01-30,on,2025-01-30,BHARATFORG,0.6187,3247000,2009000,1200.0,1200.0,2025-02-27
2025-01-30,on,2025-01-30,BHARTIARTL,0.5705,10702225,6105175,1700.0,1600.0,2025-02-27
2025-01-30,on,2025-01-30,BHEL,0.6784,60687375,41167875,200.0,200.0,2025-02-27
2025-01-30,on,2025-01-30,BIOCON,0.6925,23275000,16117500,400.0,350.0,2025-02-27
2025-01-30,on,2025-01-30,BOSCHLTD,0.729,200425,146100,30000.0,30000.0,2025-02-27
2025-01-30,on,2025-01-30,BPCL,0.4159,58460400,24314400,300.0,250.0,2025-02-27
2025-01-30,on,2025-01-30,BRITANNIA,0.8694,1515500,1317500,5200.0,5000.0,2025-02-27
2025-01-30,on,2025-01-30,BSE,0.6356,2941750,1869875,6000.0,5000.0,2025-02-27
2025-01-30,on,2025-01-30,BSOFT,0.6481,5448000,3531000,600.0,600.0,2025-02-27
2025-01-30,on,2025-01-30,CAMS,0.6342,1107375,702250,4000.0,3000.0,2025-02-27
2025-01-30,on,2025-01-30,CANBK,0.696,188217000,131004000,100.0,90.0,2025-02-27
2025-01-30,on,2025-01-30,CANFINHOME,0.8933,4314375,3854175,700.0,700.0,2025-02-27
2025-01-30,on,2025-01-30,CDSL,0.5512,9907100,5461050,1400.0,1300.0,2025-02-27
2025-01-30,on,2025-01-30,CESC,0.5994,17748900,10638225,160.0,135.0,2025-02-27
2025-01-30,on,2025-01-30,CGPOWER,0.7545,5934850,4477600,700.0,600.0,2025-02-27
2025-01-30,on,2025-01-30,CHAMBLFERT,0.5096,7938200,4045100,500.0,450.0,2025-02-27
2025-01-30,on,2025-01-30,CHOLAFIN,0.9967,3630000,3618125,1400.0,1200.0,2025-02-27
2025-01-30,on,2025-01-30,CIPLA,0.594,5559775,3302325,1500.0,1440.0,2025-02-27
2025-01-30,on,2025-01-30,COALINDIA,0.7004,34695150,24300150,400.0,450.0,2025-02-27
2025-01-30,on,2025-01-30,COFORGE,0.5828,2201550,1283100,10000.0,8500.0,2025-02-27
2025-01-30,on,2025-01-30,COLPAL,0.9426,1573075,1482775,2800.0,2700.0,2025-02-27
2025-01-30,on,2025-01-30,CONCOR,0.7189,8726000,6273000,900.0,900.0,2025-02-27
2025-01-30,on,2025-01-30,COROMANDEL,0.8135,1392650,1132950,1900.0,1800.0,2025-02-27
2025-01-30,on,2025-01-30,CROMPTON,0.6617,6022800,3985200,380.0,330.0,2025-02-27
2025-01-30,on,2025-01-30,CUB,0.6766,12800000,8660000,170.0,170.0,2025-02-27
2025-01-30,on,2025-01-30,CUMMINSIND,0.515,1558050,802350,3000.0,3000.0,2025-02-27
2025-01-30,on,2025-01-30,CYIENT,0.6392,3783300,2418300,1500.0,1200.0,2025-02-27
2025-01-30,on,2025-01-30,DABUR,0.6961,10098750,7030000,540.0,500.0,2025-02-27
2025-01-30,on,2025-01-30,DALBHARAT,1.3467,986700,1328800,1900.0,1800.0,2025-02-27
2025-01-30,on,2025-01-30,DEEPAKNTR,0.5862,1417200,830700,2500.0,2200.0,2025-02-27
2025-01-30,on,2025-01-30,DELHIVERY,0.5393,6232675,3361100,350.0,330.0,2025-02-27
2025-01-30,on,2025-01-30,DIVISLAB,0.745,965200,719100,6000.0,5400.0,2025-02-27
2025-01-30,on,2025-01-30,DIXON,0.4802,2790150,1339750,18000.0,15000.0,2025-02-27
2025-01-30,on,2025-01-30,DLF,0.8379,17762250,14883000,800.0,700.0,2025-02-27
2025-01-30,on,2025-01-30,DMART,0.6794,2159400,1467150,4000.0,3600.0,2025-02-27
2025-01-30,on,2025-01-30,DRREDDY,0.4561,13803125,6295625,1300.0,1200.0,2025-02-27
2025-01-30,on,2025-01-30,EICHERMOT,0.7009,1954925,1370250,5200.0,5000.0,2025-02-27
2025-01-30,on,2025-01-30,ESCORTS,1.0415,719850,749700,4000.0,4000.0,2025-02-27
2025-01-30,on,2025-01-30,EXIDEIND,0.5984,24879600,14887800,400.0,360.0,2025-02-27
2025-01-30,on,2025-01-30,FEDERALBNK,0.6098,63050000,38450000,200.0,180.0,2025-02-27
2025-01-30,on,2025-01-30,GAIL,0.5603,59123650,33125600,175.0,170.0,2025-02-27
2025-01-30,on,2025-01-30,GLENMARK,0.7434,1961700,1458275,1500.0,1500.0,2025-02-27
2025-01-30,on,2025-01-30,GMRAIRPORT,0.7569,105305625,79706250,80.0,70.0,2025-02-27
2025-01-30,on,2025-01-30,GNFC,0.6777,4384900,2971800,600.0,550.0,2025-02-27
2025-01-30,on,2025-01-30,GODREJCP,0.8491,2644000,2245000,1120.0,1040.0,2025-02-27
2025-01-30,on,2025-01-30,GODREJPROP,0.6636,2408850,1598400,2500.0,2200.0,2025-02-27
2025-01-30,on,2025-01-30,GRANULES,0.6352,5902000,3749000,600.0,550.0,2025-02-27
2025-01-30,on,2025-01-30,GRASIM,0.7781,2029000,1578750,2600.0,2400.0,2025-02-27
2025-01-30,on,2025-01-30,GUJGASLTD,0.521,6357500,3312500,480.0,450.0,2025-02-27
2025-01-30,on,2025-01-30,HAL,0.636,7344600,4671150,4000.0,3800.0,2025-02-27
2025-01-30,on,2025-01-30,HAVELLS,0.6945,3302500,2293500,1500.0,1500.0,2025-02-27
2025-01-30,on,2025-01-30,HCLTECH,0.4391,12404350,5447050,1900.0,1540.0,2025-02-27
2025-01-30,on,2025-01-30,HDFCAMC,0.5524,1570050,867300,4000.0,3700.0,2025-02-27
2025-01-30,on,2025-01-30,HDFCBANK,0.6515,41863250,27273950,1800.0,1700.0,2025-02-27
2025-01-30,on,2025-01-30,HDFCLIFE,0.6674,13369400,8922100,700.0,600.0,2025-02-27
2025-01-30,on,2025-01-30,HEROMOTOCO,0.6103,2787000,1700850,4500.0,4000.0,2025-02-27
2025-01-30,on,2025-01-30,HFCL,0.4652,29846800,13885900,110.0,105.0,2025-02-27
2025-01-30,on,2025-01-30,HINDALCO,0.7246,19269600,13963600,600.0,600.0,2025-02-27
2025-01-30,on,2025-01-30,HINDCOPPER,0.6419,12860450,8254750,280.0,280.0,2025-02-27
2025-01-30,on,2025-01-30,HINDPETRO,0.4994,31990950,15977250,350.0,350.0,2025-02-27
2025-01-30,on,2025-01-30,HINDUNILVR,0.717,7760700,5564100,2500.0,2300.0,2025-02-27
2025-01-30,on,2025-01-30,HUDCO,0.4517,26039650,11761250,220.0,200.0,2025-02-27
2025-01-30,on,2025-01-30,ICICIBANK,0.794,26002200,20645100,1300.0,1200.0,2025-02-27
2025-01-30,on,2025-01-30,ICICIGI,0.7349,1660500,1220250,2000.0,1900.0,2025-02-27
2025-01-30,on,2025-01-30,ICICIPRULI,0.7109,5880750,4180500,650.0,600.0,2025-02-27
2025-01-30,on,2025-01-30,IDEA,0.5592,1377800000,770400000,10.0,9.0,2025-02-27
2025-01-30,on,2025-01-30,IDFCFIRSTB,0.6747,203557500,137340000,70.0,60.0,2025-02-27
2025-01-30,on,2025-01-30,IEX,0.7819,27116250,21202500,180.0,170.0,2025-02-27
2025-01-30,on,2025-01-30,IGL,0.7608,16773625,12761375,450.0,400.0,2025-02-27
2025-01-30,on,2025-01-30,INDHOTEL,0.4933,14169000,6989000,800.0,750.0,2025-02-27
2025-01-30,on,2025-01-30,INDIAMART,0.9597,1176600,1129200,2300.0,2300.0,2025-02-27
2025-01-30,on,2025-01-30,INDIANB,0.9605,2573550,2471900,550.0,500.0,2025-02-27
2025-01-30,on,2025-01-30,INDIGO,0.7868,2517900,1981050,4300.0,4200.0,2025-02-27
2025-01-30,on,2025-01-30,INDUSINDBK,0.629,20188500,12699500,1000.0,1000.0,2025-02-27
2025-01-30,on,2025-01-30,INDUSTOWER,0.7701,33175500,25549300,400.0,350.0,2025-02-27
2025-01-30,on,2025-01-30,INFY,0.4772,22939200,10946000,2000.0,1800.0,2025-02-27
2025-01-30,on,2025-01-30,IOC,0.6705,90382500,60601125,140.0,125.0,2025-02-27
2025-01-30,on,2025-01-30,IPCALAB,0.6375,1995500,1272050,1600.0,1400.0,2025-02-27
2025-01-30,on,2025-01-30,IRB,0.5192,68203500,35413750,60.0,50.0,2025-02-27
2025-01-30,on,2025-01-30,IRCTC,0.6841,11690875,7997500,800.0,800.0,2025-02-27
2025-01-30,on,2025-01-30,IRFC,0.4386,90081375,39508200,150.0,140.0,2025-02-27
2025-01-30,on,2025-01-30,ITC,0.4658,46856000,21827200,450.0,400.0,2025-02-27
2025-01-30,on,2025-01-30,JINDALSTEL,0.9831,6279375,6173125,900.0,840.0,2025-02-27
2025-01-30,on,2025-01-30,JIOFIN,0.4266,79967250,34110450,250.0,240.0,2025-02-27
2025-01-30,on,2025-01-30,JKCEMENT,0.6472,388375,251375,5000.0,4800.0,2025-02-27
2025-01-30,on,2025-01-30,JSL,0.553,1740650,962550,650.0,650.0,2025-02-27
2025-01-30,on,2025-01-30,JSWENERGY,0.6432,11193000,7199250,490.0,490.0,2025-02-27
2025-01-30,on,2025-01-30,JSWSTEEL,1.2547,4725675,5929200,1000.0,900.0,2025-02-27
2025-01-30,on,2025-01-30,JUBLFOOD,0.6265,9207500,5768750,700.0,700.0,2025-02-27
2025-01-30,on,2025-01-30,KALYANKJIL,0.3903,33252925,12979700,500.0,440.0,2025-02-27
2025-01-30,on,2025-01-30,KEI,0.7861,421500,331350,4500.0,4000.0,2025-02-27
2025-01-30,on,2025-01-30,KOTAKBANK,0.8588,12898400,11076800,1900.0,1800.0,2025-02-27
2025-01-30,on,2025-01-30,KPITTECH,0.8048,2988000,2404800,1500.0,1300.0,2025-02-27
2025-01-30,on,2025-01-30,LALPATHLAB,0.7272,558600,406200,3000.0,2800.0,2025-02-27
2025-01-30,on,2025-01-30,LAURUSLABS,0.9844,16843600,16580100,600.0,580.0,2025-02-27
2025-01-30,on,2025-01-30,LICHSGFIN,0.835,7832000,6540000,600.0,580.0,2025-02-27
2025-01-30,on,2025-01-30,LICI,0.5879,4551700,2676050,900.0,800.0,2025-02-27
2025-01-30,on,2025-01-30,LODHA,0.6664,3387600,2257650,1200.0,1100.0,2025-02-27
2025-01-30,on,2025-01-30,LT,0.7279,7314300,5324100,3500.0,3400.0,2025-02-27
2025-01-30,on,2025-01-30,LTF,0.7211,28717432,20708142,150.0,165.0,2025-02-27
2025-01-30,on,2025-01-30,LTIM,0.7851,1278150,1003500,7000.0,5500.0,2025-02-27
2025-01-30,on,2025-01-30,LTTS,1.3977,730000,1020300,5500.0,5000.0,2025-02-27
2025-01-30,on,2025-01-30,LUPIN,0.6505,3952075,2570825,2100.0,2000.0,2025-02-27
2025-01-30,on,2025-01-30,M&M,0.7721,4439050,3427550,3000.0,2900.0,2025-02-27
2025-01-30,on,2025-01-30,M&MFIN,0.9337,9920000,9262000,300.0,260.0,2025-02-27
2025-01-30,on,2025-01-30,MANAPPURAM,1.3215,14229000,18804000,200.0,200.0,2025-02-27
2025-01-30,on,2025-01-30,MARICO,0.7929,4080000,3235200,700.0,600.0,2025-02-27
2025-01-30,on,2025-01-30,MARUTI,0.5969,3478500,2076350,13000.0,12000.0,2025-02-27
2025-01-30,on,2025-01-30,MAXHEALTH,0.5352,1720425,920850,1100.0,1000.0,2025-02-27
2025-01-30,on,2025-01-30,MCX,0.6903,1716600,1185000,6000.0,5000.0,2025-02-27
2025-01-30,on,2025-01-30,METROPOLIS,0.5524,999200,552000,1800.0,1800.0,2025-02-27
2025-01-30,on,2025-01-30,MFSL,0.7165,1433600,1027200,1100.0,1000.0,2025-02-27
2025-01-30,on,2025-01-30,MGL,0.9363,2280800,2135600,1300.0,1320.0,2025-02-27
2025-01-30,on,2025-01-30,MOTHERSON,0.7548,44367900,33487150,150.0,180.0,2025-02-27
2025-01-30,on,2025-01-30,MPHASIS,0.6646,2159850,1435500,3000.0,2800.0,2025-02-27
2025-01-30,on,2025-01-30,MRF,0.4252,31820,13530,115000.0,110000.0,2025-02-27
2025-01-30,on,2025-01-30,MUTHOOTFIN,0.9566,1057650,1011725,2200.0,2100.0,2025-02-27
2025-01-30,on,2025-01-30,NATIONALUM,0.6463,35947500,23231250,220.0,200.0,2025-02-27
2025-01-30,on,2025-01-30,NAUKRI,0.5759,928275,534600,8000.0,7200.0,2025-02-27
2025-01-30,on,2025-01-30,NAVINFLUOR,1.181,742525,876925,4000.0,3500.0,2025-02-27
2025-01-30,on,2025-01-30,NCC,0.5741,8005250,4595475,240.0,240.0,2025-02-27
2025-01-30,on,2025-01-30,NESTLEIND,0.7634,2358800,1800600,2400.0,2100.0,2025-02-27
2025-01-30,on,2025-01-30,NHPC,0.4878,40697600,19852800,80.0,70.0,2025-02-27
2025-01-30,on,2025-01-30,NMDC,0.795,202338000,160852500,80.0,80.0,2025-02-27
2025-01-30,on,2025-01-30,NTPC,0.3793,71631000,27172500,390.0,390.0,2025-02-27
2025-01-30,on,2025-01-30,NYKAA,0.7872,9968050,7847000,170.0,170.0,2025-02-27
2025-01-30,on,2025-01-30,OBEROIRLTY,0.4462,5928300,2645300,2000.0,1700.0,2025-02-27
2025-01-30,on,2025-01-30,OFSS,0.4529,1201500,544150,10000.0,9000.0,2025-02-27
2025-01-30,on,2025-01-30,OIL,0.5711,5720075,3266925,420.0,420.0,2025-02-27
2025-01-30,on,2025-01-30,ONGC,0.3801,117271000,44571450,300.0,250.0,2025-02-27
2025-01-30,on,2025-01-30,PAGEIND,0.4871,39390,19185,50000.0,44000.0,2025-02-27
2025-01-30,on,2025-01-30,PAYTM,0.7798,14806350,11545300,900.0,760.0,2025-02-27
2025-01-30,on,2025-01-30,PEL,0.9463,5039250,4768500,1100.0,1100.0,2025-02-27
2025-01-30,on,2025-01-30,PERSISTENT,0.8252,1346000,1110700,6500.0,6000.0,2025-02-27
2025-01-30,on,2025-01-30,PETRONET,0.6228,16125000,10042500,320.0,300.0,2025-02-27
2025-01-30,on,2025-01-30,PFC,0.6935,34379800,23843300,500.0,400.0,2025-02-27
2025-01-30,on,2025-01-30,PIDILITIND,0.7566,1239500,937750,3000.0,2800.0,2025-02-27
2025-01-30,on,2025-01-30,PIIND,0.4728,612250,289500,3700.0,3500.0,2025-02-27
2025-01-30,on,2025-01-30,PNB,0.6843,159432000,109096000,100.0,100.0,2025-02-27
2025-01-30,on,2025-01-30,POLICYBZR,0.6494,2459275,1597050,1700.0,1600.0,2025-02-27
2025-01-30,on,2025-01-30,POLYCAB,0.6495,2721125,1767250,6000.0,6000.0,2025-02-27
2025-01-30,on,2025-01-30,POONAWALLA,0.6409,4898100,3139250,350.0,300.0,2025-02-27
2025-01-30,on,2025-01-30,POWERGRID,0.4926,31395600,15465600,300.0,320.0,2025-02-27
2025-01-30,on,2025-01-30,PRESTIGE,0.578,1255475,725725,1400.0,1300.0,2025-02-27
2025-01-30,on,2025-01-30,PVRINOX,0.5564,4001624,2226697,1200.0,1100.0,2025-02-27
2025-01-30,on,2025-01-30,RAMCOCEM,0.6365,2958000,1882750,1000.0,800.0,2025-02-27
2025-01-30,on,2025-01-30,RBLBANK,0.7234,19812500,14332500,170.0,160.0,2025-02-27
2025-01-30,on,2025-01-30,RECLTD,0.6341,34259000,21724000,500.0,440.0,2025-02-27
2025-01-30,on,2025-01-30,RELIANCE,0.6745,78131500,52696000,1400.0,1400.0,2025-02-27
2025-01-30,on,2025-01-30,SAIL,0.8355,59508000,49720000,110.0,135.0,2025-02-27
2025-01-30,on,2025-01-30,SBICARD,1.1191,7769600,8695200,800.0,750.0,2025-02-27
2025-01-30,on,2025-01-30,SBILIFE,0.5053,4481625,2264625,1600.0,1400.0,2025-02-27
2025-01-30,on,2025-01-30,SBIN,0.724,60819000,44030250,800.0,800.0,2025-02-27
2025-01-30,on,2025-01-30,SHREECEM,0.8789,60050,52775,27000.0,26000.0,2025-02-27
2025-01-30,on,2025-01-30,SHRIRAMFIN,0.7262,10374750,7533750,600.0,450.0,2025-02-27
2025-01-30,on,2025-01-30,SIEMENS,0.4781,1328175,634950,6500.0,5500.0,2025-02-27
2025-01-30,on,2025-01-30,SJVN,0.504,30589650,15417675,100.0,90.0,2025-02-27
2025-01-30,on,2025-01-30,SONACOMS,0.5449,2450550,1335325,500.0,500.0,2025-02-27
2025-01-30,on,2025-01-30,SRF,1.256,5138250,6453750,3000.0,2600.0,2025-02-27
2025-01-30,on,2025-01-30,SUNPHARMA,0.4389,7983850,3504200,1800.0,1720.0,2025-02-27
2025-01-30,on,2025-01-30,SUNTV,0.4757,2390250,1137000,700.0,650.0,2025-02-27
2025-01-30,on,2025-01-30,SUPREMEIND,0.5368,418000,224375,4000.0,4300.0,2025-02-27
2025-01-30,on,2025-01-30,SYNGENE,0.4844,4851000,2350000,900.0,800.0,2025-02-27
2025-01-30,on,2025-01-30,TATACHEM,0.4908,8340200,4093100,1000.0,1000.0,2025-02-27
2025-01-30,on,2025-01-30,TATACOMM,0.6085,2238250,1362000,1800.0,1500.0,2025-02-27
2025-01-30,on,2025-01-30,TATACONSUM,0.8832,4197936,3707736,1000.0,900.0,2025-02-27
2025-01-30,on,2025-01-30,TATAELXSI,0.6068,704700,427600,7000.0,6000.0,2025-02-27
2025-01-30,on,2025-01-30,TATAMOTORS,0.5109,77617100,39657750,800.0,700.0,2025-02-27
2025-01-30,on,2025-01-30,TATAPOWER,0.6397,56407050,36081450,400.0,400.0,2025-02-27
2025-01-30,on,2025-01-30,TATASTEEL,0.7314,243666500,178227500,140.0,160.0,2025-02-27
2025-01-30,on,2025-01-30,TCS,0.6897,6256075,4314975,4500.0,4000.0,2025-02-27
2025-01-30,on,2025-01-30,TECHM,0.6973,5699400,3974400,1800.0,1600.0,2025-02-27
2025-01-30,on,2025-01-30,TIINDIA,0.8838,232350,205350,3300.0,3200.0,2025-02-27
2025-01-30,on,2025-01-30,TITAN,0.967,2611525,2525425,3400.0,3300.0,2025-02-27
2025-01-30,on,2025-01-30,TORNTPHARM,0.595,651250,387500,3600.0,3200.0,2025-02-27
2025-01-30,on,2025-01-30,TRENT,0.5842,3550100,2073800,7000.0,5500.0,2025-02-27
2025-01-30,on,2025-01-30,TVSMOTOR,0.992,2712850,2691150,2500.0,2200.0,2025-02-27
2025-01-30,on,2025-01-30,UBL,0.8139,842400,685600,2100.0,1900.0,2025-02-27
2025-01-30,on,2025-01-30,ULTRACEMCO,0.8601,1115950,959850,12000.0,11000.0,2025-02-27
2025-01-30,on,2025-01-30,UNIONBANK,0.8308,45617325,37900125,120.0,110.0,2025-02-27
2025-01-30,on,2025-01-30,UNITDSPR,0.7333,2649850,1943200,1500.0,1400.0,2025-02-27
2025-01-30,on,2025-01-30,UPL,0.7537,11750560,8856280,600.0,550.0,2025-02-27
2025-01-30,on,2025-01-30,VBL,0.5836,6277250,3663625,500.0,530.0,2025-02-27
2025-01-30,on,2025-01-30,VEDL,0.6822,35529250,24238550,500.0,500.0,2025-02-27
2025-01-30,on,2025-01-30,VOLTAS,0.53,9000600,4770600,1400.0,1300.0,2025-02-27
2025-01-30,on,2025-01-30,WIPRO,1.0754,58974000,63420000,294.0,274.0,2025-02-27
2025-01-30,on,2025-01-30,YESBANK,0.5634,227838000,128362000,20.0,19.0,2025-02-27
2025-01-30,on,2025-01-30,ZOMATO,0.5181,118158000,61214000,250.0,200.0,2025-02-27
2025-01-30,on,2025-01-30,ZYDUSLIFE,0.6928,4663800,3231000,1100.0,950.0,2025-02-27
2025-01-30,wk,2025-01-23,AARTIIND,0.7473,9929000,7420000,,,
2025-01-30,wk,2025-01-23,ABB,0.4105,1740000,714250,,,
2025-01-30,wk,2025-01-23,ABBOTINDIA,0.4106,40140,16480,,,
2025-01-30,wk,2025-01-23,ABCAPITAL,0.8144,22420800,18260100,,,
2025-01-30,wk,2025-01-23,ABFRL,0.6884,12342200,8496800,,,
2025-01-30,wk,2025-01-23,ACC,0.8071,2726100,2200200,,,
2025-01-30,wk,2025-01-23,ADANIENSOL,0.4767,7495000,3572500,,,
2025-01-30,wk,2025-01-23,ADANIENT,0.7918,12744000,10091100,,,
2025-01-30,wk,2025-01-23,ADANIGREEN,0.3758,8961000,3367125,,,
2025-01-30,wk,2025-01-23,ADANIPORTS,0.5133,14317200,7349200,,,
2025-01-30,wk,2025-01-23,ALKEM,0.6157,330700,203600,,,
2025-01-30,wk,2025-01-23,AMBUJACEM,0.8371,10361700,8673300,,,
2025-01-30,wk,2025-01-23,ANGELONE,0.4117,3894000,1603000,,,
2025-01-30,wk,2025-01-23,APLAPOLLO,0.6452,2554300,1648150,,,
2025-01-30,wk,2025-01-23,APOLLOHOSP,0.4634,1743500,808000,,,
2025-01-30,wk,2025-01-23,APOLLOTYRE,0.4461,14205200,6337600,,,
2025-01-30,wk,2025-01-23,ASHOKLEY,0.6014,42002500,25260000,,,
2025-01-30,wk,2025-01-23,ASIANPAINT,0.6961,7264800,5057200,,,
2025-01-30,wk,2025-01-23,ASTRAL,0.6235,3156567,1968221,,,
2025-01-30,wk,2025-01-23,ATGL,0.4946,4339225,2145975,,,
2025-01-30,wk,2025-01-23,ATUL,0.3393,211600,71800,,,
2025-01-30,wk,2025-01-23,AUBANK,1.0558,9995000,10553000,,,
2025-01-30,wk,2025-01-23,AUROPHARMA,0.7079,5649050,3999050,,,
2025-01-30,wk,2025-01-23,AXISBANK,0.408,57487500,23455625,,,
2025-01-30,wk,2025-01-23,BAJAJ-AUTO,0.6324,1828725,1156575,,,
2025-01-30,wk,2025-01-23,BAJAJFINSV,0.6887,11038500,7602500,,,
2025-01-30,wk,2025-01-23,BAJFINANCE,0.8478,4104875,3480250,,,
2025-01-30,wk,2025-01-23,BALKRISIND,0.4149,1086000,450600,,,
2025-01-30,wk,2025-01-23,BANDHANBNK,0.7159,34328000,24575600,,,
2025-01-30,wk,2025-01-23,BANKBARODA,0.8294,64624950,53600625,,,
2025-01-30,wk,2025-01-23,BANKINDIA,0.8886,33085025,29398725,,,
2025-01-30,wk,2025-01-23,BATAINDIA,0.6117,2232750,1365750,,,
2025-01-30,wk,2025-01-23,BEL,0.5412,75331200,40772100,,,
2025-01-30,wk,2025-01-23,BERGEPAINT,0.7856,4519680,3550800,,,
2025-01-30,wk,2025-01-23,BHARATFORG,0.5382,4056000,2183000,,,
2025-01-30,wk,2025-01-23,BHARTIARTL,0.6589,11351075,7478875,,,
2025-01-30,wk,2025-01-23,BHEL,0.7054,52846500,37277625,,,
2025-01-30,wk,2025-01-23,BIOCON,0.7354,24577500,18075000,,,
2025-01-30,wk,2025-01-23,BOSCHLTD,0.77,109800,84550,,,
2025-01-30,wk,2025-01-23,BPCL,0.4011,66009600,26478000,,,
2025-01-30,wk,2025-01-23,BRITANNIA,1.0445,1640400,1713400,,,
2025-01-30,wk,2025-01-23,BSE,0.9312,2972875,2768375,,,
2025-01-30,wk,2025-01-23,BSOFT,0.6327,6880000,4353000,,,
2025-01-30,wk,2025-01-23,CAMS,0.4276,858375,367000,,,
2025-01-30,wk,2025-01-23,CANBK,0.8442,131341500,110882250,,,
2025-01-30,wk,2025-01-23,CANFINHOME,1.0378,4484025,4653675,,,
2025-01-30,wk,2025-01-23,CDSL,0.4149,8418900,3493350,,,
2025-01-30,wk,2025-01-23,CESC,0.5027,19898775,10003500,,,
2025-01-30,wk,2025-01-23,CGPOWER,0.517,4940150,2554175,,,
2025-01-30,wk,2025-01-23,CHAMBLFERT,0.44,10013000,4406100,,,
2025-01-30,wk,2025-01-23,CHOLAFIN,0.9072,4083125,3704375,,,
2025-01-30,wk,2025-01-23,CIPLA,0.6199,4258800,2639975,,,
2025-01-30,wk,2025-01-23,COALINDIA,0.6365,34861050,22188600,,,
2025-01-30,wk,2025-01-23,COFORGE,0.9235,2429475,2243700,,,
2025-01-30,wk,2025-01-23,COLPAL,0.8086,1917650,1550675,,,
2025-01-30,wk,2025-01-23,CONCOR,0.7939,6954000,5521000,,,
2025-01-30,wk,2025-01-23,COROMANDEL,0.9315,1344700,1252650,,,
2025-01-30,wk,2025-01-23,CROMPTON,0.5747,6661800,3828600,,,
2025-01-30,wk,2025-01-23,CUB,0.7773,14145000,10995000,,,
2025-01-30,wk,2025-01-23,CUMMINSIND,0.4214,2135400,899850,,,
2025-01-30,wk,2025-01-23,CYIENT,0.8865,1538100,1363500,,,
2025-01-30,wk,2025-01-23,DABUR,0.6794,9513750,6463750,,,
2025-01-30,wk,2025-01-23,DALBHARAT,1.5138,1552100,2349600,,,
2025-01-30,wk,2025-01-23,DEEPAKNTR,0.5064,1590000,805200,,,
2025-01-30,wk,2025-01-23,DELHIVERY,0.4999,6305875,3152175,,,
2025-01-30,wk,2025-01-23,DIVISLAB,0.6303,1187600,748600,,,
2025-01-30,wk,2025-01-23,DIXON,0.3229,4107950,1326650,,,
2025-01-30,wk,2025-01-23,DLF,0.6346,20200125,12818850,,,
2025-01-30,wk,2025-01-23,DMART,0.5008,3470850,1738050,,,
2025-01-30,wk,2025-01-23,DRREDDY,0.5294,11677500,6182500,,,
2025-01-30,wk,2025-01-23,EICHERMOT,0.5993,2669625,1600025,,,
2025-01-30,wk,2025-01-23,ESCORTS,0.8324,980850,816450,,,
2025-01-30,wk,2025-01-23,EXIDEIND,0.5153,23124600,11916000,,,
2025-01-30,wk,2025-01-23,FEDERALBNK,0.6639,61090000,40555000,,,
2025-01-30,wk,2025-01-23,GAIL,0.5583,46633400,26035650,,,
2025-01-30,wk,2025-01-23,GLENMARK,0.8428,1919125,1617525,,,
2025-01-30,wk,2025-01-23,GMRAIRPORT,0.7082,81877500,57982500,,,
2025-01-30,wk,2025-01-23,GNFC,0.5766,4986800,2875600,,,
2025-01-30,wk,2025-01-23,GODREJCP,0.7396,3268500,2417500,,,
2025-01-30,wk,2025-01-23,GODREJPROP,0.4559,3678075,1676700,,,
2025-01-30,wk,2025-01-23,GRANULES,0.6136,4472000,2744000,,,
2025-01-30,wk,2025-01-23,GRASIM,0.7591,2568000,1949250,,,
2025-01-30,wk,2025-01-23,GUJGASLTD,0.5759,6181250,3560000,,,
2025-01-30,wk,2025-01-23,HAL,0.4846,8679900,4206600,,,
2025-01-30,wk,2025-01-23,HAVELLS,0.8094,4439000,3593000,,,
2025-01-30,wk,2025-01-23,HCLTECH,0.385,14759150,5682250,,,
2025-01-30,wk,2025-01-23,HDFCAMC,0.6528,1666500,1087950,,,
2025-01-30,wk,2025-01-23,HDFCBANK,0.4848,63213150,30643800,,,
2025-01-30,wk,2025-01-23,HDFCLIFE,0.5398,18128000,9785600,,,
2025-01-30,wk,2025-01-23,HEROMOTOCO,0.4662,3241050,1510950,,,
2025-01-30,wk,2025-01-23,HFCL,0.5597,28510500,15956750,,,
2025-01-30,wk,2025-01-23,HINDALCO,0.9015,20001800,18032000,,,
2025-01-30,wk,2025-01-23,HINDCOPPER,0.5285,12129050,6410350,,,
2025-01-30,wk,2025-01-23,HINDPETRO,0.5287,30409425,16076475,,,
2025-01-30,wk,2025-01-23,HINDUNILVR,0.6664,8614500,5740800,,,
2025-01-30,wk,2025-01-23,HUDCO,0.3741,36564150,13679425,,,
2025-01-30,wk,2025-01-23,ICICIBANK,0.6343,31856300,20207600,,,
2025-01-30,wk,2025-01-23,ICICIGI,0.4996,2705000,1351500,,,
2025-01-30,wk,2025-01-23,ICICIPRULI,0.5665,9213750,5219250,,,
2025-01-30,wk,2025-01-23,IDEA,0.5484,1491400000,817920000,,,
2025-01-30,wk,2025-01-23,IDFCFIRSTB,0.6781,153742500,104257500,,,
2025-01-30,wk,2025-01-23,IEX,0.6819,32621250,22245000,,,
2025-01-30,wk,2025-01-23,IGL,0.6727,22899250,15404125,,,
2025-01-30,wk,2025-01-23,INDHOTEL,0.4285,21314000,9132000,,,
2025-01-30,wk,2025-01-23,INDIAMART,0.857,1850100,1585500,,,
2025-01-30,wk,2025-01-23,INDIANB,0.8177,2688500,2198300,,,
2025-01-30,wk,2025-01-23,INDIGO,0.6116,3504600,2143350,,,
2025-01-30,wk,2025-01-23,INDUSINDBK,0.6784,18479500,12536500,,,
2025-01-30,wk,2025-01-23,INDUSTOWER,0.7668,33010600,25313000,,,
2025-01-30,wk,2025-01-23,INFY,0.5117,29384800,15035600,,,
2025-01-30,wk,2025-01-23,IOC,0.6602,85375875,56364750,,,
2025-01-30,wk,2025-01-23,IPCALAB,0.5341,2042300,1090700,,,
2025-01-30,wk,2025-01-23,IRB,0.6084,58712000,35721250,,,
2025-01-30,wk,2025-01-23,IRCTC,0.5666,12482750,7072625,,,
2025-01-30,wk,2025-01-23,IRFC,0.2882,102951150,29666400,,,
2025-01-30,wk,2025-01-23,ITC,0.4833,39921600,19296000,,,
2025-01-30,wk,2025-01-23,JINDALSTEL,0.8456,5997500,5071250,,,
2025-01-30,wk,2025-01-23,JIOFIN,0.4737,60159000,28497150,,,
2025-01-30,wk,2025-01-23,JKCEMENT,0.6967,326875,227750,,,
2025-01-30,wk,2025-01-23,JSL,0.4963,1880150,933100,,,
2025-01-30,wk,2025-01-23,JSWENERGY,0.4704,8331000,3918750,,,
2025-01-30,wk,2025-01-23,JSWSTEEL,0.8944,6822900,6102675,,,
2025-01-30,wk,2025-01-23,JUBLFOOD,0.568,11551250,6561250,,,
2025-01-30,wk,2025-01-23,KALYANKJIL,0.3081,38055600,11723425,,,
2025-01-30,wk,2025-01-23,KEI,1.1775,484350,570300,,,
2025-01-30,wk,2025-01-23,KOTAKBANK,0.8716,15901600,13860000,,,
2025-01-30,wk,2025-01-23,KPITTECH,0.6447,2327200,1500400,,,
2025-01-30,wk,2025-01-23,LALPATHLAB,0.6366,697650,444150,,,
2025-01-30,wk,2025-01-23,LAURUSLABS,0.7794,12746600,9934800,,,
2025-01-30,wk,2025-01-23,LICHSGFIN,0.7893,8176000,6453000,,,
2025-01-30,wk,2025-01-23,LICI,0.5227,5219850,2728375,,,
2025-01-30,wk,2025-01-23,LODHA,0.568,3779550,2146950,,,
2025-01-30,wk,2025-01-23,LT,0.6876,6331650,4353900,,,
2025-01-30,wk,2025-01-23,LTF,0.5938,29658914,17611514,,,
2025-01-30,wk,2025-01-23,LTIM,0.8259,1514100,1250550,,,
2025-01-30,wk,2025-01-23,LTTS,1.366,1000100,1366100,,,
2025-01-30,wk,2025-01-23,LUPIN,0.616,4942325,3044275,,,
2025-01-30,wk,2025-01-23,M&M,0.4648,6968150,3238900,,,
2025-01-30,wk,2025-01-23,M&MFIN,0.8491,11850000,10062000,,,
2025-01-30,wk,2025-01-23,MANAPPURAM,0.8996,15777000,14193000,,,
2025-01-30,wk,2025-01-23,MARICO,0.6304,4825200,3042000,,,
2025-01-30,wk,2025-01-23,MARUTI,0.7089,3328800,2359700,,,
2025-01-30,wk,2025-01-23,MAXHEALTH,0.4869,2031225,989100,,,
2025-01-30,wk,2025-01-23,MCX,0.7337,2213700,1624200,,,
2025-01-30,wk,2025-01-23,METROPOLIS,0.4221,1353200,571200,,,
2025-01-30,wk,2025-01-23,MFSL,0.5559,1767200,982400,,,
2025-01-30,wk,2025-01-23,MGL,0.8497,2413200,2050400,,,
2025-01-30,wk,2025-01-23,MOTHERSON,0.5545,45400950,25173050,,,
2025-01-30,wk,2025-01-23,MPHASIS,0.5956,2222275,1323575,,,
2025-01-30,wk,2025-01-23,MRF,0.3017,60015,18105,,,
2025-01-30,wk,2025-01-23,MUTHOOTFIN,0.7711,1778425,1371425,,,
2025-01-30,wk,2025-01-23,NATIONALUM,0.6635,38388750,25470000,,,
2025-01-30,wk,2025-01-23,NAUKRI,0.4794,1262700,605400,,,
2025-01-30,wk,2025-01-23,NAVINFLUOR,0.9731,1015700,988400,,,
2025-01-30,wk,2025-01-23,NCC,0.57,6278175,3578400,,,
2025-01-30,wk,2025-01-23,NESTLEIND,0.7925,2364800,1874200,,,
2025-01-30,wk,2025-01-23,NHPC,0.5345,36972800,19763200,,,
2025-01-30,wk,2025-01-23,NMDC,0.7028,198085500,139212000,,,
2025-01-30,wk,2025-01-23,NTPC,0.3888,66693000,25929000,,,
2025-01-30,wk,2025-01-23,NYKAA,0.6825,11950450,8156750,,,
2025-01-30,wk,2025-01-23,OBEROIRLTY,0.3915,7723100,3023300,,,
2025-01-30,wk,2025-01-23,OFSS,0.5124,1301250,666800,,,
2025-01-30,wk,2025-01-23,OIL,0.5464,6040425,3300250,,,
2025-01-30,wk,2025-01-23,ONGC,0.3837,128097200,49149100,,,
2025-01-30,wk,2025-01-23,PAGEIND,0.4685,55320,25920,,,
2025-01-30,wk,2025-01-23,PAYTM,0.6412,16442400,10543650,,,
2025-01-30,wk,2025-01-23,PEL,0.7238,3764250,2724750,,,
2025-01-30,wk,2025-01-23,PERSISTENT,0.826,1924900,1589900,,,
2025-01-30,wk,2025-01-23,PETRONET,0.8507,13500000,11484000,,,
2025-01-30,wk,2025-01-23,PFC,0.6645,33686900,22383400,,,
2025-01-30,wk,2025-01-23,PIDILITIND,0.7154,1891500,1353250,,,
2025-01-30,wk,2025-01-23,PIIND,0.5175,714750,369875,,,
2025-01-30,wk,2025-01-23,PNB,0.6305,159720000,100696000,,,
2025-01-30,wk,2025-01-23,POLICYBZR,0.5714,2780700,1588925,,,
2025-01-30,wk,2025-01-23,POLYCAB,0.5795,2831000,1640625,,,
2025-01-30,wk,2025-01-23,POONAWALLA,0.5886,4998150,2942050,,,
2025-01-30,wk,2025-01-23,POWERGRID,0.5718,26013600,14873400,,,
2025-01-30,wk,2025-01-23,PRESTIGE,0.455,1905800,867100,,,
2025-01-30,wk,2025-01-23,PVRINOX,0.5019,5218554,2619045,,,
2025-01-30,wk,2025-01-23,RAMCOCEM,0.5715,3082950,1762050,,,
2025-01-30,wk,2025-01-23,RBLBANK,0.9545,18465000,17625000,,,
2025-01-30,wk,2025-01-23,RECLTD,0.6181,33161000,20496000,,,
2025-01-30,wk,2025-01-23,RELIANCE,0.6108,87837500,53653000,,,
2025-01-30,wk,2025-01-23,SAIL,0.6776,58068000,39348000,,,
2025-01-30,wk,2025-01-23,SBICARD,1.0817,8696800,9407200,,,
2025-01-30,wk,2025-01-23,SBILIFE,0.34,8360250,2842875,,,
2025-01-30,wk,2025-01-23,SBIN,0.5177,86937000,45008250,,,
2025-01-30,wk,2025-01-23,SHREECEM,0.5606,59450,33325,,,
2025-01-30,wk,2025-01-23,SHRIRAMFIN,0.6893,9794250,6751500,,,
2025-01-30,wk,2025-01-23,SIEMENS,0.3679,1905750,701100,,,
2025-01-30,wk,2025-01-23,SJVN,0.4464,31742550,14170275,,,
2025-01-30,wk,2025-01-23,SONACOMS,0.4918,2800075,1377175,,,
2025-01-30,wk,2025-01-23,SRF,1.1109,4736250,5261625,,,
2025-01-30,wk,2025-01-23,SUNPHARMA,0.4669,7898100,3687600,,,
2025-01-30,wk,2025-01-23,SUNTV,0.467,2262750,1056750,,,
2025-01-30,wk,2025-01-23,SUPREMEIND,0.4025,570125,229500,,,
2025-01-30,wk,2025-01-23,SYNGENE,0.5533,4748000,2627000,,,
2025-01-30,wk,2025-01-23,TATACHEM,0.4012,10789350,4328500,,,
2025-01-30,wk,2025-01-23,TATACOMM,0.5673,2797250,1587000,,,
2025-01-30,wk,2025-01-23,TATACONSUM,0.8391,4266792,3580056,,,
2025-01-30,wk,2025-01-23,TATAELXSI,0.5668,994000,563400,,,
2025-01-30,wk,2025-01-23,TATAMOTORS,0.6036,58674550,35414500,,,
2025-01-30,wk,2025-01-23,TATAPOWER,0.6123,59748300,36585000,,,
2025-01-30,wk,2025-01-23,TATASTEEL,0.6908,232452000,160583500,,,
2025-01-30,wk,2025-01-23,TCS,0.6835,8948800,6116775,,,
2025-01-30,wk,2025-01-23,TECHM,0.7089,6930600,4912800,,,
2025-01-30,wk,2025-01-23,TIINDIA,0.8264,226350,187050,,,
2025-01-30,wk,2025-01-23,TITAN,0.7377,3518200,2595425,,,
2025-01-30,wk,2025-01-23,TORNTPHARM,0.7184,673000,483500,,,
2025-01-30,wk,2025-01-23,TRENT,0.3633,5706400,2073100,,,
2025-01-30,wk,2025-01-23,TVSMOTOR,0.7825,2727900,2134650,,,
2025-01-30,wk,2025-01-23,UBL,0.6478,1276400,826800,,,
2025-01-30,wk,2025-01-23,ULTRACEMCO,0.7896,2149450,1697250,,,
2025-01-30,wk,2025-01-23,UNIONBANK,0.5607,48599775,27249150,,,
2025-01-30,wk,2025-01-23,UNITDSPR,0.6892,3633000,2503900,,,
2025-01-30,wk,2025-01-23,UPL,0.6298,12719385,8010760,,,
2025-01-30,wk,2025-01-23,VBL,0.5244,7966000,4177250,,,
2025-01-30,wk,2025-01-23,VEDL,0.7135,37915500,27052600,,,
2025-01-30,wk,2025-01-23,VOLTAS,0.5895,3855300,2272800,,,
2025-01-30,wk,2025-01-23,WIPRO,1.0537,70209000,73980000,,,
2025-01-30,wk,2025-01-23,YESBANK,0.5083,217256000,110422000,,,
2025-01-30,wk,2025-01-23,ZOMATO,0.5035,152350000,76706000,,,
2025-01-30,wk,2025-01-23,ZYDUSLIFE,0.6575,4840200,3182400,,,
2025-02-27,on,2025-02-27,AARTIIND,0.6176,9828000,6070000,450.0,370.0,2025-03-27
2025-02-27,on,2025-02-27,ABB,0.562,2161500,1214750,5500.0,5000.0,2025-03-27
2025-02-27,on,2025-02-27,ABBOTINDIA,0.961,31780,30540,,,
2025-02-27,on,2025-02-27,ABCAPITAL,0.8413,28007100,23562900,200.0,200.0,2025-03-27
2025-02-27,on,2025-02-27,ABFRL,0.6173,14547000,8980400,300.0,300.0,2025-03-27
2025-02-27,on,2025-02-27,ACC,0.6892,3644100,2511600,2200.0,2200.0,2025-03-27
2025-02-27,on,2025-02-27,ADANIENSOL,0.4715,4008125,1890000,700.0,660.0,2025-03-27
2025-02-27,on,2025-02-27,ADANIENT,0.8698,10657200,9269700,2600.0,2600.0,2025-03-27
2025-02-27,on,2025-02-27,ADANIGREEN,0.4103,7685250,3153375,840.0,840.0,2025-03-27
2025-02-27,on,2025-02-27,ADANIPORTS,0.7657,8320000,6370800,1200.0,1200.0,2025-03-27
2025-02-27,on,2025-02-27,ALKEM,0.7003,508100,355800,5000.0,4500.0,2025-03-27
2025-02-27,on,2025-02-27,AMBUJACEM,0.4726,18491400,8739900,600.0,600.0,2025-03-27
2025-02-27,on,2025-02-27,ANGELONE,0.623,2687800,1674600,2300.0,2100.0,2025-03-27
2025-02-27,on,2025-02-27,APLAPOLLO,0.7103,1738800,1235150,1640.0,1440.0,2025-03-27
2025-02-27,on,2025-02-27,APOLLOHOSP,0.4526,1500750,679250,6500.0,6300.0,2025-03-27
2025-02-27,on,2025-02-27,APOLLOTYRE,0.5045,10653900,5375400,420.0,400.0,2025-03-27
2025-02-27,on,2025-02-27,ASHOKLEY,1.0456,25260000,26412500,230.0,220.0,2025-03-27
2025-02-27,on,2025-02-27,ASIANPAINT,0.567,7350600,4167800,2500.0,2200.0,2025-03-27
2025-02-27,on,2025-02-27,ASTRAL,0.6143,2748096,1688200,1400.0,1400.0,2025-03-27
2025-02-27,on,2025-02-27,ATGL,0.3762,3569650,1343075,600.0,550.0,2025-03-27
2025-02-27,on,2025-02-27,ATUL,0.501,201800,101100,,,
2025-02-27,on,2025-02-27,AUBANK,0.828,10724000,8879000,600.0,500.0,2025-03-27
2025-02-27,on,2025-02-27,AUROPHARMA,0.7476,4105200,3069000,1200.0,1100.0,2025-03-27
2025-02-27,on,2025-02-27,AXISBANK,0.5978,25618750,15315625,1100.0,1100.0,2025-03-27
2025-02-27,on,2025-02-27,BAJAJ-AUTO,0.7152,1233075,881925,9000.0,8300.0,2025-03-27
2025-02-27,on,2025-02-27,BAJAJFINSV,0.9414,9478500,8923000,2000.0,1800.0,2025-03-27
2025-02-27,on,2025-02-27,BAJFINANCE,1.0872,4352875,4732375,9000.0,8000.0,2025-03-27
2025-02-27,on,2025-02-27,BALKRISIND,0.7238,588600,426000,2800.0,2500.0,2025-03-27
2025-02-27,on,2025-02-27,BANDHANBNK,0.6729,45399200,30548000,150.0,140.0,2025-03-27
2025-02-27,on,2025-02-27,BANKBARODA,0.772,61977825,47847150,210.0,260.0,2025-03-27
2025-02-27,on,2025-02-27,BANKINDIA,0.9379,28573650,26798050,100.0,100.0,2025-03-27
2025-02-27,on,2025-02-27,BATAINDIA,0.6514,1280250,834000,,,
2025-02-27,on,2025-02-27,BEL,0.5138,111460650,57273600,300.0,240.0,2025-03-27
2025-02-27,on,2025-02-27,BERGEPAINT,0.8503,6481200,5511000,520.0,500.0,2025-03-27
2025-02-27,on,2025-02-27,BHARATFORG,0.647,4453500,2881500,1100.0,1040.0,2025-03-27
2025-02-27,on,2025-02-27,BHARTIARTL,0.4145,22154950,9182225,1700.0,1600.0,2025-03-27
2025-02-27,on,2025-02-27,BHEL,0.6372,53227125,33917625,200.0,190.0,2025-03-27
2025-02-27,on,2025-02-27,BIOCON,0.3873,28655000,11097500,360.0,300.0,2025-03-27
2025-02-27,on,2025-02-27,BOSCHLTD,0.7148,188450,134700,30000.0,30000.0,2025-03-27
2025-02-27,on,2025-02-27,BPCL,0.3478,45568800,15850800,250.0,250.0,2025-03-27
2025-02-27,on,2025-02-27,BRITANNIA,0.485,1751400,849400,5000.0,4800.0,2025-03-27
2025-02-27,on,2025-02-27,BSE,0.7254,5171375,3751375,5500.0,5000.0,2025-03-27
2025-02-27,on,2025-02-27,BSOFT,0.5678,5740000,3259000,500.0,450.0,2025-03-27
2025-02-27,on,2025-02-27,CAMS,0.5161,1052375,543125,3500.0,3300.0,2025-03-27
2025-02-27,on,2025-02-27,CANBK,0.6028,187002000,112731750,90.0,80.0,2025-03-27
2025-02-27,on,2025-02-27,CANFINHOME,0.41,3001050,1230450,,,
2025-02-27,on,2025-02-27,CDSL,0.4724,9040150,4270350,1300.0,1000.0,2025-03-27
2025-02-27,on,2025-02-27,CESC,0.4984,11755575,5858775,135.0,120.0,2025-03-27
2025-02-27,on,2025-02-27,CGPOWER,0.8517,3772900,3213200,600.0,600.0,2025-03-27
2025-02-27,on,2025-02-27,CHAMBLFERT,0.6926,9642500,6678500,600.0,480.0,2025-03-27
2025-02-27,on,2025-02-27,CHOLAFIN,0.8876,3485000,3093125,1500.0,1400.0,2025-03-27
2025-02-27,on,2025-02-27,CIPLA,0.605,6331975,3830775,1500.0,1400.0,2025-03-27
2025-02-27,on,2025-02-27,COALINDIA,0.5758,38991750,22453200,450.0,450.0,2025-03-27
2025-02-27,on,2025-02-27,COFORGE,0.51,1563450,797400,7500.0,7500.0,2025-03-27
2025-02-27,on,2025-02-27,COLPAL,0.6236,1261400,786625,2500.0,2500.0,2025-03-27
2025-02-27,on,2025-02-27,CONCOR,0.5237,10716000,5612000,750.0,900.0,2025-03-27
2025-02-27,on,2025-02-27,COROMANDEL,0.5285,884100,467250,,,
2025-02-27,on,2025-02-27,CROMPTON,0.8834,5788800,5113800,330.0,290.0,2025-03-27
2025-02-27,on,2025-02-27,CUB,0.2926,18350000,5370000,,,
2025-02-27,on,2025-02-27,CUMMINSIND,0.5845,1324500,774150,2800.0,2800.0,2025-03-27
2025-02-27,on,2025-02-27,CYIENT,0.4581,1453200,665700,1500.0,1200.0,2025-03-27
2025-02-27,on,2025-02-27,DABUR,0.6576,11936250,7848750,550.0,500.0,2025-03-27
2025-02-27,on,2025-02-27,DALBHARAT,0.6541,632775,413875,1800.0,1700.0,2025-03-27
2025-02-27,on,2025-02-27,DEEPAKNTR,0.5974,2958300,1767300,2000.0,1900.0,2025-03-27
2025-02-27,on,2025-02-27,DELHIVERY,0.5363,10682625,5729425,260.0,250.0,2025-03-27
2025-02-27,on,2025-02-27,DIVISLAB,0.6518,1589500,1036100,6000.0,5700.0,2025-03-27
2025-02-27,on,2025-02-27,DIXON,0.6195,1713000,1061150,15000.0,14000.0,2025-03-27
2025-02-27,on,2025-02-27,DLF,0.6015,19464225,11707575,700.0,650.0,2025-03-27
2025-02-27,on,2025-02-27,DMART,0.3912,1938450,758250,4000.0,3500.0,2025-03-27
2025-02-27,on,2025-02-27,DRREDDY,0.4734,10599375,5017500,1200.0,1100.0,2025-03-27
2025-02-27,on,2025-02-27,EICHERMOT,0.6154,2973950,1830150,5500.0,5000.0,2025-03-27
2025-02-27,on,2025-02-27,ESCORTS,0.4536,1090950,494850,3300.0,2900.0,2025-03-27
2025-02-27,on,2025-02-27,EXIDEIND,0.7881,13021200,10261800,440.0,360.0,2025-03-27
2025-02-27,on,2025-02-27,FEDERALBNK,0.6138,51920000,31870000,200.0,180.0,2025-03-27
2025-02-27,on,2025-02-27,GAIL,0.5927,45897850,27203600,203.5,203.5,2025-03-27
2025-02-27,on,2025-02-27,GLENMARK,0.7443,2291575,1705600,1400.0,1300.0,2025-03-27
2025-02-27,on,2025-02-27,GMRAIRPORT,0.603,82800000,49927500,70.0,70.0,2025-03-27
2025-02-27,on,2025-02-27,GNFC,0.7413,2130700,1579500,,,
2025-02-27,on,2025-02-27,GODREJCP,0.5513,2888500,1592500,1100.0,1000.0,2025-03-27
2025-02-27,on,2025-02-27,GODREJPROP,0.4228,4061925,1717425,2100.0,2000.0,2025-03-27
2025-02-27,on,2025-02-27,GRANULES,0.5857,4432000,2596000,520.0,500.0,2025-03-27
2025-02-27,on,2025-02-27,GRASIM,0.7263,2266500,1646250,2500.0,2400.0,2025-03-27
2025-02-27,on,2025-02-27,GUJGASLTD,0.3811,7210000,2747500,,,
2025-02-27,on,2025-02-27,HAL,0.5718,8673450,4959600,4000.0,3300.0,2025-03-27
2025-02-27,on,2025-02-27,HAVELLS,0.7346,5500500,4040500,1440.0,1400.0,2025-03-27
2025-02-27,on,2025-02-27,HCLTECH,0.7082,8562750,6064450,1700.0,1640.0,2025-03-27
2025-02-27,on,2025-02-27,HDFCAMC,0.5778,897750,518700,3800.0,3800.0,2025-03-27
2025-02-27,on,2025-02-27,HDFCBANK,0.6216,39197950,24364450,1700.0,1700.0,2025-03-27
2025-02-27,on,2025-02-27,HDFCLIFE,0.4391,16117200,7076300,700.0,620.0,2025-03-27
2025-02-27,on,2025-02-27,HEROMOTOCO,0.5582,3570300,1993050,4000.0,3800.0,2025-03-27
2025-02-27,on,2025-02-27,HFCL,0.5352,37491100,20065250,100.0,85.0,2025-03-27
2025-02-27,on,2025-02-27,HINDALCO,0.7868,19306000,15190000,660.0,600.0,2025-03-27
2025-02-27,on,2025-02-27,HINDCOPPER,0.6009,11294300,6786650,250.0,200.0,2025-03-27
2025-02-27,on,2025-02-27,HINDPETRO,0.6766,22331700,15110550,320.0,310.0,2025-03-27
2025-02-27,on,2025-02-27,HINDUNILVR,0.5687,10588200,6021300,2400.0,2200.0,2025-03-27
2025-02-27,on,2025-02-27,HUDCO,0.4448,32919375,14642150,200.0,160.0,2025-03-27
2025-02-27,on,2025-02-27,ICICIBANK,0.6453,29301300,18907000,1300.0,1250.0,2025-03-27
2025-02-27,on,2025-02-27,ICICIGI,0.8597,844500,726000,2000.0,2000.0,2025-03-27
2025-02-27,on,2025-02-27,ICICIPRULI,0.5213,3674250,1915500,580.0,550.0,2025-03-27
2025-02-27,on,2025-02-27,IDEA,0.3674,1621120000,595600000,10.0,8.0,2025-03-27
2025-02-27,on,2025-02-27,IDFCFIRSTB,0.8087,146452500,118440000,70.0,55.0,2025-03-27
2025-02-27,on,2025-02-27,IEX,0.6272,33288750,20880000,170.0,160.0,2025-03-27
2025-02-27,on,2025-02-27,IGL,0.7465,15732750,11745250,210.0,190.0,2025-03-27
2025-02-27,on,2025-02-27,INDHOTEL,0.5565,10690000,5949000,800.0,700.0,2025-03-27
2025-02-27,on,2025-02-27,INDIAMART,0.9799,582900,571200,,,
2025-02-27,on,2025-02-27,INDIANB,0.9196,1926600,1771750,620.0,520.0,2025-03-27
2025-02-27,on,2025-02-27,INDIGO,0.6942,1785300,1239300,4500.0,4500.0,2025-03-27
2025-02-27,on,2025-02-27,INDUSINDBK,0.7874,16684500,13137000,1100.0,1000.0,2025-03-27
2025-02-27,on,2025-02-27,INDUSTOWER,0.7308,23500800,17173400,360.0,330.0,2025-03-27
2025-02-27,on,2025-02-27,INFY,0.5499,21750400,11959600,1900.0,1700.0,2025-03-27
2025-02-27,on,2025-02-27,IOC,0.7567,81909750,61980750,120.0,120.0,2025-03-27
2025-02-27,on,2025-02-27,IPCALAB,0.752,959400,721500,,,
2025-02-27,on,2025-02-27,IRB,0.3226,105780000,34122250,50.0,40.0,2025-03-27
2025-02-27,on,2025-02-27,IRCTC,0.5367,14801500,7943250,800.0,700.0,2025-03-27
2025-02-27,on,2025-02-27,IRFC,0.2682,113445075,30427800,130.0,110.0,2025-03-27
2025-02-27,on,2025-02-27,ITC,0.3454,83256000,28760000,450.0,400.0,2025-03-27
2025-02-27,on,2025-02-27,JINDALSTEL,1.0143,6863750,6961875,880.0,860.0,2025-03-27
2025-02-27,on,2025-02-27,JIOFIN,0.4833,60505500,29244600,250.0,220.0,2025-03-27
2025-02-27,on,2025-02-27,JKCEMENT,0.7568,249250,188625,4800.0,4500.0,2025-03-27
2025-02-27,on,2025-02-27,JSL,0.602,2058400,1239225,700.0,500.0,2025-03-27
2025-02-27,on,2025-02-27,JSWENERGY,0.5694,8280000,4714500,500.0,400.0,2025-03-27
2025-02-27,on,2025-02-27,JSWSTEEL,0.962,6299775,6060150,1000.0,900.0,2025-03-27
2025-02-27,on,2025-02-27,JUBLFOOD,0.8365,7673750,6418750,700.0,700.0,2025-03-27
2025-02-27,on,2025-02-27,KALYANKJIL,0.4704,14287125,6720800,500.0,400.0,2025-03-27
2025-02-27,on,2025-02-27,KEI,0.4621,2071200,957150,3500.0,2500.0,2025-03-27
2025-02-27,on,2025-02-27,KOTAKBANK,0.7637,11539600,8812800,2000.0,1900.0,2025-03-27
2025-02-27,on,2025-02-27,KPITTECH,0.8642,1681600,1453200,1300.0,1200.0,2025-03-27
2025-02-27,on,2025-02-27,LALPATHLAB,0.5331,385500,205500,,,
2025-02-27,on,2025-02-27,LAURUSLABS,0.5545,20340500,11277800,600.0,500.0,2025-03-27
2025-02-27,on,2025-02-27,LICHSGFIN,0.7104,9445000,6710000,600.0,520.0,2025-03-27
2025-02-27,on,2025-02-27,LICI,0.6144,4882325,2999775,750.0,750.0,2025-03-27
2025-02-27,on,2025-02-27,LODHA,0.5827,2314350,1348650,1300.0,1100.0,2025-03-27
2025-02-27,on,2025-02-27,LT,0.6511,9839100,6406650,3300.0,3200.0,2025-03-27
2025-02-27,on,2025-02-27,LTF,0.6036,29301954,17687368,165.0,165.0,2025-03-27
2025-02-27,on,2025-02-27,LTIM,0.4556,1422750,648150,5500.0,4800.0,2025-03-27
2025-02-27,on,2025-02-27,LTTS,0.4932,685700,338200,5500.0,4500.0,2025-03-27
2025-02-27,on,2025-02-27,LUPIN,0.5728,5748550,3292900,2100.0,1900.0,2025-03-27
2025-02-27,on,2025-02-27,M&M,0.6721,10950100,7359800,3000.0,2500.0,2025-03-27
2025-02-27,on,2025-02-27,M&MFIN,0.6483,12600000,8168000,300.0,250.0,2025-03-27
2025-02-27,on,2025-02-27,MANAPPURAM,1.0703,9426000,10089000,190.0,190.0,2025-03-27
2025-02-27,on,2025-02-27,MARICO,0.5468,7125600,3896400,670.0,600.0,2025-03-27
2025-02-27,on,2025-02-27,MARUTI,0.4651,3748650,1743400,13000.0,12000.0,2025-03-27
2025-02-27,on,2025-02-27,MAXHEALTH,0.5478,2445975,1339800,1200.0,1000.0,2025-03-27
2025-02-27,on,2025-02-27,MCX,0.7332,1192900,874600,6000.0,5400.0,2025-03-27
2025-02-27,on,2025-02-27,METROPOLIS,0.7015,834800,585600,,,
2025-02-27,on,2025-02-27,MFSL,0.6908,2520000,1740800,1100.0,1000.0,2025-03-27
2025-02-27,on,2025-02-27,MGL,1.0346,1779200,1840800,1300.0,1300.0,2025-03-27
2025-02-27,on,2025-02-27,MOTHERSON,0.6102,49185250,30011700,140.0,170.0,2025-03-27
2025-02-27,on,2025-02-27,MPHASIS,0.4914,1765500,867625,2500.0,2400.0,2025-03-27
2025-02-27,on,2025-02-27,MRF,0.3573,24770,8850,110000.0,110000.0,2025-03-27
2025-02-27,on,2025-02-27,MUTHOOTFIN,0.6825,2206325,1505900,2400.0,2100.0,2025-03-27
2025-02-27,on,2025-02-27,NATIONALUM,0.6737,36048750,24285000,200.0,180.0,2025-03-27
2025-02-27,on,2025-02-27,NAUKRI,0.6114,723825,442575,8000.0,7000.0,2025-03-27
2025-02-27,on,2025-02-27,NAVINFLUOR,0.8149,508725,414575,,,
2025-02-27,on,2025-02-27,NBCC,0.4148,24203400,10039800,80.0,80.0,2025-03-27
2025-02-27,on,2025-02-27,NCC,0.4079,23300425,9505125,200.0,160.0,2025-03-27
2025-02-27,on,2025-02-27,NESTLEIND,0.6322,2948800,1864200,2300.0,2300.0,2025-03-27
2025-02-27,on,2025-02-27,NHPC,0.5309,48633600,25817600,80.0,75.0,2025-03-27
2025-02-27,on,2025-02-27,NMDC,0.7844,139077000,109093500,76.0,76.0,2025-03-27
2025-02-27,on,2025-02-27,NTPC,0.5283,56977500,30100500,380.0,380.0,2025-03-27
2025-02-27,on,2025-02-27,NYKAA,0.4206,17157200,7215700,170.0,160.0,2025-03-27
2025-02-27,on,2025-02-27,OBEROIRLTY,0.4694,2891700,1357300,1600.0,1500.0,2025-03-27
2025-02-27,on,2025-02-27,OFSS,0.4414,520050,229550,8500.0,8000.0,2025-03-27
2025-02-27,on,2025-02-27,OIL,0.5635,4620350,2603650,400.0,400.0,2025-03-27
2025-02-27,on,2025-02-27,ONGC,0.3446,78541925,27063575,250.0,230.0,2025-03-27
2025-02-27,on,2025-02-27,PAGEIND,0.4388,139470,61200,42000.0,43000.0,2025-03-27
2025-02-27,on,2025-02-27,PAYTM,0.4761,7512050,3576300,800.0,740.0,2025-03-27
2025-02-27,on,2025-02-27,PEL,0.6956,4254750,2959500,1000.0,1120.0,2025-03-27
2025-02-27,on,2025-02-27,PERSISTENT,0.4226,1683300,711400,6000.0,5500.0,2025-03-27
2025-02-27,on,2025-02-27,PETRONET,1.4826,15541500,23041500,300.0,270.0,2025-03-27
2025-02-27,on,2025-02-27,PFC,0.713,31571800,22510800,400.0,380.0,2025-03-27
2025-02-27,on,2025-02-27,PHOENIXLTD,1.0457,497350,520100,1700.0,1400.0,2025-03-27
2025-02-27,on,2025-02-27,PIDILITIND,0.6577,762500,501500,2800.0,2600.0,2025-03-27
2025-02-27,on,2025-02-27,PIIND,0.6166,933125,575375,3100.0,3100.0,2025-03-27
2025-02-27,on,2025-02-27,PNB,0.67,167888000,112488000,100.0,90.0,2025-03-27
2025-02-27,on,2025-02-27,POLICYBZR,0.8019,1539200,1234350,1700.0,1450.0,2025-03-27
2025-02-27,on,2025-02-27,POLYCAB,0.5299,4681500,2480500,5000.0,4200.0,2025-03-27
2025-02-27,on,2025-02-27,POONAWALLA,0.6185,5743450,3552500,285.0,280.0,2025-03-27
2025-02-27,on,2025-02-27,POWERGRID,0.4145,43779600,18147600,300.0,320.0,2025-03-27
2025-02-27,on,2025-02-27,PRESTIGE,0.6321,1768650,1118000,1600.0,1000.0,2025-03-27
2025-02-27,on,2025-02-27,PVRINOX,0.3531,2529098,892958,,,
2025-02-27,on,2025-02-27,RAMCOCEM,0.7605,2363850,1797750,900.0,680.0,2025-03-27
2025-02-27,on,2025-02-27,RBLBANK,0.6433,14580000,9380000,180.0,160.0,2025-03-27
2025-02-27,on,2025-02-27,RECLTD,0.5245,33484000,17563000,400.0,390.0,2025-03-27
2025-02-27,on,2025-02-27,RELIANCE,0.6239,78313500,48860500,1300.0,1200.0,2025-03-27
2025-02-27,on,2025-02-27,SAIL,0.8082,63228000,51100000,120.0,140.0,2025-03-27
2025-02-27,on,2025-02-27,SBICARD,0.8781,7076000,6213600,900.0,800.0,2025-03-27
2025-02-27,on,2025-02-27,SBILIFE,0.4205,4728750,1988625,1600.0,1400.0,2025-03-27
2025-02-27,on,2025-02-27,SBIN,0.5886,97194000,57204750,800.0,800.0,2025-03-27
2025-02-27,on,2025-02-27,SHREECEM,0.9504,45900,43625,30000.0,27000.0,2025-03-27
2025-02-27,on,2025-02-27,SHRIRAMFIN,1.0746,6894750,7409250,660.0,600.0,2025-03-27
2025-02-27,on,2025-02-27,SIEMENS,0.4358,1574625,686250,5000.0,4800.0,2025-03-27
2025-02-27,on,2025-02-27,SJVN,0.5577,24045525,13409550,100.0,75.0,2025-03-27
2025-02-27,on,2025-02-27,SOLARINDS,0.5718,129600,74100,9500.0,8500.0,2025-03-27
2025-02-27,on,2025-02-27,SONACOMS,1.0643,1687175,1795675,500.0,380.0,2025-03-27
2025-02-27,on,2025-02-27,SRF,0.618,4027875,2489250,2840.0,2800.0,2025-03-27
2025-02-27,on,2025-02-27,SUNPHARMA,0.4633,10278800,4761750,1700.0,1600.0,2025-03-27
2025-02-27,on,2025-02-27,SUNTV,0.5135,1698750,872250,,,
2025-02-27,on,2025-02-27,SUPREMEIND,0.698,250375,174750,3700.0,3700.0,2025-03-27
2025-02-27,on,2025-02-27,SYNGENE,0.6406,3634000,2328000,830.0,560.0,2025-03-27
2025-02-27,on,2025-02-27,TATACHEM,0.5547,8512900,4722300,900.0,800.0,2025-03-27
2025-02-27,on,2025-02-27,TATACOMM,0.635,1654000,1050250,1500.0,1400.0,2025-03-27
2025-02-27,on,2025-02-27,TATACONSUM,0.9497,4118136,3911112,1100.0,1000.0,2025-03-27
2025-02-27,on,2025-02-27,TATAELXSI,0.4443,366900,163000,6000.0,5500.0,2025-03-27
2025-02-27,on,2025-02-27,TATAMOTORS,0.437,72504850,31682200,700.0,650.0,2025-03-27
2025-02-27,on,2025-02-27,TATAPOWER,0.6792,47841300,32494500,400.0,400.0,2025-03-27
2025-02-27,on,2025-02-27,TATASTEEL,0.7733,230917500,178557500,140.0,150.0,2025-03-27
2025-02-27,on,2025-02-27,TCS,0.5485,11273850,6183275,4000.0,3600.0,2025-03-27
2025-02-27,on,2025-02-27,TECHM,0.6189,7200000,4456200,1800.0,1600.0,2025-03-27
2025-02-27,on,2025-02-27,TIINDIA,0.5385,466050,250950,2700.0,2400.0,2025-03-27
2025-02-27,on,2025-02-27,TITAN,0.5447,4658675,2537500,3200.0,3200.0,2025-03-27
2025-02-27,on,2025-02-27,TORNTPHARM,0.7466,435000,324750,3200.0,3000.0,2025-03-27
2025-02-27,on,2025-02-27,TORNTPOWER,0.8023,639375,513000,1400.0,1300.0,2025-03-27
2025-02-27,on,2025-02-27,TRENT,0.4894,5387300,2636500,5000.0,4500.0,2025-03-27
2025-02-27,on,2025-02-27,TVSMOTOR,0.7114,2503200,1780800,2500.0,2200.0,2025-03-27
2025-02-27,on,2025-02-27,UBL,0.7108,1123200,798400,,,
2025-02-27,on,2025-02-27,ULTRACEMCO,0.5867,1730000,1014950,11000.0,10200.0,2025-03-27
2025-02-27,on,2025-02-27,UNIONBANK,0.9854,31806900,31342275,120.0,115.0,2025-03-27
2025-02-27,on,2025-02-27,UNITDSPR,0.7378,2046450,1509900,1400.0,1300.0,2025-03-27
2025-02-27,on,2025-02-27,UPL,0.8172,13158405,10753280,640.0,600.0,2025-03-27
2025-02-27,on,2025-02-27,VBL,0.637,14545125,9265375,500.0,400.0,2025-03-27
2025-02-27,on,2025-02-27,VEDL,0.665,37450900,24904400,450.0,400.0,2025-03-27
2025-02-27,on,2025-02-27,VOLTAS,0.6066,6751200,4095600,1300.0,1300.0,2025-03-27
2025-02-27,on,2025-02-27,WIPRO,0.716,57012000,40818000,300.0,290.0,2025-03-27
2025-02-27,on,2025-02-27,YESBANK,0.4635,213044000,98748000,19.0,18.0,2025-03-27
2025-02-27,on,2025-02-27,ZOMATO,0.6285,63570000,39956000,250.0,200.0,2025-03-27
2025-02-27,on,2025-02-27,ZYDUSLIFE,0.5896,7267500,4284900,1000.0,900.0,2025-03-27
2025-02-27,wk,2025-02-20,AARTIIND,0.4859,10431000,5068000,,,
2025-02-27,wk,2025-02-20,ABB,0.5699,2938500,1674750,,,
2025-02-27,wk,2025-02-20,ABBOTINDIA,0.8755,53320,46680,,,
2025-02-27,wk,2025-02-20,ABCAPITAL,0.7078,26708400,18905400,,,
2025-02-27,wk,2025-02-20,ABFRL,0.7484,13462800,10075000,,,
2025-02-27,wk,2025-02-20,ACC,0.7441,3728400,2774400,,,
2025-02-27,wk,2025-02-20,ADANIENSOL,0.3511,5444375,1911250,,,
2025-02-27,wk,2025-02-20,ADANIENT,0.7701,10921200,8409900,,,
2025-02-27,wk,2025-02-20,ADANIGREEN,0.3498,8715750,3048750,,,
2025-02-27,wk,2025-02-20,ADANIPORTS,0.7528,9618400,7240400,,,
2025-02-27,wk,2025-02-20,ALKEM,0.496,863300,428200,,,
2025-02-27,wk,2025-02-20,AMBUJACEM,0.4202,20644200,8674200,,,
2025-02-27,wk,2025-02-20,ANGELONE,0.651,2312000,1505200,,,
2025-02-27,wk,2025-02-20,APLAPOLLO,0.6654,1897350,1262450,,,
2025-02-27,wk,2025-02-20,APOLLOHOSP,0.4105,2248125,922750,,,
2025-02-27,wk,2025-02-20,APOLLOTYRE,0.468,10341100,4839900,,,
2025-02-27,wk,2025-02-20,ASHOKLEY,0.9955,32070000,31925000,,,
2025-02-27,wk,2025-02-20,ASIANPAINT,0.5227,7786400,4069600,,,
2025-02-27,wk,2025-02-20,ASTRAL,0.474,3609812,1710954,,,
2025-02-27,wk,2025-02-20,ATGL,0.4313,3719225,1604250,,,
2025-02-27,wk,2025-02-20,ATUL,0.4201,270400,113600,,,
2025-02-27,wk,2025-02-20,AUBANK,0.5817,12992000,7558000,,,
2025-02-27,wk,2025-02-20,AUROPHARMA,0.9106,4409350,4015000,,,
2025-02-27,wk,2025-02-20,AXISBANK,0.5488,27973750,15351875,,,
2025-02-27,wk,2025-02-20,BAJAJ-AUTO,0.6301,1471725,927375,,,
2025-02-27,wk,2025-02-20,BAJAJFINSV,0.8188,10308000,8440000,,,
2025-02-27,wk,2025-02-20,BAJFINANCE,0.8405,5540375,4656750,,,
2025-02-27,wk,2025-02-20,BALKRISIND,0.59,563400,332400,,,
2025-02-27,wk,2025-02-20,BANDHANBNK,0.5649,41459600,23419200,,,
2025-02-27,wk,2025-02-20,BANKBARODA,0.8176,61948575,50649300,,,
2025-02-27,wk,2025-02-20,BANKINDIA,0.9051,23483275,21254125,,,
2025-02-27,wk,2025-02-20,BATAINDIA,0.6202,1599375,991875,,,
2025-02-27,wk,2025-02-20,BEL,0.4737,127563150,60431400,,,
2025-02-27,wk,2025-02-20,BERGEPAINT,0.7792,5261520,4099920,,,
2025-02-27,wk,2025-02-20,BHARATFORG,0.5909,5393000,3186500,,,
2025-02-27,wk,2025-02-20,BHARTIARTL,0.4038,24219300,9778825,,,
2025-02-27,wk,2025-02-20,BHEL,0.6197,57933750,35902125,,,
2025-02-27,wk,2025-02-20,BIOCON,0.4056,26952500,10932500,,,
2025-02-27,wk,2025-02-20,BOSCHLTD,0.7186,158025,113550,,,
2025-02-27,wk,2025-02-20,BPCL,0.3204,43590600,13968000,,,
2025-02-27,wk,2025-02-20,BRITANNIA,0.3895,2304300,897600,,,
2025-02-27,wk,2025-02-20,BSE,1.1486,3854125,4427000,,,
2025-02-27,wk,2025-02-20,BSOFT,0.6428,6042000,3884000,,,
2025-02-27,wk,2025-02-20,CAMS,0.444,1414000,627750,,,
2025-02-27,wk,2025-02-20,CANBK,0.5983,167636250,100305000,,,
2025-02-27,wk,2025-02-20,CANFINHOME,0.4188,3950700,1654575,,,
2025-02-27,wk,2025-02-20,CDSL,0.394,10845450,4272800,,,
2025-02-27,wk,2025-02-20,CESC,0.4852,14095575,6838650,,,
2025-02-27,wk,2025-02-20,CGPOWER,0.8856,4189050,3709825,,,
2025-02-27,wk,2025-02-20,CHAMBLFERT,0.8602,10531700,9059200,,,
2025-02-27,wk,2025-02-20,CHOLAFIN,0.7131,3928125,2801250,,,
2025-02-27,wk,2025-02-20,CIPLA,0.6553,6106425,4001400,,,
2025-02-27,wk,2025-02-20,COALINDIA,0.5874,36952650,21706650,,,
2025-02-27,wk,2025-02-20,COFORGE,0.4277,1755900,750975,,,
2025-02-27,wk,2025-02-20,COLPAL,0.5078,1774500,901075,,,
2025-02-27,wk,2025-02-20,CONCOR,0.4949,12251000,6063000,,,
2025-02-27,wk,2025-02-20,COROMANDEL,0.6157,1204000,741300,,,
2025-02-27,wk,2025-02-20,CROMPTON,0.735,6656400,4892400,,,
2025-02-27,wk,2025-02-20,CUB,0.3549,18780000,6665000,,,
2025-02-27,wk,2025-02-20,CUMMINSIND,0.4851,2018850,979350,,,
2025-02-27,wk,2025-02-20,CYIENT,0.454,1654800,751200,,,
2025-02-27,wk,2025-02-20,DABUR,0.5851,13377500,7827500,,,
2025-02-27,wk,2025-02-20,DALBHARAT,0.6065,639375,387750,,,
2025-02-27,wk,2025-02-20,DEEPAKNTR,0.5324,4431300,2359200,,,
2025-02-27,wk,2025-02-20,DELHIVERY,0.5353,11095900,5939875,,,
2025-02-27,wk,2025-02-20,DIVISLAB,0.9366,1524800,1428200,,,
2025-02-27,wk,2025-02-20,DIXON,0.4163,2328400,969350,,,
2025-02-27,wk,2025-02-20,DLF,0.5129,23515800,12062325,,,
2025-02-27,wk,2025-02-20,DMART,0.3642,2324400,846600,,,
2025-02-27,wk,2025-02-20,DRREDDY,0.4897,9809375,4803750,,,
2025-02-27,wk,2025-02-20,EICHERMOT,0.385,4302200,1656200,,,
2025-02-27,wk,2025-02-20,ESCORTS,0.4585,1430850,656100,,,
2025-02-27,wk,2025-02-20,EXIDEIND,0.778,12396600,9644400,,,
2025-02-27,wk,2025-02-20,FEDERALBNK,0.7425,43530000,32320000,,,
2025-02-27,wk,2025-02-20,GAIL,0.66,40937000,27020300,,,
2025-02-27,wk,2025-02-20,GLENMARK,0.8986,2494375,2241525,,,
2025-02-27,wk,2025-02-20,GMRAIRPORT,0.5548,71088750,39442500,,,
2025-02-27,wk,2025-02-20,GNFC,0.9187,2735200,2512900,,,
2025-02-27,wk,2025-02-20,GODREJCP,0.6454,3240500,2091500,,,
2025-02-27,wk,2025-02-20,GODREJPROP,0.3707,5386725,1996875,,,
2025-02-27,wk,2025-02-20,GRANULES,0.5838,4921000,2873000,,,
2025-02-27,wk,2025-02-20,GRASIM,0.7805,2091250,1632250,,,
2025-02-27,wk,2025-02-20,GUJGASLTD,0.4391,8482500,3725000,,,
2025-02-27,wk,2025-02-20,HAL,0.4166,12178800,5073300,,,
2025-02-27,wk,2025-02-20,HAVELLS,0.5145,3843500,1977500,,,
2025-02-27,wk,2025-02-20,HCLTECH,0.6995,7948150,5559750,,,
2025-02-27,wk,2025-02-20,HDFCAMC,0.5158,1149900,593100,,,
2025-02-27,wk,2025-02-20,HDFCBANK,0.4957,47807100,23695650,,,
2025-02-27,wk,2025-02-20,HDFCLIFE,0.4331,17479000,7570200,,,
2025-02-27,wk,2025-02-20,HEROMOTOCO,0.4843,4407450,2134350,,,
2025-02-27,wk,2025-02-20,HFCL,0.5978,33042300,19754000,,,
2025-02-27,wk,2025-02-20,HINDALCO,0.9065,19968200,18102000,,,
2025-02-27,wk,2025-02-20,HINDCOPPER,0.5837,11514250,6720400,,,
2025-02-27,wk,2025-02-20,HINDPETRO,0.6456,21209850,13693050,,,
2025-02-27,wk,2025-02-20,HINDUNILVR,0.4352,12991500,5654100,,,
2025-02-27,wk,2025-02-20,HUDCO,0.4063,36799375,14950125,,,
2025-02-27,wk,2025-02-20,ICICIBANK,0.6501,29643600,19271000,,,
2025-02-27,wk,2025-02-20,ICICIGI,0.756,837250,633000,,,
2025-02-27,wk,2025-02-20,ICICIPRULI,0.4815,4157250,2001750,,,
2025-02-27,wk,2025-02-20,IDEA,0.383,1496280000,573080000,,,
2025-02-27,wk,2025-02-20,IDFCFIRSTB,0.7085,129772500,91942500,,,
2025-02-27,wk,2025-02-20,IEX,0.6225,31143750,19387500,,,
2025-02-27,wk,2025-02-20,IGL,0.6486,18227000,11822250,,,
2025-02-27,wk,2025-02-20,INDHOTEL,0.5828,11895000,6933000,,,
2025-02-27,wk,2025-02-20,INDIAMART,0.9324,616800,575100,,,
2025-02-27,wk,2025-02-20,INDIANB,0.9546,2094750,1999750,,,
2025-02-27,wk,2025-02-20,INDIGO,0.8437,1540650,1299900,,,
2025-02-27,wk,2025-02-20,INDUSINDBK,0.6856,17731000,12157000,,,
2025-02-27,wk,2025-02-20,INDUSTOWER,0.747,26445200,19754000,,,
2025-02-27,wk,2025-02-20,INFY,0.5516,19680400,10856000,,,
2025-02-27,wk,2025-02-20,IOC,0.74,74797125,55350750,,,
2025-02-27,wk,2025-02-20,IPCALAB,0.8822,1313650,1158950,,,
2025-02-27,wk,2025-02-20,IRB,0.3189,98102750,31283000,,,
2025-02-27,wk,2025-02-20,IRCTC,0.4993,16815750,8395625,,,
2025-02-27,wk,2025-02-20,IRFC,0.277,119254275,33036300,,,
2025-02-27,wk,2025-02-20,ITC,0.37,98004800,36265600,,,
2025-02-27,wk,2025-02-20,JINDALSTEL,1.0742,6725000,7223750,,,
2025-02-27,wk,2025-02-20,JIOFIN,0.4421,62940900,27827250,,,
2025-02-27,wk,2025-02-20,JKCEMENT,0.6097,343000,209125,,,
2025-02-27,wk,2025-02-20,JSL,0.5568,1829000,1018350,,,
2025-02-27,wk,2025-02-20,JSWENERGY,0.6469,8437500,5458500,,,
2025-02-27,wk,2025-02-20,JSWSTEEL,0.9169,6871500,6300450,,,
2025-02-27,wk,2025-02-20,JUBLFOOD,0.876,9382500,8218750,,,
2025-02-27,wk,2025-02-20,KALYANKJIL,0.5396,16667925,8993875,,,
2025-02-27,wk,2025-02-20,KEI,0.5546,460350,255300,,,
2025-02-27,wk,2025-02-20,KOTAKBANK,0.6963,13971200,9727600,,,
2025-02-27,wk,2025-02-20,KPITTECH,0.8406,1749600,1470800,,,
2025-02-27,wk,2025-02-20,LALPATHLAB,0.6391,354150,226350,,,
2025-02-27,wk,2025-02-20,LAURUSLABS,0.5663,23818700,13487800,,,
2025-02-27,wk,2025-02-20,LICHSGFIN,0.6877,9732000,6693000,,,
2025-02-27,wk,2025-02-20,LICI,0.5219,5325650,2779550,,,
2025-02-27,wk,2025-02-20,LODHA,0.5173,3010050,1557000,,,
2025-02-27,wk,2025-02-20,LT,0.5126,12349200,6330000,,,
2025-02-27,wk,2025-02-20,LTF,0.5379,27740254,14920928,,,
2025-02-27,wk,2025-02-20,LTIM,0.3564,1560450,556200,,,
2025-02-27,wk,2025-02-20,LTTS,0.4627,541000,250300,,,
2025-02-27,wk,2025-02-20,LUPIN,0.5523,6820825,3767200,,,
2025-02-27,wk,2025-02-20,M&M,0.4977,11626125,5786725,,,
2025-02-27,wk,2025-02-20,M&MFIN,0.6404,10596000,6786000,,,
2025-02-27,wk,2025-02-20,MANAPPURAM,0.7547,23559000,17781000,,,
2025-02-27,wk,2025-02-20,MARICO,0.5203,7692000,4002000,,,
2025-02-27,wk,2025-02-20,MARUTI,0.4659,4215100,1963800,,,
2025-02-27,wk,2025-02-20,MAXHEALTH,0.5937,2584575,1534575,,,
2025-02-27,wk,2025-02-20,MCX,0.6977,1451100,1012400,,,
2025-02-27,wk,2025-02-20,METROPOLIS,0.7541,1107600,835200,,,
2025-02-27,wk,2025-02-20,MFSL,0.5818,3074400,1788800,,,
2025-02-27,wk,2025-02-20,MGL,1.0364,1910800,1980400,,,
2025-02-27,wk,2025-02-20,MOTHERSON,0.5637,47516750,26784750,,,
2025-02-27,wk,2025-02-20,MPHASIS,0.4186,2123825,889075,,,
2025-02-27,wk,2025-02-20,MRF,0.3692,32165,11875,,,
2025-02-27,wk,2025-02-20,MUTHOOTFIN,0.6497,2512950,1632675,,,
2025-02-27,wk,2025-02-20,NATIONALUM,0.7069,31451250,22233750,,,
2025-02-27,wk,2025-02-20,NAUKRI,0.528,793125,418800,,,
2025-02-27,wk,2025-02-20,NAVINFLUOR,0.824,755475,622475,,,
2025-02-27,wk,2025-02-20,NBCC,0.4287,23565400,10103600,,,
2025-02-27,wk,2025-02-20,NCC,0.3662,22242525,8145475,,,
2025-02-27,wk,2025-02-20,NESTLEIND,0.4835,3610600,1745600,,,
2025-02-27,wk,2025-02-20,NHPC,0.7537,44435200,33491200,,,
2025-02-27,wk,2025-02-20,NMDC,0.778,134352000,104530500,,,
2025-02-27,wk,2025-02-20,NTPC,0.5442,58273500,31713000,,,
2025-02-27,wk,2025-02-20,NYKAA,0.4773,18579100,8867700,,,
2025-02-27,wk,2025-02-20,OBEROIRLTY,0.4418,2993200,1322300,,,
2025-02-27,wk,2025-02-20,OFSS,0.4176,582350,243200,,,
2025-02-27,wk,2025-02-20,OIL,0.8939,4842875,4329025,,,
2025-02-27,wk,2025-02-20,ONGC,0.3309,79290750,26237750,,,
2025-02-27,wk,2025-02-20,PAGEIND,0.2179,285450,62190,,,
2025-02-27,wk,2025-02-20,PAYTM,0.5628,8548800,4811300,,,
2025-02-27,wk,2025-02-20,PEL,0.7193,3746250,2694750,,,
2025-02-27,wk,2025-02-20,PERSISTENT,0.5066,1802900,913400,,,
2025-02-27,wk,2025-02-20,PETRONET,1.3001,16017000,20823000,,,
2025-02-27,wk,2025-02-20,PFC,0.6275,39053300,24506300,,,
2025-02-27,wk,2025-02-20,PHOENIXLTD,0.7131,524650,374150,,,
2025-02-27,wk,2025-02-20,PIDILITIND,0.5522,801750,442750,,,
2025-02-27,wk,2025-02-20,PIIND,0.4222,1429875,603625,,,
2025-02-27,wk,2025-02-20,PNB,0.6259,157688000,98696000,,,
2025-02-27,wk,2025-02-20,POLICYBZR,0.679,2211950,1501825,,,
2025-02-27,wk,2025-02-20,POLYCAB,0.662,1604875,1062500,,,
2025-02-27,wk,2025-02-20,POONAWALLA,0.6387,4490650,2868100,,,
2025-02-27,wk,2025-02-20,POWERGRID,0.3927,45223200,17757000,,,
2025-02-27,wk,2025-02-20,PRESTIGE,0.5185,1565200,811525,,,
2025-02-27,wk,2025-02-20,PVRINOX,0.372,4394786,1634919,,,
2025-02-27,wk,2025-02-20,RAMCOCEM,0.7441,2750600,2046800,,,
2025-02-27,wk,2025-02-20,RBLBANK,0.7119,14957500,10647500,,,
2025-02-27,wk,2025-02-20,RECLTD,0.5177,35311000,18282000,,,
2025-02-27,wk,2025-02-20,RELIANCE,0.5421,77794500,42176000,,,
2025-02-27,wk,2025-02-20,SAIL,0.7849,58812000,46160000,,,
2025-02-27,wk,2025-02-20,SBICARD,0.9417,8732800,8224000,,,
2025-02-27,wk,2025-02-20,SBILIFE,0.332,5272125,1750500,,,
2025-02-27,wk,2025-02-20,SBIN,0.5091,115485000,58791750,,,
2025-02-27,wk,2025-02-20,SHREECEM,0.8699,64350,55975,,,
2025-02-27,wk,2025-02-20,SHRIRAMFIN,0.955,7218750,6894000,,,
2025-02-27,wk,2025-02-20,SIEMENS,0.4221,2165775,914175,,,
2025-02-27,wk,2025-02-20,SJVN,0.4028,25316550,10196550,,,
2025-02-27,wk,2025-02-20,SOLARINDS,0.3863,192600,74400,,,
2025-02-27,wk,2025-02-20,SONACOMS,0.8541,2289350,1955325,,,
2025-02-27,wk,2025-02-20,SRF,0.6465,4781250,3091125,,,
2025-02-27,wk,2025-02-20,SUNPHARMA,0.4415,9413950,4156600,,,
2025-02-27,wk,2025-02-20,SUNTV,0.492,3032250,1491750,,,
2025-02-27,wk,2025-02-20,SUPREMEIND,1.3036,297250,387500,,,
2025-02-27,wk,2025-02-20,SYNGENE,0.578,3863000,2233000,,,
2025-02-27,wk,2025-02-20,TATACHEM,0.5201,8965550,4662900,,,
2025-02-27,wk,2025-02-20,TATACOMM,0.6377,1672500,1066500,,,
2025-02-27,wk,2025-02-20,TATACONSUM,0.9624,4739664,4561368,,,
2025-02-27,wk,2025-02-20,TATAELXSI,0.5018,391600,196500,,,
2025-02-27,wk,2025-02-20,TATAMOTORS,0.4769,76005600,36243900,,,
2025-02-27,wk,2025-02-20,TATAPOWER,0.7142,45331650,32374350,,,
2025-02-27,wk,2025-02-20,TATASTEEL,0.801,215402000,172540500,,,
2025-02-27,wk,2025-02-20,TCS,0.4789,11949350,5723025,,,
2025-02-27,wk,2025-02-20,TECHM,0.6983,6603600,4611600,,,
2025-02-27,wk,2025-02-20,TIINDIA,0.4642,636900,295650,,,
2025-02-27,wk,2025-02-20,TITAN,0.3836,7534625,2889950,,,
2025-02-27,wk,2025-02-20,TORNTPHARM,0.6642,579250,384750,,,
2025-02-27,wk,2025-02-20,TORNTPOWER,0.5282,692250,365625,,,
2025-02-27,wk,2025-02-20,TRENT,0.4129,7255400,2995500,,,
2025-02-27,wk,2025-02-20,TVSMOTOR,0.6955,2870350,1996400,,,
2025-02-27,wk,2025-02-20,UBL,0.652,1643600,1071600,,,
2025-02-27,wk,2025-02-20,ULTRACEMCO,0.5376,1397850,751500,,,
2025-02-27,wk,2025-02-20,UNIONBANK,0.9984,30758175,30709500,,,
2025-02-27,wk,2025-02-20,UNITDSPR,0.5792,2452800,1420650,,,
2025-02-27,wk,2025-02-20,UPL,0.8831,13726150,12121830,,,
2025-02-27,wk,2025-02-20,VBL,0.5873,12163375,7143500,,,
2025-02-27,wk,2025-02-20,VEDL,0.7747,32361000,25068850,,,
2025-02-27,wk,2025-02-20,VOLTAS,0.4988,8721300,4350600,,,
2025-02-27,wk,2025-02-20,WIPRO,0.864,48069000,41532000,,,
2025-02-27,wk,2025-02-20,YESBANK,0.4738,189384000,89726000,,,
2025-02-27,wk,2025-02-20,ZOMATO,0.7479,62634000,46846000,,,
2025-02-27,wk,2025-02-20,ZYDUSLIFE,0.5327,8791200,4682700,,,
2025-03-27,on,2025-03-27,AARTIIND,0.5516,10466000,5773000,400.0,400.0,2025-04-24
2025-03-27,on,2025-03-27,ABB,0.7895,1184625,935250,6000.0,5000.0,2025-04-24
2025-03-27,on,2025-03-27,ABCAPITAL,1.1333,19180800,21737700,200.0,200.0,2025-04-24
2025-03-27,on,2025-03-27,ABFRL,0.6794,11806600,8021000,260.0,300.0,2025-04-24
2025-03-27,on,2025-03-27,ACC,0.7151,2415600,1727400,2000.0,2240.0,2025-04-24
2025-03-27,on,2025-03-27,ADANIENSOL,0.6826,3936875,2687500,860.0,800.0,2025-04-24
2025-03-27,on,2025-03-27,ADANIENT,1.0924,7722300,8436000,2600.0,2600.0,2025-04-24
2025-03-27,on,2025-03-27,ADANIGREEN,0.6539,10010250,6545250,940.0,900.0,2025-04-24
2025-03-27,on,2025-03-27,ADANIPORTS,0.8448,6854400,5790800,1200.0,1200.0,2025-04-24
2025-03-27,on,2025-03-27,ALKEM,1.0629,203400,216200,5000.0,5000.0,2025-04-24
2025-03-27,on,2025-03-27,AMBUJACEM,0.8082,10706400,8652600,600.0,600.0,2025-04-24
2025-03-27,on,2025-03-27,ANGELONE,0.9211,1878400,1730200,2500.0,2000.0,2025-04-24
2025-03-27,on,2025-03-27,APLAPOLLO,0.907,1257200,1140300,1600.0,1600.0,2025-04-24
2025-03-27,on,2025-03-27,APOLLOHOSP,1.1229,647125,726625,6700.0,6600.0,2025-04-24
2025-03-27,on,2025-03-27,APOLLOTYRE,1.0774,5865000,6318900,430.0,400.0,2025-04-24
2025-03-27,on,2025-03-27,ASHOKLEY,0.7197,37377500,26900000,220.0,200.0,2025-04-24
2025-03-27,on,2025-03-27,ASIANPAINT,0.844,4873000,4112800,2400.0,2300.0,2025-04-24
2025-03-27,on,2025-03-27,ASTRAL,0.4942,2518354,1244497,1400.0,1300.0,2025-04-24
2025-03-27,on,2025-03-27,ATGL,0.5903,3189125,1882475,700.0,600.0,2025-04-24
2025-03-27,on,2025-03-27,AUBANK,1.0533,10887000,11467000,600.0,500.0,2025-04-24
2025-03-27,on,2025-03-27,AUROPHARMA,0.813,2879250,2340800,1220.0,1140.0,2025-04-24
2025-03-27,on,2025-03-27,AXISBANK,1.0938,16123750,17636875,1200.0,1100.0,2025-04-24
2025-03-27,on,2025-03-27,BAJAJ-AUTO,1.0241,1407150,1441125,8500.0,8000.0,2025-04-24
2025-03-27,on,2025-03-27,BAJAJFINSV,0.946,9456500,8946000,2000.0,1800.0,2025-04-24
2025-03-27,on,2025-03-27,BAJFINANCE,0.9046,4407875,3987500,9000.0,8500.0,2025-04-24
2025-03-27,on,2025-03-27,BALKRISIND,0.6633,904500,600000,2700.0,2500.0,2025-04-24
2025-03-27,on,2025-03-27,BANDHANBNK,0.9687,29604400,28677600,150.0,175.0,2025-04-24
2025-03-27,on,2025-03-27,BANKBARODA,1.3157,37574550,49435425,230.0,250.0,2025-04-24
2025-03-27,on,2025-03-27,BANKINDIA,0.9399,23198600,21804175,115.0,100.0,2025-04-24
2025-03-27,on,2025-03-27,BEL,1.04,51066300,53109750,300.0,300.0,2025-04-24
2025-03-27,on,2025-03-27,BERGEPAINT,0.7772,4165920,3237960,500.0,500.0,2025-04-24
2025-03-27,on,2025-03-27,BHARATFORG,0.7953,4294000,3415000,1200.0,1100.0,2025-04-24
2025-03-27,on,2025-03-27,BHARTIARTL,0.8393,18016750,15121625,1800.0,1700.0,2025-04-24
2025-03-27,on,2025-03-27,BHEL,1.3494,29226750,39438000,220.0,250.0,2025-04-24
2025-03-27,on,2025-03-27,BIOCON,0.7764,13977500,10852500,370.0,340.0,2025-04-24
2025-03-27,on,2025-03-27,BOSCHLTD,0.689,112550,77550,28000.0,27000.0,2025-04-24
2025-03-27,on,2025-03-27,BPCL,0.707,39859200,28180800,280.0,270.0,2025-04-24
2025-03-27,on,2025-03-27,BRITANNIA,0.9137,941100,859900,4900.0,4800.0,2025-04-24
2025-03-27,on,2025-03-27,BSE,0.675,5763750,3890250,5000.0,4000.0,2025-04-24
2025-03-27,on,2025-03-27,BSOFT,0.4898,10115000,4954000,420.0,400.0,2025-04-24
2025-03-27,on,2025-03-27,CAMS,0.8433,1054500,889250,3800.0,3500.0,2025-04-24
2025-03-27,on,2025-03-27,CANBK,0.8285,149850000,124152750,90.0,90.0,2025-04-24
2025-03-27,on,2025-03-27,CDSL,0.5661,7264250,4112500,1300.0,1100.0,2025-04-24
2025-03-27,on,2025-03-27,CESC,1.0613,4723875,5013450,160.0,135.0,2025-04-24
2025-03-27,on,2025-03-27,CGPOWER,0.9154,3042100,2784725,650.0,650.0,2025-04-24
2025-03-27,on,2025-03-27,CHAMBLFERT,0.8887,7290300,6479000,640.0,600.0,2025-04-24
2025-03-27,on,2025-03-27,CHOLAFIN,1.0723,2730625,2928125,1600.0,1500.0,2025-04-24
2025-03-27,on,2025-03-27,CIPLA,0.6532,5562700,3633500,1500.0,1500.0,2025-04-24
2025-03-27,on,2025-03-27,COALINDIA,0.8646,29212050,25255650,420.0,450.0,2025-04-24
2025-03-27,on,2025-03-27,COFORGE,0.8489,1416000,1202025,8000.0,8000.0,2025-04-24
2025-03-27,on,2025-03-27,COLPAL,0.6631,1260525,835800,2400.0,2400.0,2025-04-24
2025-03-27,on,2025-03-27,CONCOR,0.8376,7685000,6437000,800.0,600.0,2025-04-24
2025-03-27,on,2025-03-27,CROMPTON,0.9656,5225400,5045400,380.0,350.0,2025-04-24
2025-03-27,on,2025-03-27,CUMMINSIND,0.8451,790050,667650,3100.0,3000.0,2025-04-24
2025-03-27,on,2025-03-27,CYIENT,0.5552,1241700,689400,1300.0,1300.0,2025-04-24
2025-03-27,on,2025-03-27,DABUR,0.7398,9055000,6698750,550.0,500.0,2025-04-24
2025-03-27,on,2025-03-27,DALBHARAT,0.9611,777975,747725,1800.0,1700.0,2025-04-24
2025-03-27,on,2025-03-27,DEEPAKNTR,0.7812,1350300,1054800,2100.0,1900.0,2025-04-24
2025-03-27,on,2025-03-27,DELHIVERY,0.6018,6372975,3835375,260.0,260.0,2025-04-24
2025-03-27,on,2025-03-27,DIVISLAB,0.8064,756300,609900,6000.0,5800.0,2025-04-24
2025-03-27,on,2025-03-27,DIXON,0.6941,1356300,941400,15000.0,13000.0,2025-04-24
2025-03-27,on,2025-03-27,DLF,0.6324,15267450,9655800,700.0,680.0,2025-04-24
2025-03-27,on,2025-03-27,DMART,0.9309,1280250,1191750,4100.0,4000.0,2025-04-24
2025-03-27,on,2025-03-27,DRREDDY,0.6222,8886875,5529375,1200.0,1150.0,2025-04-24
2025-03-27,on,2025-03-27,EICHERMOT,1.2236,1664950,2037175,6000.0,5000.0,2025-04-24
2025-03-27,on,2025-03-27,ESCORTS,0.8029,442950,355650,3300.0,3100.0,2025-04-24
2025-03-27,on,2025-03-27,EXIDEIND,0.7106,15431400,10965600,370.0,440.0,2025-04-24
2025-03-27,on,2025-03-27,FEDERALBNK,1.1182,31945000,35720000,200.0,180.0,2025-04-24
2025-03-27,on,2025-03-27,GAIL,0.9545,37259250,35562550,180.0,205.0,2025-04-24
2025-03-27,on,2025-03-27,GLENMARK,1.5803,1289275,2037425,1500.0,1500.0,2025-04-24
2025-03-27,on,2025-03-27,GMRAIRPORT,0.7994,56025000,44786250,80.0,75.0,2025-04-24
2025-03-27,on,2025-03-27,GODREJCP,0.9102,2261500,2058500,1200.0,1100.0,2025-04-24
2025-03-27,on,2025-03-27,GODREJPROP,0.7643,1832175,1400400,2300.0,2000.0,2025-04-24
2025-03-27,on,2025-03-27,GRANULES,1.1199,3877000,4342000,500.0,470.0,2025-04-24
2025-03-27,on,2025-03-27,GRASIM,0.84,2020500,1697250,2600.0,2500.0,2025-04-24
2025-03-27,on,2025-03-27,HAL,0.9341,5450700,5091300,4200.0,4000.0,2025-04-24
2025-03-27,on,2025-03-27,HAVELLS,0.8094,3344500,2707000,1500.0,1500.0,2025-04-24
2025-03-27,on,2025-03-27,HCLTECH,1.3161,4485950,5903800,1640.0,1400.0,2025-04-24
2025-03-27,on,2025-03-27,HDFCAMC,1.0577,603150,637950,4200.0,4000.0,2025-04-24
2025-03-27,on,2025-03-27,HDFCBANK,1.0801,22549450,24356750,1900.0,1800.0,2025-04-24
2025-03-27,on,2025-03-27,HDFCLIFE,0.8985,10659000,9576600,680.0,680.0,2025-04-24
2025-03-27,on,2025-03-27,HEROMOTOCO,0.7476,2851500,2131800,3800.0,3600.0,2025-04-24
2025-03-27,on,2025-03-27,HFCL,0.6006,28182650,16927850,85.0,70.0,2025-04-24
2025-03-27,on,2025-03-27,HINDALCO,0.7233,20692000,14967400,700.0,700.0,2025-04-24
2025-03-27,on,2025-03-27,HINDCOPPER,0.8483,10234300,8681400,250.0,230.0,2025-04-24
2025-03-27,on,2025-03-27,HINDPETRO,1.0931,16521975,18060975,400.0,300.0,2025-04-24
2025-03-27,on,2025-03-27,HINDUNILVR,0.9653,5623500,5428500,2300.0,2200.0,2025-04-24
2025-03-27,on,2025-03-27,HUDCO,0.8783,12770050,11215625,210.0,210.0,2025-04-24
2025-03-27,on,2025-03-27,ICICIBANK,1.35,23518600,31749200,1400.0,1300.0,2025-04-24
2025-03-27,on,2025-03-27,ICICIGI,0.9373,809500,758750,1900.0,1700.0,2025-04-24
2025-03-27,on,2025-03-27,ICICIPRULI,0.9681,2070750,2004750,600.0,600.0,2025-04-24
2025-03-27,on,2025-03-27,IDEA,0.3926,1556720000,611200000,8.0,7.0,2025-04-24
2025-03-27,on,2025-03-27,IDFCFIRSTB,0.7332,177030000,129802500,60.0,60.0,2025-04-24
2025-03-27,on,2025-03-27,IEX,1.285,21802500,28016250,180.0,165.0,2025-04-24
2025-03-27,on,2025-03-27,IGL,0.9033,13084500,11819500,200.0,190.0,2025-04-24
2025-03-27,on,2025-03-27,IIFL,1.0795,3586700,3871900,340.0,320.0,2025-04-24
2025-03-27,on,2025-03-27,INDHOTEL,0.8713,7854000,6843000,800.0,800.0,2025-04-24
2025-03-27,on,2025-03-27,INDIANB,0.8924,1792650,1599800,600.0,550.0,2025-04-24
2025-03-27,on,2025-03-27,INDIGO,1.0505,2378850,2499000,5000.0,4500.0,2025-04-24
2025-03-27,on,2025-03-27,INDUSINDBK,0.5706,38625000,22040000,700.0,600.0,2025-04-24
2025-03-27,on,2025-03-27,INDUSTOWER,0.7864,19468400,15310200,350.0,320.0,2025-04-24
2025-03-27,on,2025-03-27,INFY,0.753,18568800,13982800,1700.0,1500.0,2025-04-24
2025-03-27,on,2025-03-27,IOC,1.1413,63355500,72306000,135.0,125.0,2025-04-24
2025-03-27,on,2025-03-27,IRB,0.485,39626500,19218750,50.0,45.0,2025-04-24
2025-03-27,on,2025-03-27,IRCTC,0.7703,8068375,6215125,800.0,720.0,2025-04-24
2025-03-27,on,2025-03-27,IREDA,0.493,33045500,16292200,170.0,150.0,2025-04-24
2025-03-27,on,2025-03-27,IRFC,0.5107,51419175,26261250,140.0,120.0,2025-04-24
2025-03-27,on,2025-03-27,ITC,0.5856,49923200,29233600,410.0,410.0,2025-04-24
2025-03-27,on,2025-03-27,JINDALSTEL,0.914,4370000,3994375,940.0,900.0,2025-04-24
2025-03-27,on,2025-03-27,JIOFIN,0.5631,59581500,33547800,250.0,230.0,2025-04-24
2025-03-27,on,2025-03-27,JKCEMENT,0.9184,140875,129375,,,
2025-03-27,on,2025-03-27,JSL,0.5969,3322425,1983225,600.0,600.0,2025-04-24
2025-03-27,on,2025-03-27,JSWENERGY,0.8249,6159000,5080500,600.0,500.0,2025-04-24
2025-03-27,on,2025-03-27,JSWSTEEL,1.0338,6728400,6955875,1100.0,1000.0,2025-04-24
2025-03-27,on,2025-03-27,JUBLFOOD,0.9239,5731250,5295000,700.0,600.0,2025-04-24
2025-03-27,on,2025-03-27,KALYANKJIL,0.6674,9136475,6097700,500.0,460.0,2025-04-24
2025-03-27,on,2025-03-27,KEI,0.439,2801700,1230000,3000.0,2900.0,2025-04-24
2025-03-27,on,2025-03-27,KOTAKBANK,1.153,11435200,13185200,2200.0,2000.0,2025-04-24
2025-03-27,on,2025-03-27,KPITTECH,1.0488,1130400,1185600,1400.0,1300.0,2025-04-24
2025-03-27,on,2025-03-27,LAURUSLABS,1.0854,8834900,9589700,620.0,600.0,2025-04-24
2025-03-27,on,2025-03-27,LICHSGFIN,0.949,6468000,6138000,600.0,540.0,2025-04-24
2025-03-27,on,2025-03-27,LICI,0.7963,2856025,2274125,900.0,800.0,2025-04-24
2025-03-27,on,2025-03-27,LODHA,0.6818,1801800,1228500,1240.0,1200.0,2025-04-24
2025-03-27,on,2025-03-27,LT,1.0358,4729350,4898550,3600.0,3500.0,2025-04-24
2025-03-27,on,2025-03-27,LTF,0.9206,26870164,24737328,150.0,150.0,2025-04-24
2025-03-27,on,2025-03-27,LTIM,0.827,1381200,1142250,5000.0,4000.0,2025-04-24
2025-03-27,on,2025-03-27,LTTS,0.6026,434100,261600,,,
2025-03-27,on,2025-03-27,LUPIN,1.0516,2510900,2640525,2100.0,2000.0,2025-04-24
2025-03-27,on,2025-03-27,M&M,0.7269,5637625,4097975,2800.0,2700.0,2025-04-24
2025-03-27,on,2025-03-27,M&MFIN,0.9651,6542000,6314000,300.0,270.0,2025-04-24
2025-03-27,on,2025-03-27,MANAPPURAM,1.0999,26397000,29034000,240.0,230.0,2025-04-24
2025-03-27,on,2025-03-27,MARICO,0.813,4478400,3640800,680.0,600.0,2025-04-24
2025-03-27,on,2025-03-27,MARUTI,0.5997,2051000,1229950,12000.0,11500.0,2025-04-24
2025-03-27,on,2025-03-27,MAXHEALTH,0.8348,2599800,2170350,1200.0,1000.0,2025-04-24
2025-03-27,on,2025-03-27,MCX,0.9195,1489900,1369900,5500.0,5400.0,2025-04-24
2025-03-27,on,2025-03-27,MFSL,1.1553,1468000,1696000,1200.0,1100.0,2025-04-24
2025-03-27,on,2025-03-27,MGL,1.043,1181600,1232400,1400.0,1300.0,2025-04-24
2025-03-27,on,2025-03-27,MOTHERSON,0.7938,34076450,27051000,140.0,160.0,2025-04-24
2025-03-27,on,2025-03-27,MPHASIS,0.9873,1385725,1368125,2500.0,2500.0,2025-04-24
2025-03-27,on,2025-03-27,MRF,0.7334,12455,9135,120000.0,115000.0,2025-04-24
2025-03-27,on,2025-03-27,MUTHOOTFIN,0.7608,2216500,1686300,2200.0,2300.0,2025-04-24
2025-03-27,on,2025-03-27,NATIONALUM,0.6015,42498750,25563750,190.0,190.0,2025-04-24
2025-03-27,on,2025-03-27,NAUKRI,0.8163,560925,457875,7500.0,7000.0,2025-04-24
2025-03-27,on,2025-03-27,NBCC,0.6715,14001200,9401800,85.0,80.0,2025-04-24
2025-03-27,on,2025-03-27,NCC,0.6232,13841450,8626500,220.0,200.0,2025-04-24
2025-03-27,on,2025-03-27,NESTLEIND,1.2803,1371200,1755600,2300.0,2200.0,2025-04-24
2025-03-27,on,2025-03-27,NHPC,0.739,21721600,16051200,90.0,80.0,2025-04-24
2025-03-27,on,2025-03-27,NMDC,1.0328,133191000,137565000,75.7,75.7,2025-04-24
2025-03-27,on,2025-03-27,NTPC,0.804,50490000,40596000,400.0,380.0,2025-04-24
2025-03-27,on,2025-03-27,NYKAA,0.7359,7047550,5186100,180.0,170.0,2025-04-24
2025-03-27,on,2025-03-27,OBEROIRLTY,0.7786,1476650,1149750,1700.0,1600.0,2025-04-24
2025-03-27,on,2025-03-27,OFSS,0.6212,409350,254300,9000.0,7750.0,2025-04-24
2025-03-27,on,2025-03-27,OIL,0.638,3290575,2099475,400.0,390.0,2025-04-24
2025-03-27,on,2025-03-27,ONGC,0.6508,67438525,43888075,250.0,240.0,2025-04-24
2025-03-27,on,2025-03-27,PAGEIND,0.8283,39480,32700,44000.0,43000.0,2025-04-24
2025-03-27,on,2025-03-27,PATANJALI,0.9578,1129800,1082100,1800.0,1800.0,2025-04-24
2025-03-27,on,2025-03-27,PAYTM,0.8955,5599100,5014100,880.0,800.0,2025-04-24
2025-03-27,on,2025-03-27,PEL,0.9687,2826750,2738250,1000.0,860.0,2025-04-24
2025-03-27,on,2025-03-27,PERSISTENT,0.8627,997300,860400,6000.0,5500.0,2025-04-24
2025-03-27,on,2025-03-27,PETRONET,1.0573,12288000,12991500,300.0,290.0,2025-04-24
2025-03-27,on,2025-03-27,PFC,0.9612,22699300,21819200,420.0,420.0,2025-04-24
2025-03-27,on,2025-03-27,PHOENIXLTD,0.86,462350,397600,1700.0,1500.0,2025-04-24
2025-03-27,on,2025-03-27,PIDILITIND,0.9042,884500,799750,2900.0,2700.0,2025-04-24
2025-03-27,on,2025-03-27,PIIND,1.0186,489375,498500,3500.0,3400.0,2025-04-24
2025-03-27,on,2025-03-27,PNB,0.8554,121864000,104240000,100.0,110.0,2025-04-24
2025-03-27,on,2025-03-27,POLICYBZR,1.2079,1796600,2170025,1700.0,1600.0,2025-04-24
2025-03-27,on,2025-03-27,POLYCAB,0.7749,2398625,1858750,5500.0,5000.0,2025-04-24
2025-03-27,on,2025-03-27,POONAWALLA,0.5983,7801000,4667550,370.0,300.0,2025-04-24
2025-03-27,on,2025-03-27,POWERGRID,0.8529,26784000,22843800,300.0,320.0,2025-04-24
2025-03-27,on,2025-03-27,PRESTIGE,0.7554,1582750,1195675,1300.0,1200.0,2025-04-24
2025-03-27,on,2025-03-27,RAMCOCEM,0.9019,2661350,2400400,900.0,800.0,2025-04-24
2025-03-27,on,2025-03-27,RBLBANK,0.7389,11872500,8772500,180.0,160.0,2025-04-24
2025-03-27,on,2025-03-27,RECLTD,0.9163,22333000,20463000,440.0,430.0,2025-04-24
2025-03-27,on,2025-03-27,RELIANCE,0.7593,63808500,48448000,1300.0,1300.0,2025-04-24
2025-03-27,on,2025-03-27,SAIL,0.9224,49032000,45228000,120.0,135.0,2025-04-24
2025-03-27,on,2025-03-27,SBICARD,0.5826,6957600,4053600,900.0,800.0,2025-04-24
2025-03-27,on,2025-03-27,SBILIFE,0.8713,2961375,2580375,1600.0,1500.0,2025-04-24
2025-03-27,on,2025-03-27,SBIN,1.0061,43186500,43449750,800.0,800.0,2025-04-24
2025-03-27,on,2025-03-27,SHREECEM,0.8992,46125,41475,31000.0,30000.0,2025-04-24
2025-03-27,on,2025-03-27,SHRIRAMFIN,1.1849,6303000,7468500,700.0,600.0,2025-04-24
2025-03-27,on,2025-03-27,SIEMENS,0.6646,2320575,1542225,5500.0,5000.0,2025-04-24
2025-03-27,on,2025-03-27,SJVN,0.8233,12568500,10347750,100.0,90.0,2025-04-24
2025-03-27,on,2025-03-27,SOLARINDS,0.7656,197400,151125,12000.0,10000.0,2025-04-24
2025-03-27,on,2025-03-27,SONACOMS,0.6859,2684600,1841400,500.0,450.0,2025-04-24
2025-03-27,on,2025-03-27,SRF,0.6187,3106125,1921875,3000.0,2900.0,2025-04-24
2025-03-27,on,2025-03-27,SUNPHARMA,0.8397,7346850,6169450,1800.0,1700.0,2025-04-24
2025-03-27,on,2025-03-27,SUPREMEIND,0.8734,165875,144875,3500.0,3500.0,2025-04-24
2025-03-27,on,2025-03-27,SYNGENE,0.9299,1927000,1792000,800.0,750.0,2025-04-24
2025-03-27,on,2025-03-27,TATACHEM,0.6248,4566650,2853400,1000.0,840.0,2025-04-24
2025-03-27,on,2025-03-27,TATACOMM,1.1463,1729750,1982750,1700.0,1500.0,2025-04-24
2025-03-27,on,2025-03-27,TATACONSUM,0.6844,4144128,2836320,1000.0,1000.0,2025-04-24
2025-03-27,on,2025-03-27,TATAELXSI,0.5653,554400,313400,5500.0,5000.0,2025-04-24
2025-03-27,on,2025-03-27,TATAMOTORS,0.6891,50819450,35018500,700.0,670.0,2025-04-24
2025-03-27,on,2025-03-27,TATAPOWER,0.9246,34850250,32221800,420.0,440.0,2025-04-24
2025-03-27,on,2025-03-27,TATASTEEL,0.981,181626500,178172500,160.0,150.0,2025-04-24
2025-03-27,on,2025-03-27,TATATECH,0.6029,3166100,1908900,700.0,650.0,2025-04-24
2025-03-27,on,2025-03-27,TCS,0.8115,7113575,5772375,3700.0,3600.0,2025-04-24
2025-03-27,on,2025-03-27,TECHM,0.6611,7139400,4719600,1500.0,1400.0,2025-04-24
2025-03-27,on,2025-03-27,TIINDIA,0.7379,453300,334500,3000.0,2600.0,2025-04-24
2025-03-27,on,2025-03-27,TITAGARH,0.6869,3000625,2061250,820.0,700.0,2025-04-24
2025-03-27,on,2025-03-27,TITAN,0.6486,4450775,2886975,3100.0,3100.0,2025-04-24
2025-03-27,on,2025-03-27,TORNTPHARM,1.1996,278000,333500,3300.0,3050.0,2025-04-24
2025-03-27,on,2025-03-27,TORNTPOWER,1.022,613875,627375,1540.0,1360.0,2025-04-24
2025-03-27,on,2025-03-27,TRENT,0.784,2477300,1942100,5500.0,5000.0,2025-04-24
2025-03-27,on,2025-03-27,TVSMOTOR,0.9841,1823500,1794450,2500.0,2400.0,2025-04-24
2025-03-27,on,2025-03-27,ULTRACEMCO,0.7963,1171700,933050,12000.0,11000.0,2025-04-24
2025-03-27,on,2025-03-27,UNIONBANK,0.9932,20894850,20753250,130.0,120.0,2025-04-24
2025-03-27,on,2025-03-27,UNITDSPR,0.6996,2251200,1575000,1400.0,1360.0,2025-04-24
2025-03-27,on,2025-03-27,UPL,0.7496,8761430,6567685,700.0,600.0,2025-04-24
2025-03-27,on,2025-03-27,VBL,1.1486,10091375,11591125,580.0,400.0,2025-04-24
2025-03-27,on,2025-03-27,VEDL,0.9272,26845600,24890600,500.0,470.0,2025-04-24
2025-03-27,on,2025-03-27,VOLTAS,0.5732,7224300,4141200,1500.0,1400.0,2025-04-24
2025-03-27,on,2025-03-27,WIPRO,0.534,72414000,38667000,300.0,270.0,2025-04-24
2025-03-27,on,2025-03-27,YESBANK,0.5068,167804000,85046000,18.0,17.0,2025-04-24
2025-03-27,on,2025-03-27,ZOMATO,0.4612,103470000,47722000,230.0,200.0,2025-04-24
2025-03-27,on,2025-03-27,ZYDUSLIFE,0.7088,4460400,3161700,900.0,900.0,2025-04-24
2025-03-27,wk,2025-03-20,AARTIIND,0.5044,9890000,4989000,,,
2025-03-27,wk,2025-03-20,ABB,0.7541,1202000,906375,,,
2025-03-27,wk,2025-03-20,ABCAPITAL,1.1699,16102800,18837900,,,
2025-03-27,wk,2025-03-20,ABFRL,0.6996,11944400,8356400,,,
2025-03-27,wk,2025-03-20,ACC,0.7527,2456700,1849200,,,
2025-03-27,wk,2025-03-20,ADANIENSOL,0.7245,3539375,2564375,,,
2025-03-27,wk,2025-03-20,ADANIENT,1.11,7043100,7817700,,,
2025-03-27,wk,2025-03-20,ADANIGREEN,0.5482,6774375,3714000,,,
2025-03-27,wk,2025-03-20,ADANIPORTS,0.9774,6169200,6029600,,,
2025-03-27,wk,2025-03-20,ALKEM,1.0767,233400,251300,,,
2025-03-27,wk,2025-03-20,AMBUJACEM,0.7525,8404200,6324300,,,
2025-03-27,wk,2025-03-20,ANGELONE,0.775,2244800,1739800,,,
2025-03-27,wk,2025-03-20,APLAPOLLO,0.8718,1564500,1363950,,,
2025-03-27,wk,2025-03-20,APOLLOHOSP,0.8939,817250,730500,,,
2025-03-27,wk,2025-03-20,APOLLOTYRE,1.0759,6585800,7085600,,,
2025-03-27,wk,2025-03-20,ASHOKLEY,0.7467,31687500,23662500,,,
2025-03-27,wk,2025-03-20,ASIANPAINT,0.7963,5560000,4427400,,,
2025-03-27,wk,2025-03-20,ASTRAL,0.4708,3099682,1459192,,,
2025-03-27,wk,2025-03-20,ATGL,0.4814,3462700,1667025,,,
2025-03-27,wk,2025-03-20,AUBANK,0.8279,11668000,9660000,,,
2025-03-27,wk,2025-03-20,AUROPHARMA,0.9825,2489850,2446400,,,
2025-03-27,wk,2025-03-20,AXISBANK,1.0191,17650000,17987500,,,
2025-03-27,wk,2025-03-20,BAJAJ-AUTO,0.8489,1686000,1431300,,,
2025-03-27,wk,2025-03-20,BAJAJFINSV,0.5735,11430000,6555500,,,
2025-03-27,wk,2025-03-20,BAJFINANCE,0.8564,4941625,4232000,,,
2025-03-27,wk,2025-03-20,BALKRISIND,0.7973,675000,538200,,,
2025-03-27,wk,2025-03-20,BANDHANBNK,0.8408,31539200,26518800,,,
2025-03-27,wk,2025-03-20,BANKBARODA,1.1792,36243675,42740100,,,
2025-03-27,wk,2025-03-20,BANKINDIA,0.884,22161225,19589500,,,
2025-03-27,wk,2025-03-20,BEL,1.1642,51838650,60348750,,,
2025-03-27,wk,2025-03-20,BERGEPAINT,0.7505,4956600,3719760,,,
2025-03-27,wk,2025-03-20,BHARATFORG,0.6924,4834000,3347000,,,
2025-03-27,wk,2025-03-20,BHARTIARTL,0.7974,17819150,14209150,,,
2025-03-27,wk,2025-03-20,BHEL,1.2765,29305500,37408875,,,
2025-03-27,wk,2025-03-20,BIOCON,0.8319,14697500,12227500,,,
2025-03-27,wk,2025-03-20,BOSCHLTD,0.8475,139875,118550,,,
2025-03-27,wk,2025-03-20,BPCL,0.5712,40507200,23139000,,,
2025-03-27,wk,2025-03-20,BRITANNIA,0.9901,887700,878900,,,
2025-03-27,wk,2025-03-20,BSE,0.5425,8473750,4596875,,,
2025-03-27,wk,2025-03-20,BSOFT,0.507,9777000,4957000,,,
2025-03-27,wk,2025-03-20,CAMS,0.9418,1030500,970500,,,
2025-03-27,wk,2025-03-20,CANBK,0.7588,133548750,101331000,,,
2025-03-27,wk,2025-03-20,CDSL,0.4328,9648450,4176200,,,
2025-03-27,wk,2025-03-20,CESC,0.6343,6470100,4103775,,,
2025-03-27,wk,2025-03-20,CGPOWER,1.0034,3375600,3387200,,,
2025-03-27,wk,2025-03-20,CHAMBLFERT,0.9033,7761500,7011000,,,
2025-03-27,wk,2025-03-20,CHOLAFIN,1.0042,2981875,2994375,,,
2025-03-27,wk,2025-03-20,CIPLA,0.8346,4502550,3757975,,,
2025-03-27,wk,2025-03-20,COALINDIA,0.8881,27075300,24045000,,,
2025-03-27,wk,2025-03-20,COFORGE,0.6339,2205900,1398225,,,
2025-03-27,wk,2025-03-20,COLPAL,0.7889,925225,729925,,,
2025-03-27,wk,2025-03-20,CONCOR,0.6626,7143000,4733000,,,
2025-03-27,wk,2025-03-20,CROMPTON,1.1013,4761000,5243400,,,
2025-03-27,wk,2025-03-20,CUMMINSIND,0.9466,598350,566400,,,
2025-03-27,wk,2025-03-20,CYIENT,0.4288,1579200,677100,,,
2025-03-27,wk,2025-03-20,DABUR,0.7241,10371250,7510000,,,
2025-03-27,wk,2025-03-20,DALBHARAT,0.8816,854700,753500,,,
2025-03-27,wk,2025-03-20,DEEPAKNTR,0.56,1632900,914400,,,
2025-03-27,wk,2025-03-20,DELHIVERY,0.5547,5938350,3294000,,,
2025-03-27,wk,2025-03-20,DIVISLAB,0.9818,815000,800200,,,
2025-03-27,wk,2025-03-20,DIXON,0.7497,1346800,1009750,,,
2025-03-27,wk,2025-03-20,DLF,0.8433,12392325,10450275,,,
2025-03-27,wk,2025-03-20,DMART,0.7392,1467750,1084950,,,
2025-03-27,wk,2025-03-20,DRREDDY,0.7204,7836875,5645625,,,
2025-03-27,wk,2025-03-20,EICHERMOT,1.0524,1925875,2026850,,,
2025-03-27,wk,2025-03-20,ESCORTS,0.5747,732900,421200,,,
2025-03-27,wk,2025-03-20,EXIDEIND,0.8021,11359800,9111600,,,
2025-03-27,wk,2025-03-20,FEDERALBNK,0.9129,34970000,31925000,,,
2025-03-27,wk,2025-03-20,GAIL,0.8426,29823850,25130900,,,
2025-03-27,wk,2025-03-20,GLENMARK,1.4266,1480375,2111850,,,
2025-03-27,wk,2025-03-20,GMRAIRPORT,0.7813,54219375,42361875,,,
2025-03-27,wk,2025-03-20,GODREJCP,0.8146,2635500,2147000,,,
2025-03-27,wk,2025-03-20,GODREJPROP,0.6825,2291400,1563975,,,
2025-03-27,wk,2025-03-20,GRANULES,0.7015,4251000,2982000,,,
2025-03-27,wk,2025-03-20,GRASIM,0.8174,1993000,1629000,,,
2025-03-27,wk,2025-03-20,HAL,0.9055,5089800,4608600,,,
2025-03-27,wk,2025-03-20,HAVELLS,0.8249,4444000,3666000,,,
2025-03-27,wk,2025-03-20,HCLTECH,1.067,5379150,5739300,,,
2025-03-27,wk,2025-03-20,HDFCAMC,0.9672,667350,645450,,,
2025-03-27,wk,2025-03-20,HDFCBANK,1.073,21886150,23484450,,,
2025-03-27,wk,2025-03-20,HDFCLIFE,1.0253,10140900,10397200,,,
2025-03-27,wk,2025-03-20,HEROMOTOCO,0.6538,3361350,2197800,,,
2025-03-27,wk,2025-03-20,HFCL,0.5697,23144550,13184550,,,
2025-03-27,wk,2025-03-20,HINDALCO,0.8838,23146200,20456800,,,
2025-03-27,wk,2025-03-20,HINDCOPPER,0.9872,8048050,7944700,,,
2025-03-27,wk,2025-03-20,HINDPETRO,0.8556,21169350,18111600,,,
2025-03-27,wk,2025-03-20,HINDUNILVR,0.8191,5921700,4850700,,,
2025-03-27,wk,2025-03-20,HUDCO,0.8698,16388150,14254150,,,
2025-03-27,wk,2025-03-20,ICICIBANK,1.4513,21909300,31796800,,,
2025-03-27,wk,2025-03-20,ICICIGI,0.8603,756750,651000,,,
2025-03-27,wk,2025-03-20,ICICIPRULI,0.7157,2440500,1746750,,,
2025-03-27,wk,2025-03-20,IDEA,0.4268,1117000000,476760000,,,
2025-03-27,wk,2025-03-20,IDFCFIRSTB,0.6234,166897500,104040000,,,
2025-03-27,wk,2025-03-20,IEX,0.9838,25173750,24765000,,,
2025-03-27,wk,2025-03-20,IGL,0.7088,14355000,10175000,,,
2025-03-27,wk,2025-03-20,IIFL,0.8441,4592650,3876550,,,
2025-03-27,wk,2025-03-20,INDHOTEL,1.1113,7649000,8500000,,,
2025-03-27,wk,2025-03-20,INDIANB,1.1081,1836350,2034900,,,
2025-03-27,wk,2025-03-20,INDIGO,0.9284,3249000,3016350,,,
2025-03-27,wk,2025-03-20,INDUSINDBK,0.4672,45412500,21216500,,,
2025-03-27,wk,2025-03-20,INDUSTOWER,0.8508,19289900,16411800,,,
2025-03-27,wk,2025-03-20,INFY,0.6652,23297600,15498000,,,
2025-03-27,wk,2025-03-20,IOC,1.0173,65505375,66636375,,,
2025-03-27,wk,2025-03-20,IRB,0.4792,40836000,19567250,,,
2025-03-27,wk,2025-03-20,IRCTC,0.698,7868875,5492375,,,
2025-03-27,wk,2025-03-20,IREDA,0.475,22475000,10674900,,,
2025-03-27,wk,2025-03-20,IRFC,0.5914,47767275,28249350,,,
2025-03-27,wk,2025-03-20,ITC,0.5915,50030400,29592000,,,
2025-03-27,wk,2025-03-20,JINDALSTEL,0.7765,5787500,4493750,,,
2025-03-27,wk,2025-03-20,JIOFIN,0.6771,48345000,32732700,,,
2025-03-27,wk,2025-03-20,JKCEMENT,0.8197,151125,123875,,,
2025-03-27,wk,2025-03-20,JSL,0.7993,1741425,1391900,,,
2025-03-27,wk,2025-03-20,JSWENERGY,0.9025,6741000,6084000,,,
2025-03-27,wk,2025-03-20,JSWSTEEL,1.0207,7939350,8103375,,,
2025-03-27,wk,2025-03-20,JUBLFOOD,0.7126,8585000,6117500,,,
2025-03-27,wk,2025-03-20,KALYANKJIL,0.5131,10812025,5547450,,,
2025-03-27,wk,2025-03-20,KEI,0.4167,4152000,1729950,,,
2025-03-27,wk,2025-03-20,KOTAKBANK,1.2748,9011600,11488400,,,
2025-03-27,wk,2025-03-20,KPITTECH,0.822,1287600,1058400,,,
2025-03-27,wk,2025-03-20,LAURUSLABS,0.9369,10636900,9965400,,,
2025-03-27,wk,2025-03-20,LICHSGFIN,0.9703,6899000,6694000,,,
2025-03-27,wk,2025-03-20,LICI,0.7125,3079700,2194200,,,
2025-03-27,wk,2025-03-20,LODHA,0.8452,1918800,1621800,,,
2025-03-27,wk,2025-03-20,LT,1.0121,4941150,5000850,,,
2025-03-27,wk,2025-03-20,LTF,0.9196,22211836,20427036,,,
2025-03-27,wk,2025-03-20,LTIM,0.6237,2246400,1401150,,,
2025-03-27,wk,2025-03-20,LTTS,0.6736,605700,408000,,,
2025-03-27,wk,2025-03-20,LUPIN,1.0334,2736150,2827525,,,
2025-03-27,wk,2025-03-20,M&M,0.7815,6414800,5013400,,,
2025-03-27,wk,2025-03-20,M&MFIN,1.0509,6960000,7314000,,,
2025-03-27,wk,2025-03-20,MANAPPURAM,0.8193,22431000,18378000,,,
2025-03-27,wk,2025-03-20,MARICO,0.834,5066400,4225200,,,
2025-03-27,wk,2025-03-20,MARUTI,0.4859,2494400,1212100,,,
2025-03-27,wk,2025-03-20,MAXHEALTH,0.9643,2428125,2341500,,,
2025-03-27,wk,2025-03-20,MCX,0.9931,1629500,1618200,,,
2025-03-27,wk,2025-03-20,MFSL,1.1863,1606400,1905600,,,
2025-03-27,wk,2025-03-20,MGL,0.8536,1910000,1630400,,,
2025-03-27,wk,2025-03-20,MOTHERSON,0.6514,31644700,20614850,,,
2025-03-27,wk,2025-03-20,MPHASIS,0.7127,1672000,1191575,,,
2025-03-27,wk,2025-03-20,MRF,0.6398,19530,12495,,,
2025-03-27,wk,2025-03-20,MUTHOOTFIN,1.0086,2718375,2741750,,,
2025-03-27,wk,2025-03-20,NATIONALUM,0.6978,34537500,24101250,,,
2025-03-27,wk,2025-03-20,NAUKRI,0.6617,625350,413775,,,
2025-03-27,wk,2025-03-20,NBCC,0.5176,16350200,8462200,,,
2025-03-27,wk,2025-03-20,NCC,0.467,15550775,7261525,,,
2025-03-27,wk,2025-03-20,NESTLEIND,1.2035,1517600,1826400,,,
2025-03-27,wk,2025-03-20,NHPC,0.7646,18515200,14156800,,,
2025-03-27,wk,2025-03-20,NMDC,0.9268,131706000,122067000,,,
2025-03-27,wk,2025-03-20,NTPC,0.7154,47817000,34206000,,,
2025-03-27,wk,2025-03-20,NYKAA,0.6136,10384000,6372000,,,
2025-03-27,wk,2025-03-20,OBEROIRLTY,0.5793,1745450,1011150,,,
2025-03-27,wk,2025-03-20,OFSS,0.4567,604200,275950,,,
2025-03-27,wk,2025-03-20,OIL,0.7402,3280900,2428425,,,
2025-03-27,wk,2025-03-20,ONGC,0.5079,65831150,33433400,,,
2025-03-27,wk,2025-03-20,PAGEIND,0.8705,44595,38820,,,
2025-03-27,wk,2025-03-20,PATANJALI,0.9161,1355700,1242000,,,
2025-03-27,wk,2025-03-20,PAYTM,0.6091,8345350,5083000,,,
2025-03-27,wk,2025-03-20,PEL,0.8881,3264000,2898750,,,
2025-03-27,wk,2025-03-20,PERSISTENT,0.5682,1527400,867800,,,
2025-03-27,wk,2025-03-20,PETRONET,1.1022,14101500,15543000,,,
2025-03-27,wk,2025-03-20,PFC,0.7971,25816700,20579000,,,
2025-03-27,wk,2025-03-20,PHOENIXLTD,1.0182,597450,608300,,,
2025-03-27,wk,2025-03-20,PIDILITIND,0.5521,1260250,695750,,,
2025-03-27,wk,2025-03-20,PIIND,0.8522,629125,536125,,,
2025-03-27,wk,2025-03-20,PNB,0.736,118752000,87400000,,,
2025-03-27,wk,2025-03-20,POLICYBZR,1.3219,2167425,2865200,,,
2025-03-27,wk,2025-03-20,POLYCAB,0.6731,4539125,3055125,,,
2025-03-27,wk,2025-03-20,POONAWALLA,0.5641,5960950,3362550,,,
2025-03-27,wk,2025-03-20,POWERGRID,0.7322,26479800,19389600,,,
2025-03-27,wk,2025-03-20,PRESTIGE,0.647,1847950,1195675,,,
2025-03-27,wk,2025-03-20,RAMCOCEM,0.9985,2756550,2752300,,,
2025-03-27,wk,2025-03-20,RBLBANK,0.6448,12465000,8037500,,,
2025-03-27,wk,2025-03-20,RECLTD,0.9648,22916000,22110000,,,
2025-03-27,wk,2025-03-20,RELIANCE,0.6559,66704500,43751000,,,
2025-03-27,wk,2025-03-20,SAIL,0.7974,48400000,38592000,,,
2025-03-27,wk,2025-03-20,SBICARD,0.5775,6252800,3611200,,,
2025-03-27,wk,2025-03-20,SBILIFE,1.0299,2851500,2936625,,,
2025-03-27,wk,2025-03-20,SBIN,0.969,45668250,44254500,,,
2025-03-27,wk,2025-03-20,SHREECEM,0.5498,44425,24425,,,
2025-03-27,wk,2025-03-20,SHRIRAMFIN,1.012,8771250,8876250,,,
2025-03-27,wk,2025-03-20,SIEMENS,0.6226,962775,599400,,,
2025-03-27,wk,2025-03-20,SJVN,0.7801,12440925,9705150,,,
2025-03-27,wk,2025-03-20,SOLARINDS,0.7118,216225,153900,,,
2025-03-27,wk,2025-03-20,SONACOMS,0.7099,2166900,1538375,,,
2025-03-27,wk,2025-03-20,SRF,0.6756,3449250,2330250,,,
2025-03-27,wk,2025-03-20,SUNPHARMA,0.9474,7504350,7109900,,,
2025-03-27,wk,2025-03-20,SUPREMEIND,0.6563,237875,156125,,,
2025-03-27,wk,2025-03-20,SYNGENE,0.7117,2463000,1753000,,,
2025-03-27,wk,2025-03-20,TATACHEM,0.6955,4208050,2926550,,,
2025-03-27,wk,2025-03-20,TATACOMM,1.0448,1962250,2050250,,,
2025-03-27,wk,2025-03-20,TATACONSUM,0.7052,4307376,3037416,,,
2025-03-27,wk,2025-03-20,TATAELXSI,0.3803,556900,211800,,,
2025-03-27,wk,2025-03-20,TATAMOTORS,0.7628,42585950,32484650,,,
2025-03-27,wk,2025-03-20,TATAPOWER,0.9686,28026000,27147150,,,
2025-03-27,wk,2025-03-20,TATASTEEL,0.9846,206063000,202889500,,,
2025-03-27,wk,2025-03-20,TATATECH,0.5853,2565500,1501500,,,
2025-03-27,wk,2025-03-20,TCS,0.5656,11129125,6294400,,,
2025-03-27,wk,2025-03-20,TECHM,0.5616,10206000,5731800,,,
2025-03-27,wk,2025-03-20,TIINDIA,0.5917,489750,289800,,,
2025-03-27,wk,2025-03-20,TITAGARH,0.4202,4205000,1766875,,,
2025-03-27,wk,2025-03-20,TITAN,0.8053,3378375,2720725,,,
2025-03-27,wk,2025-03-20,TORNTPHARM,1.0802,283750,306500,,,
2025-03-27,wk,2025-03-20,TORNTPOWER,0.7191,791625,569250,,,
2025-03-27,wk,2025-03-20,TRENT,0.7931,2972800,2357600,,,
2025-03-27,wk,2025-03-20,TVSMOTOR,0.6876,2462600,1693300,,,
2025-03-27,wk,2025-03-20,ULTRACEMCO,0.7448,1116150,831300,,,
2025-03-27,wk,2025-03-20,UNIONBANK,0.9838,19434600,19120425,,,
2025-03-27,wk,2025-03-20,UNITDSPR,0.7067,2861250,2021950,,,
2025-03-27,wk,2025-03-20,UPL,0.9164,8864410,8123225,,,
2025-03-27,wk,2025-03-20,VBL,1.2822,11498375,14743750,,,
2025-03-27,wk,2025-03-20,VEDL,1.083,27210150,29467600,,,
2025-03-27,wk,2025-03-20,VOLTAS,0.6895,7186800,4955100,,,
2025-03-27,wk,2025-03-20,WIPRO,0.438,86235000,37773000,,,
2025-03-27,wk,2025-03-20,YESBANK,0.5045,143104000,72202000,,,
2025-03-27,wk,2025-03-20,ZOMATO,0.6952,78714000,54720000,,,
2025-03-27,wk,2025-03-20,ZYDUSLIFE,0.679,4539600,3082500,,,
2025-04-24,on,2025-04-24,AARTIIND,0.7423,8549000,6346000,450.0,400.0,2025-05-29
2025-04-24,on,2025-04-24,ABB,0.9532,1218375,1161375,6000.0,5600.0,2025-05-29
2025-04-24,on,2025-04-24,ABCAPITAL,0.846,16216200,13718700,220.0,200.0,2025-05-29
2025-04-24,on,2025-04-24,ABFRL,0.7526,11286600,8494200,300.0,300.0,2025-05-29
2025-04-24,on,2025-04-24,ACC,0.7898,2502900,1976700,2200.0,2100.0,2025-05-29
2025-04-24,on,2025-04-24,ADANIENSOL,0.8839,4143750,3662500,1000.0,920.0,2025-05-29
2025-04-24,on,2025-04-24,ADANIENT,1.1233,6849000,7693200,2600.0,2600.0,2025-05-29
2025-04-24,on,2025-04-24,ADANIGREEN,0.964,4503375,4341375,1000.0,960.0,2025-05-29
2025-04-24,on,2025-04-24,ADANIPORTS,0.8393,8652000,7261600,1300.0,1240.0,2025-05-29
2025-04-24,on,2025-04-24,ALKEM,0.9655,217500,210000,5300.0,5100.0,2025-05-29
2025-04-24,on,2025-04-24,AMBUJACEM,0.9456,9121500,8625600,580.0,630.0,2025-05-29
2025-04-24,on,2025-04-24,ANGELONE,1.2947,1496600,1937600,2500.0,1900.0,2025-05-29
2025-04-24,on,2025-04-24,APLAPOLLO,0.5733,2114700,1212400,1700.0,1600.0,2025-05-29
2025-04-24,on,2025-04-24,APOLLOHOSP,0.7348,1196750,879375,7200.0,7100.0,2025-05-29
2025-04-24,on,2025-04-24,APOLLOTYRE,1.0546,4855200,5120400,500.0,460.0,2025-05-29
2025-04-24,on,2025-04-24,ASHOKLEY,0.9747,21780000,21230000,230.0,220.0,2025-05-29
2025-04-24,on,2025-04-24,ASIANPAINT,0.7384,4679200,3455200,2500.0,2300.0,2025-05-29
2025-04-24,on,2025-04-24,ASTRAL,0.7262,2878748,2090432,1400.0,1400.0,2025-05-29
2025-04-24,on,2025-04-24,ATGL,0.8563,1860775,1593400,700.0,630.0,2025-05-29
2025-04-24,on,2025-04-24,AUBANK,1.2109,12984000,15722000,670.0,600.0,2025-05-29
2025-04-24,on,2025-04-24,AUROPHARMA,1.0831,4663450,5051200,1400.0,1100.0,2025-05-29
2025-04-24,on,2025-04-24,AXISBANK,0.8995,28946875,26038750,1300.0,1200.0,2025-05-29
2025-04-24,on,2025-04-24,BAJAJ-AUTO,0.9013,1206525,1087500,8400.0,8000.0,2025-05-29
2025-04-24,on,2025-04-24,BAJAJFINSV,0.7526,8825000,6641500,2100.0,2000.0,2025-05-29
2025-04-24,on,2025-04-24,BAJFINANCE,0.9052,4042125,3659125,9400.0,9000.0,2025-05-29
2025-04-24,on,2025-04-24,BALKRISIND,0.6925,871200,603300,2800.0,2400.0,2025-05-29
2025-04-24,on,2025-04-24,BANDHANBNK,0.9837,24147200,23752400,180.0,170.0,2025-05-29
2025-04-24,on,2025-04-24,BANKBARODA,1.1953,39215475,46876050,260.0,250.0,2025-05-29
2025-04-24,on,2025-04-24,BANKINDIA,1.0755,23338525,25099650,130.0,115.0,2025-05-29
2025-04-24,on,2025-04-24,BEL,0.8622,52559700,45315000,310.0,300.0,2025-05-29
2025-04-24,on,2025-04-24,BERGEPAINT,1.3201,2358840,3113880,,,
2025-04-24,on,2025-04-24,BHARATFORG,0.8434,3866500,3261000,1100.0,1100.0,2025-05-29
2025-04-24,on,2025-04-24,BHARTIARTL,0.7672,21229175,16286800,1900.0,1800.0,2025-05-29
2025-04-24,on,2025-04-24,BHEL,1.1718,30321375,35532000,230.0,230.0,2025-05-29
2025-04-24,on,2025-04-24,BIOCON,0.7765,15067500,11700000,370.0,300.0,2025-05-29
2025-04-24,on,2025-04-24,BOSCHLTD,0.7411,43350,32125,30000.0,28000.0,2025-05-29
2025-04-24,on,2025-04-24,BPCL,0.9368,22852800,21409200,320.0,290.0,2025-05-29
2025-04-24,on,2025-04-24,BRITANNIA,1.1548,701700,810300,5600.0,5000.0,2025-05-29
2025-04-24,on,2025-04-24,BSE,1.2975,3594875,4664250,7000.0,6000.0,2025-05-29
2025-04-24,on,2025-04-24,BSOFT,0.7439,7053000,5247000,400.0,400.0,2025-05-29
2025-04-24,on,2025-04-24,CAMS,0.8675,801625,695375,4000.0,4000.0,2025-05-29
2025-04-24,on,2025-04-24,CANBK,1.0676,130767750,139603500,100.0,100.0,2025-05-29
2025-04-24,on,2025-04-24,CDSL,0.711,7348250,5224800,1400.0,1300.0,2025-05-29
2025-04-24,on,2025-04-24,CESC,0.5859,8780850,5145075,170.0,160.0,2025-05-29
2025-04-24,on,2025-04-24,CGPOWER,0.7693,3236400,2489650,660.0,630.0,2025-05-29
2025-04-24,on,2025-04-24,CHAMBLFERT,1.0009,6577800,6583500,700.0,680.0,2025-05-29
2025-04-24,on,2025-04-24,CHOLAFIN,0.7636,4140625,3161875,1700.0,1500.0,2025-05-29
2025-04-24,on,2025-04-24,CIPLA,0.8609,5223075,4496700,1600.0,1500.0,2025-05-29
2025-04-24,on,2025-04-24,COALINDIA,0.6531,27546750,17989650,400.0,450.0,2025-05-29
2025-04-24,on,2025-04-24,COFORGE,0.6131,2476200,1518075,7500.0,7000.0,2025-05-29
2025-04-24,on,2025-04-24,COLPAL,0.9791,1046850,1024975,2700.0,2700.0,2025-05-29
2025-04-24,on,2025-04-24,CONCOR,0.8391,6761000,5673000,800.0,700.0,2025-05-29
2025-04-24,on,2025-04-24,CROMPTON,0.9546,5864400,5598000,350.0,330.0,2025-05-29
2025-04-24,on,2025-04-24,CUMMINSIND,0.5437,1331400,723900,3300.0,2800.0,2025-05-29
2025-04-24,on,2025-04-24,CYIENT,0.8124,1466100,1191000,1300.0,1200.0,2025-05-29
2025-04-24,on,2025-04-24,DABUR,0.6975,12483750,8707500,500.0,500.0,2025-05-29
2025-04-24,on,2025-04-24,DALBHARAT,0.7928,1250150,991100,2000.0,1900.0,2025-05-29
2025-04-24,on,2025-04-24,DEEPAKNTR,0.7001,1550400,1085400,2100.0,1900.0,2025-05-29
2025-04-24,on,2025-04-24,DELHIVERY,0.966,9281150,8965475,300.0,300.0,2025-05-29
2025-04-24,on,2025-04-24,DIVISLAB,0.9544,1014200,968000,6500.0,5800.0,2025-05-29
2025-04-24,on,2025-04-24,DIXON,1.0001,1437500,1437650,17000.0,15000.0,2025-05-29
2025-04-24,on,2025-04-24,DLF,0.7356,13454925,9897525,700.0,680.0,2025-05-29
2025-04-24,on,2025-04-24,DMART,1.009,932250,940650,4500.0,4200.0,2025-05-29
2025-04-24,on,2025-04-24,DRREDDY,0.9831,8631250,8485625,1200.0,1200.0,2025-05-29
2025-04-24,on,2025-04-24,EICHERMOT,0.9913,1845900,1829800,5300.0,5300.0,2025-05-29
2025-04-24,on,2025-04-24,ESCORTS,0.8467,355200,300750,3400.0,3400.0,2025-05-29
2025-04-24,on,2025-04-24,ETERNAL,1.0847,56440000,61222000,250.0,200.0,2025-05-29
2025-04-24,on,2025-04-24,EXIDEIND,0.8531,11676600,9961200,400.0,380.0,2025-05-29
2025-04-24,on,2025-04-24,FEDERALBNK,0.8575,50570000,43365000,210.0,200.0,2025-05-29
2025-04-24,on,2025-04-24,GAIL,0.9736,27076700,26362300,200.0,205.0,2025-05-29
2025-04-24,on,2025-04-24,GLENMARK,0.9503,2127125,2021500,1400.0,1400.0,2025-05-29
2025-04-24,on,2025-04-24,GMRAIRPORT,0.8104,64074375,51924375,90.0,80.0,2025-05-29
2025-04-24,on,2025-04-24,GODREJCP,0.8348,2833000,2365000,1300.0,1200.0,2025-05-29
2025-04-24,on,2025-04-24,GODREJPROP,0.8478,1746000,1480275,2200.0,2100.0,2025-05-29
2025-04-24,on,2025-04-24,GRANULES,0.8472,4181000,3542000,500.0,490.0,2025-05-29
2025-04-24,on,2025-04-24,GRASIM,0.8048,1894000,1524250,2800.0,2500.0,2025-05-29
2025-04-24,on,2025-04-24,HAL,0.723,4867650,3519300,4300.0,4300.0,2025-05-29
2025-04-24,on,2025-04-24,HAVELLS,0.6331,6060500,3837000,1700.0,1600.0,2025-05-29
2025-04-24,on,2025-04-24,HCLTECH,1.2008,7841400,9416050,1600.0,1200.0,2025-05-29
2025-04-24,on,2025-04-24,HDFCAMC,1.1375,927150,1054650,4800.0,4000.0,2025-05-29
2025-04-24,on,2025-04-24,HDFCBANK,0.83,44170500,36660250,2000.0,1800.0,2025-05-29
2025-04-24,on,2025-04-24,HDFCLIFE,0.5806,17763900,10313600,720.0,700.0,2025-05-29
2025-04-24,on,2025-04-24,HEROMOTOCO,0.8543,2400450,2050650,4200.0,3900.0,2025-05-29
2025-04-24,on,2025-04-24,HFCL,0.9945,25090900,24953950,100.0,82.0,2025-05-29
2025-04-24,on,2025-04-24,HINDALCO,0.7107,22363600,15894200,620.0,650.0,2025-05-29
2025-04-24,on,2025-04-24,HINDCOPPER,0.7509,10533750,7910250,260.0,260.0,2025-05-29
2025-04-24,on,2025-04-24,HINDPETRO,0.9059,12498300,11321775,400.0,380.0,2025-05-29
2025-04-24,on,2025-04-24,HINDUNILVR,0.6593,13573200,8949000,2500.0,2200.0,2025-05-29
2025-04-24,on,2025-04-24,HINDZINC,0.8147,2875075,2342200,500.0,420.0,2025-05-29
2025-04-24,on,2025-04-24,HUDCO,0.8791,13594550,11950400,260.0,210.0,2025-05-29
2025-04-24,on,2025-04-24,ICICIBANK,0.9005,32909100,29635200,1500.0,1400.0,2025-05-29
2025-04-24,on,2025-04-24,ICICIGI,0.9369,1391000,1303250,2000.0,1800.0,2025-05-29
2025-04-24,on,2025-04-24,ICICIPRULI,0.7289,5181000,3776250,600.0,600.0,2025-05-29
2025-04-24,on,2025-04-24,IDEA,0.4792,1506120000,721720000,8.0,8.0,2025-05-29
2025-04-24,on,2025-04-24,IDFCFIRSTB,1.1875,163965000,194715000,70.0,65.0,2025-05-29
2025-04-24,on,2025-04-24,IEX,0.9866,22098750,21802500,200.0,180.0,2025-05-29
2025-04-24,on,2025-04-24,IGL,0.7646,27849250,21293250,190.0,180.0,2025-05-29
2025-04-24,on,2025-04-24,IIFL,0.6193,6847900,4240800,400.0,350.0,2025-05-29
2025-04-24,on,2025-04-24,INDHOTEL,0.7084,9352000,6625000,850.0,800.0,2025-05-29
2025-04-24,on,2025-04-24,INDIANB,0.8081,2855700,2307550,600.0,580.0,2025-05-29
2025-04-24,on,2025-04-24,INDIGO,1.0025,1539300,1543200,6000.0,5000.0,2025-05-29
2025-04-24,on,2025-04-24,INDUSINDBK,0.9475,23809500,22560000,800.0,800.0,2025-05-29
2025-04-24,on,2025-04-24,INDUSTOWER,0.8826,18018300,15903500,450.0,380.0,2025-05-29
2025-04-24,on,2025-04-24,INFY,0.8494,27723200,23547200,1500.0,1200.0,2025-05-29
2025-04-24,on,2025-04-24,INOXWIND,0.7521,9510525,7153050,190.0,180.0,2025-05-29
2025-04-24,on,2025-04-24,IOC,0.9993,55170375,55131375,150.0,150.0,2025-05-29
2025-04-24,on,2025-04-24,IRB,0.7295,34071000,24856250,54.0,45.0,2025-05-29
2025-04-24,on,2025-04-24,IRCTC,0.8333,5998125,4998000,800.0,840.0,2025-05-29
2025-04-24,on,2025-04-24,IREDA,0.7306,26880100,19638800,180.0,160.0,2025-05-29
2025-04-24,on,2025-04-24,IRFC,0.579,38662200,22387275,140.0,130.0,2025-05-29
2025-04-24,on,2025-04-24,ITC,0.6902,53688000,37056000,450.0,430.0,2025-05-29
2025-04-24,on,2025-04-24,JINDALSTEL,0.9998,5616875,5615625,920.0,840.0,2025-05-29
2025-04-24,on,2025-04-24,JIOFIN,0.8114,45566400,36974850,280.0,260.0,2025-05-29
2025-04-24,on,2025-04-24,JSL,0.7742,1870850,1448475,600.0,600.0,2025-05-29
2025-04-24,on,2025-04-24,JSWENERGY,0.6495,5124750,3328500,520.0,500.0,2025-05-29
2025-04-24,on,2025-04-24,JSWSTEEL,0.8425,9126000,7688250,1000.0,1000.0,2025-05-29
2025-04-24,on,2025-04-24,JUBLFOOD,0.8848,4330000,3831250,700.0,700.0,2025-05-29
2025-04-24,on,2025-04-24,KALYANKJIL,0.6486,7535325,4887150,600.0,500.0,2025-05-29
2025-04-24,on,2025-04-24,KEI,0.7095,1078650,765300,3000.0,2800.0,2025-05-29
2025-04-24,on,2025-04-24,KOTAKBANK,0.8656,9525200,8245200,2300.0,2000.0,2025-05-29
2025-04-24,on,2025-04-24,KPITTECH,0.7226,2295200,1658400,1300.0,1200.0,2025-05-29
2025-04-24,on,2025-04-24,LAURUSLABS,0.7942,15090900,11985000,650.0,650.0,2025-05-29
2025-04-24,on,2025-04-24,LICHSGFIN,0.919,6417000,5897000,650.0,600.0,2025-05-29
2025-04-24,on,2025-04-24,LICI,0.702,2855450,2004450,850.0,800.0,2025-05-29
2025-04-24,on,2025-04-24,LODHA,0.6929,1965150,1361700,1400.0,1200.0,2025-05-29
2025-04-24,on,2025-04-24,LT,0.6128,8343150,5112900,3300.0,3300.0,2025-05-29
2025-04-24,on,2025-04-24,LTF,1.0277,22912370,23545974,160.0,160.0,2025-05-29
2025-04-24,on,2025-04-24,LTIM,0.6911,1845000,1275000,5000.0,4500.0,2025-05-29
2025-04-24,on,2025-04-24,LUPIN,1.0008,3117375,3119925,2100.0,2100.0,2025-05-29
2025-04-24,on,2025-04-24,M&M,1.0438,4363275,4554375,3200.0,2800.0,2025-05-29
2025-04-24,on,2025-04-24,M&MFIN,0.7585,15912000,12070000,300.0,270.0,2025-05-29
2025-04-24,on,2025-04-24,MANAPPURAM,0.9646,25443000,24543000,230.0,230.0,2025-05-29
2025-04-24,on,2025-04-24,MARICO,0.8619,5631600,4854000,760.0,650.0,2025-05-29
2025-04-24,on,2025-04-24,MARUTI,0.5499,2435700,1339450,12000.0,12000.0,2025-05-29
2025-04-24,on,2025-04-24,MAXHEALTH,0.8979,2736825,2457525,1200.0,1100.0,2025-05-29
2025-04-24,on,2025-04-24,MCX,0.8739,1002400,876000,6000.0,5500.0,2025-05-29
2025-04-24,on,2025-04-24,MFSL,1.444,899200,1298400,1360.0,1200.0,2025-05-29
2025-04-24,on,2025-04-24,MGL,0.688,1683200,1158000,1400.0,1300.0,2025-05-29
2025-04-24,on,2025-04-24,MOTHERSON,1.0703,34875200,37328250,155.0,155.0,2025-05-29
2025-04-24,on,2025-04-24,MPHASIS,0.8085,1954150,1579875,2800.0,2400.0,2025-05-29
2025-04-24,on,2025-04-24,MRF,0.86,11610,9985,130000.0,128000.0,2025-05-29
2025-04-24,on,2025-04-24,MUTHOOTFIN,0.8181,3335750,2728825,2400.0,2000.0,2025-05-29
2025-04-24,on,2025-04-24,NATIONALUM,0.6988,43005000,30052500,180.0,180.0,2025-05-29
2025-04-24,on,2025-04-24,NAUKRI,0.8637,467100,403425,7200.0,6000.0,2025-05-29
2025-04-24,on,2025-04-24,NBCC,0.9338,22591000,21094600,100.0,100.0,2025-05-29
2025-04-24,on,2025-04-24,NCC,0.905,7376900,6675775,220.0,220.0,2025-05-29
2025-04-24,on,2025-04-24,NESTLEIND,0.7025,3728400,2619200,2500.0,2400.0,2025-05-29
2025-04-24,on,2025-04-24,NHPC,0.8563,24006400,20556800,100.0,80.0,2025-05-29
2025-04-24,on,2025-04-24,NMDC,0.8941,127791000,114264000,70.0,55.0,2025-05-29
2025-04-24,on,2025-04-24,NTPC,0.5391,55816500,30088500,370.0,380.0,2025-05-29
2025-04-24,on,2025-04-24,NYKAA,0.827,7808650,6457550,200.0,170.0,2025-05-29
2025-04-24,on,2025-04-24,OBEROIRLTY,0.7896,1804950,1425200,1700.0,1700.0,2025-05-29
2025-04-24,on,2025-04-24,OFSS,0.7299,426150,311050,9000.0,8000.0,2025-05-29
2025-04-24,on,2025-04-24,OIL,2.0858,2066150,4309675,460.0,400.0,2025-05-29
2025-04-24,on,2025-04-24,ONGC,0.4861,78049125,37935975,250.0,250.0,2025-05-29
2025-04-24,on,2025-04-24,PAGEIND,0.9747,26085,25425,46000.0,45000.0,2025-05-29
2025-04-24,on,2025-04-24,PATANJALI,1.2344,926700,1143900,2100.0,1900.0,2025-05-29
2025-04-24,on,2025-04-24,PAYTM,1.1769,3482700,4098900,1000.0,800.0,2025-05-29
2025-04-24,on,2025-04-24,PEL,0.7062,2113500,1492500,1120.0,1000.0,2025-05-29
2025-04-24,on,2025-04-24,PERSISTENT,0.7099,2414800,1714300,6000.0,5000.0,2025-05-29
2025-04-24,on,2025-04-24,PETRONET,1.3821,6885000,9516000,320.0,300.0,2025-05-29
2025-04-24,on,2025-04-24,PFC,0.8694,21699600,18865600,440.0,440.0,2025-05-29
2025-04-24,on,2025-04-24,PHOENIXLTD,1.2266,466550,572250,1700.0,1700.0,2025-05-29
2025-04-24,on,2025-04-24,PIDILITIND,0.7271,851000,618750,3200.0,2800.0,2025-05-29
2025-04-24,on,2025-04-24,PIIND,0.7748,485625,376250,3800.0,3700.0,2025-05-29
2025-04-24,on,2025-04-24,PNB,1.1736,97808000,114784000,110.0,100.0,2025-05-29
2025-04-24,on,2025-04-24,PNBHOUSING,0.7221,1890200,1365000,1000.0,1000.0,2025-05-29
2025-04-24,on,2025-04-24,POLICYBZR,1.1315,1371825,1552200,1700.0,1600.0,2025-05-29
2025-04-24,on,2025-04-24,POLYCAB,0.9893,873750,864375,5500.0,5500.0,2025-05-29
2025-04-24,on,2025-04-24,POONAWALLA,0.833,5183750,4318100,400.0,380.0,2025-05-29
2025-04-24,on,2025-04-24,POWERGRID,0.8367,28116000,23526000,320.0,320.0,2025-05-29
2025-04-24,on,2025-04-24,PRESTIGE,0.9825,1038700,1020500,1360.0,1100.0,2025-05-29
2025-04-24,on,2025-04-24,RAMCOCEM,1.1019,2051900,2261000,1000.0,900.0,2025-05-29
2025-04-24,on,2025-04-24,RBLBANK,0.8814,14350000,12647500,200.0,170.0,2025-05-29
2025-04-24,on,2025-04-24,RECLTD,0.9453,18978000,17940000,500.0,440.0,2025-05-29
2025-04-24,on,2025-04-24,RELIANCE,0.7798,56902500,44372500,1400.0,1200.0,2025-05-29
2025-04-24,on,2025-04-24,SAIL,1.0542,43588000,45952000,120.0,105.0,2025-05-29
2025-04-24,on,2025-04-24,SBICARD,0.8152,6133600,5000000,1000.0,900.0,2025-05-29
2025-04-24,on,2025-04-24,SBILIFE,0.6684,5173125,3457500,1700.0,1600.0,2025-05-29
2025-04-24,on,2025-04-24,SBIN,0.8782,47740500,41924250,820.0,800.0,2025-05-29
2025-04-24,on,2025-04-24,SHREECEM,0.8193,43300,35475,31000.0,28000.0,2025-05-29
2025-04-24,on,2025-04-24,SHRIRAMFIN,0.8543,5905500,5045250,700.0,700.0,2025-05-29
2025-04-24,on,2025-04-24,SIEMENS,0.5342,1200525,641325,2900.0,2900.0,2025-05-29
2025-04-24,on,2025-04-24,SJVN,0.7046,17997525,12681900,100.0,100.0,2025-05-29
2025-04-24,on,2025-04-24,SOLARINDS,0.9697,138675,134475,13500.0,12000.0,2025-05-29
2025-04-24,on,2025-04-24,SONACOMS,0.7818,3323975,2598575,500.0,450.0,2025-05-29
2025-04-24,on,2025-04-24,SRF,0.5896,2700000,1591875,3000.0,3000.0,2025-05-29
2025-04-24,on,2025-04-24,SUNPHARMA,0.7021,7981400,5603500,1800.0,1700.0,2025-05-29
2025-04-24,on,2025-04-24,SUPREMEIND,0.9221,314625,290125,3500.0,3200.0,2025-05-29
2025-04-24,on,2025-04-24,SYNGENE,0.6215,9287000,5772000,700.0,600.0,2025-05-29
2025-04-24,on,2025-04-24,TATACHEM,0.7599,5921300,4499550,900.0,900.0,2025-05-29
2025-04-24,on,2025-04-24,TATACOMM,0.5352,2241500,1199750,1600.0,1600.0,2025-05-29
2025-04-24,on,2025-04-24,TATACONSUM,0.8654,7489800,6481584,1180.0,1100.0,2025-05-29
2025-04-24,on,2025-04-24,TATAELXSI,0.8202,1412300,1158300,6000.0,5000.0,2025-05-29
2025-04-24,on,2025-04-24,TATAMOTORS,0.8458,52956750,44793100,700.0,650.0,2025-05-29
2025-04-24,on,2025-04-24,TATAPOWER,1.0503,27398250,28776600,400.0,400.0,2025-05-29
2025-04-24,on,2025-04-24,TATASTEEL,0.6583,230252000,151563500,150.0,140.0,2025-05-29
2025-04-24,on,2025-04-24,TATATECH,0.6945,5149200,3576300,800.0,650.0,2025-05-29
2025-04-24,on,2025-04-24,TCS,0.8365,10496325,8780625,3400.0,3400.0,2025-05-29
2025-04-24,on,2025-04-24,TECHM,0.8852,5953800,5270400,1500.0,1300.0,2025-05-29
2025-04-24,on,2025-04-24,TIINDIA,0.7879,517650,407850,2700.0,2600.0,2025-05-29
2025-04-24,on,2025-04-24,TITAGARH,0.7159,2822500,2020625,900.0,800.0,2025-05-29
2025-04-24,on,2025-04-24,TITAN,1.0784,2673825,2883475,3400.0,3300.0,2025-05-29
2025-04-24,on,2025-04-24,TORNTPHARM,0.7029,685000,481500,3300.0,3200.0,2025-05-29
2025-04-24,on,2025-04-24,TORNTPOWER,1.1644,406125,472875,1680.0,1500.0,2025-05-29
2025-04-24,on,2025-04-24,TRENT,0.8419,3095100,2605900,5500.0,5300.0,2025-05-29
2025-04-24,on,2025-04-24,TVSMOTOR,1.2524,1444800,1809500,2800.0,2800.0,2025-05-29
2025-04-24,on,2025-04-24,ULTRACEMCO,0.6709,851900,571550,13000.0,11000.0,2025-05-29
2025-04-24,on,2025-04-24,UNIONBANK,0.8709,26846475,23381700,135.0,125.0,2025-05-29
2025-04-24,on,2025-04-24,UNITDSPR,1.0085,1530200,1543150,1600.0,1500.0,2025-05-29
2025-04-24,on,2025-04-24,UPL,0.6206,11743785,7288545,700.0,650.0,2025-05-29
2025-04-24,on,2025-04-24,VBL,0.7724,11642750,8993250,580.0,500.0,2025-05-29
2025-04-24,on,2025-04-24,VEDL,0.7951,35270500,28045050,450.0,400.0,2025-05-29
2025-04-24,on,2025-04-24,VOLTAS,0.5291,11003400,5821800,1400.0,1300.0,2025-05-29
2025-04-24,on,2025-04-24,WIPRO,0.5816,95019000,55266000,250.0,240.0,2025-05-29
2025-04-24,on,2025-04-24,YESBANK,0.6753,195806000,132236000,20.0,18.0,2025-05-29
2025-04-24,on,2025-04-24,ZYDUSLIFE,1.0091,5427900,5477400,900.0,800.0,2025-05-29
2025-04-24,wk,2025-04-17,AARTIIND,0.6335,8639000,5473000,,,
2025-04-24,wk,2025-04-17,ABB,0.69,1669250,1151750,,,
2025-04-24,wk,2025-04-17,ABCAPITAL,0.7924,15514200,12293100,,,
2025-04-24,wk,2025-04-17,ABFRL,0.6842,10901800,7459400,,,
2025-04-24,wk,2025-04-17,ACC,0.7725,1504500,1162200,,,
2025-04-24,wk,2025-04-17,ADANIENSOL,0.8532,3691875,3150000,,,
2025-04-24,wk,2025-04-17,ADANIENT,1.0809,6373800,6889200,,,
2025-04-24,wk,2025-04-17,ADANIGREEN,0.7315,4533375,3316125,,,
2025-04-24,wk,2025-04-17,ADANIPORTS,0.8421,8079600,6804000,,,
2025-04-24,wk,2025-04-17,ALKEM,1.1424,185400,211800,,,
2025-04-24,wk,2025-04-17,AMBUJACEM,1.0129,7409700,7505100,,,
2025-04-24,wk,2025-04-17,ANGELONE,1.3795,2293600,3164000,,,
2025-04-24,wk,2025-04-17,APLAPOLLO,0.6031,1190350,717850,,,
2025-04-24,wk,2025-04-17,APOLLOHOSP,0.8052,1333875,1074000,,,
2025-04-24,wk,2025-04-17,APOLLOTYRE,0.8776,5553900,4873900,,,
2025-04-24,wk,2025-04-17,ASHOKLEY,0.7296,23927500,17457500,,,
2025-04-24,wk,2025-04-17,ASIANPAINT,0.6773,5142200,3482800,,,
2025-04-24,wk,2025-04-17,ASTRAL,0.6598,2624417,1731506,,,
2025-04-24,wk,2025-04-17,ATGL,0.6845,2001825,1370200,,,
2025-04-24,wk,2025-04-17,AUBANK,0.9964,8662000,8631000,,,
2025-04-24,wk,2025-04-17,AUROPHARMA,0.791,6831550,5403750,,,
2025-04-24,wk,2025-04-17,AXISBANK,0.9552,24345625,23254375,,,
2025-04-24,wk,2025-04-17,BAJAJ-AUTO,0.6386,1367175,873075,,,
2025-04-24,wk,2025-04-17,BAJAJFINSV,0.5665,10441000,5915000,,,
2025-04-24,wk,2025-04-17,BAJFINANCE,0.8725,4116625,3591750,,,
2025-04-24,wk,2025-04-17,BALKRISIND,0.5965,1038000,619200,,,
2025-04-24,wk,2025-04-17,BANDHANBNK,0.7299,26527200,19362000,,,
2025-04-24,wk,2025-04-17,BANKBARODA,1.1238,35711325,40133925,,,
2025-04-24,wk,2025-04-17,BANKINDIA,1.0311,21553275,22223950,,,
2025-04-24,wk,2025-04-17,BEL,0.5784,69198000,40022550,,,
2025-04-24,wk,2025-04-17,BERGEPAINT,0.5154,4676760,2410320,,,
2025-04-24,wk,2025-04-17,BHARATFORG,0.5511,5756500,3172500,,,
2025-04-24,wk,2025-04-17,BHARTIARTL,0.9002,20744675,18674625,,,
2025-04-24,wk,2025-04-17,BHEL,1.026,29730750,30502500,,,
2025-04-24,wk,2025-04-17,BIOCON,0.6606,14717500,9722500,,,
2025-04-24,wk,2025-04-17,BOSCHLTD,0.3832,75800,29050,,,
2025-04-24,wk,2025-04-17,BPCL,0.7767,23533200,18277200,,,
2025-04-24,wk,2025-04-17,BRITANNIA,1.1663,899600,1049200,,,
2025-04-24,wk,2025-04-17,BSE,1.1553,4123125,4763625,,,
2025-04-24,wk,2025-04-17,BSOFT,0.455,8959000,4076000,,,
2025-04-24,wk,2025-04-17,CAMS,0.7884,770500,607500,,,
2025-04-24,wk,2025-04-17,CANBK,1.0559,108202500,114250500,,,
2025-04-24,wk,2025-04-17,CDSL,0.3974,8488900,3373650,,,
2025-04-24,wk,2025-04-17,CESC,0.3504,13279500,4653675,,,
2025-04-24,wk,2025-04-17,CGPOWER,0.5591,3097925,1732025,,,
2025-04-24,wk,2025-04-17,CHAMBLFERT,0.8342,8056000,6720300,,,
2025-04-24,wk,2025-04-17,CHOLAFIN,0.9337,2816875,2630000,,,
2025-04-24,wk,2025-04-17,CIPLA,0.772,5626400,4343300,,,
2025-04-24,wk,2025-04-17,COALINDIA,0.5878,26093550,15338400,,,
2025-04-24,wk,2025-04-17,COFORGE,0.4675,3348300,1565250,,,
2025-04-24,wk,2025-04-17,COLPAL,0.6954,1040025,723275,,,
2025-04-24,wk,2025-04-17,CONCOR,0.7183,7405000,5319000,,,
2025-04-24,wk,2025-04-17,CROMPTON,0.6493,6087600,3952800,,,
2025-04-24,wk,2025-04-17,CUMMINSIND,0.511,1332300,680850,,,
2025-04-24,wk,2025-04-17,CYIENT,0.5539,1211100,670800,,,
2025-04-24,wk,2025-04-17,DABUR,0.5886,15041250,8853750,,,
2025-04-24,wk,2025-04-17,DALBHARAT,0.8318,861575,716650,,,
2025-04-24,wk,2025-04-17,DEEPAKNTR,0.5692,1418400,807300,,,
2025-04-24,wk,2025-04-17,DELHIVERY,0.6845,12335725,8443925,,,
2025-04-24,wk,2025-04-17,DIVISLAB,0.622,1292400,803900,,,
2025-04-24,wk,2025-04-17,DIXON,1.1797,1255600,1481250,,,
2025-04-24,wk,2025-04-17,DLF,0.568,16140300,9168225,,,
2025-04-24,wk,2025-04-17,DMART,0.9114,1013550,923700,,,
2025-04-24,wk,2025-04-17,DRREDDY,0.847,10352500,8768125,,,
2025-04-24,wk,2025-04-17,EICHERMOT,0.9885,1863925,1842400,,,
2025-04-24,wk,2025-04-17,ESCORTS,0.6837,378450,258750,,,
2025-04-24,wk,2025-04-17,ETERNAL,1.047,60930000,63796000,,,
2025-04-24,wk,2025-04-17,EXIDEIND,0.5805,13748400,7981200,,,
2025-04-24,wk,2025-04-17,FEDERALBNK,0.7879,43310000,34125000,,,
2025-04-24,wk,2025-04-17,GAIL,0.8413,26322350,22144050,,,
2025-04-24,wk,2025-04-17,GLENMARK,0.8065,2780375,2242500,,,
2025-04-24,wk,2025-04-17,GMRAIRPORT,0.7747,62443125,48375000,,,
2025-04-24,wk,2025-04-17,GODREJCP,0.9695,2505500,2429000,,,
2025-04-24,wk,2025-04-17,GODREJPROP,0.4604,2628450,1210050,,,
2025-04-24,wk,2025-04-17,GRANULES,0.611,5322000,3252000,,,
2025-04-24,wk,2025-04-17,GRASIM,0.939,1873750,1759500,,,
2025-04-24,wk,2025-04-17,HAL,0.568,6067950,3446700,,,
2025-04-24,wk,2025-04-17,HAVELLS,0.8186,3112500,2548000,,,
2025-04-24,wk,2025-04-17,HCLTECH,0.9292,6805050,6323450,,,
2025-04-24,wk,2025-04-17,HDFCAMC,0.6307,1594950,1005900,,,
2025-04-24,wk,2025-04-17,HDFCBANK,0.8151,47845050,39000500,,,
2025-04-24,wk,2025-04-17,HDFCLIFE,0.5165,23862300,12324400,,,
2025-04-24,wk,2025-04-17,HEROMOTOCO,0.5798,3018900,1750350,,,
2025-04-24,wk,2025-04-17,HFCL,0.5336,25344050,13524850,,,
2025-04-24,wk,2025-04-17,HINDALCO,0.6218,24610600,15302000,,,
2025-04-24,wk,2025-04-17,HINDCOPPER,0.6366,11440050,7282200,,,
2025-04-24,wk,2025-04-17,HINDPETRO,0.7203,18389025,13245525,,,
2025-04-24,wk,2025-04-17,HINDUNILVR,0.7104,10179300,7230900,,,
2025-04-24,wk,2025-04-17,HINDZINC,0.6285,3202150,2012675,,,
2025-04-24,wk,2025-04-17,HUDCO,0.9212,12559075,11569675,,,
2025-04-24,wk,2025-04-17,ICICIBANK,0.9139,29563800,27017900,,,
2025-04-24,wk,2025-04-17,ICICIGI,0.7822,1672500,1308250,,,
2025-04-24,wk,2025-04-17,ICICIPRULI,0.745,6276000,4675500,,,
2025-04-24,wk,2025-04-17,IDEA,0.4073,1395680000,568480000,,,
2025-04-24,wk,2025-04-17,IDFCFIRSTB,0.8538,170475000,145552500,,,
2025-04-24,wk,2025-04-17,IEX,1.0319,18243750,18825000,,,
2025-04-24,wk,2025-04-17,IGL,0.5454,35912250,19588250,,,
2025-04-24,wk,2025-04-17,IIFL,0.4054,9366650,3797500,,,
2025-04-24,wk,2025-04-17,INDHOTEL,0.7442,8505000,6329000,,,
2025-04-24,wk,2025-04-17,INDIANB,0.5713,2964950,1693850,,,
2025-04-24,wk,2025-04-17,INDIGO,0.9915,1719600,1705050,,,
2025-04-24,wk,2025-04-17,INDUSINDBK,0.9455,23941500,22636000,,,
2025-04-24,wk,2025-04-17,INDUSTOWER,0.8864,16719500,14820600,,,
2025-04-24,wk,2025-04-17,INFY,0.903,31893600,28799200,,,
2025-04-24,wk,2025-04-17,INOXWIND,0.7793,6620925,5160000,,,
2025-04-24,wk,2025-04-17,IOC,0.863,59738250,51553125,,,
2025-04-24,wk,2025-04-17,IRB,0.5397,35249750,19024000,,,
2025-04-24,wk,2025-04-17,IRCTC,0.7793,6089125,4745125,,,
2025-04-24,wk,2025-04-17,IREDA,0.5943,37853700,22495300,,,
2025-04-24,wk,2025-04-17,IRFC,0.4207,33596775,14135250,,,
2025-04-24,wk,2025-04-17,ITC,0.5845,54579200,31904000,,,
2025-04-24,wk,2025-04-17,JINDALSTEL,0.8503,6486875,5515625,,,
2025-04-24,wk,2025-04-17,JIOFIN,0.6456,49463700,31932450,,,
2025-04-24,wk,2025-04-17,JSL,0.5315,2448225,1301225,,,
2025-04-24,wk,2025-04-17,JSWENERGY,0.5704,5169750,2949000,,,
2025-04-24,wk,2025-04-17,JSWSTEEL,0.7413,9346050,6928200,,,
2025-04-24,wk,2025-04-17,JUBLFOOD,0.7137,5532500,3948750,,,
2025-04-24,wk,2025-04-17,KALYANKJIL,0.6002,9270550,5563725,,,
2025-04-24,wk,2025-04-17,KEI,0.3971,1838100,729900,,,
2025-04-24,wk,2025-04-17,KOTAKBANK,0.8407,9860800,8290000,,,
2025-04-24,wk,2025-04-17,KPITTECH,0.4606,3523200,1622800,,,
2025-04-24,wk,2025-04-17,LAURUSLABS,0.7963,11350900,9038900,,,
2025-04-24,wk,2025-04-17,LICHSGFIN,0.9842,5828000,5736000,,,
2025-04-24,wk,2025-04-17,LICI,0.5178,3398250,1759500,,,
2025-04-24,wk,2025-04-17,LODHA,0.7554,1589400,1200600,,,
2025-04-24,wk,2025-04-17,LT,0.4855,9139950,4437450,,,
2025-04-24,wk,2025-04-17,LTF,0.9699,19271378,18691318,,,
2025-04-24,wk,2025-04-17,LTIM,0.6695,1579200,1057350,,,
2025-04-24,wk,2025-04-17,LUPIN,0.7346,4767225,3502000,,,
2025-04-24,wk,2025-04-17,M&M,0.573,5984650,3429300,,,
2025-04-24,wk,2025-04-17,M&MFIN,0.9413,11202000,10544000,,,
2025-04-24,wk,2025-04-17,MANAPPURAM,1.2547,27834000,34923000,,,
2025-04-24,wk,2025-04-17,MARICO,0.999,5948400,5942400,,,
2025-04-24,wk,2025-04-17,MARUTI,0.372,2726400,1014200,,,
2025-04-24,wk,2025-04-17,MAXHEALTH,0.6435,3275475,2107875,,,
2025-04-24,wk,2025-04-17,MCX,0.9598,901300,865100,,,
2025-04-24,wk,2025-04-17,MFSL,0.8898,1320800,1175200,,,
2025-04-24,wk,2025-04-17,MGL,0.7261,2086800,1515200,,,
2025-04-24,wk,2025-04-17,MOTHERSON,0.6052,46856450,28357400,,,
2025-04-24,wk,2025-04-17,MPHASIS,0.67,1791900,1200650,,,
2025-04-24,wk,2025-04-17,MRF,1.0811,14425,15595,,,
2025-04-24,wk,2025-04-17,MUTHOOTFIN,0.6093,4197325,2557500,,,
2025-04-24,wk,2025-04-17,NATIONALUM,0.6096,47677500,29062500,,,
2025-04-24,wk,2025-04-17,NAUKRI,0.5038,796875,401475,,,
2025-04-24,wk,2025-04-17,NBCC,0.5893,27115000,15979000,,,
2025-04-24,wk,2025-04-17,NCC,0.7068,9588550,6776950,,,
2025-04-24,wk,2025-04-17,NESTLEIND,0.7748,2719000,2106800,,,
2025-04-24,wk,2025-04-17,NHPC,0.6314,23667200,14944000,,,
2025-04-24,wk,2025-04-17,NMDC,0.7811,138361500,108067500,,,
2025-04-24,wk,2025-04-17,NTPC,0.4681,68442000,32035500,,,
2025-04-24,wk,2025-04-17,NYKAA,0.6285,8956200,5628600,,,
2025-04-24,wk,2025-04-17,OBEROIRLTY,0.9009,1317750,1187200,,,
2025-04-24,wk,2025-04-17,OFSS,0.6386,378200,241500,,,
2025-04-24,wk,2025-04-17,OIL,1.2789,2771350,3544275,,,
2025-04-24,wk,2025-04-17,ONGC,0.4451,82407325,36680875,,,
2025-04-24,wk,2025-04-17,PAGEIND,0.7107,36240,25755,,,
2025-04-24,wk,2025-04-17,PATANJALI,0.9786,1400400,1370400,,,
2025-04-24,wk,2025-04-17,PAYTM,0.7719,5300750,4091750,,,
2025-04-24,wk,2025-04-17,PEL,0.7156,1914750,1370250,,,
2025-04-24,wk,2025-04-17,PERSISTENT,0.6189,2113700,1308200,,,
2025-04-24,wk,2025-04-17,PETRONET,1.0946,7120500,7794000,,,
2025-04-24,wk,2025-04-17,PFC,0.8379,21911500,18359900,,,
2025-04-24,wk,2025-04-17,PHOENIXLTD,1.1457,322000,368900,,,
2025-04-24,wk,2025-04-17,PIDILITIND,0.6961,707500,492500,,,
2025-04-24,wk,2025-04-17,PIIND,0.6241,715250,446375,,,
2025-04-24,wk,2025-04-17,PNB,0.9397,101616000,95488000,,,
2025-04-24,wk,2025-04-17,PNBHOUSING,0.54,2081300,1123850,,,
2025-04-24,wk,2025-04-17,POLICYBZR,1.0451,1355575,1416675,,,
2025-04-24,wk,2025-04-17,POLYCAB,0.794,1136875,902625,,,
2025-04-24,wk,2025-04-17,POONAWALLA,0.6059,5221450,3163900,,,
2025-04-24,wk,2025-04-17,POWERGRID,0.7335,29435400,21591000,,,
2025-04-24,wk,2025-04-17,PRESTIGE,0.6535,1105000,722150,,,
2025-04-24,wk,2025-04-17,RAMCOCEM,0.8113,2306900,1871700,,,
2025-04-24,wk,2025-04-17,RBLBANK,0.5347,14925000,7980000,,,
2025-04-24,wk,2025-04-17,RECLTD,0.7266,22292000,16197000,,,
2025-04-24,wk,2025-04-17,RELIANCE,0.6636,58825000,39035500,,,
2025-04-24,wk,2025-04-17,SAIL,0.8095,46000000,37236000,,,
2025-04-24,wk,2025-04-17,SBICARD,0.7067,6860800,4848800,,,
2025-04-24,wk,2025-04-17,SBILIFE,0.5486,5683500,3117750,,,
2025-04-24,wk,2025-04-17,SBIN,0.8227,44926500,36961500,,,
2025-04-24,wk,2025-04-17,SHREECEM,0.821,50000,41050,,,
2025-04-24,wk,2025-04-17,SHRIRAMFIN,0.7869,5836500,4593000,,,
2025-04-24,wk,2025-04-17,SIEMENS,0.3211,1733550,556650,,,
2025-04-24,wk,2025-04-17,SJVN,0.4945,13196925,6525225,,,
2025-04-24,wk,2025-04-17,SOLARINDS,0.6022,193050,116250,,,
2025-04-24,wk,2025-04-17,SONACOMS,0.4679,4831350,2260675,,,
2025-04-24,wk,2025-04-17,SRF,0.565,3001875,1696125,,,
2025-04-24,wk,2025-04-17,SUNPHARMA,0.6553,8869000,5811750,,,
2025-04-24,wk,2025-04-17,SUPREMEIND,0.8124,273250,222000,,,
2025-04-24,wk,2025-04-17,SYNGENE,0.8898,1915000,1704000,,,
2025-04-24,wk,2025-04-17,TATACHEM,0.6369,4761900,3032700,,,
2025-04-24,wk,2025-04-17,TATACOMM,0.7053,1278250,901500,,,
2025-04-24,wk,2025-04-17,TATACONSUM,0.8315,5838168,4854576,,,
2025-04-24,wk,2025-04-17,TATAELXSI,0.599,1224700,733600,,,
2025-04-24,wk,2025-04-17,TATAMOTORS,0.5231,77312400,40442600,,,
2025-04-24,wk,2025-04-17,TATAPOWER,0.7976,32390550,25834950,,,
2025-04-24,wk,2025-04-17,TATASTEEL,0.5738,228739500,131241000,,,
2025-04-24,wk,2025-04-17,TATATECH,0.5823,4301500,2504600,,,
2025-04-24,wk,2025-04-17,TCS,0.5835,14955500,8726900,,,
2025-04-24,wk,2025-04-17,TECHM,0.5902,7428600,4384200,,,
2025-04-24,wk,2025-04-17,TIINDIA,0.5288,442500,234000,,,
2025-04-24,wk,2025-04-17,TITAGARH,0.4546,4285625,1948125,,,
2025-04-24,wk,2025-04-17,TITAN,1.0875,3034850,3300500,,,
2025-04-24,wk,2025-04-17,TORNTPHARM,0.6287,666500,419000,,,
2025-04-24,wk,2025-04-17,TORNTPOWER,1.2,406875,488250,,,
2025-04-24,wk,2025-04-17,TRENT,0.5926,4092600,2425200,,,
2025-04-24,wk,2025-04-17,TVSMOTOR,1.0997,1446200,1590400,,,
2025-04-24,wk,2025-04-17,ULTRACEMCO,0.6416,876050,562050,,,
2025-04-24,wk,2025-04-17,UNIONBANK,0.6591,29461650,19416900,,,
2025-04-24,wk,2025-04-17,UNITDSPR,1.2105,1205400,1459150,,,
2025-04-24,wk,2025-04-17,UPL,0.5124,12390120,6348175,,,
2025-04-24,wk,2025-04-17,VBL,0.6151,10798375,6642125,,,
2025-04-24,wk,2025-04-17,VEDL,0.5502,44602750,24541000,,,
2025-04-24,wk,2025-04-17,VOLTAS,0.3617,12017100,4346400,,,
2025-04-24,wk,2025-04-17,WIPRO,0.5105,103341000,52752000,,,
2025-04-24,wk,2025-04-17,YESBANK,0.7061,145366000,102648000,,,
2025-04-24,wk,2025-04-17,ZYDUSLIFE,0.7376,7900200,5827500,,,
2025-05-29,on,2025-05-29,AARTIIND,1.1462,7837550,8983525,500.0,430.0,2025-06-26
2025-05-29,on,2025-05-29,ABB,0.8406,986500,829250,6000.0,6000.0,2025-06-26
2025-05-29,on,2025-05-29,ABCAPITAL,0.9646,14539900,14024900,240.0,210.0,2025-06-26
2025-05-29,on,2025-05-29,ABFRL,0.2598,24198200,6286800,90.0,85.0,2025-06-26
2025-05-29,on,2025-05-29,ACC,0.5786,4135200,2392800,2000.0,1900.0,2025-06-26
2025-05-29,on,2025-05-29,ADANIENSOL,0.5427,5056300,2743950,900.0,900.0,2025-06-26
2025-05-29,on,2025-05-29,ADANIENT,0.8461,9300900,7869300,2700.0,2700.0,2025-06-26
2025-05-29,on,2025-05-29,ADANIGREEN,0.7052,8418375,5937000,1020.0,1020.0,2025-06-26
2025-05-29,on,2025-05-29,ADANIPORTS,0.9755,8568075,8358500,1400.0,1400.0,2025-06-26
2025-05-29,on,2025-05-29,ALKEM,0.8239,331900,273450,5400.0,5000.0,2025-06-26
2025-05-29,on,2025-05-29,AMBUJACEM,0.8073,11046000,8917200,600.0,630.0,2025-06-26
2025-05-29,on,2025-05-29,ANGELONE,0.9373,2246400,2105450,3100.0,2800.0,2025-06-26
2025-05-29,on,2025-05-29,APLAPOLLO,0.8347,2673650,2231600,1700.0,1700.0,2025-06-26
2025-05-29,on,2025-05-29,APOLLOHOSP,0.5278,1272750,671750,7000.0,7000.0,2025-06-26
2025-05-29,on,2025-05-29,APOLLOTYRE,0.8261,5659300,4675000,,,
2025-05-29,on,2025-05-29,ASHOKLEY,0.6273,41825000,26235000,255.0,240.0,2025-06-26
2025-05-29,on,2025-05-29,ASIANPAINT,0.6354,7204300,4577700,2400.0,2300.0,2025-06-26
2025-05-29,on,2025-05-29,ASTRAL,0.5556,4693988,2607767,1500.0,1500.0,2025-06-26
2025-05-29,on,2025-05-29,ATGL,0.6873,4180850,2873700,700.0,680.0,2025-06-26
2025-05-29,on,2025-05-29,AUBANK,1.0732,6712000,7203000,700.0,700.0,2025-06-26
2025-05-29,on,2025-05-29,AUROPHARMA,0.6772,5319050,3601950,1200.0,1100.0,2025-06-26
2025-05-29,on,2025-05-29,AXISBANK,0.6058,24408750,14786250,1200.0,1200.0,2025-06-26
2025-05-29,on,2025-05-29,BAJAJ-AUTO,0.7582,1780800,1350225,9000.0,8800.0,2025-06-26
2025-05-29,on,2025-05-29,BAJAJFINSV,0.6056,8441500,5112000,2100.0,1900.0,2025-06-26
2025-05-29,on,2025-05-29,BAJFINANCE,0.9252,3853800,3565575,10000.0,9000.0,2025-06-26
2025-05-29,on,2025-05-29,BALKRISIND,0.7581,1918800,1454700,2500.0,2400.0,2025-06-26
2025-05-29,on,2025-05-29,BANDHANBNK,0.7379,29469200,21745600,180.0,160.0,2025-06-26
2025-05-29,on,2025-05-29,BANKBARODA,0.827,60123375,49725000,260.0,260.0,2025-06-26
2025-05-29,on,2025-05-29,BANKINDIA,1.022,28146475,28767025,120.0,115.0,2025-06-26
2025-05-29,on,2025-05-29,BEL,1.0713,91536300,98062800,400.0,360.0,2025-06-26
2025-05-29,on,2025-05-29,BHARATFORG,0.689,4845500,3338500,1300.0,1200.0,2025-06-26
2025-05-29,on,2025-05-29,BHARTIARTL,0.5805,20016500,11619450,2000.0,1840.0,2025-06-26
2025-05-29,on,2025-05-29,BHEL,1.327,30158625,40020750,270.0,250.0,2025-06-26
2025-05-29,on,2025-05-29,BIOCON,0.5774,19795000,11430000,360.0,300.0,2025-06-26
2025-05-29,on,2025-05-29,BOSCHLTD,0.6046,97250,58800,33000.0,30000.0,2025-06-26
2025-05-29,on,2025-05-29,BPCL,1.0594,18889500,20012225,320.0,300.0,2025-06-26
2025-05-29,on,2025-05-29,BRITANNIA,0.5904,669650,395350,5500.0,5500.0,2025-06-26
2025-05-29,on,2025-05-29,BSE,1.0619,11830125,12562125,2500.0,2400.0,2025-06-26
2025-05-29,on,2025-05-29,BSOFT,0.5871,11015000,6467200,430.0,420.0,2025-06-26
2025-05-29,on,2025-05-29,CAMS,0.674,1043250,703100,4000.0,4000.0,2025-06-26
2025-05-29,on,2025-05-29,CANBK,1.2507,115317000,144227250,120.0,110.0,2025-06-26
2025-05-29,on,2025-05-29,CDSL,0.8232,7833875,6449100,1500.0,1500.0,2025-06-26
2025-05-29,on,2025-05-29,CESC,0.9067,10532925,9550125,170.0,160.0,2025-06-26
2025-05-29,on,2025-05-29,CGPOWER,0.9104,3071825,2796475,700.0,690.0,2025-06-26
2025-05-29,on,2025-05-29,CHAMBLFERT,0.4024,10944000,4404200,600.0,600.0,2025-06-26
2025-05-29,on,2025-05-29,CHOLAFIN,0.7833,3146875,2465000,1700.0,1500.0,2025-06-26
2025-05-29,on,2025-05-29,CIPLA,0.4203,6964100,2926700,1600.0,1500.0,2025-06-26
2025-05-29,on,2025-05-29,COALINDIA,0.7187,37791300,27160500,400.0,400.0,2025-06-26
2025-05-29,on,2025-05-29,COFORGE,0.6323,1706325,1078875,8500.0,8500.0,2025-06-26
2025-05-29,on,2025-05-29,COLPAL,0.6935,1785525,1238325,2500.0,2500.0,2025-06-26
2025-05-29,on,2025-05-29,CONCOR,0.8972,8489000,7616000,800.0,700.0,2025-06-26
2025-05-29,on,2025-05-29,CROMPTON,0.8151,7320600,5967000,360.0,360.0,2025-06-26
2025-05-29,on,2025-05-29,CUMMINSIND,0.7128,1942200,1384450,3200.0,3000.0,2025-06-26
2025-05-29,on,2025-05-29,CYIENT,0.9003,1394050,1255025,1400.0,1300.0,2025-06-26
2025-05-29,on,2025-05-29,DABUR,0.6683,11020000,7365000,500.0,480.0,2025-06-26
2025-05-29,on,2025-05-29,DALBHARAT,0.8628,943800,814275,2100.0,2000.0,2025-06-26
2025-05-29,on,2025-05-29,DEEPAKNTR,0.7665,817200,626400,,,
2025-05-29,on,2025-05-29,DELHIVERY,0.9603,7965075,7648975,370.0,350.0,2025-06-26
2025-05-29,on,2025-05-29,DIVISLAB,0.7369,1684500,1241300,7000.0,6500.0,2025-06-26
2025-05-29,on,2025-05-29,DIXON,0.5159,2527350,1303850,17000.0,14000.0,2025-06-26
2025-05-29,on,2025-05-29,DLF,0.9082,16301175,14805450,800.0,750.0,2025-06-26
2025-05-29,on,2025-05-29,DMART,0.5234,1510200,790500,4200.0,3800.0,2025-06-26
2025-05-29,on,2025-05-29,DRREDDY,0.6775,9768750,6618750,1300.0,1200.0,2025-06-26
2025-05-29,on,2025-05-29,EICHERMOT,0.5333,2434425,1298325,5500.0,5000.0,2025-06-26
2025-05-29,on,2025-05-29,ESCORTS,0.7164,469650,336450,,,
2025-05-29,on,2025-05-29,ETERNAL,0.6542,71526125,46791425,230.0,200.0,2025-06-26
2025-05-29,on,2025-05-29,EXIDEIND,0.7536,13579200,10233000,400.0,430.0,2025-06-26
2025-05-29,on,2025-05-29,FEDERALBNK,0.7861,55890000,43935000,205.0,200.0,2025-06-26
2025-05-29,on,2025-05-29,GAIL,0.7485,36193300,27089800,200.0,205.0,2025-06-26
2025-05-29,on,2025-05-29,GLENMARK,0.6171,2064075,1273725,1400.0,1400.0,2025-06-26
2025-05-29,on,2025-05-29,GMRAIRPORT,0.392,87820200,34421850,100.0,80.0,2025-06-26
2025-05-29,on,2025-05-29,GODREJCP,0.6485,2161000,1401500,1400.0,1200.0,2025-06-26
2025-05-29,on,2025-05-29,GODREJPROP,0.6439,2869175,1847500,2300.0,2200.0,2025-06-26
2025-05-29,on,2025-05-29,GRANULES,0.8933,5170000,4618425,530.0,520.0,2025-06-26
2025-05-29,on,2025-05-29,GRASIM,0.5904,2708250,1599000,2700.0,2600.0,2025-06-26
2025-05-29,on,2025-05-29,HAL,0.6411,9368250,6005700,5200.0,5000.0,2025-06-26
2025-05-29,on,2025-05-29,HAVELLS,0.6751,4353500,2939000,1600.0,1500.0,2025-06-26
2025-05-29,on,2025-05-29,HCLTECH,0.6597,8370600,5522300,1700.0,1680.0,2025-06-26
2025-05-29,on,2025-05-29,HDFCAMC,0.8472,817800,692850,5000.0,4500.0,2025-06-26
2025-05-29,on,2025-05-29,HDFCBANK,0.5363,31923100,17120950,2000.0,1900.0,2025-06-26
2025-05-29,on,2025-05-29,HDFCLIFE,0.8366,20666800,17289800,800.0,750.0,2025-06-26
2025-05-29,on,2025-05-29,HEROMOTOCO,0.8604,2711700,2333100,4400.0,4400.0,2025-06-26
2025-05-29,on,2025-05-29,HFCL,0.8689,37980800,33000800,90.0,80.0,2025-06-26
2025-05-29,on,2025-05-29,HINDALCO,0.5449,22929200,12495000,700.0,600.0,2025-06-26
2025-05-29,on,2025-05-29,HINDCOPPER,0.8101,13075100,10592050,260.0,200.0,2025-06-26
2025-05-29,on,2025-05-29,HINDPETRO,0.7813,14543550,11362275,450.0,400.0,2025-06-26
2025-05-29,on,2025-05-29,HINDUNILVR,0.6824,8017200,5470800,2400.0,2200.0,2025-06-26
2025-05-29,on,2025-05-29,HINDZINC,0.6097,4848550,2955925,500.0,450.0,2025-06-26
2025-05-29,on,2025-05-29,HUDCO,0.7191,21666375,15581325,240.0,240.0,2025-06-26
2025-05-29,on,2025-05-29,ICICIBANK,0.7286,27673800,20162100,1500.0,1400.0,2025-06-26
2025-05-29,on,2025-05-29,ICICIGI,0.5162,1347500,695600,1900.0,1800.0,2025-06-26
2025-05-29,on,2025-05-29,ICICIPRULI,0.7466,3482250,2599850,700.0,650.0,2025-06-26
2025-05-29,on,2025-05-29,IDEA,0.514,1637638425,841821525,8.0,7.0,2025-06-26
2025-05-29,on,2025-05-29,IDFCFIRSTB,0.6364,157771150,100401875,70.0,70.0,2025-06-26
2025-05-29,on,2025-05-29,IEX,0.7568,25076250,18978750,200.0,200.0,2025-06-26
2025-05-29,on,2025-05-29,IGL,0.9048,14242250,12886500,210.0,200.0,2025-06-26
2025-05-29,on,2025-05-29,IIFL,1.2164,5969450,7261500,420.0,420.0,2025-06-26
2025-05-29,on,2025-05-29,INDHOTEL,0.6983,14165000,9892000,800.0,770.0,2025-06-26
2025-05-29,on,2025-05-29,INDIANB,0.6598,3922550,2588200,630.0,550.0,2025-06-26
2025-05-29,on,2025-05-29,INDIGO,0.8056,3574350,2879400,5500.0,5000.0,2025-06-26
2025-05-29,on,2025-05-29,INDUSINDBK,1.15,22561400,25945900,900.0,700.0,2025-06-26
2025-05-29,on,2025-05-29,INDUSTOWER,0.7465,21081700,15736900,400.0,400.0,2025-06-26
2025-05-29,on,2025-05-29,INFY,0.6519,21566000,14059600,1600.0,1600.0,2025-06-26
2025-05-29,on,2025-05-29,INOXWIND,0.8007,14061000,11258475,200.0,190.0,2025-06-26
2025-05-29,on,2025-05-29,IOC,0.72,62843625,45244875,150.0,150.0,2025-06-26
2025-05-29,on,2025-05-29,IRB,0.7482,32349000,24205125,55.0,50.0,2025-06-26
2025-05-29,on,2025-05-29,IRCTC,0.4931,16748375,8258250,850.0,800.0,2025-06-26
2025-05-29,on,2025-05-29,IREDA,0.575,25983850,14939550,180.0,170.0,2025-06-26
2025-05-29,on,2025-05-29,IRFC,0.6921,61552300,42600425,150.0,140.0,2025-06-26
2025-05-29,on,2025-05-29,ITC,0.4239,94046400,39868800,440.0,420.0,2025-06-26
2025-05-29,on,2025-05-29,JINDALSTEL,1.0593,5122500,5426250,1000.0,900.0,2025-06-26
2025-05-29,on,2025-05-29,JIOFIN,0.8053,55311650,44543800,300.0,290.0,2025-06-26
2025-05-29,on,2025-05-29,JSL,0.7171,1776375,1273775,700.0,600.0,2025-06-26
2025-05-29,on,2025-05-29,JSWENERGY,0.6269,9033000,5663000,550.0,450.0,2025-06-26
2025-05-29,on,2025-05-29,JSWSTEEL,0.6903,13117275,9055125,1100.0,1000.0,2025-06-26
2025-05-29,on,2025-05-29,JUBLFOOD,0.4878,7868750,3838750,700.0,650.0,2025-06-26
2025-05-29,on,2025-05-29,KALYANKJIL,0.9836,4622100,4546150,550.0,550.0,2025-06-26
2025-05-29,on,2025-05-29,KEI,0.9772,539100,526800,3600.0,3500.0,2025-06-26
2025-05-29,on,2025-05-29,KOTAKBANK,0.5299,11449200,6066800,2200.0,2100.0,2025-06-26
2025-05-29,on,2025-05-29,KPITTECH,0.8567,1915200,1640800,1500.0,1200.0,2025-06-26
2025-05-29,on,2025-05-29,LAURUSLABS,0.5345,13186900,7048200,700.0,600.0,2025-06-26
2025-05-29,on,2025-05-29,LICHSGFIN,0.5881,12980000,7634000,680.0,600.0,2025-06-26
2025-05-29,on,2025-05-29,LICI,0.6738,10089325,6798200,1000.0,900.0,2025-06-26
2025-05-29,on,2025-05-29,LODHA,0.7937,1961100,1556550,1500.0,1400.0,2025-06-26
2025-05-29,on,2025-05-29,LT,0.6275,8478100,5319775,3700.0,3500.0,2025-06-26
2025-05-29,on,2025-05-29,LTF,0.7139,28043670,20020994,170.0,170.0,2025-06-26
2025-05-29,on,2025-05-29,LTIM,0.8365,1028550,860400,5300.0,5000.0,2025-06-26
2025-05-29,on,2025-05-29,LUPIN,0.5159,5117000,2639675,2100.0,1900.0,2025-06-26
2025-05-29,on,2025-05-29,M&M,0.6387,5881200,3756450,3100.0,2800.0,2025-06-26
2025-05-29,on,2025-05-29,M&MFIN,0.7098,12298992,8729776,260.0,260.0,2025-06-26
2025-05-29,on,2025-05-29,MANAPPURAM,0.8444,30552000,25797000,230.0,230.0,2025-06-26
2025-05-29,on,2025-05-29,MARICO,0.7718,5163600,3985200,770.0,650.0,2025-06-26
2025-05-29,on,2025-05-29,MARUTI,0.5921,2540900,1504500,13000.0,12000.0,2025-06-26
2025-05-29,on,2025-05-29,MAXHEALTH,0.6442,2682225,1727775,1200.0,1080.0,2025-06-26
2025-05-29,on,2025-05-29,MCX,0.9261,1174800,1087925,7000.0,6500.0,2025-06-26
2025-05-29,on,2025-05-29,MFSL,1.2654,2499200,3162400,1500.0,1400.0,2025-06-26
2025-05-29,on,2025-05-29,MGL,0.606,1777600,1077200,1400.0,1400.0,2025-06-26
2025-05-29,on,2025-05-29,MOTHERSON,0.905,35218800,31873950,150.0,150.0,2025-06-26
2025-05-29,on,2025-05-29,MPHASIS,0.778,1433025,1114850,2600.0,2500.0,2025-06-26
2025-05-29,on,2025-05-29,MRF,0.8416,18495,15565,,,
2025-05-29,on,2025-05-29,MUTHOOTFIN,0.5176,4307600,2229700,2100.0,2000.0,2025-06-26
2025-05-29,on,2025-05-29,NATIONALUM,0.7822,41527500,32482500,190.0,185.0,2025-06-26
2025-05-29,on,2025-05-29,NAUKRI,0.7127,2879250,2052000,1500.0,1400.0,2025-06-26
2025-05-29,on,2025-05-29,NBCC,0.9303,21953000,20421800,115.0,110.0,2025-06-26
2025-05-29,on,2025-05-29,NCC,1.5524,7144375,11091125,240.0,220.0,2025-06-26
2025-05-29,on,2025-05-29,NESTLEIND,0.8089,2049400,1657850,2500.0,2400.0,2025-06-26
2025-05-29,on,2025-05-29,NHPC,0.5961,33305600,19852800,90.0,80.0,2025-06-26
2025-05-29,on,2025-05-29,NMDC,0.9435,120285000,113494500,80.0,60.0,2025-06-26
2025-05-29,on,2025-05-29,NTPC,0.3959,79236000,31371000,350.0,340.0,2025-06-26
2025-05-29,on,2025-05-29,NYKAA,0.7385,12679100,9363300,210.0,200.0,2025-06-26
2025-05-29,on,2025-05-29,OBEROIRLTY,0.9007,1974700,1778700,1800.0,1700.0,2025-06-26
2025-05-29,on,2025-05-29,OFSS,0.6346,564950,358500,8500.0,8500.0,2025-06-26
2025-05-29,on,2025-05-29,OIL,1.011,2931850,2964025,450.0,400.0,2025-06-26
2025-05-29,on,2025-05-29,ONGC,0.509,67431150,34325100,250.0,240.0,2025-06-26
2025-05-29,on,2025-05-29,PAGEIND,0.6468,35160,22740,48000.0,45000.0,2025-06-26
2025-05-29,on,2025-05-29,PATANJALI,0.7065,2369700,1674300,1800.0,1600.0,2025-06-26
2025-05-29,on,2025-05-29,PAYTM,0.9229,6814675,6288975,860.0,860.0,2025-06-26
2025-05-29,on,2025-05-29,PEL,0.8877,2751000,2442000,1200.0,1000.0,2025-06-26
2025-05-29,on,2025-05-29,PERSISTENT,0.7585,1049900,796400,5700.0,5700.0,2025-06-26
2025-05-29,on,2025-05-29,PETRONET,0.8461,11614500,9826500,330.0,310.0,2025-06-26
2025-05-29,on,2025-05-29,PFC,0.7535,28704000,21629400,420.0,400.0,2025-06-26
2025-05-29,on,2025-05-29,PHOENIXLTD,0.9431,608650,574000,1600.0,1500.0,2025-06-26
2025-05-29,on,2025-05-29,PIDILITIND,0.7166,878750,629750,3100.0,2800.0,2025-06-26
2025-05-29,on,2025-05-29,PIIND,0.7781,636850,495550,4000.0,3600.0,2025-06-26
2025-05-29,on,2025-05-29,PNB,0.9085,145760000,132424000,110.0,100.0,2025-06-26
2025-05-29,on,2025-05-29,PNBHOUSING,0.5445,2832700,1542450,1100.0,960.0,2025-06-26
2025-05-29,on,2025-05-29,POLICYBZR,0.948,1852275,1755975,1900.0,1700.0,2025-06-26
2025-05-29,on,2025-05-29,POLYCAB,0.7579,901500,683250,6500.0,6000.0,2025-06-26
2025-05-29,on,2025-05-29,POONAWALLA,1.1681,3806250,4446100,400.0,350.0,2025-06-26
2025-05-29,on,2025-05-29,POWERGRID,0.6262,35869500,22460100,300.0,270.0,2025-06-26
2025-05-29,on,2025-05-29,PRESTIGE,0.9921,1444625,1433250,1600.0,1400.0,2025-06-26
2025-05-29,on,2025-05-29,RAMCOCEM,0.6352,1621800,1030200,,,
2025-05-29,on,2025-05-29,RBLBANK,0.9113,16805675,15315000,210.0,210.0,2025-06-26
2025-05-29,on,2025-05-29,RECLTD,0.6984,27018475,18870475,410.0,400.0,2025-06-26
2025-05-29,on,2025-05-29,RELIANCE,0.6317,62814500,39682500,1500.0,1300.0,2025-06-26
2025-05-29,on,2025-05-29,SAIL,1.0239,46927300,48047600,135.0,135.0,2025-06-26
2025-05-29,on,2025-05-29,SBICARD,0.7754,5290400,4102400,1000.0,900.0,2025-06-26
2025-05-29,on,2025-05-29,SBILIFE,0.7164,5899125,4225875,1820.0,1800.0,2025-06-26
2025-05-29,on,2025-05-29,SBIN,0.6049,68352750,41343750,800.0,800.0,2025-06-26
2025-05-29,on,2025-05-29,SHREECEM,0.4282,120850,51750,31000.0,31000.0,2025-06-26
2025-05-29,on,2025-05-29,SHRIRAMFIN,0.7623,10627500,8101350,660.0,600.0,2025-06-26
2025-05-29,on,2025-05-29,SIEMENS,0.7595,1569200,1191750,3400.0,3200.0,2025-06-26
2025-05-29,on,2025-05-29,SJVN,0.7592,20955375,15910225,110.0,100.0,2025-06-26
2025-05-29,on,2025-05-29,SOLARINDS,1.2182,623775,759900,17500.0,14000.0,2025-06-26
2025-05-29,on,2025-05-29,SONACOMS,0.7473,3161225,2362300,540.0,490.0,2025-06-26
2025-05-29,on,2025-05-29,SRF,0.6035,2624125,1583750,3000.0,2900.0,2025-06-26
2025-05-29,on,2025-05-29,SUNPHARMA,0.4261,13061650,5565350,1700.0,1600.0,2025-06-26
2025-05-29,on,2025-05-29,SUPREMEIND,0.9042,375625,339625,4500.0,3800.0,2025-06-26
2025-05-29,on,2025-05-29,SYNGENE,0.4293,9005000,3866000,700.0,600.0,2025-06-26
2025-05-29,on,2025-05-29,TATACHEM,0.7324,7311950,5355600,900.0,900.0,2025-06-26
2025-05-29,on,2025-05-29,TATACOMM,0.8834,1342250,1185800,1700.0,1700.0,2025-06-26
2025-05-29,on,2025-05-29,TATACONSUM,0.5262,5525822,2907926,1200.0,1100.0,2025-06-26
2025-05-29,on,2025-05-29,TATAELXSI,1.0678,791000,844600,6600.0,6300.0,2025-06-26
2025-05-29,on,2025-05-29,TATAMOTORS,0.7249,53466800,38759550,800.0,720.0,2025-06-26
2025-05-29,on,2025-05-29,TATAPOWER,0.7553,37698050,28471600,400.0,400.0,2025-06-26
2025-05-29,on,2025-05-29,TATASTEEL,0.9821,146927000,144303500,170.0,160.0,2025-06-26
2025-05-29,on,2025-05-29,TATATECH,0.7129,8040700,5731900,800.0,740.0,2025-06-26
2025-05-29,on,2025-05-29,TCS,0.7047,9517375,6706875,3600.0,3500.0,2025-06-26
2025-05-29,on,2025-05-29,TECHM,0.8296,6087600,5050200,1660.0,1600.0,2025-06-26
2025-05-29,on,2025-05-29,TIINDIA,0.7942,670500,532500,3100.0,3100.0,2025-06-26
2025-05-29,on,2025-05-29,TITAGARH,0.567,4419375,2505725,1000.0,800.0,2025-06-26
2025-05-29,on,2025-05-29,TITAN,0.9113,3024000,2755900,3600.0,3500.0,2025-06-26
2025-05-29,on,2025-05-29,TORNTPHARM,0.3886,904000,351250,3200.0,3000.0,2025-06-26
2025-05-29,on,2025-05-29,TORNTPOWER,0.5349,1138500,609000,1500.0,1400.0,2025-06-26
2025-05-29,on,2025-05-29,TRENT,0.7928,2394400,1898300,6000.0,5500.0,2025-06-26
2025-05-29,on,2025-05-29,TVSMOTOR,0.7869,2140250,1684200,2900.0,2800.0,2025-06-26
2025-05-29,on,2025-05-29,ULTRACEMCO,0.5384,1358500,731450,12000.0,11500.0,2025-06-26
2025-05-29,on,2025-05-29,UNIONBANK,1.5434,20700150,31948500,140.0,140.0,2025-06-26
2025-05-29,on,2025-05-29,UNITDSPR,0.6455,2318850,1496850,1600.0,1500.0,2025-06-26
2025-05-29,on,2025-05-29,UPL,0.3745,21873765,8192330,640.0,630.0,2025-06-26
2025-05-29,on,2025-05-29,VBL,0.3932,23102350,9084025,500.0,460.0,2025-06-26
2025-05-29,on,2025-05-29,VEDL,0.8814,25707100,22657300,500.0,450.0,2025-06-26
2025-05-29,on,2025-05-29,VOLTAS,0.6583,7783650,5124150,1300.0,1260.0,2025-06-26
2025-05-29,on,2025-05-29,WIPRO,0.5723,75945000,43461000,250.0,250.0,2025-06-26
2025-05-29,on,2025-05-29,YESBANK,0.7332,447853600,328359500,22.0,21.0,2025-06-26
2025-05-29,on,2025-05-29,ZYDUSLIFE,0.9421,4431600,4175100,1000.0,900.0,2025-06-26
2025-05-29,wk,2025-05-22,AARTIIND,1.4068,8140325,11451900,,,
2025-05-29,wk,2025-05-22,ABB,0.7168,1216375,871875,,,
2025-05-29,wk,2025-05-22,ABCAPITAL,0.79,17615200,13915500,,,
2025-05-29,wk,2025-05-22,ABFRL,0.3245,9895600,3211000,,,
2025-05-29,wk,2025-05-22,ACC,0.4563,5275500,2407200,,,
2025-05-29,wk,2025-05-22,ADANIENSOL,0.4107,7004425,2876875,,,
2025-05-29,wk,2025-05-22,ADANIENT,0.8349,9974400,8327400,,,
2025-05-29,wk,2025-05-22,ADANIGREEN,0.5734,9567000,5485875,,,
2025-05-29,wk,2025-05-22,ADANIPORTS,0.6199,12896875,7994525,,,
2025-05-29,wk,2025-05-22,ALKEM,0.695,383500,266550,,,
2025-05-29,wk,2025-05-22,AMBUJACEM,0.7701,9776100,7528650,,,
2025-05-29,wk,2025-05-22,ANGELONE,1.2382,1853600,2295150,,,
2025-05-29,wk,2025-05-22,APLAPOLLO,0.7755,2973950,2306150,,,
2025-05-29,wk,2025-05-22,APOLLOHOSP,0.5198,1125750,585125,,,
2025-05-29,wk,2025-05-22,APOLLOTYRE,0.6862,9319400,6395400,,,
2025-05-29,wk,2025-05-22,ASHOKLEY,0.6706,30790000,20647500,,,
2025-05-29,wk,2025-05-22,ASIANPAINT,0.5249,8390250,4404300,,,
2025-05-29,wk,2025-05-22,ASTRAL,0.4818,4971382,2395409,,,
2025-05-29,wk,2025-05-22,ATGL,0.54,4576875,2471475,,,
2025-05-29,wk,2025-05-22,AUBANK,0.9581,8203000,7859000,,,
2025-05-29,wk,2025-05-22,AUROPHARMA,0.8268,4689850,3877500,,,
2025-05-29,wk,2025-05-22,AXISBANK,0.486,28871875,14033125,,,
2025-05-29,wk,2025-05-22,BAJAJ-AUTO,0.7611,1700550,1294275,,,
2025-05-29,wk,2025-05-22,BAJAJFINSV,0.5255,10849500,5701000,,,
2025-05-29,wk,2025-05-22,BAJFINANCE,0.7328,5879100,4308275,,,
2025-05-29,wk,2025-05-22,BALKRISIND,0.6791,766500,520500,,,
2025-05-29,wk,2025-05-22,BANDHANBNK,0.5687,35207200,20022800,,,
2025-05-29,wk,2025-05-22,BANKBARODA,0.7514,69255225,52038675,,,
2025-05-29,wk,2025-05-22,BANKINDIA,0.8582,30089450,25823400,,,
2025-05-29,wk,2025-05-22,BEL,1.0182,112395450,114438900,,,
2025-05-29,wk,2025-05-22,BHARATFORG,0.6218,6439000,4004000,,,
2025-05-29,wk,2025-05-22,BHARTIARTL,0.4011,29855175,11975700,,,
2025-05-29,wk,2025-05-22,BHEL,0.8396,49247625,41346375,,,
2025-05-29,wk,2025-05-22,BIOCON,0.4996,23600000,11790000,,,
2025-05-29,wk,2025-05-22,BOSCHLTD,0.9069,46450,42125,,,
2025-05-29,wk,2025-05-22,BPCL,0.8508,20403175,17359550,,,
2025-05-29,wk,2025-05-22,BRITANNIA,0.4728,1073400,507450,,,
2025-05-29,wk,2025-05-22,BSE,0.9574,5759875,5514500,,,
2025-05-29,wk,2025-05-22,BSOFT,1.1475,5310000,6093300,,,
2025-05-29,wk,2025-05-22,CAMS,0.589,1215375,715825,,,
2025-05-29,wk,2025-05-22,CANBK,1.1175,134345250,150133500,,,
2025-05-29,wk,2025-05-22,CDSL,0.7485,8316675,6225075,,,
2025-05-29,wk,2025-05-22,CESC,0.5391,11834550,6379425,,,
2025-05-29,wk,2025-05-22,CGPOWER,0.6891,4347100,2995725,,,
2025-05-29,wk,2025-05-22,CHAMBLFERT,0.2929,14804800,4336750,,,
2025-05-29,wk,2025-05-22,CHOLAFIN,0.7744,3233750,2504375,,,
2025-05-29,wk,2025-05-22,CIPLA,0.4393,8417825,3697550,,,
2025-05-29,wk,2025-05-22,COALINDIA,0.6062,40810800,24739800,,,
2025-05-29,wk,2025-05-22,COFORGE,0.5698,2527425,1440150,,,
2025-05-29,wk,2025-05-22,COLPAL,0.5323,2542050,1353250,,,
2025-05-29,wk,2025-05-22,CONCOR,0.5684,12098000,6876000,,,
2025-05-29,wk,2025-05-22,CROMPTON,0.7641,9828000,7509600,,,
2025-05-29,wk,2025-05-22,CUMMINSIND,0.5518,1415550,781050,,,
2025-05-29,wk,2025-05-22,CYIENT,0.7607,1574825,1198025,,,
2025-05-29,wk,2025-05-22,DABUR,0.5977,12597500,7530000,,,
2025-05-29,wk,2025-05-22,DALBHARAT,1.0034,964150,967450,,,
2025-05-29,wk,2025-05-22,DEEPAKNTR,0.683,1131000,772500,,,
2025-05-29,wk,2025-05-22,DELHIVERY,0.595,13667050,8131300,,,
2025-05-29,wk,2025-05-22,DIVISLAB,0.6192,2386400,1477600,,,
2025-05-29,wk,2025-05-22,DIXON,0.3705,4491450,1664000,,,
2025-05-29,wk,2025-05-22,DLF,0.8625,19365225,16702125,,,
2025-05-29,wk,2025-05-22,DMART,0.4396,1840500,809100,,,
2025-05-29,wk,2025-05-22,DRREDDY,0.5131,12736875,6535000,,,
2025-05-29,wk,2025-05-22,EICHERMOT,0.3975,3313275,1317050,,,
2025-05-29,wk,2025-05-22,ESCORTS,0.7238,743550,538200,,,
2025-05-29,wk,2025-05-22,ETERNAL,0.6722,64668000,43471125,,,
2025-05-29,wk,2025-05-22,EXIDEIND,0.6198,16498800,10225800,,,
2025-05-29,wk,2025-05-22,FEDERALBNK,0.6038,67770000,40920000,,,
2025-05-29,wk,2025-05-22,GAIL,0.5866,39013150,22885950,,,
2025-05-29,wk,2025-05-22,GLENMARK,0.719,2001025,1438775,,,
2025-05-29,wk,2025-05-22,GMRAIRPORT,0.4179,90151875,37677600,,,
2025-05-29,wk,2025-05-22,GODREJCP,0.5907,2524000,1491000,,,
2025-05-29,wk,2025-05-22,GODREJPROP,0.5669,3271050,1854375,,,
2025-05-29,wk,2025-05-22,GRANULES,0.9152,4848000,4437000,,,
2025-05-29,wk,2025-05-22,GRASIM,0.667,2276000,1518000,,,
2025-05-29,wk,2025-05-22,HAL,0.6044,10168500,6145650,,,
2025-05-29,wk,2025-05-22,HAVELLS,0.5086,6419000,3265000,,,
2025-05-29,wk,2025-05-22,HCLTECH,0.6471,9114350,5897500,,,
2025-05-29,wk,2025-05-22,HDFCAMC,0.9175,918150,842400,,,
2025-05-29,wk,2025-05-22,HDFCBANK,0.5361,35200000,18871050,,,
2025-05-29,wk,2025-05-22,HDFCLIFE,0.6177,19718600,12180300,,,
2025-05-29,wk,2025-05-22,HEROMOTOCO,0.7491,3593850,2692050,,,
2025-05-29,wk,2025-05-22,HFCL,0.7017,45658300,32038000,,,
2025-05-29,wk,2025-05-22,HINDALCO,0.4687,27399400,12842200,,,
2025-05-29,wk,2025-05-22,HINDCOPPER,0.8285,10674200,8843050,,,
2025-05-29,wk,2025-05-22,HINDPETRO,0.708,15078150,10675800,,,
2025-05-29,wk,2025-05-22,HINDUNILVR,0.5755,9405900,5413500,,,
2025-05-29,wk,2025-05-22,HINDZINC,0.4205,6151950,2587200,,,
2025-05-29,wk,2025-05-22,HUDCO,0.4796,24851750,11918875,,,
2025-05-29,wk,2025-05-22,ICICIBANK,0.7038,30010400,21122500,,,
2025-05-29,wk,2025-05-22,ICICIGI,0.4646,1193500,554500,,,
2025-05-29,wk,2025-05-22,ICICIPRULI,0.5072,3222000,1634200,,,
2025-05-29,wk,2025-05-22,IDEA,0.3952,1833751900,724689725,,,
2025-05-29,wk,2025-05-22,IDFCFIRSTB,0.6294,157448875,99094125,,,
2025-05-29,wk,2025-05-22,IEX,0.629,32377500,20366250,,,
2025-05-29,wk,2025-05-22,IGL,0.7212,18287500,13189000,,,
2025-05-29,wk,2025-05-22,IIFL,1.2078,5934950,7168200,,,
2025-05-29,wk,2025-05-22,INDHOTEL,0.6031,21977000,13254000,,,
2025-05-29,wk,2025-05-22,INDIANB,0.6811,3810450,2595400,,,
2025-05-29,wk,2025-05-22,INDIGO,0.8952,3475800,3111600,,,
2025-05-29,wk,2025-05-22,INDUSINDBK,1.3066,26267700,34322500,,,
2025-05-29,wk,2025-05-22,INDUSTOWER,0.6275,26783500,16807900,,,
2025-05-29,wk,2025-05-22,INFY,0.6123,24171200,14800800,,,
2025-05-29,wk,2025-05-22,INOXWIND,0.5975,10087800,6027525,,,
2025-05-29,wk,2025-05-22,IOC,0.6543,68557125,44854875,,,
2025-05-29,wk,2025-05-22,IRB,0.6577,40026250,26324025,,,
2025-05-29,wk,2025-05-22,IRCTC,0.5955,8676500,5166875,,,
2025-05-29,wk,2025-05-22,IREDA,0.4964,29875650,14831150,,,
2025-05-29,wk,2025-05-22,IRFC,0.4995,76477050,38196775,,,
2025-05-29,wk,2025-05-22,ITC,0.4857,64641600,31395200,,,
2025-05-29,wk,2025-05-22,JINDALSTEL,0.9574,5808750,5561250,,,
2025-05-29,wk,2025-05-22,JIOFIN,0.8748,42357600,37052950,,,
2025-05-29,wk,2025-05-22,JSL,0.7983,1505825,1202025,,,
2025-05-29,wk,2025-05-22,JSWENERGY,0.5225,9336750,4878250,,,
2025-05-29,wk,2025-05-22,JSWSTEEL,0.7672,10868175,8337600,,,
2025-05-29,wk,2025-05-22,JUBLFOOD,0.4395,10693750,4700000,,,
2025-05-29,wk,2025-05-22,KALYANKJIL,0.883,5443600,4806550,,,
2025-05-29,wk,2025-05-22,KEI,0.8704,651600,567150,,,
2025-05-29,wk,2025-05-22,KOTAKBANK,0.4683,15503200,7259600,,,
2025-05-29,wk,2025-05-22,KPITTECH,0.7247,2522400,1828000,,,
2025-05-29,wk,2025-05-22,LAURUSLABS,0.4347,18557200,8066500,,,
2025-05-29,wk,2025-05-22,LICHSGFIN,0.5331,15422000,8221000,,,
2025-05-29,wk,2025-05-22,LICI,0.7105,3200450,2274050,,,
2025-05-29,wk,2025-05-22,LODHA,0.7281,2012850,1465650,,,
2025-05-29,wk,2025-05-22,LT,0.6443,8572900,5523275,,,
2025-05-29,wk,2025-05-22,LTF,0.6026,31831908,19182138,,,
2025-05-29,wk,2025-05-22,LTIM,0.6668,1374750,916650,,,
2025-05-29,wk,2025-05-22,LUPIN,0.3963,8042700,3187075,,,
2025-05-29,wk,2025-05-22,M&M,0.541,7525425,4071250,,,
2025-05-29,wk,2025-05-22,M&MFIN,0.5745,16974336,9751608,,,
2025-05-29,wk,2025-05-22,MANAPPURAM,1.046,27474000,28737000,,,
2025-05-29,wk,2025-05-22,MARICO,0.679,6732000,4570800,,,
2025-05-29,wk,2025-05-22,MARUTI,0.5558,3234100,1797500,,,
2025-05-29,wk,2025-05-22,MAXHEALTH,0.5079,3514350,1785000,,,
2025-05-29,wk,2025-05-22,MCX,0.7252,1560900,1132000,,,
2025-05-29,wk,2025-05-22,MFSL,1.1479,2196800,2521600,,,
2025-05-29,wk,2025-05-22,MGL,0.5355,2139200,1145600,,,
2025-05-29,wk,2025-05-22,MOTHERSON,0.7133,36110900,25758900,,,
2025-05-29,wk,2025-05-22,MPHASIS,0.6631,1942600,1288100,,,
2025-05-29,wk,2025-05-22,MRF,0.8276,24965,20660,,,
2025-05-29,wk,2025-05-22,MUTHOOTFIN,0.4148,7002050,2904275,,,
2025-05-29,wk,2025-05-22,NATIONALUM,0.574,51217500,29400000,,,
2025-05-29,wk,2025-05-22,NAUKRI,0.6494,2485875,1614375,,,
2025-05-29,wk,2025-05-22,NBCC,0.7723,23994600,18531000,,,
2025-05-29,wk,2025-05-22,NCC,1.8918,9600975,18162725,,,
2025-05-29,wk,2025-05-22,NESTLEIND,0.4791,2962400,1419300,,,
2025-05-29,wk,2025-05-22,NHPC,0.5059,40012800,20243200,,,
2025-05-29,wk,2025-05-22,NMDC,0.7944,124551000,98941500,,,
2025-05-29,wk,2025-05-22,NTPC,0.3332,69960000,23308500,,,
2025-05-29,wk,2025-05-22,NYKAA,0.86,10953350,9419350,,,
2025-05-29,wk,2025-05-22,OBEROIRLTY,0.8109,2292850,1859200,,,
2025-05-29,wk,2025-05-22,OFSS,0.5543,673950,373550,,,
2025-05-29,wk,2025-05-22,OIL,0.7178,3775400,2710075,,,
2025-05-29,wk,2025-05-22,ONGC,0.4296,67760000,29106325,,,
2025-05-29,wk,2025-05-22,PAGEIND,0.6953,43275,30090,,,
2025-05-29,wk,2025-05-22,PATANJALI,0.5153,3372300,1737600,,,
2025-05-29,wk,2025-05-22,PAYTM,0.5793,10961025,6350075,,,
2025-05-29,wk,2025-05-22,PEL,0.9145,3168000,2897250,,,
2025-05-29,wk,2025-05-22,PERSISTENT,0.7104,1615500,1147600,,,
2025-05-29,wk,2025-05-22,PETRONET,0.8039,11886000,9555000,,,
2025-05-29,wk,2025-05-22,PFC,0.5595,39204100,21934900,,,
2025-05-29,wk,2025-05-22,PHOENIXLTD,0.8308,837900,696150,,,
2025-05-29,wk,2025-05-22,PIDILITIND,0.5832,1168500,681500,,,
2025-05-29,wk,2025-05-22,PIIND,0.5294,1086375,575175,,,
2025-05-29,wk,2025-05-22,PNB,0.8081,145664000,117704000,,,
2025-05-29,wk,2025-05-22,PNBHOUSING,0.5949,3081000,1833000,,,
2025-05-29,wk,2025-05-22,POLICYBZR,0.6576,2545725,1674075,,,
2025-05-29,wk,2025-05-22,POLYCAB,0.6909,1356875,937500,,,
2025-05-29,wk,2025-05-22,POONAWALLA,0.9417,4480500,4219500,,,
2025-05-29,wk,2025-05-22,POWERGRID,0.461,39549700,18231400,,,
2025-05-29,wk,2025-05-22,PRESTIGE,1.5815,1020500,1613950,,,
2025-05-29,wk,2025-05-22,RAMCOCEM,0.9064,1889550,1712750,,,
2025-05-29,wk,2025-05-22,RBLBANK,0.8667,18923175,16400000,,,
2025-05-29,wk,2025-05-22,RECLTD,0.563,32566275,18334850,,,
2025-05-29,wk,2025-05-22,RELIANCE,0.5865,78708500,46161500,,,
2025-05-29,wk,2025-05-22,SAIL,1.0658,51739600,55144100,,,
2025-05-29,wk,2025-05-22,SBICARD,0.5829,6780000,3952000,,,
2025-05-29,wk,2025-05-22,SBILIFE,0.5561,6078750,3380625,,,
2025-05-29,wk,2025-05-22,SBIN,0.4417,93162000,41147250,,,
2025-05-29,wk,2025-05-22,SHREECEM,0.5478,122225,66950,,,
2025-05-29,wk,2025-05-22,SHRIRAMFIN,0.6433,13368750,8600325,,,
2025-05-29,wk,2025-05-22,SIEMENS,0.6713,1931150,1296300,,,
2025-05-29,wk,2025-05-22,SJVN,0.654,22680000,14831775,,,
2025-05-29,wk,2025-05-22,SOLARINDS,1.2466,450675,561825,,,
2025-05-29,wk,2025-05-22,SONACOMS,0.9229,2523400,2328875,,,
2025-05-29,wk,2025-05-22,SRF,0.4126,4342125,1791375,,,
2025-05-29,wk,2025-05-22,SUNPHARMA,0.3833,13650350,5231800,,,
2025-05-29,wk,2025-05-22,SUPREMEIND,0.6536,439500,287250,,,
2025-05-29,wk,2025-05-22,SYNGENE,0.2626,15813000,4153000,,,
2025-05-29,wk,2025-05-22,TATACHEM,0.6603,7487850,4944100,,,
2025-05-29,wk,2025-05-22,TATACOMM,0.6545,1664500,1089450,,,
2025-05-29,wk,2025-05-22,TATACONSUM,0.4489,6706392,3010606,,,
2025-05-29,wk,2025-05-22,TATAELXSI,0.8707,896200,780300,,,
2025-05-29,wk,2025-05-22,TATAMOTORS,0.685,57812000,39598550,,,
2025-05-29,wk,2025-05-22,TATAPOWER,0.7567,39483950,29876000,,,
2025-05-29,wk,2025-05-22,TATASTEEL,0.9044,155281500,140437000,,,
2025-05-29,wk,2025-05-22,TATATECH,0.6371,8440400,5377200,,,
2025-05-29,wk,2025-05-22,TCS,0.645,10033800,6472025,,,
2025-05-29,wk,2025-05-22,TECHM,0.8191,6550800,5365800,,,
2025-05-29,wk,2025-05-22,TIINDIA,0.5292,988050,522900,,,
2025-05-29,wk,2025-05-22,TITAGARH,0.6143,6496875,3991350,,,
2025-05-29,wk,2025-05-22,TITAN,0.9169,3153500,2891525,,,
2025-05-29,wk,2025-05-22,TORNTPHARM,0.28,1463500,409750,,,
2025-05-29,wk,2025-05-22,TORNTPOWER,0.4192,1629750,683250,,,
2025-05-29,wk,2025-05-22,TRENT,0.5493,3528000,1938000,,,
2025-05-29,wk,2025-05-22,TVSMOTOR,0.6146,3016650,1853950,,,
2025-05-29,wk,2025-05-22,ULTRACEMCO,0.3459,1863800,644650,,,
2025-05-29,wk,2025-05-22,UNIONBANK,1.3703,21200175,29050125,,,
2025-05-29,wk,2025-05-22,UNITDSPR,0.5379,2847000,1531300,,,
2025-05-29,wk,2025-05-22,UPL,0.3616,28219230,10203150,,,
2025-05-29,wk,2025-05-22,VBL,0.3146,26393650,8303525,,,
2025-05-29,wk,2025-05-22,VEDL,0.7638,30752150,23487600,,,
2025-05-29,wk,2025-05-22,VOLTAS,0.4927,11650275,5739900,,,
2025-05-29,wk,2025-05-22,WIPRO,0.4871,80043000,38985000,,,
2025-05-29,wk,2025-05-22,YESBANK,0.7198,460163100,331241300,,,
2025-05-29,wk,2025-05-22,ZYDUSLIFE,0.7188,6206400,4461300,,,
2025-06-26,on,2025-06-26,AARTIIND,0.5945,8746050,5199425,500.0,470.0,2025-07-31
2025-06-26,on,2025-06-26,ABB,0.9297,677500,629875,6000.0,6000.0,2025-07-31
2025-06-26,on,2025-06-26,ABCAPITAL,1.0072,25143800,25325400,280.0,260.0,2025-07-31
2025-06-26,on,2025-06-26,ABFRL,0.4213,30284800,12758200,75.0,75.0,2025-07-31
2025-06-26,on,2025-06-26,ACC,0.6815,2784000,1897200,1900.0,1800.0,2025-07-31
2025-06-26,on,2025-06-26,ADANIENSOL,0.7501,3724925,2794100,860.0,760.0,2025-07-31
2025-06-26,on,2025-06-26,ADANIENT,1.0183,8529000,8685300,2700.0,2700.0,2025-07-31
2025-06-26,on,2025-06-26,ADANIGREEN,0.6972,6918900,4824000,1000.0,1000.0,2025-07-31
2025-06-26,on,2025-06-26,ADANIPORTS,0.9274,10222225,9479825,1400.0,1400.0,2025-07-31
2025-06-26,on,2025-06-26,ALKEM,0.5957,628525,374425,5000.0,4800.0,2025-07-31
2025-06-26,on,2025-06-26,AMBUJACEM,0.7076,11133000,7877550,630.0,630.0,2025-07-31
2025-06-26,on,2025-06-26,ANGELONE,0.7431,2628400,1953150,3000.0,2800.0,2025-07-31
2025-06-26,on,2025-06-26,APLAPOLLO,1.1258,1196300,1346800,1800.0,1700.0,2025-07-31
2025-06-26,on,2025-06-26,APOLLOHOSP,0.6833,1243500,849625,7100.0,7000.0,2025-07-31
2025-06-26,on,2025-06-26,ASHOKLEY,0.7563,22240000,16820000,260.0,245.0,2025-07-31
2025-06-26,on,2025-06-26,ASIANPAINT,0.7118,7039800,5010650,2300.0,2300.0,2025-07-31
2025-06-26,on,2025-06-26,ASTRAL,0.5774,3855215,2226072,1600.0,1500.0,2025-07-31
2025-06-26,on,2025-06-26,ATGL,0.447,4314950,1928600,700.0,700.0,2025-07-31
2025-06-26,on,2025-06-26,AUBANK,1.2523,6928000,8676000,800.0,800.0,2025-07-31
2025-06-26,on,2025-06-26,AUROPHARMA,0.7802,4181650,3262600,1200.0,1100.0,2025-07-31
2025-06-26,on,2025-06-26,AXISBANK,0.5029,26658125,13406250,1300.0,1200.0,2025-07-31
2025-06-26,on,2025-06-26,BAJAJ-AUTO,0.6818,1604250,1093725,9000.0,8400.0,2025-07-31
2025-06-26,on,2025-06-26,BAJAJFINSV,0.6042,8996000,5435500,2100.0,1900.0,2025-07-31
2025-06-26,on,2025-06-26,BAJFINANCE,0.8314,33756750,28063750,950.0,900.0,2025-07-31
2025-06-26,on,2025-06-26,BALKRISIND,0.8073,1122600,906300,2500.0,2400.0,2025-07-31
2025-06-26,on,2025-06-26,BANDHANBNK,0.9157,29709600,27204000,200.0,170.0,2025-07-31
2025-06-26,on,2025-06-26,BANKBARODA,0.9312,47914425,44617950,260.0,220.0,2025-07-31
2025-06-26,on,2025-06-26,BANKINDIA,0.8009,30562650,24476700,115.95,110.95,2025-07-31
2025-06-26,on,2025-06-26,BDL,0.5297,3682250,1950325,1900.0,1900.0,2025-07-31
2025-06-26,on,2025-06-26,BEL,0.9282,80663550,74869500,420.0,400.0,2025-07-31
2025-06-26,on,2025-06-26,BHARATFORG,0.7472,3839000,2868500,1300.0,1300.0,2025-07-31
2025-06-26,on,2025-06-26,BHARTIARTL,0.7965,18447575,14694125,2000.0,1900.0,2025-07-31
2025-06-26,on,2025-06-26,BHEL,0.9375,24283875,22766625,270.0,250.0,2025-07-31
2025-06-26,on,2025-06-26,BIOCON,0.6499,19600000,12737500,360.0,330.0,2025-07-31
2025-06-26,on,2025-06-26,BLUESTARCO,0.8606,697125,599950,1700.0,1600.0,2025-07-31
2025-06-26,on,2025-06-26,BOSCHLTD,0.3253,95075,30925,35000.0,31000.0,2025-07-31
2025-06-26,on,2025-06-26,BPCL,1.0821,18025750,19505650,330.0,320.0,2025-07-31
2025-06-26,on,2025-06-26,BRITANNIA,0.9682,543900,526600,5800.0,5700.0,2025-07-31
2025-06-26,on,2025-06-26,BSE,0.8414,14463375,12169875,3000.0,2400.0,2025-07-31
2025-06-26,on,2025-06-26,BSOFT,0.5268,10505000,5534300,460.0,400.0,2025-07-31
2025-06-26,on,2025-06-26,CAMS,0.6686,1353050,904700,4300.0,4200.0,2025-07-31
2025-06-26,on,2025-06-26,CANBK,0.8293,150126750,124497000,115.0,110.0,2025-07-31
2025-06-26,on,2025-06-26,CDSL,0.8649,8208375,7099525,1800.0,1600.0,2025-07-31
2025-06-26,on,2025-06-26,CESC,0.5613,10584500,5940575,180.0,170.0,2025-07-31
2025-06-26,on,2025-06-26,CGPOWER,0.6753,3377325,2280700,700.0,680.0,2025-07-31
2025-06-26,on,2025-06-26,CHAMBLFERT,0.4632,7491700,3470350,570.0,540.0,2025-07-31
2025-06-26,on,2025-06-26,CHOLAFIN,0.8429,3018750,2544375,1700.0,1500.0,2025-07-31
2025-06-26,on,2025-06-26,CIPLA,0.5868,5433650,3188550,1500.0,1500.0,2025-07-31
2025-06-26,on,2025-06-26,COALINDIA,0.7189,39868800,28660500,400.0,400.0,2025-07-31
2025-06-26,on,2025-06-26,COFORGE,0.5994,6511875,3903375,1900.0,1900.0,2025-07-31
2025-06-26,on,2025-06-26,COLPAL,0.8597,1425450,1225425,2500.0,2400.0,2025-07-31
2025-06-26,on,2025-06-26,CONCOR,0.6953,8266000,5747000,800.0,800.0,2025-07-31
2025-06-26,on,2025-06-26,CROMPTON,0.719,5931000,4264200,360.0,330.0,2025-07-31
2025-06-26,on,2025-06-26,CUMMINSIND,0.9707,918550,891650,3400.0,3300.0,2025-07-31
2025-06-26,on,2025-06-26,CYIENT,0.698,1632275,1139250,1340.0,1240.0,2025-07-31
2025-06-26,on,2025-06-26,DABUR,0.9963,11378750,11336250,500.0,440.0,2025-07-31
2025-06-26,on,2025-06-26,DALBHARAT,0.5283,880175,465025,2300.0,2100.0,2025-07-31
2025-06-26,on,2025-06-26,DELHIVERY,0.7794,7915025,6168725,400.0,370.0,2025-07-31
2025-06-26,on,2025-06-26,DIVISLAB,0.5985,1087000,650600,7000.0,6300.0,2025-07-31
2025-06-26,on,2025-06-26,DIXON,0.5864,2091550,1226400,15000.0,13000.0,2025-07-31
2025-06-26,on,2025-06-26,DLF,0.7654,17454525,13359225,860.0,800.0,2025-07-31
2025-06-26,on,2025-06-26,DMART,0.6581,1678350,1104600,4500.0,4000.0,2025-07-31
2025-06-26,on,2025-06-26,DRREDDY,0.6856,10340000,7088750,1400.0,1250.0,2025-07-31
2025-06-26,on,2025-06-26,EICHERMOT,0.8862,1541050,1365700,5500.0,5000.0,2025-07-31
2025-06-26,on,2025-06-26,ETERNAL,0.9033,56318775,50871175,290.0,250.0,2025-07-31
2025-06-26,on,2025-06-26,EXIDEIND,0.6863,13906800,9543600,400.0,380.0,2025-07-31
2025-06-26,on,2025-06-26,FEDERALBNK,0.7568,46315000,35050000,210.0,210.0,2025-07-31
2025-06-26,on,2025-06-26,FORTIS,1.114,2168450,2415675,800.0,700.0,2025-07-31
2025-06-26,on,2025-06-26,GAIL,0.5934,63002350,37388100,200.0,180.0,2025-07-31
2025-06-26,on,2025-06-26,GLENMARK,1.0396,3870150,4023425,1800.0,1600.0,2025-07-31
2025-06-26,on,2025-06-26,GMRAIRPORT,0.4771,76936500,36702675,90.0,80.0,2025-07-31
2025-06-26,on,2025-06-26,GODREJCP,0.5338,2483000,1325500,1200.0,1100.0,2025-07-31
2025-06-26,on,2025-06-26,GODREJPROP,0.7561,2281425,1725050,2400.0,2400.0,2025-07-31
2025-06-26,on,2025-06-26,GRANULES,0.7404,4252100,3148175,500.0,500.0,2025-07-31
2025-06-26,on,2025-06-26,GRASIM,0.9872,2379000,2348500,3000.0,2740.0,2025-07-31
2025-06-26,on,2025-06-26,HAL,0.5906,9084300,5365500,5000.0,4800.0,2025-07-31
2025-06-26,on,2025-06-26,HAVELLS,0.8471,2142500,1815000,1600.0,1500.0,2025-07-31
2025-06-26,on,2025-06-26,HCLTECH,0.5719,7259000,4151700,1720.0,1720.0,2025-07-31
2025-06-26,on,2025-06-26,HDFCAMC,0.6844,1113750,762300,5500.0,5100.0,2025-07-31
2025-06-26,on,2025-06-26,HDFCBANK,0.9234,27945500,25804900,2000.0,2000.0,2025-07-31
2025-06-26,on,2025-06-26,HDFCLIFE,0.8715,13374900,11656700,800.0,740.0,2025-07-31
2025-06-26,on,2025-06-26,HEROMOTOCO,0.6509,3162750,2058600,4400.0,4000.0,2025-07-31
2025-06-26,on,2025-06-26,HFCL,0.6286,39743500,24983700,90.0,75.0,2025-07-31
2025-06-26,on,2025-06-26,HINDALCO,0.8688,13753600,11949000,700.0,670.0,2025-07-31
2025-06-26,on,2025-06-26,HINDCOPPER,0.6414,11527500,7393500,270.0,250.0,2025-07-31
2025-06-26,on,2025-06-26,HINDPETRO,0.7958,18731250,14906025,420.0,420.0,2025-07-31
2025-06-26,on,2025-06-26,HINDUNILVR,0.6907,8931600,6168900,2400.0,2300.0,2025-07-31
2025-06-26,on,2025-06-26,HINDZINC,0.5111,34623400,17697575,500.0,450.0,2025-07-31
2025-06-26,on,2025-06-26,HUDCO,0.6516,22228725,14484625,240.0,220.0,2025-07-31
2025-06-26,on,2025-06-26,ICICIBANK,0.6693,29120000,19490100,1500.0,1400.0,2025-07-31
2025-06-26,on,2025-06-26,ICICIGI,0.7884,1349875,1064225,2100.0,2000.0,2025-07-31
2025-06-26,on,2025-06-26,ICICIPRULI,0.5116,4123600,2109550,640.0,600.0,2025-07-31
2025-06-26,on,2025-06-26,IDEA,0.5265,1661647200,874911925,7.0,7.0,2025-07-31
2025-06-26,on,2025-06-26,IDFCFIRSTB,0.9296,125098150,116290925,75.0,70.0,2025-07-31
2025-06-26,on,2025-06-26,IEX,0.5253,63018750,33101250,195.0,190.0,2025-07-31
2025-06-26,on,2025-06-26,IGL,0.682,17228750,11750750,210.0,200.0,2025-07-31
2025-06-26,on,2025-06-26,IIFL,0.9548,4741550,4527400,480.0,480.0,2025-07-31
2025-06-26,on,2025-06-26,INDHOTEL,0.7898,8459000,6681000,800.0,730.0,2025-07-31
2025-06-26,on,2025-06-26,INDIANB,0.9035,3306750,2987500,660.0,600.0,2025-07-31
2025-06-26,on,2025-06-26,INDIGO,0.9206,3012000,2772750,5400.0,5000.0,2025-07-31
2025-06-26,on,2025-06-26,INDUSINDBK,0.675,23931400,16153300,850.0,800.0,2025-07-31
2025-06-26,on,2025-06-26,INDUSTOWER,0.8527,15672300,13363700,420.0,380.0,2025-07-31
2025-06-26,on,2025-06-26,INFY,0.6792,17840800,12117600,1700.0,1600.0,2025-07-31
2025-06-26,on,2025-06-26,INOXWIND,0.5447,29786100,16224975,180.0,170.0,2025-07-31
2025-06-26,on,2025-06-26,IOC,0.7615,70960500,54034500,150.0,150.0,2025-07-31
2025-06-26,on,2025-06-26,IRB,0.5348,51864500,27737250,50.0,50.0,2025-07-31
2025-06-26,on,2025-06-26,IRCTC,0.6324,11240250,7108500,800.0,700.0,2025-07-31
2025-06-26,on,2025-06-26,IREDA,0.4882,33671950,16437100,180.0,165.0,2025-07-31
2025-06-26,on,2025-06-26,IRFC,0.5417,50297975,27247925,140.0,140.0,2025-07-31
2025-06-26,on,2025-06-26,ITC,0.5838,62257600,36344000,420.0,420.0,2025-07-31
2025-06-26,on,2025-06-26,JINDALSTEL,0.8204,4895000,4015625,950.0,900.0,2025-07-31
2025-06-26,on,2025-06-26,JIOFIN,1.0679,45092800,48155500,320.0,300.0,2025-07-31
2025-06-26,on,2025-06-26,JSL,0.9124,1522875,1389475,700.0,700.0,2025-07-31
2025-06-26,on,2025-06-26,JSWENERGY,0.5521,9211250,5085500,520.0,480.0,2025-07-31
2025-06-26,on,2025-06-26,JSWSTEEL,0.8854,8135100,7202925,1020.0,1020.0,2025-07-31
2025-06-26,on,2025-06-26,JUBLFOOD,0.5273,8565000,4516250,760.0,700.0,2025-07-31
2025-06-26,on,2025-06-26,KALYANKJIL,0.634,5416225,3433800,600.0,540.0,2025-07-31
2025-06-26,on,2025-06-26,KAYNES,0.4754,346900,164900,6000.0,5700.0,2025-07-31
2025-06-26,on,2025-06-26,KEI,0.5721,835700,478075,4000.0,3800.0,2025-07-31
2025-06-26,on,2025-06-26,KOTAKBANK,1.0438,6603200,6892400,2200.0,2100.0,2025-07-31
2025-06-26,on,2025-06-26,KPITTECH,0.5911,3890400,2299600,1400.0,1200.0,2025-07-31
2025-06-26,on,2025-06-26,LAURUSLABS,0.8107,7444300,6035000,700.0,630.0,2025-07-31
2025-06-26,on,2025-06-26,LICHSGFIN,0.7509,8494000,6378000,660.0,600.0,2025-07-31
2025-06-26,on,2025-06-26,LICI,0.652,5436075,3544525,1000.0,900.0,2025-07-31
2025-06-26,on,2025-06-26,LODHA,0.6535,1485900,971100,1500.0,1440.0,2025-07-31
2025-06-26,on,2025-06-26,LT,0.5217,7043550,3674950,3800.0,3500.0,2025-07-31
2025-06-26,on,2025-06-26,LTF,1.206,31341088,37797602,210.0,190.0,2025-07-31
2025-06-26,on,2025-06-26,LTIM,0.756,821400,621000,5500.0,5000.0,2025-07-31
2025-06-26,on,2025-06-26,LUPIN,0.6435,3679650,2367675,2000.0,2000.0,2025-07-31
2025-06-26,on,2025-06-26,M&M,0.8004,5937575,4752700,3200.0,3200.0,2025-07-31
2025-06-26,on,2025-06-26,M&MFIN,0.5753,11515656,6624432,280.0,270.0,2025-07-31
2025-06-26,on,2025-06-26,MANAPPURAM,0.7697,24228000,18648000,280.0,240.0,2025-07-31
2025-06-26,on,2025-06-26,MANKIND,0.4796,779175,373725,2400.0,2300.0,2025-07-31
2025-06-26,on,2025-06-26,MARICO,0.9132,3607200,3294000,730.0,700.0,2025-07-31
2025-06-26,on,2025-06-26,MARUTI,0.5568,2195100,1222250,13000.0,12500.0,2025-07-31
2025-06-26,on,2025-06-26,MAXHEALTH,0.7697,2601375,2002350,1300.0,1200.0,2025-07-31
2025-06-26,on,2025-06-26,MAZDOCK,0.4118,2866150,1180200,3300.0,3000.0,2025-07-31
2025-06-26,on,2025-06-26,MCX,0.9611,2803200,2694225,9000.0,8000.0,2025-07-31
2025-06-26,on,2025-06-26,MFSL,1.4963,1610400,2409600,1760.0,1600.0,2025-07-31
2025-06-26,on,2025-06-26,MGL,0.7326,2067200,1514400,1500.0,1400.0,2025-07-31
2025-06-26,on,2025-06-26,MOTHERSON,0.7651,26939450,20610100,160.0,155.0,2025-07-31
2025-06-26,on,2025-06-26,MPHASIS,0.9888,1380775,1365375,2800.0,2500.0,2025-07-31
2025-06-26,on,2025-06-26,MUTHOOTFIN,0.6499,4120325,2677950,2500.0,2500.0,2025-07-31
2025-06-26,on,2025-06-26,NATIONALUM,0.8926,28676250,25597500,200.0,180.0,2025-07-31
2025-06-26,on,2025-06-26,NAUKRI,0.7588,1772250,1344750,1500.0,1460.0,2025-07-31
2025-06-26,on,2025-06-26,NBCC,0.5639,31349900,17677200,120.0,120.0,2025-07-31
2025-06-26,on,2025-06-26,NCC,0.8809,7383525,6504050,230.0,220.0,2025-07-31
2025-06-26,on,2025-06-26,NESTLEIND,0.6632,2287850,1517250,2500.0,2400.0,2025-07-31
2025-06-26,on,2025-06-26,NHPC,0.5232,38124800,19948800,90.0,80.0,2025-07-31
2025-06-26,on,2025-06-26,NMDC,0.5646,177727500,100345500,70.0,70.0,2025-07-31
2025-06-26,on,2025-06-26,NTPC,0.519,56601000,29374500,340.0,330.0,2025-07-31
2025-06-26,on,2025-06-26,NYKAA,0.5423,23571475,12783225,210.0,190.0,2025-07-31
2025-06-26,on,2025-06-26,OBEROIRLTY,0.988,1953000,1929550,2000.0,1800.0,2025-07-31
2025-06-26,on,2025-06-26,OFSS,0.7247,701950,508700,10000.0,9000.0,2025-07-31
2025-06-26,on,2025-06-26,OIL,0.4699,11927550,5604250,450.0,450.0,2025-07-31
2025-06-26,on,2025-06-26,ONGC,0.3203,105830350,33895625,250.0,250.0,2025-07-31
2025-06-26,on,2025-06-26,PAGEIND,0.7237,50160,36300,49000.0,45000.0,2025-07-31
2025-06-26,on,2025-06-26,PATANJALI,0.6272,1767000,1108200,1700.0,1700.0,2025-07-31
2025-06-26,on,2025-06-26,PAYTM,0.7296,9595925,7001025,900.0,800.0,2025-07-31
2025-06-26,on,2025-06-26,PEL,0.6606,2238750,1479000,1200.0,1100.0,2025-07-31
2025-06-26,on,2025-06-26,PERSISTENT,0.7345,826400,607000,6200.0,5500.0,2025-07-31
2025-06-26,on,2025-06-26,PETRONET,0.6798,13854000,9417900,310.0,310.0,2025-07-31
2025-06-26,on,2025-06-26,PFC,0.8954,25717900,23026900,420.0,400.0,2025-07-31
2025-06-26,on,2025-06-26,PHOENIXLTD,0.9627,779450,750400,1600.0,1500.0,2025-07-31
2025-06-26,on,2025-06-26,PIDILITIND,0.8387,923750,774750,3100.0,3000.0,2025-07-31
2025-06-26,on,2025-06-26,PIIND,0.6656,768325,511400,4300.0,4100.0,2025-07-31
2025-06-26,on,2025-06-26,PNB,0.8121,135192000,109792000,107.1,100.0,2025-07-31
2025-06-26,on,2025-06-26,PNBHOUSING,0.4477,4477850,2004600,1200.0,1000.0,2025-07-31
2025-06-26,on,2025-06-26,POLICYBZR,0.638,1994650,1272600,1900.0,1800.0,2025-07-31
2025-06-26,on,2025-06-26,POLYCAB,1.15,995875,1145250,7000.0,6100.0,2025-07-31
2025-06-26,on,2025-06-26,POONAWALLA,0.9056,5936450,5375800,460.0,400.0,2025-07-31
2025-06-26,on,2025-06-26,POWERGRID,0.5685,38526400,21903000,300.0,290.0,2025-07-31
2025-06-26,on,2025-06-26,PPLPHARMA,0.6373,5700000,3632500,200.0,200.0,2025-07-31
2025-06-26,on,2025-06-26,PRESTIGE,0.8088,1341175,1084800,1700.0,1600.0,2025-07-31
2025-06-26,on,2025-06-26,RBLBANK,1.0728,12916050,13855750,250.0,220.0,2025-07-31
2025-06-26,on,2025-06-26,RECLTD,0.6741,29141900,19643675,400.0,400.0,2025-07-31
2025-06-26,on,2025-06-26,RELIANCE,0.8189,37451500,30668500,1500.0,1500.0,2025-07-31
2025-06-26,on,2025-06-26,RVNL,0.4408,11684750,5150750,400.0,430.0,2025-07-31
2025-06-26,on,2025-06-26,SAIL,1.1172,34598300,38654400,140.0,125.0,2025-07-31
2025-06-26,on,2025-06-26,SBICARD,0.9177,5121600,4700000,1100.0,950.0,2025-07-31
2025-06-26,on,2025-06-26,SBILIFE,0.5186,5062125,2625000,1900.0,1800.0,2025-07-31
2025-06-26,on,2025-06-26,SBIN,0.6096,67259250,41004000,800.0,800.0,2025-07-31
2025-06-26,on,2025-06-26,SHREECEM,0.4341,146850,63750,32000.0,29000.0,2025-07-31
2025-06-26,on,2025-06-26,SHRIRAMFIN,0.7967,8459400,6739800,700.0,680.0,2025-07-31
2025-06-26,on,2025-06-26,SIEMENS,0.5368,1609775,864150,3300.0,3000.0,2025-07-31
2025-06-26,on,2025-06-26,SJVN,0.5392,23303675,12565650,110.0,100.0,2025-07-31
2025-06-26,on,2025-06-26,SOLARINDS,0.7595,511500,388500,18500.0,16000.0,2025-07-31
2025-06-26,on,2025-06-26,SONACOMS,0.5149,4465925,2299525,500.0,500.0,2025-07-31
2025-06-26,on,2025-06-26,SRF,0.6558,1867575,1224700,3100.0,3100.0,2025-07-31
2025-06-26,on,2025-06-26,SUNPHARMA,0.5353,7995750,4280500,1700.0,1600.0,2025-07-31
2025-06-26,on,2025-06-26,SUPREMEIND,0.7112,623925,443725,5000.0,4300.0,2025-07-31
2025-06-26,on,2025-06-26,SYNGENE,0.6506,3901000,2538000,700.0,600.0,2025-07-31
2025-06-26,on,2025-06-26,TATACHEM,0.7064,7049800,4980150,1000.0,900.0,2025-07-31
2025-06-26,on,2025-06-26,TATACOMM,0.8638,1293750,1117600,1700.0,1700.0,2025-07-31
2025-06-26,on,2025-06-26,TATACONSUM,0.5945,3889188,2312224,1130.0,1100.0,2025-07-31
2025-06-26,on,2025-06-26,TATAELXSI,0.5352,582000,311500,6300.0,6000.0,2025-07-31
2025-06-26,on,2025-06-26,TATAMOTORS,0.6157,60196150,37061550,700.0,680.0,2025-07-31
2025-06-26,on,2025-06-26,TATAPOWER,0.8918,32610750,29081150,420.0,400.0,2025-07-31
2025-06-26,on,2025-06-26,TATASTEEL,0.7596,123623500,93907000,160.0,150.0,2025-07-31
2025-06-26,on,2025-06-26,TATATECH,0.6452,9590800,6188000,800.0,700.0,2025-07-31
2025-06-26,on,2025-06-26,TCS,0.808,9516850,7689500,3500.0,3400.0,2025-07-31
2025-06-26,on,2025-06-26,TECHM,0.8751,6054000,5298000,1700.0,1700.0,2025-07-31
2025-06-26,on,2025-06-26,TIINDIA,0.6584,567400,373550,3000.0,3000.0,2025-07-31
2025-06-26,on,2025-06-26,TITAGARH,0.7796,2921200,2277500,940.0,800.0,2025-07-31
2025-06-26,on,2025-06-26,TITAN,0.775,3666950,2842000,3880.0,3600.0,2025-07-31
2025-06-26,on,2025-06-26,TORNTPHARM,0.5,690000,345000,3300.0,3200.0,2025-07-31
2025-06-26,on,2025-06-26,TORNTPOWER,0.7658,823125,630375,1500.0,1400.0,2025-07-31
2025-06-26,on,2025-06-26,TRENT,0.908,2521100,2289100,6000.0,6000.0,2025-07-31
2025-06-26,on,2025-06-26,TVSMOTOR,0.6941,2623950,1821400,3000.0,2800.0,2025-07-31
2025-06-26,on,2025-06-26,ULTRACEMCO,0.9075,828400,751750,12000.0,11000.0,2025-07-31
2025-06-26,on,2025-06-26,UNIONBANK,0.8394,31182975,26173875,150.0,145.0,2025-07-31
2025-06-26,on,2025-06-26,UNITDSPR,0.5902,6946600,4099650,1500.0,1400.0,2025-07-31
2025-06-26,on,2025-06-26,UNOMINDA,0.4727,734250,347050,1200.0,940.0,2025-07-31
2025-06-26,on,2025-06-26,UPL,0.5106,13079815,6678795,630.0,630.0,2025-07-31
2025-06-26,on,2025-06-26,VBL,0.4369,17885125,7814375,480.0,480.0,2025-07-31
2025-06-26,on,2025-06-26,VEDL,0.8395,28539550,23957950,500.0,430.0,2025-07-31
2025-06-26,on,2025-06-26,VOLTAS,0.7455,4771575,3557100,1340.0,1300.0,2025-07-31
2025-06-26,on,2025-06-26,WIPRO,0.9655,43167000,41676000,300.0,240.0,2025-07-31
2025-06-26,on,2025-06-26,YESBANK,0.3774,791329900,298629100,21.0,20.0,2025-07-31
2025-06-26,on,2025-06-26,ZYDUSLIFE,1.1251,3043800,3424500,1000.0,1000.0,2025-07-31
2025-06-26,wk,2025-06-19,AARTIIND,0.451,11938775,5384625,,,
2025-06-26,wk,2025-06-19,ABB,0.6207,1112000,690250,,,
2025-06-26,wk,2025-06-19,ABCAPITAL,0.7656,24983200,19126300,,,
2025-06-26,wk,2025-06-19,ABFRL,0.5035,31012800,15615600,,,
2025-06-26,wk,2025-06-19,ACC,0.5826,3432300,1999500,,,
2025-06-26,wk,2025-06-19,ADANIENSOL,0.5221,5074800,2649600,,,
2025-06-26,wk,2025-06-19,ADANIENT,0.7435,10711800,7964100,,,
2025-06-26,wk,2025-06-19,ADANIGREEN,0.4846,8532525,4134900,,,
2025-06-26,wk,2025-06-19,ADANIPORTS,0.6866,11775475,8085575,,,
2025-06-26,wk,2025-06-19,ALKEM,0.4167,923125,384625,,,
2025-06-26,wk,2025-06-19,AMBUJACEM,0.6602,9577800,6323700,,,
2025-06-26,wk,2025-06-19,ANGELONE,0.4854,3538500,1717650,,,
2025-06-26,wk,2025-06-19,APLAPOLLO,1.1163,1164450,1299900,,,
2025-06-26,wk,2025-06-19,APOLLOHOSP,0.5233,1900125,994375,,,
2025-06-26,wk,2025-06-19,ASHOKLEY,0.4443,35142500,15615000,,,
2025-06-26,wk,2025-06-19,ASIANPAINT,0.6417,9023700,5790250,,,
2025-06-26,wk,2025-06-19,ASTRAL,0.4472,3764994,1683615,,,
2025-06-26,wk,2025-06-19,ATGL,0.4204,5064375,2129175,,,
2025-06-26,wk,2025-06-19,AUBANK,1.1545,8685000,10027000,,,
2025-06-26,wk,2025-06-19,AUROPHARMA,0.5811,6195750,3600300,,,
2025-06-26,wk,2025-06-19,AXISBANK,0.5137,23920625,12288125,,,
2025-06-26,wk,2025-06-19,BAJAJ-AUTO,0.4193,3196200,1340025,,,
2025-06-26,wk,2025-06-19,BAJAJFINSV,0.4557,12353500,5629500,,,
2025-06-26,wk,2025-06-19,BAJFINANCE,0.5427,59958000,32536500,,,
2025-06-26,wk,2025-06-19,BALKRISIND,0.6441,1318500,849300,,,
2025-06-26,wk,2025-06-19,BANDHANBNK,0.7069,36475600,25784000,,,
2025-06-26,wk,2025-06-19,BANKBARODA,0.7757,53024400,41128425,,,
2025-06-26,wk,2025-06-19,BANKINDIA,0.7599,34249650,26025900,,,
2025-06-26,wk,2025-06-19,BDL,0.3804,5308550,2019550,,,
2025-06-26,wk,2025-06-19,BEL,0.7249,84471150,61229400,,,
2025-06-26,wk,2025-06-19,BHARATFORG,0.5968,3769000,2249500,,,
2025-06-26,wk,2025-06-19,BHARTIARTL,0.4566,18911175,8634550,,,
2025-06-26,wk,2025-06-19,BHEL,0.54,40918500,22094625,,,
2025-06-26,wk,2025-06-19,BIOCON,0.516,31452500,16230000,,,
2025-06-26,wk,2025-06-19,BLUESTARCO,0.6191,926575,573625,,,
2025-06-26,wk,2025-06-19,BOSCHLTD,0.3879,97650,37875,,,
2025-06-26,wk,2025-06-19,BPCL,0.7111,25435150,18088100,,,
2025-06-26,wk,2025-06-19,BRITANNIA,0.4299,885150,380550,,,
2025-06-26,wk,2025-06-19,BSE,0.5953,22168125,13195875,,,
2025-06-26,wk,2025-06-19,BSOFT,0.4217,9909000,4178900,,,
2025-06-26,wk,2025-06-19,CAMS,0.4251,2060175,875700,,,
2025-06-26,wk,2025-06-19,CANBK,0.6427,161905500,104058000,,,
2025-06-26,wk,2025-06-19,CDSL,0.6884,9997825,6882575,,,
2025-06-26,wk,2025-06-19,CESC,0.5054,12121950,6126875,,,
2025-06-26,wk,2025-06-19,CGPOWER,0.3832,4996950,1915000,,,
2025-06-26,wk,2025-06-19,CHAMBLFERT,0.4718,8935700,4216100,,,
2025-06-26,wk,2025-06-19,CHOLAFIN,0.4569,5565000,2542500,,,
2025-06-26,wk,2025-06-19,CIPLA,0.5152,6887675,3548825,,,
2025-06-26,wk,2025-06-19,COALINDIA,0.5764,42445650,24466350,,,
2025-06-26,wk,2025-06-19,COFORGE,0.4155,8457000,3514125,,,
2025-06-26,wk,2025-06-19,COLPAL,0.5206,1785625,929625,,,
2025-06-26,wk,2025-06-19,CONCOR,0.552,9638000,5320000,,,
2025-06-26,wk,2025-06-19,CROMPTON,0.6148,6994800,4300200,,,
2025-06-26,wk,2025-06-19,CUMMINSIND,0.9728,1075800,1046550,,,
2025-06-26,wk,2025-06-19,CYIENT,0.5665,2079300,1177925,,,
2025-06-26,wk,2025-06-19,DABUR,0.6291,13440000,8455000,,,
2025-06-26,wk,2025-06-19,DALBHARAT,0.4571,741500,338975,,,
2025-06-26,wk,2025-06-19,DELHIVERY,0.5512,8338300,4596475,,,
2025-06-26,wk,2025-06-19,DIVISLAB,0.5074,1670800,847700,,,
2025-06-26,wk,2025-06-19,DIXON,0.3632,3509500,1274800,,,
2025-06-26,wk,2025-06-19,DLF,0.6321,21426900,13543200,,,
2025-06-26,wk,2025-06-19,DMART,0.553,1965450,1086900,,,
2025-06-26,wk,2025-06-19,DRREDDY,0.6124,10499375,6429375,,,
2025-06-26,wk,2025-06-19,EICHERMOT,0.554,2108400,1167950,,,
2025-06-26,wk,2025-06-19,ETERNAL,0.7992,60890075,48666125,,,
2025-06-26,wk,2025-06-19,EXIDEIND,0.4521,21079800,9529200,,,
2025-06-26,wk,2025-06-19,FEDERALBNK,0.5503,63115000,34735000,,,
2025-06-26,wk,2025-06-19,FORTIS,0.7021,1836750,1289600,,,
2025-06-26,wk,2025-06-19,GAIL,0.5595,64098300,35860750,,,
2025-06-26,wk,2025-06-19,GLENMARK,1.1081,3046300,3375600,,,
2025-06-26,wk,2025-06-19,GMRAIRPORT,0.3515,80745525,28381050,,,
2025-06-26,wk,2025-06-19,GODREJCP,0.3725,3308500,1232500,,,
2025-06-26,wk,2025-06-19,GODREJPROP,0.6959,2474775,1722075,,,
2025-06-26,wk,2025-06-19,GRANULES,0.635,4756725,3020400,,,
2025-06-26,wk,2025-06-19,GRASIM,0.6348,2813500,1786000,,,
2025-06-26,wk,2025-06-19,HAL,0.4569,12175650,5563200,,,
2025-06-26,wk,2025-06-19,HAVELLS,0.6501,2855500,1856500,,,
2025-06-26,wk,2025-06-19,HCLTECH,0.5804,7699300,4468800,,,
2025-06-26,wk,2025-06-19,HDFCAMC,0.6383,1337550,853800,,,
2025-06-26,wk,2025-06-19,HDFCBANK,0.6293,32692000,20571650,,,
2025-06-26,wk,2025-06-19,HDFCLIFE,0.388,16948800,6575800,,,
2025-06-26,wk,2025-06-19,HEROMOTOCO,0.544,3214200,1748400,,,
2025-06-26,wk,2025-06-19,HFCL,0.4815,45689300,21998250,,,
2025-06-26,wk,2025-06-19,HINDALCO,0.5005,17943800,8981000,,,
2025-06-26,wk,2025-06-19,HINDCOPPER,0.5375,11911750,6402400,,,
2025-06-26,wk,2025-06-19,HINDPETRO,0.7501,19759950,14820975,,,
2025-06-26,wk,2025-06-19,HINDUNILVR,0.5216,11560200,6029700,,,
2025-06-26,wk,2025-06-19,HINDZINC,0.4303,51875075,22324400,,,
2025-06-26,wk,2025-06-19,HUDCO,0.5456,27025425,14746250,,,
2025-06-26,wk,2025-06-19,ICICIBANK,0.5374,39105500,21014700,,,
2025-06-26,wk,2025-06-19,ICICIGI,0.5013,1692525,848425,,,
2025-06-26,wk,2025-06-19,ICICIPRULI,0.356,5048775,1797525,,,
2025-06-26,wk,2025-06-19,IDEA,0.4772,1516855500,723871200,,,
2025-06-26,wk,2025-06-19,IDFCFIRSTB,0.6161,138957925,85606250,,,
2025-06-26,wk,2025-06-19,IEX,0.5118,60806250,31121250,,,
2025-06-26,wk,2025-06-19,IGL,0.565,21736000,12281500,,,
2025-06-26,wk,2025-06-19,IIFL,0.8219,6352350,5221250,,,
2025-06-26,wk,2025-06-19,INDHOTEL,0.5373,12536000,6736000,,,
2025-06-26,wk,2025-06-19,INDIANB,0.722,4170150,3010800,,,
2025-06-26,wk,2025-06-19,INDIGO,0.6911,3781950,2613750,,,
2025-06-26,wk,2025-06-19,INDUSINDBK,0.7276,23212000,16888900,,,
2025-06-26,wk,2025-06-19,INDUSTOWER,0.5554,19992000,11104400,,,
2025-06-26,wk,2025-06-19,INFY,0.622,19152800,11913600,,,
2025-06-26,wk,2025-06-19,INOXWIND,0.4177,38812875,16212075,,,
2025-06-26,wk,2025-06-19,IOC,0.6198,72705750,45059625,,,
2025-06-26,wk,2025-06-19,IRB,0.4407,58187300,25644150,,,
2025-06-26,wk,2025-06-19,IRCTC,0.3871,16729125,6475875,,,
2025-06-26,wk,2025-06-19,IREDA,0.4427,40037150,17723150,,,
2025-06-26,wk,2025-06-19,IRFC,0.4168,66006675,27510475,,,
2025-06-26,wk,2025-06-19,ITC,0.4842,78393600,37961600,,,
2025-06-26,wk,2025-06-19,JINDALSTEL,0.5225,7538125,3938750,,,
2025-06-26,wk,2025-06-19,JIOFIN,0.5557,63134200,35082600,,,
2025-06-26,wk,2025-06-19,JSL,0.6906,1819425,1256425,,,
2025-06-26,wk,2025-06-19,JSWENERGY,0.4223,11327750,4783750,,,
2025-06-26,wk,2025-06-19,JSWSTEEL,0.5943,8683875,5161050,,,
2025-06-26,wk,2025-06-19,JUBLFOOD,0.5759,6370000,3668750,,,
2025-06-26,wk,2025-06-19,KALYANKJIL,0.3448,8744500,3015350,,,
2025-06-26,wk,2025-06-19,KAYNES,0.4822,362700,174900,,,
2025-06-26,wk,2025-06-19,KEI,0.459,502900,230850,,,
2025-06-26,wk,2025-06-19,KOTAKBANK,0.7773,8161200,6343600,,,
2025-06-26,wk,2025-06-19,KPITTECH,0.4449,2432000,1082000,,,
2025-06-26,wk,2025-06-19,LAURUSLABS,0.6565,9219100,6052000,,,
2025-06-26,wk,2025-06-19,LICHSGFIN,0.5812,11447000,6653000,,,
2025-06-26,wk,2025-06-19,LICI,0.6095,7269600,4430525,,,
2025-06-26,wk,2025-06-19,LODHA,0.493,2717100,1339650,,,
2025-06-26,wk,2025-06-19,LT,0.4885,7313175,3572425,,,
2025-06-26,wk,2025-06-19,LTF,0.7881,33759492,26606906,,,
2025-06-26,wk,2025-06-19,LTIM,0.6739,1056450,711900,,,
2025-06-26,wk,2025-06-19,LUPIN,0.621,4120800,2558925,,,
2025-06-26,wk,2025-06-19,M&M,0.7213,5772500,4163750,,,
2025-06-26,wk,2025-06-19,M&MFIN,0.5202,11427248,5943896,,,
2025-06-26,wk,2025-06-19,MANAPPURAM,0.8328,28242000,23520000,,,
2025-06-26,wk,2025-06-19,MANKIND,0.4677,650475,304200,,,
2025-06-26,wk,2025-06-19,MARICO,0.7104,4413600,3135600,,,
2025-06-26,wk,2025-06-19,MARUTI,0.563,2710200,1525950,,,
2025-06-26,wk,2025-06-19,MAXHEALTH,0.4932,3780000,1864275,,,
2025-06-26,wk,2025-06-19,MAZDOCK,0.2627,5481000,1439725,,,
2025-06-26,wk,2025-06-19,MCX,0.6904,3259225,2250300,,,
2025-06-26,wk,2025-06-19,MFSL,1.2148,2395200,2909600,,,
2025-06-26,wk,2025-06-19,MGL,0.6399,2379600,1522800,,,
2025-06-26,wk,2025-06-19,MOTHERSON,0.5921,30912050,18302200,,,
2025-06-26,wk,2025-06-19,MPHASIS,0.7463,1772375,1322750,,,
2025-06-26,wk,2025-06-19,MUTHOOTFIN,0.8649,5170550,4472050,,,
2025-06-26,wk,2025-06-19,NATIONALUM,0.7221,34020000,24566250,,,
2025-06-26,wk,2025-06-19,NAUKRI,0.5348,2809875,1502625,,,
2025-06-26,wk,2025-06-19,NBCC,0.4574,28872300,13206400,,,
2025-06-26,wk,2025-06-19,NCC,0.734,8744575,6418925,,,
2025-06-26,wk,2025-06-19,NESTLEIND,0.6479,2144900,1389650,,,
2025-06-26,wk,2025-06-19,NHPC,0.4622,39769600,18380800,,,
2025-06-26,wk,2025-06-19,NMDC,0.5454,171787500,93690000,,,
2025-06-26,wk,2025-06-19,NTPC,0.4435,50995500,22617000,,,
2025-06-26,wk,2025-06-19,NYKAA,0.3027,31359950,9492650,,,
2025-06-26,wk,2025-06-19,OBEROIRLTY,0.7952,2345000,1864800,,,
2025-06-26,wk,2025-06-19,OFSS,0.5731,900550,516150,,,
2025-06-26,wk,2025-06-19,OIL,0.5476,11449100,6269650,,,
2025-06-26,wk,2025-06-19,ONGC,0.3143,95072200,29883800,,,
2025-06-26,wk,2025-06-19,PAGEIND,0.3239,77655,25155,,,
2025-06-26,wk,2025-06-19,PATANJALI,0.4547,2364000,1074900,,,
2025-06-26,wk,2025-06-19,PAYTM,0.5765,17079400,9847125,,,
2025-06-26,wk,2025-06-19,PEL,0.6415,2297250,1473750,,,
2025-06-26,wk,2025-06-19,PERSISTENT,0.5783,1258300,727700,,,
2025-06-26,wk,2025-06-19,PETRONET,0.4755,15937500,7578900,,,
2025-06-26,wk,2025-06-19,PFC,0.711,31197400,22181900,,,
2025-06-26,wk,2025-06-19,PHOENIXLTD,0.6521,1122800,732200,,,
2025-06-26,wk,2025-06-19,PIDILITIND,0.5373,1169750,628500,,,
2025-06-26,wk,2025-06-19,PIIND,0.7322,900900,659600,,,
2025-06-26,wk,2025-06-19,PNB,0.5795,169392000,98160000,,,
2025-06-26,wk,2025-06-19,PNBHOUSING,0.4696,2869100,1347450,,,
2025-06-26,wk,2025-06-19,POLICYBZR,0.5758,1848275,1064325,,,
2025-06-26,wk,2025-06-19,POLYCAB,0.312,1878125,586000,,,
2025-06-26,wk,2025-06-19,POONAWALLA,0.5681,6338100,3600850,,,
2025-06-26,wk,2025-06-19,POWERGRID,0.5615,37080900,20820900,,,
2025-06-26,wk,2025-06-19,PPLPHARMA,0.5003,8310000,4157500,,,
2025-06-26,wk,2025-06-19,PRESTIGE,0.7202,1609025,1158850,,,
2025-06-26,wk,2025-06-19,RBLBANK,0.9721,12186450,11846050,,,
2025-06-26,wk,2025-06-19,RECLTD,0.5887,33743975,19865425,,,
2025-06-26,wk,2025-06-19,RELIANCE,0.732,45058000,32981500,,,
2025-06-26,wk,2025-06-19,RVNL,0.3371,18463500,6223250,,,
2025-06-26,wk,2025-06-19,SAIL,0.7656,40734100,31187500,,,
2025-06-26,wk,2025-06-19,SBICARD,0.7729,6192800,4786400,,,
2025-06-26,wk,2025-06-19,SBILIFE,0.3594,5577375,2004375,,,
2025-06-26,wk,2025-06-19,SBIN,0.4963,86282250,42824250,,,
2025-06-26,wk,2025-06-19,SHREECEM,0.2218,135125,29975,,,
2025-06-26,wk,2025-06-19,SHRIRAMFIN,0.5484,11534775,6325875,,,
2025-06-26,wk,2025-06-19,SIEMENS,0.426,1876550,799450,,,
2025-06-26,wk,2025-06-19,SJVN,0.4611,25104925,11574975,,,
2025-06-26,wk,2025-06-19,SOLARINDS,0.7577,711075,538800,,,
2025-06-26,wk,2025-06-19,SONACOMS,0.371,6197600,2299250,,,
2025-06-26,wk,2025-06-19,SRF,0.5918,2446000,1447500,,,
2025-06-26,wk,2025-06-19,SUNPHARMA,0.4993,10696700,5341000,,,
2025-06-26,wk,2025-06-19,SUPREMEIND,0.5204,686050,357025,,,
2025-06-26,wk,2025-06-19,SYNGENE,0.4685,5261000,2465000,,,
2025-06-26,wk,2025-06-19,TATACHEM,0.632,7089150,4480300,,,
2025-06-26,wk,2025-06-19,TATACOMM,0.6479,1314950,851900,,,
2025-06-26,wk,2025-06-19,TATACONSUM,0.367,5995408,2200462,,,
2025-06-26,wk,2025-06-19,TATAELXSI,0.3743,900900,337200,,,
2025-06-26,wk,2025-06-19,TATAMOTORS,0.4356,82344250,35866100,,,
2025-06-26,wk,2025-06-19,TATAPOWER,0.5767,46444650,26783500,,,
2025-06-26,wk,2025-06-19,TATASTEEL,0.5458,138506500,75597500,,,
2025-06-26,wk,2025-06-19,TATATECH,0.5027,10583400,5320300,,,
2025-06-26,wk,2025-06-19,TCS,0.694,11270350,7821100,,,
2025-06-26,wk,2025-06-19,TECHM,0.8875,7468800,6628200,,,
2025-06-26,wk,2025-06-19,TIINDIA,0.4104,729950,299550,,,
2025-06-26,wk,2025-06-19,TITAGARH,0.5947,4699475,2794800,,,
2025-06-26,wk,2025-06-19,TITAN,0.6104,3593100,2193275,,,
2025-06-26,wk,2025-06-19,TORNTPHARM,0.3762,792750,298250,,,
2025-06-26,wk,2025-06-19,TORNTPOWER,0.5619,1145250,643500,,,
2025-06-26,wk,2025-06-19,TRENT,0.5981,3499000,2092900,,,
2025-06-26,wk,2025-06-19,TVSMOTOR,0.4791,3473400,1664250,,,
2025-06-26,wk,2025-06-19,ULTRACEMCO,0.515,1201950,618950,,,
2025-06-26,wk,2025-06-19,UNIONBANK,0.5869,36417750,21372750,,,
2025-06-26,wk,2025-06-19,UNITDSPR,0.4421,10191600,4505900,,,
2025-06-26,wk,2025-06-19,UNOMINDA,0.3304,1071950,354200,,,
2025-06-26,wk,2025-06-19,UPL,0.4265,12807460,5462005,,,
2025-06-26,wk,2025-06-19,VBL,0.3867,22595125,8737150,,,
2025-06-26,wk,2025-06-19,VEDL,0.5956,38410000,22878100,,,
2025-06-26,wk,2025-06-19,VOLTAS,0.403,7053225,2842800,,,
2025-06-26,wk,2025-06-19,WIPRO,0.8185,51300000,41988000,,,
2025-06-26,wk,2025-06-19,YESBANK,0.3951,781441900,308729300,,,
2025-06-26,wk,2025-06-19,ZYDUSLIFE,0.8918,3986100,3555000,,,
2025-07-31,on,2025-07-31,360ONE,0.6027,2023500,1219500,1200.0,1140.0,2025-08-28
2025-07-31,on,2025-07-31,AARTIIND,0.368,6145350,2261775,,,
2025-07-31,on,2025-07-31,ABB,0.6628,1241875,823125,6000.0,5500.0,2025-08-28
2025-07-31,on,2025-07-31,ABCAPITAL,0.5243,23045400,12083800,270.0,250.0,2025-08-28
2025-07-31,on,2025-07-31,ABFRL,0.6793,24905400,16918200,80.0,70.0,2025-08-28
2025-07-31,on,2025-07-31,ACC,0.491,1215300,596700,,,
2025-07-31,on,2025-07-31,ADANIENSOL,0.7776,3718575,2891700,900.0,820.0,2025-08-28
2025-07-31,on,2025-07-31,ADANIENT,0.8571,8485500,7272600,2700.0,2700.0,2025-08-28
2025-07-31,on,2025-07-31,ADANIGREEN,0.6379,7161600,4568400,1000.0,1000.0,2025-08-28
2025-07-31,on,2025-07-31,ADANIPORTS,0.8714,6887975,6002100,1400.0,1400.0,2025-08-28
2025-07-31,on,2025-07-31,ALKEM,0.7275,272500,198250,5100.0,5100.0,2025-08-28
2025-07-31,on,2025-07-31,AMBER,0.7402,379100,280600,8000.0,8000.0,2025-08-28
2025-07-31,on,2025-07-31,AMBUJACEM,0.6383,12019350,7672350,620.0,650.0,2025-08-28
2025-07-31,on,2025-07-31,ANGELONE,0.661,2210000,1460750,2800.0,2800.0,2025-08-28
2025-07-31,on,2025-07-31,APLAPOLLO,0.8238,3013500,2482550,1600.0,1600.0,2025-08-28
2025-07-31,on,2025-07-31,APOLLOHOSP,0.6243,1306750,815750,7500.0,7000.0,2025-08-28
2025-07-31,on,2025-07-31,ASHOKLEY,0.6348,30165000,19150000,125.0,125.0,2025-08-28
2025-07-31,on,2025-07-31,ASIANPAINT,0.5657,7815500,4421250,2500.0,2400.0,2025-08-28
2025-07-31,on,2025-07-31,ASTRAL,0.4361,3295025,1436925,1500.0,1400.0,2025-08-28
2025-07-31,on,2025-07-31,ATGL,0.571,3199875,1827000,700.0,600.0,2025-08-28
2025-07-31,on,2025-07-31,AUBANK,0.69,8070000,5568000,750.0,750.0,2025-08-28
2025-07-31,on,2025-07-31,AUROPHARMA,0.9066,3197700,2899050,1200.0,1000.0,2025-08-28
2025-07-31,on,2025-07-31,AXISBANK,0.4008,44293125,17752500,1200.0,1100.0,2025-08-28
2025-07-31,on,2025-07-31,BAJAJ-AUTO,0.7159,1267500,907350,8500.0,8000.0,2025-08-28
2025-07-31,on,2025-07-31,BAJAJFINSV,0.4431,9908000,4390500,2000.0,1900.0,2025-08-28
2025-07-31,on,2025-07-31,BAJFINANCE,0.5409,31775250,17188500,900.0,900.0,2025-08-28
2025-07-31,on,2025-07-31,BALKRISIND,0.6985,807000,563700,,,
2025-07-31,on,2025-07-31,BANDHANBNK,0.4877,40651200,19825200,180.0,170.0,2025-08-28
2025-07-31,on,2025-07-31,BANKBARODA,0.8783,48724650,42795675,250.0,250.0,2025-08-28
2025-07-31,on,2025-07-31,BANKINDIA,0.6194,34184800,21174400,115.0,110.0,2025-08-28
2025-07-31,on,2025-07-31,BDL,0.4878,3279575,1599650,2000.0,1900.0,2025-08-28
2025-07-31,on,2025-07-31,BEL,0.5365,95304000,51131850,400.0,390.0,2025-08-28
2025-07-31,on,2025-07-31,BHARATFORG,0.7428,3629000,2695500,1200.0,1140.0,2025-08-28
2025-07-31,on,2025-07-31,BHARTIARTL,0.4568,15799925,7217150,2000.0,1900.0,2025-08-28
2025-07-31,on,2025-07-31,BHEL,0.5366,35773500,19196625,260.0,240.0,2025-08-28
2025-07-31,on,2025-07-31,BIOCON,0.6487,18425000,11952500,400.0,390.0,2025-08-28
2025-07-31,on,2025-07-31,BLUESTARCO,0.915,914225,836550,1900.0,1600.0,2025-08-28
2025-07-31,on,2025-07-31,BOSCHLTD,0.6727,259075,174275,40000.0,38000.0,2025-08-28
2025-07-31,on,2025-07-31,BPCL,0.4961,23330675,11575475,350.0,320.0,2025-08-28
2025-07-31,on,2025-07-31,BRITANNIA,0.6387,645875,412500,6000.0,5400.0,2025-08-28
2025-07-31,on,2025-07-31,BSE,0.6902,10362000,7151625,2500.0,2300.0,2025-08-28
2025-07-31,on,2025-07-31,BSOFT,0.4447,5255900,2337400,,,
2025-07-31,on,2025-07-31,CAMS,0.6956,1341750,933300,4000.0,3800.0,2025-08-28
2025-07-31,on,2025-07-31,CANBK,0.6461,162864000,105225750,115.0,110.0,2025-08-28
2025-07-31,on,2025-07-31,CDSL,0.5938,9051125,5374150,1700.0,1600.0,2025-08-28
2025-07-31,on,2025-07-31,CESC,0.5188,10577750,5488250,180.0,175.0,2025-08-28
2025-07-31,on,2025-07-31,CGPOWER,0.7011,4515200,3165400,700.0,680.0,2025-08-28
2025-07-31,on,2025-07-31,CHAMBLFERT,0.4888,3632800,1775550,,,
2025-07-31,on,2025-07-31,CHOLAFIN,0.6604,4638125,3063125,1500.0,1500.0,2025-08-28
2025-07-31,on,2025-07-31,CIPLA,0.625,5746875,3591750,1600.0,1500.0,2025-08-28
2025-07-31,on,2025-07-31,COALINDIA,0.7462,41746050,31152600,400.0,370.0,2025-08-28
2025-07-31,on,2025-07-31,COFORGE,0.4676,7496250,3505500,1800.0,1700.0,2025-08-28
2025-07-31,on,2025-07-31,COLPAL,0.7545,2257200,1703025,2300.0,2300.0,2025-08-28
2025-07-31,on,2025-07-31,CONCOR,0.6846,8611250,5895000,600.0,600.0,2025-08-28
2025-07-31,on,2025-07-31,CROMPTON,0.6864,7403400,5081400,340.0,330.0,2025-08-28
2025-07-31,on,2025-07-31,CUMMINSIND,1.0032,570400,572200,3600.0,3500.0,2025-08-28
2025-07-31,on,2025-07-31,CYIENT,0.6429,1292425,830875,1300.0,1200.0,2025-08-28
2025-07-31,on,2025-07-31,DABUR,1.0734,13442500,14428750,550.0,525.0,2025-08-28
2025-07-31,on,2025-07-31,DALBHARAT,0.5862,822250,481975,2300.0,2200.0,2025-08-28
2025-07-31,on,2025-07-31,DELHIVERY,0.6073,8248125,5009050,440.0,400.0,2025-08-28
2025-07-31,on,2025-07-31,DIVISLAB,0.6369,987100,628700,7000.0,6000.0,2025-08-28
2025-07-31,on,2025-07-31,DIXON,0.9248,865400,800300,17000.0,15000.0,2025-08-28
2025-07-31,on,2025-07-31,DLF,0.6561,17188050,11277750,800.0,800.0,2025-08-28
2025-07-31,on,2025-07-31,DMART,0.7644,1905300,1456500,4300.0,4000.0,2025-08-28
2025-07-31,on,2025-07-31,DRREDDY,0.3808,12659375,4821250,1300.0,1300.0,2025-08-28
2025-07-31,on,2025-07-31,EICHERMOT,0.5436,2107175,1145550,5400.0,5000.0,2025-08-28
2025-07-31,on,2025-07-31,ETERNAL,0.98,74515400,73024025,310.0,300.0,2025-08-28
2025-07-31,on,2025-07-31,EXIDEIND,0.6958,11516400,8013600,420.0,380.0,2025-08-28
2025-07-31,on,2025-07-31,FEDERALBNK,0.642,47030000,30195000,220.0,200.0,2025-08-28
2025-07-31,on,2025-07-31,FORTIS,0.8182,2246725,1838300,850.0,800.0,2025-08-28
2025-07-31,on,2025-07-31,GAIL,0.6685,53228700,35585550,180.0,180.0,2025-08-28
2025-07-31,on,2025-07-31,GLENMARK,0.8118,4894875,3973875,2300.0,2000.0,2025-08-28
2025-07-31,on,2025-07-31,GMRAIRPORT,0.4818,99163575,47778750,95.0,90.0,2025-08-28
2025-07-31,on,2025-07-31,GODREJCP,0.7153,1939000,1387000,1300.0,1200.0,2025-08-28
2025-07-31,on,2025-07-31,GODREJPROP,0.5853,3098425,1813625,2400.0,2200.0,2025-08-28
2025-07-31,on,2025-07-31,GRANULES,0.6028,4424700,2667075,500.0,470.0,2025-08-28
2025-07-31,on,2025-07-31,GRASIM,0.609,1741000,1060250,2800.0,2600.0,2025-08-28
2025-07-31,on,2025-07-31,HAL,0.6629,5154600,3417000,5000.0,4500.0,2025-08-28
2025-07-31,on,2025-07-31,HAVELLS,0.8447,2759000,2330500,1600.0,1500.0,2025-08-28
2025-07-31,on,2025-07-31,HCLTECH,0.4083,13054650,5330500,1600.0,1500.0,2025-08-28
2025-07-31,on,2025-07-31,HDFCAMC,0.744,1389300,1033650,5700.0,5000.0,2025-08-28
2025-07-31,on,2025-07-31,HDFCBANK,0.6611,28839800,19064650,2100.0,2000.0,2025-08-28
2025-07-31,on,2025-07-31,HDFCLIFE,0.5096,16410900,8363300,800.0,730.0,2025-08-28
2025-07-31,on,2025-07-31,HEROMOTOCO,0.5944,3192150,1897350,4500.0,4000.0,2025-08-28
2025-07-31,on,2025-07-31,HFCL,0.5296,48200850,25529100,90.0,80.0,2025-08-28
2025-07-31,on,2025-07-31,HINDALCO,0.5973,14330400,8559600,700.0,700.0,2025-08-28
2025-07-31,on,2025-07-31,HINDCOPPER,0.4248,7836050,3328400,,,
2025-07-31,on,2025-07-31,HINDPETRO,0.6897,14251950,9829350,430.0,400.0,2025-08-28
2025-07-31,on,2025-07-31,HINDUNILVR,0.825,8842800,7295100,2600.0,2400.0,2025-08-28
2025-07-31,on,2025-07-31,HINDZINC,0.614,16933175,10397800,500.0,450.0,2025-08-28
2025-07-31,on,2025-07-31,HUDCO,0.5914,14912850,8818950,230.0,210.0,2025-08-28
2025-07-31,on,2025-07-31,ICICIBANK,0.9171,20365100,18677400,1500.0,1400.0,2025-08-28
2025-07-31,on,2025-07-31,ICICIGI,0.4937,1808950,893100,2000.0,2000.0,2025-08-28
2025-07-31,on,2025-07-31,ICICIPRULI,0.4289,6733075,2887850,700.0,620.0,2025-08-28
2025-07-31,on,2025-07-31,IDEA,0.4802,1635633900,785510250,8.0,6.0,2025-08-28
2025-07-31,on,2025-07-31,IDFCFIRSTB,0.5289,167719825,88706100,75.0,70.0,2025-08-28
2025-07-31,on,2025-07-31,IEX,1.0932,60690000,66348750,140.0,130.0,2025-08-28
2025-07-31,on,2025-07-31,IGL,0.5084,16139750,8206000,220.0,200.0,2025-08-28
2025-07-31,on,2025-07-31,IIFL,0.681,4618350,3144900,500.0,500.0,2025-08-28
2025-07-31,on,2025-07-31,INDHOTEL,0.6926,8342000,5778000,800.0,750.0,2025-08-28
2025-07-31,on,2025-07-31,INDIANB,0.7498,2538000,1903000,650.0,600.0,2025-08-28
2025-07-31,on,2025-07-31,INDIGO,1.1206,2338800,2620950,6000.0,5500.0,2025-08-28
2025-07-31,on,2025-07-31,INDUSINDBK,0.5315,21520800,11438700,900.0,800.0,2025-08-28
2025-07-31,on,2025-07-31,INDUSTOWER,0.6031,20527500,12381100,400.0,400.0,2025-08-28
2025-07-31,on,2025-07-31,INFY,0.4974,28300800,14077200,1600.0,1500.0,2025-08-28
2025-07-31,on,2025-07-31,INOXWIND,0.4347,17207448,7479792,167.55,182.35,2025-08-28
2025-07-31,on,2025-07-31,IOC,0.6799,73651500,50076000,150.0,140.0,2025-08-28
2025-07-31,on,2025-07-31,IRB,0.3446,42590400,14675475,50.0,46.0,2025-08-28
2025-07-31,on,2025-07-31,IRCTC,0.6472,9146375,5919375,800.0,800.0,2025-08-28
2025-07-31,on,2025-07-31,IREDA,0.4615,34462050,15904500,170.0,140.0,2025-08-28
2025-07-31,on,2025-07-31,IRFC,0.3966,50256250,19932500,140.0,140.0,2025-08-28
2025-07-31,on,2025-07-31,ITC,0.6104,54808000,33456000,420.0,410.0,2025-08-28
2025-07-31,on,2025-07-31,JINDALSTEL,0.9512,4115000,3914375,1000.0,950.0,2025-08-28
2025-07-31,on,2025-07-31,JIOFIN,0.8296,64578000,53572950,350.0,300.0,2025-08-28
2025-07-31,on,2025-07-31,JSL,0.5388,2003450,1079500,700.0,700.0,2025-08-28
2025-07-31,on,2025-07-31,JSWENERGY,0.5964,9448000,5635000,530.0,500.0,2025-08-28
2025-07-31,on,2025-07-31,JSWSTEEL,0.7073,8912025,6303825,1060.0,1000.0,2025-08-28
2025-07-31,on,2025-07-31,JUBLFOOD,0.4544,6167500,2802500,700.0,650.0,2025-08-28
2025-07-31,on,2025-07-31,KALYANKJIL,0.6002,5819775,3493275,600.0,600.0,2025-08-28
2025-07-31,on,2025-07-31,KAYNES,0.6569,832400,546800,7000.0,6000.0,2025-08-28
2025-07-31,on,2025-07-31,KEI,0.601,656075,394275,4400.0,4000.0,2025-08-28
2025-07-31,on,2025-07-31,KFINTECH,0.4566,1177650,537750,1200.0,1100.0,2025-08-28
2025-07-31,on,2025-07-31,KOTAKBANK,0.6726,12783600,8598800,2000.0,2000.0,2025-08-28
2025-07-31,on,2025-07-31,KPITTECH,1.0514,3322400,3493200,1300.0,1140.0,2025-08-28
2025-07-31,on,2025-07-31,LAURUSLABS,0.887,17221000,15274500,1000.0,800.0,2025-08-28
2025-07-31,on,2025-07-31,LICHSGFIN,0.8439,9663000,8155000,600.0,580.0,2025-08-28
2025-07-31,on,2025-07-31,LICI,0.4902,4526900,2219000,1000.0,900.0,2025-08-28
2025-07-31,on,2025-07-31,LODHA,0.6798,2791350,1897650,1400.0,1200.0,2025-08-28
2025-07-31,on,2025-07-31,LT,0.633,8231825,5210975,3700.0,3600.0,2025-08-28
2025-07-31,on,2025-07-31,LTF,0.6823,42272988,28842368,200.0,200.0,2025-08-28
2025-07-31,on,2025-07-31,LTIM,0.705,750600,529200,5100.0,5000.0,2025-08-28
2025-07-31,on,2025-07-31,LUPIN,0.7974,2861950,2282250,2000.0,1800.0,2025-08-28
2025-07-31,on,2025-07-31,M&M,0.5501,6403200,3522400,3200.0,3200.0,2025-08-28
2025-07-31,on,2025-07-31,M&MFIN,0.4204,7907376,3324552,,,
2025-07-31,on,2025-07-31,MANAPPURAM,0.9626,14589000,14043000,270.0,240.0,2025-08-28
2025-07-31,on,2025-07-31,MANKIND,0.6229,882450,549675,2600.0,2600.0,2025-08-28
2025-07-31,on,2025-07-31,MARICO,0.5976,5758800,3441600,700.0,700.0,2025-08-28
2025-07-31,on,2025-07-31,MARUTI,0.3325,2918750,970350,13000.0,12000.0,2025-08-28
2025-07-31,on,2025-07-31,MAXHEALTH,0.5232,2100000,1098825,1300.0,1300.0,2025-08-28
2025-07-31,on,2025-07-31,MAZDOCK,0.5775,2140600,1236200,3000.0,2600.0,2025-08-28
2025-07-31,on,2025-07-31,MCX,0.6408,2254625,1444875,8000.0,8000.0,2025-08-28
2025-07-31,on,2025-07-31,MFSL,0.7238,1404800,1016800,1700.0,1500.0,2025-08-28
2025-07-31,on,2025-07-31,MGL,0.5658,1472000,832800,,,
2025-07-31,on,2025-07-31,MOTHERSON,0.6047,44212350,26734050,110.0,100.0,2025-08-28
2025-07-31,on,2025-07-31,MPHASIS,0.8603,1118425,962225,2800.0,2800.0,2025-08-28
2025-07-31,on,2025-07-31,MUTHOOTFIN,0.4121,2521750,1039225,2600.0,2500.0,2025-08-28
2025-07-31,on,2025-07-31,NATIONALUM,0.7407,27517500,20381250,200.0,180.0,2025-08-28
2025-07-31,on,2025-07-31,NAUKRI,0.6749,1656375,1117875,1500.0,1400.0,2025-08-28
2025-07-31,on,2025-07-31,NBCC,0.4517,28119000,12701000,120.0,110.0,2025-08-28
2025-07-31,on,2025-07-31,NCC,0.5266,8669700,4565700,230.0,230.0,2025-08-28
2025-07-31,on,2025-07-31,NESTLEIND,0.7275,3500000,2546250,2400.0,2400.0,2025-08-28
2025-07-31,on,2025-07-31,NHPC,0.4686,23052800,10803200,90.0,80.0,2025-08-28
2025-07-31,on,2025-07-31,NMDC,0.8708,136498500,118867500,80.0,71.0,2025-08-28
2025-07-31,on,2025-07-31,NTPC,0.282,75805500,21379500,340.0,380.0,2025-08-28
2025-07-31,on,2025-07-31,NYKAA,0.5636,14803125,8343750,220.0,200.0,2025-08-28
2025-07-31,on,2025-07-31,OBEROIRLTY,0.5626,2669450,1501850,1800.0,1640.0,2025-08-28
2025-07-31,on,2025-07-31,OFSS,0.6203,565275,350625,9000.0,8500.0,2025-08-28
2025-07-31,on,2025-07-31,OIL,0.6859,5313000,3644200,450.0,420.0,2025-08-28
2025-07-31,on,2025-07-31,ONGC,0.2985,73568250,21962250,250.0,240.0,2025-08-28
2025-07-31,on,2025-07-31,PAGEIND,0.5821,37800,22005,50000.0,40000.0,2025-08-28
2025-07-31,on,2025-07-31,PATANJALI,0.6428,2944800,1893000,2000.0,1800.0,2025-08-28
2025-07-31,on,2025-07-31,PAYTM,0.8375,9539550,7989500,1100.0,1000.0,2025-08-28
2025-07-31,on,2025-07-31,PEL,0.5907,2763000,1632000,,,
2025-07-31,on,2025-07-31,PERSISTENT,0.5193,2179400,1131700,6000.0,5200.0,2025-08-28
2025-07-31,on,2025-07-31,PETRONET,0.6556,19917000,13057200,310.0,310.0,2025-08-28
2025-07-31,on,2025-07-31,PFC,0.8453,22243000,18801900,420.0,400.0,2025-08-28
2025-07-31,on,2025-07-31,PGEL,0.5404,1664600,899500,800.0,800.0,2025-08-28
2025-07-31,on,2025-07-31,PHOENIXLTD,0.5594,963550,539000,1600.0,1500.0,2025-08-28
2025-07-31,on,2025-07-31,PIDILITIND,0.5271,1006000,530250,3000.0,2800.0,2025-08-28
2025-07-31,on,2025-07-31,PIIND,0.706,450625,318150,4300.0,4000.0,2025-08-28
2025-07-31,on,2025-07-31,PNB,0.5511,195632000,107816000,110.0,105.0,2025-08-28
2025-07-31,on,2025-07-31,PNBHOUSING,0.6006,3303300,1983800,1100.0,1000.0,2025-08-28
2025-07-31,on,2025-07-31,POLICYBZR,0.8783,1305150,1146250,1800.0,1700.0,2025-08-28
2025-07-31,on,2025-07-31,POLYCAB,0.7862,1147625,902250,7000.0,7000.0,2025-08-28
2025-07-31,on,2025-07-31,POONAWALLA,0.5867,7087300,4158200,440.0,400.0,2025-08-28
2025-07-31,on,2025-07-31,POWERGRID,0.6625,26117400,17303300,300.0,290.0,2025-08-28
2025-07-31,on,2025-07-31,PPLPHARMA,0.5738,7890000,4527500,220.0,200.0,2025-08-28
2025-07-31,on,2025-07-31,PRESTIGE,0.5125,2172150,1113300,2000.0,1600.0,2025-08-28
2025-07-31,on,2025-07-31,RBLBANK,0.6999,16643350,11649075,300.0,270.0,2025-08-28
2025-07-31,on,2025-07-31,RECLTD,0.7873,29469075,23201175,400.0,400.0,2025-08-28
2025-07-31,on,2025-07-31,RELIANCE,0.4811,84960500,40877000,1500.0,1400.0,2025-08-28
2025-07-31,on,2025-07-31,RVNL,0.3455,7749500,2677125,400.0,350.0,2025-08-28
2025-07-31,on,2025-07-31,SAIL,0.5359,49462800,26508000,140.0,135.0,2025-08-28
2025-07-31,on,2025-07-31,SBICARD,0.485,11265600,5464000,900.0,800.0,2025-08-28
2025-07-31,on,2025-07-31,SBILIFE,0.3202,4865625,1557750,1840.0,1800.0,2025-08-28
2025-07-31,on,2025-07-31,SBIN,0.5215,86856000,45296250,820.0,820.0,2025-08-28
2025-07-31,on,2025-07-31,SHREECEM,0.5991,94850,56825,32000.0,30000.0,2025-08-28
2025-07-31,on,2025-07-31,SHRIRAMFIN,0.621,11705925,7269900,700.0,600.0,2025-08-28
2025-07-31,on,2025-07-31,SIEMENS,0.5216,1243750,648750,3400.0,3100.0,2025-08-28
2025-07-31,on,2025-07-31,SJVN,0.4061,22219250,9024000,100.0,100.0,2025-08-28
2025-07-31,on,2025-07-31,SOLARINDS,0.6724,446925,300525,15000.0,15000.0,2025-08-28
2025-07-31,on,2025-07-31,SONACOMS,0.6531,5665800,3700200,500.0,400.0,2025-08-28
2025-07-31,on,2025-07-31,SRF,0.5912,1789000,1057600,3200.0,3000.0,2025-08-28
2025-07-31,on,2025-07-31,SUNPHARMA,0.5425,9627800,5223400,1800.0,1700.0,2025-08-28
2025-07-31,on,2025-07-31,SUPREMEIND,1.0884,354375,385700,4500.0,4200.0,2025-08-28
2025-07-31,on,2025-07-31,SYNGENE,0.9087,2848000,2588000,720.0,700.0,2025-08-28
2025-07-31,on,2025-07-31,TATACHEM,0.7982,6777550,5409950,1100.0,900.0,2025-08-28
2025-07-31,on,2025-07-31,TATACOMM,0.7107,1275050,906150,,,
2025-07-31,on,2025-07-31,TATACONSUM,0.6394,6068700,3880250,1100.0,1000.0,2025-08-28
2025-07-31,on,2025-07-31,TATAELXSI,0.8211,516500,424100,6500.0,6000.0,2025-08-28
2025-07-31,on,2025-07-31,TATAMOTORS,0.669,44322400,29652000,700.0,800.0,2025-08-28
2025-07-31,on,2025-07-31,TATAPOWER,0.7536,31894200,24036650,400.0,400.0,2025-08-28
2025-07-31,on,2025-07-31,TATASTEEL,0.5673,163955000,93010500,180.0,160.0,2025-08-28
2025-07-31,on,2025-07-31,TATATECH,0.6032,5680000,3426400,730.0,700.0,2025-08-28
2025-07-31,on,2025-07-31,TCS,0.6091,22208200,13525925,3200.0,3000.0,2025-08-28
2025-07-31,on,2025-07-31,TECHM,0.5266,11511000,6061800,1600.0,1500.0,2025-08-28
2025-07-31,on,2025-07-31,TIINDIA,0.6183,578000,357400,3000.0,2800.0,2025-08-28
2025-07-31,on,2025-07-31,TITAGARH,0.6954,2665825,1853825,900.0,860.0,2025-08-28
2025-07-31,on,2025-07-31,TITAN,0.6355,4118975,2617650,3400.0,3500.0,2025-08-28
2025-07-31,on,2025-07-31,TORNTPHARM,0.7254,1209000,877000,3800.0,3700.0,2025-08-28
2025-07-31,on,2025-07-31,TORNTPOWER,0.6017,888750,534750,1400.0,1300.0,2025-08-28
2025-07-31,on,2025-07-31,TRENT,0.5983,4625600,2767700,5500.0,5000.0,2025-08-28
2025-07-31,on,2025-07-31,TVSMOTOR,0.542,3284050,1780100,2900.0,2800.0,2025-08-28
2025-07-31,on,2025-07-31,ULTRACEMCO,0.5082,1037000,527050,13000.0,12000.0,2025-08-28
2025-07-31,on,2025-07-31,UNIONBANK,0.4787,50148525,24005625,135.25,135.25,2025-08-28
2025-07-31,on,2025-07-31,UNITDSPR,0.9145,4826800,4414000,1400.0,1320.0,2025-08-28
2025-07-31,on,2025-07-31,UNOMINDA,0.6722,1060400,712800,1200.0,1000.0,2025-08-28
2025-07-31,on,2025-07-31,UPL,0.642,13933465,8945710,800.0,700.0,2025-08-28
2025-07-31,on,2025-07-31,VBL,0.6451,18011300,11619400,480.0,480.0,2025-08-28
2025-07-31,on,2025-07-31,VEDL,1.0194,29764300,30340450,450.0,430.0,2025-08-28
2025-07-31,on,2025-07-31,VOLTAS,0.9731,2854875,2778000,1400.0,1280.0,2025-08-28
2025-07-31,on,2025-07-31,WIPRO,0.4919,70977000,34914000,270.0,250.0,2025-08-28
2025-07-31,on,2025-07-31,YESBANK,0.5319,496884700,264287800,20.0,20.0,2025-08-28
2025-07-31,on,2025-07-31,ZYDUSLIFE,0.8135,2889900,2350800,1000.0,1000.0,2025-08-28
2025-07-31,wk,2025-07-24,360ONE,0.4804,3306500,1588500,,,
2025-07-31,wk,2025-07-24,AARTIIND,0.4384,10177325,4461275,,,
2025-07-31,wk,2025-07-24,ABB,0.5748,1713750,985000,,,
2025-07-31,wk,2025-07-24,ABCAPITAL,0.58,22741600,13190500,,,
2025-07-31,wk,2025-07-24,ABFRL,0.6781,29819400,20220200,,,
2025-07-31,wk,2025-07-24,ACC,0.5971,2318100,1384200,,,
2025-07-31,wk,2025-07-24,ADANIENSOL,0.6335,4871475,3086100,,,
2025-07-31,wk,2025-07-24,ADANIENT,0.8549,7824000,6688800,,,
2025-07-31,wk,2025-07-24,ADANIGREEN,0.6213,7504200,4662600,,,
2025-07-31,wk,2025-07-24,ADANIPORTS,0.6994,8309650,5812100,,,
2025-07-31,wk,2025-07-24,ALKEM,0.5435,325875,177125,,,
2025-07-31,wk,2025-07-24,AMBER,0.5247,304200,159600,,,
2025-07-31,wk,2025-07-24,AMBUJACEM,0.9047,8013600,7250250,,,
2025-07-31,wk,2025-07-24,ANGELONE,0.5607,3870000,2170000,,,
2025-07-31,wk,2025-07-24,APLAPOLLO,0.5608,2971850,1666700,,,
2025-07-31,wk,2025-07-24,APOLLOHOSP,0.527,1864875,982750,,,
2025-07-31,wk,2025-07-24,ASHOKLEY,0.7648,31350000,23975000,,,
2025-07-31,wk,2025-07-24,ASIANPAINT,0.4952,9020000,4467000,,,
2025-07-31,wk,2025-07-24,ASTRAL,0.4505,3397450,1530425,,,
2025-07-31,wk,2025-07-24,ATGL,0.4746,3871875,1837500,,,
2025-07-31,wk,2025-07-24,AUBANK,0.5391,11165000,6019000,,,
2025-07-31,wk,2025-07-24,AUROPHARMA,0.7173,4134900,2966150,,,
2025-07-31,wk,2025-07-24,AXISBANK,0.3754,51875625,19473750,,,
2025-07-31,wk,2025-07-24,BAJAJ-AUTO,0.6203,1590750,986775,,,
2025-07-31,wk,2025-07-24,BAJAJFINSV,0.5705,8037500,4585500,,,
2025-07-31,wk,2025-07-24,BAJFINANCE,0.8163,25064250,20459250,,,
2025-07-31,wk,2025-07-24,BALKRISIND,0.6764,1349700,912900,,,
2025-07-31,wk,2025-07-24,BANDHANBNK,0.5655,35920800,20314800,,,
2025-07-31,wk,2025-07-24,BANKBARODA,0.8589,49941450,42895125,,,
2025-07-31,wk,2025-07-24,BANKINDIA,0.6023,38506000,23192000,,,
2025-07-31,wk,2025-07-24,BDL,0.359,5597800,2009475,,,
2025-07-31,wk,2025-07-24,BEL,0.557,98510250,54865350,,,
2025-07-31,wk,2025-07-24,BHARATFORG,0.6882,4054500,2790500,,,
2025-07-31,wk,2025-07-24,BHARTIARTL,0.4415,19813675,8747125,,,
2025-07-31,wk,2025-07-24,BHEL,0.5483,34316625,18816000,,,
2025-07-31,wk,2025-07-24,BIOCON,0.6439,23087500,14865000,,,
2025-07-31,wk,2025-07-24,BLUESTARCO,0.8562,1534975,1314300,,,
2025-07-31,wk,2025-07-24,BOSCHLTD,0.5091,424550,216150,,,
2025-07-31,wk,2025-07-24,BPCL,0.6934,19062700,13218675,,,
2025-07-31,wk,2025-07-24,BRITANNIA,0.6204,781000,484500,,,
2025-07-31,wk,2025-07-24,BSE,0.549,18157875,9968625,,,
2025-07-31,wk,2025-07-24,BSOFT,0.4251,9818900,4174300,,,
2025-07-31,wk,2025-07-24,CAMS,0.7136,1131300,807300,,,
2025-07-31,wk,2025-07-24,CANBK,0.863,155371500,134082000,,,
2025-07-31,wk,2025-07-24,CDSL,0.5684,9284825,5277725,,,
2025-07-31,wk,2025-07-24,CESC,0.4426,11237500,4973500,,,
2025-07-31,wk,2025-07-24,CGPOWER,0.6069,6645300,4033250,,,
2025-07-31,wk,2025-07-24,CHAMBLFERT,0.4641,5586000,2592550,,,
2025-07-31,wk,2025-07-24,CHOLAFIN,0.7346,4090625,3005000,,,
2025-07-31,wk,2025-07-24,CIPLA,0.512,5487000,2809500,,,
2025-07-31,wk,2025-07-24,COALINDIA,0.7438,39256650,29197800,,,
2025-07-31,wk,2025-07-24,COFORGE,0.3733,16252125,6066375,,,
2025-07-31,wk,2025-07-24,COLPAL,0.6589,2864475,1887300,,,
2025-07-31,wk,2025-07-24,CONCOR,0.6084,8493750,5167500,,,
2025-07-31,wk,2025-07-24,CROMPTON,0.6659,7417800,4939200,,,
2025-07-31,wk,2025-07-24,CUMMINSIND,0.8697,744600,647600,,,
2025-07-31,wk,2025-07-24,CYIENT,0.8196,1613725,1322600,,,
2025-07-31,wk,2025-07-24,DABUR,1.0286,12637500,12998750,,,
2025-07-31,wk,2025-07-24,DALBHARAT,0.5584,1292200,721500,,,
2025-07-31,wk,2025-07-24,DELHIVERY,0.8234,7250050,5969775,,,
2025-07-31,wk,2025-07-24,DIVISLAB,0.5605,1175100,658600,,,
2025-07-31,wk,2025-07-24,DIXON,1.0264,1356850,1392700,,,
2025-07-31,wk,2025-07-24,DLF,0.5414,18885075,10224225,,,
2025-07-31,wk,2025-07-24,DMART,0.463,2809800,1300950,,,
2025-07-31,wk,2025-07-24,DRREDDY,0.4034,13364375,5391250,,,
2025-07-31,wk,2025-07-24,EICHERMOT,0.5016,1968050,987175,,,
2025-07-31,wk,2025-07-24,ETERNAL,1.1605,97703250,113388150,,,
2025-07-31,wk,2025-07-24,EXIDEIND,0.5458,14563800,7948800,,,
2025-07-31,wk,2025-07-24,FEDERALBNK,0.6427,48535000,31195000,,,
2025-07-31,wk,2025-07-24,FORTIS,0.7309,3547950,2593150,,,
2025-07-31,wk,2025-07-24,GAIL,0.6563,46286100,30375450,,,
2025-07-31,wk,2025-07-24,GLENMARK,0.8881,7407750,6579000,,,
2025-07-31,wk,2025-07-24,GMRAIRPORT,0.4779,91811925,43879725,,,
2025-07-31,wk,2025-07-24,GODREJCP,0.6007,2937500,1764500,,,
2025-07-31,wk,2025-07-24,GODREJPROP,0.5814,2999425,1743775,,,
2025-07-31,wk,2025-07-24,GRANULES,0.4389,5564200,2442400,,,
2025-07-31,wk,2025-07-24,GRASIM,0.4868,2286000,1112750,,,
2025-07-31,wk,2025-07-24,HAL,0.4787,7377300,3531450,,,
2025-07-31,wk,2025-07-24,HAVELLS,0.8553,3330000,2848000,,,
2025-07-31,wk,2025-07-24,HCLTECH,0.3856,16350950,6305250,,,
2025-07-31,wk,2025-07-24,HDFCAMC,0.7171,1808250,1296750,,,
2025-07-31,wk,2025-07-24,HDFCBANK,0.6237,33973500,21188200,,,
2025-07-31,wk,2025-07-24,HDFCLIFE,0.4906,19991400,9808700,,,
2025-07-31,wk,2025-07-24,HEROMOTOCO,0.5222,4278150,2233950,,,
2025-07-31,wk,2025-07-24,HFCL,0.6479,33082050,21433350,,,
2025-07-31,wk,2025-07-24,HINDALCO,0.5882,16728600,9839200,,,
2025-07-31,wk,2025-07-24,HINDCOPPER,0.4524,11803100,5339750,,,
2025-07-31,wk,2025-07-24,HINDPETRO,0.7089,15938775,11299500,,,
2025-07-31,wk,2025-07-24,HINDUNILVR,0.6597,9877500,6516300,,,
2025-07-31,wk,2025-07-24,HINDZINC,0.5914,20445250,12090750,,,
2025-07-31,wk,2025-07-24,HUDCO,0.5738,17618475,10109325,,,
2025-07-31,wk,2025-07-24,ICICIBANK,0.9702,24986500,24242400,,,
2025-07-31,wk,2025-07-24,ICICIGI,0.3797,2743000,1041625,,,
2025-07-31,wk,2025-07-24,ICICIPRULI,0.4185,8649675,3619525,,,
2025-07-31,wk,2025-07-24,IDEA,0.5295,1466952900,776718825,,,
2025-07-31,wk,2025-07-24,IDFCFIRSTB,0.6607,143001950,94475150,,,
2025-07-31,wk,2025-07-24,IEX,2.5357,37155000,94215000,,,
2025-07-31,wk,2025-07-24,IGL,0.5082,16255250,8261000,,,
2025-07-31,wk,2025-07-24,IIFL,0.7877,4103550,3232350,,,
2025-07-31,wk,2025-07-24,INDHOTEL,0.6451,10401000,6710000,,,
2025-07-31,wk,2025-07-24,INDIANB,0.6656,3508000,2335000,,,
2025-07-31,wk,2025-07-24,INDIGO,0.8265,3203250,2647350,,,
2025-07-31,wk,2025-07-24,INDUSINDBK,0.5086,20617800,10486700,,,
2025-07-31,wk,2025-07-24,INDUSTOWER,0.5899,15558400,9178300,,,
2025-07-31,wk,2025-07-24,INFY,0.4871,35754800,17416400,,,
2025-07-31,wk,2025-07-24,INOXWIND,0.5078,17892300,9084825,,,
2025-07-31,wk,2025-07-24,IOC,0.6992,66441375,46458750,,,
2025-07-31,wk,2025-07-24,IRB,0.4154,41422900,17208950,,,
2025-07-31,wk,2025-07-24,IRCTC,0.6625,8725500,5780250,,,
2025-07-31,wk,2025-07-24,IREDA,0.5202,35410800,18419550,,,
2025-07-31,wk,2025-07-24,IRFC,0.5092,50804500,25869750,,,
2025-07-31,wk,2025-07-24,ITC,0.5665,56788800,32172800,,,
2025-07-31,wk,2025-07-24,JINDALSTEL,0.9238,4689375,4331875,,,
2025-07-31,wk,2025-07-24,JIOFIN,0.563,87307200,49157300,,,
2025-07-31,wk,2025-07-24,JSL,0.5653,2213400,1251200,,,
2025-07-31,wk,2025-07-24,JSWENERGY,0.5192,11287000,5860000,,,
2025-07-31,wk,2025-07-24,JSWSTEEL,0.6721,8673750,5829975,,,
2025-07-31,wk,2025-07-24,JUBLFOOD,0.3982,8912500,3548750,,,
2025-07-31,wk,2025-07-24,KALYANKJIL,0.7184,6229850,4475575,,,
2025-07-31,wk,2025-07-24,KAYNES,0.4443,564900,251000,,,
2025-07-31,wk,2025-07-24,KEI,0.4941,968975,478800,,,
2025-07-31,wk,2025-07-24,KFINTECH,0.4018,1090800,438300,,,
2025-07-31,wk,2025-07-24,KOTAKBANK,0.7812,8682400,6782800,,,
2025-07-31,wk,2025-07-24,KPITTECH,0.6769,3227200,2184400,,,
2025-07-31,wk,2025-07-24,LAURUSLABS,1.0792,17450500,18832600,,,
2025-07-31,wk,2025-07-24,LICHSGFIN,0.9067,8605000,7802000,,,
2025-07-31,wk,2025-07-24,LICI,0.5097,5040700,2569000,,,
2025-07-31,wk,2025-07-24,LODHA,0.5309,3002850,1594350,,,
2025-07-31,wk,2025-07-24,LT,0.3585,10222800,3664500,,,
2025-07-31,wk,2025-07-24,LTF,0.7689,39943824,30711946,,,
2025-07-31,wk,2025-07-24,LTIM,0.6342,1020750,647400,,,
2025-07-31,wk,2025-07-24,LUPIN,0.6662,3782925,2520250,,,
2025-07-31,wk,2025-07-24,M&M,0.5986,5937000,3554000,,,
2025-07-31,wk,2025-07-24,M&MFIN,0.4284,12046104,5160560,,,
2025-07-31,wk,2025-07-24,MANAPPURAM,0.6602,15549000,10266000,,,
2025-07-31,wk,2025-07-24,MANKIND,0.5249,1025325,538200,,,
2025-07-31,wk,2025-07-24,MARICO,0.5362,7546800,4046400,,,
2025-07-31,wk,2025-07-24,MARUTI,0.3403,3122000,1062450,,,
2025-07-31,wk,2025-07-24,MAXHEALTH,0.4203,3109050,1306725,,,
2025-07-31,wk,2025-07-24,MAZDOCK,0.4021,3035200,1220450,,,
2025-07-31,wk,2025-07-24,MCX,0.5441,3152625,1715500,,,
2025-07-31,wk,2025-07-24,MFSL,0.8134,1693600,1377600,,,
2025-07-31,wk,2025-07-24,MGL,0.4412,3567600,1574000,,,
2025-07-31,wk,2025-07-24,MOTHERSON,0.7025,45134850,31709400,,,
2025-07-31,wk,2025-07-24,MPHASIS,1.0249,1268850,1300475,,,
2025-07-31,wk,2025-07-24,MUTHOOTFIN,0.4526,2852850,1291125,,,
2025-07-31,wk,2025-07-24,NATIONALUM,0.7118,24615000,17520000,,,
2025-07-31,wk,2025-07-24,NAUKRI,0.5856,2224125,1302375,,,
2025-07-31,wk,2025-07-24,NBCC,0.4882,29198000,14254500,,,
2025-07-31,wk,2025-07-24,NCC,0.4887,11331900,5537700,,,
2025-07-31,wk,2025-07-24,NESTLEIND,0.6392,4165500,2662500,,,
2025-07-31,wk,2025-07-24,NHPC,0.499,22393600,11174400,,,
2025-07-31,wk,2025-07-24,NMDC,0.7589,141304500,107230500,,,
2025-07-31,wk,2025-07-24,NTPC,0.334,80317500,26827500,,,
2025-07-31,wk,2025-07-24,NYKAA,0.5957,17243750,10271875,,,
2025-07-31,wk,2025-07-24,OBEROIRLTY,0.48,3115700,1495550,,,
2025-07-31,wk,2025-07-24,OFSS,0.5818,801375,466200,,,
2025-07-31,wk,2025-07-24,OIL,0.5547,7624400,4229400,,,
2025-07-31,wk,2025-07-24,ONGC,0.2949,77028750,22713750,,,
2025-07-31,wk,2025-07-24,PAGEIND,0.2404,99660,23955,,,
2025-07-31,wk,2025-07-24,PATANJALI,0.5223,4531500,2366700,,,
2025-07-31,wk,2025-07-24,PAYTM,1.0183,12176375,12399675,,,
2025-07-31,wk,2025-07-24,PEL,0.7359,3987000,2934000,,,
2025-07-31,wk,2025-07-24,PERSISTENT,0.4019,4055000,1629900,,,
2025-07-31,wk,2025-07-24,PETRONET,0.646,14481000,9354600,,,
2025-07-31,wk,2025-07-24,PFC,0.7134,24278800,17321200,,,
2025-07-31,wk,2025-07-24,PGEL,0.4324,2319800,1003100,,,
2025-07-31,wk,2025-07-24,PHOENIXLTD,0.6441,1261750,812700,,,
2025-07-31,wk,2025-07-24,PIDILITIND,0.4708,1202750,566250,,,
2025-07-31,wk,2025-07-24,PIIND,0.6058,476350,288575,,,
2025-07-31,wk,2025-07-24,PNB,0.7202,142080000,102328000,,,
2025-07-31,wk,2025-07-24,PNBHOUSING,0.5679,3758950,2134600,,,
2025-07-31,wk,2025-07-24,POLICYBZR,0.6601,1752450,1156750,,,
2025-07-31,wk,2025-07-24,POLYCAB,0.5971,1873500,1118750,,,
2025-07-31,wk,2025-07-24,POONAWALLA,0.6461,5438300,3513900,,,
2025-07-31,wk,2025-07-24,POWERGRID,0.5434,28638700,15562900,,,
2025-07-31,wk,2025-07-24,PPLPHARMA,0.4142,8927500,3697500,,,
2025-07-31,wk,2025-07-24,PRESTIGE,0.6294,1801800,1134000,,,
2025-07-31,wk,2025-07-24,RBLBANK,0.684,16436975,11242675,,,
2025-07-31,wk,2025-07-24,RECLTD,0.6985,33055650,23088975,,,
2025-07-31,wk,2025-07-24,RELIANCE,0.4201,110263500,46322000,,,
2025-07-31,wk,2025-07-24,RVNL,0.3179,10513250,3342625,,,
2025-07-31,wk,2025-07-24,SAIL,0.7333,34737700,25474000,,,
2025-07-31,wk,2025-07-24,SBICARD,0.5158,12238400,6312800,,,
2025-07-31,wk,2025-07-24,SBILIFE,0.3706,5171250,1916250,,,
2025-07-31,wk,2025-07-24,SBIN,0.4995,88086000,43996500,,,
2025-07-31,wk,2025-07-24,SHREECEM,0.4973,144925,72075,,,
2025-07-31,wk,2025-07-24,SHRIRAMFIN,0.5832,13151325,7669200,,,
2025-07-31,wk,2025-07-24,SIEMENS,0.4113,1977125,813125,,,
2025-07-31,wk,2025-07-24,SJVN,0.4237,20368625,8630375,,,
2025-07-31,wk,2025-07-24,SOLARINDS,0.7756,684300,530775,,,
2025-07-31,wk,2025-07-24,SONACOMS,0.5238,7681800,4023600,,,
2025-07-31,wk,2025-07-24,SRF,0.5939,2368400,1406600,,,
2025-07-31,wk,2025-07-24,SUNPHARMA,0.3792,9717750,3685150,,,
2025-07-31,wk,2025-07-24,SUPREMEIND,0.7832,679000,531825,,,
2025-07-31,wk,2025-07-24,SYNGENE,0.5756,5186000,2985000,,,
2025-07-31,wk,2025-07-24,TATACHEM,0.6101,6135350,3743350,,,
2025-07-31,wk,2025-07-24,TATACOMM,0.5038,2741900,1381450,,,
2025-07-31,wk,2025-07-24,TATACONSUM,0.6062,8846750,5363050,,,
2025-07-31,wk,2025-07-24,TATAELXSI,0.8474,733500,621600,,,
2025-07-31,wk,2025-07-24,TATAMOTORS,0.7009,44036800,30867200,,,
2025-07-31,wk,2025-07-24,TATAPOWER,0.6737,35081300,23635000,,,
2025-07-31,wk,2025-07-24,TATASTEEL,0.7196,132478500,95326000,,,
2025-07-31,wk,2025-07-24,TATATECH,0.6116,6775200,4144000,,,
2025-07-31,wk,2025-07-24,TCS,0.5025,27753950,13947325,,,
2025-07-31,wk,2025-07-24,TECHM,0.4386,15688200,6880800,,,
2025-07-31,wk,2025-07-24,TIINDIA,0.5377,683600,367600,,,
2025-07-31,wk,2025-07-24,TITAGARH,0.5583,3107350,1734925,,,
2025-07-31,wk,2025-07-24,TITAN,0.4959,6291775,3120250,,,
2025-07-31,wk,2025-07-24,TORNTPHARM,0.5621,1273750,716000,,,
2025-07-31,wk,2025-07-24,TORNTPOWER,0.4826,1122000,541500,,,
2025-07-31,wk,2025-07-24,TRENT,0.3988,8464800,3376100,,,
2025-07-31,wk,2025-07-24,TVSMOTOR,0.6243,2791950,1743000,,,
2025-07-31,wk,2025-07-24,ULTRACEMCO,0.3982,1866050,743000,,,
2025-07-31,wk,2025-07-24,UNIONBANK,0.7481,41913600,31355550,,,
2025-07-31,wk,2025-07-24,UNITDSPR,0.7009,6066800,4252400,,,
2025-07-31,wk,2025-07-24,UNOMINDA,0.348,1673650,582450,,,
2025-07-31,wk,2025-07-24,UPL,0.7834,15018820,11765465,,,
2025-07-31,wk,2025-07-24,VBL,0.4407,20040800,8832425,,,
2025-07-31,wk,2025-07-24,VEDL,1.0109,30402550,30734900,,,
2025-07-31,wk,2025-07-24,VOLTAS,0.8206,3507750,2878500,,,
2025-07-31,wk,2025-07-24,WIPRO,0.4834,81039000,39174000,,,
2025-07-31,wk,2025-07-24,YESBANK,0.6021,443361600,266962400,,,
2025-07-31,wk,2025-07-24,ZYDUSLIFE,0.7935,3194100,2534400,,,
2025-08-28,on,2025-08-28,360ONE,0.842,1145500,964500,1100.0,1100.0,2025-09-30
2025-08-28,on,2025-08-28,ABB,0.7457,1344250,1002375,5500.0,5000.0,2025-09-30
2025-08-28,on,2025-08-28,ABCAPITAL,0.5681,22955500,13041700,300.0,270.0,2025-09-30
2025-08-28,on,2025-08-28,ABFRL,0.8123,17394000,14128400,,,
2025-08-28,on,2025-08-28,ADANIENSOL,0.8168,2730375,2230200,820.0,800.0,2025-09-30
2025-08-28,on,2025-08-28,ADANIENT,0.9473,7842900,7429200,2600.0,2600.0,2025-09-30
2025-08-28,on,2025-08-28,ADANIGREEN,0.8336,4207200,3507000,1000.0,1000.0,2025-09-30
2025-08-28,on,2025-08-28,ADANIPORTS,0.8041,8143875,6548825,1400.0,1400.0,2025-09-30
2025-08-28,on,2025-08-28,ALKEM,0.9673,324500,313875,5500.0,5500.0,2025-09-30
2025-08-28,on,2025-08-28,AMBER,0.5504,632500,348100,7500.0,7500.0,2025-09-30
2025-08-28,on,2025-08-28,AMBUJACEM,0.6522,10324650,6733650,650.0,650.0,2025-09-30
2025-08-28,on,2025-08-28,ANGELONE,0.5449,3593000,1957750,2600.0,2200.0,2025-09-30
2025-08-28,on,2025-08-28,APLAPOLLO,0.7134,1454600,1037750,1600.0,1600.0,2025-09-30
2025-08-28,on,2025-08-28,APOLLOHOSP,0.9291,1277250,1186750,8000.0,7900.0,2025-09-30
2025-08-28,on,2025-08-28,ASHOKLEY,0.891,44695000,39825000,135.0,120.0,2025-09-30
2025-08-28,on,2025-08-28,ASIANPAINT,0.5571,6448750,3592750,2600.0,2500.0,2025-09-30
2025-08-28,on,2025-08-28,ASTRAL,0.8077,2645625,2136900,1500.0,1300.0,2025-09-30
2025-08-28,on,2025-08-28,ATGL,0.5843,1162000,679000,,,
2025-08-28,on,2025-08-28,AUBANK,0.5717,6302000,3603000,800.0,700.0,2025-09-30
2025-08-28,on,2025-08-28,AUROPHARMA,0.6395,5512650,3525500,1100.0,1000.0,2025-09-30
2025-08-28,on,2025-08-28,AXISBANK,0.6394,18918750,12097500,1100.0,1100.0,2025-09-30
2025-08-28,on,2025-08-28,BAJAJ-AUTO,0.7461,1287900,960900,9000.0,8200.0,2025-09-30
2025-08-28,on,2025-08-28,BAJAJFINSV,0.699,6090000,4257000,2000.0,1900.0,2025-09-30
2025-08-28,on,2025-08-28,BAJFINANCE,0.6395,20343000,13010250,900.0,900.0,2025-09-30
2025-08-28,on,2025-08-28,BANDHANBNK,0.7257,22982400,16678800,175.0,170.0,2025-09-30
2025-08-28,on,2025-08-28,BANKBARODA,0.8138,49218975,40054950,250.0,250.0,2025-09-30
2025-08-28,on,2025-08-28,BANKINDIA,0.8227,16712800,13748800,115.0,100.0,2025-09-30
2025-08-28,on,2025-08-28,BDL,0.7146,2443350,1745900,1600.0,1500.0,2025-09-30
2025-08-28,on,2025-08-28,BEL,0.5614,73766550,41413350,400.0,370.0,2025-09-30
2025-08-28,on,2025-08-28,BHARATFORG,0.759,3990000,3028500,1200.0,1120.0,2025-09-30
2025-08-28,on,2025-08-28,BHARTIARTL,0.4387,15469325,6785850,2000.0,1900.0,2025-09-30
2025-08-28,on,2025-08-28,BHEL,0.589,37506000,22092000,220.0,220.0,2025-09-30
2025-08-28,on,2025-08-28,BIOCON,0.6363,17805000,11330000,400.0,350.0,2025-09-30
2025-08-28,on,2025-08-28,BLUESTARCO,0.6777,826800,560300,2000.0,1900.0,2025-09-30
2025-08-28,on,2025-08-28,BOSCHLTD,0.442,158200,69925,40000.0,38000.0,2025-09-30
2025-08-28,on,2025-08-28,BPCL,0.5439,19692725,10710425,320.0,300.0,2025-09-30
2025-08-28,on,2025-08-28,BRITANNIA,0.9299,895375,832625,6200.0,5700.0,2025-09-30
2025-08-28,on,2025-08-28,BSE,0.5476,12360750,6769125,2400.0,2200.0,2025-09-30
2025-08-28,on,2025-08-28,CAMS,0.7719,711000,548850,3900.0,3800.0,2025-09-30
2025-08-28,on,2025-08-28,CANBK,0.6939,109437750,75944250,110.0,115.0,2025-09-30
2025-08-28,on,2025-08-28,CDSL,0.6873,7081300,4867325,1600.0,1600.0,2025-09-30
2025-08-28,on,2025-08-28,CESC,0.382,7989500,3052250,,,
2025-08-28,on,2025-08-28,CGPOWER,0.716,3570000,2555950,680.0,680.0,2025-09-30
2025-08-28,on,2025-08-28,CHOLAFIN,0.9811,2178125,2136875,1500.0,1500.0,2025-09-30
2025-08-28,on,2025-08-28,CIPLA,0.7919,3931500,3113250,1600.0,1500.0,2025-09-30
2025-08-28,on,2025-08-28,COALINDIA,0.7752,31455000,24383700,400.0,450.0,2025-09-30
2025-08-28,on,2025-08-28,COFORGE,0.7638,3471750,2651625,1800.0,1700.0,2025-09-30
2025-08-28,on,2025-08-28,COLPAL,0.7943,1723725,1369125,2300.0,2300.0,2025-09-30
2025-08-28,on,2025-08-28,CONCOR,0.7654,8561250,6552500,600.0,600.0,2025-09-30
2025-08-28,on,2025-08-28,CROMPTON,1.0236,4573800,4681800,330.0,300.0,2025-09-30
2025-08-28,on,2025-08-28,CUMMINSIND,0.9262,634200,587400,3900.0,3900.0,2025-09-30
2025-08-28,on,2025-08-28,CYIENT,0.6015,1178525,708900,1300.0,1000.0,2025-09-30
2025-08-28,on,2025-08-28,DABUR,0.6495,10161250,6600000,550.0,500.0,2025-09-30
2025-08-28,on,2025-08-28,DALBHARAT,0.6681,527800,352625,2400.0,2000.0,2025-09-30
2025-08-28,on,2025-08-28,DELHIVERY,1.0638,7409825,7882925,500.0,420.0,2025-09-30
2025-08-28,on,2025-08-28,DIVISLAB,0.8755,1006600,881300,6500.0,6000.0,2025-09-30
2025-08-28,on,2025-08-28,DIXON,0.8552,736350,629750,17000.0,17000.0,2025-09-30
2025-08-28,on,2025-08-28,DLF,0.7379,13746975,10144200,800.0,800.0,2025-09-30
2025-08-28,on,2025-08-28,DMART,0.8185,1252950,1025550,4800.0,4500.0,2025-09-30
2025-08-28,on,2025-08-28,DRREDDY,0.7115,7145625,5084375,1280.0,1200.0,2025-09-30
2025-08-28,on,2025-08-28,EICHERMOT,0.8065,2135350,1722175,6200.0,5500.0,2025-09-30
2025-08-28,on,2025-08-28,ETERNAL,0.6925,70892450,49096550,300.0,300.0,2025-09-30
2025-08-28,on,2025-08-28,EXIDEIND,0.6616,15499800,10254600,400.0,400.0,2025-09-30
2025-08-28,on,2025-08-28,FEDERALBNK,0.6048,52685000,31865000,210.0,190.0,2025-09-30
2025-08-28,on,2025-08-28,FORTIS,0.7592,2786900,2115750,950.0,900.0,2025-09-30
2025-08-28,on,2025-08-28,GAIL,0.7124,45205650,32202450,180.0,170.0,2025-09-30
2025-08-28,on,2025-08-28,GLENMARK,0.5766,2485500,1433250,2200.0,1900.0,2025-09-30
2025-08-28,on,2025-08-28,GMRAIRPORT,0.3538,72023850,25479675,95.0,90.0,2025-09-30
2025-08-28,on,2025-08-28,GODREJCP,0.7265,1828000,1328000,1300.0,1140.0,2025-09-30
2025-08-28,on,2025-08-28,GODREJPROP,0.7016,2736250,1919775,2100.0,2000.0,2025-09-30
2025-08-28,on,2025-08-28,GRANULES,0.5935,2454225,1456625,,,
2025-08-28,on,2025-08-28,GRASIM,0.7711,1561500,1204000,2900.0,2600.0,2025-09-30
2025-08-28,on,2025-08-28,HAL,0.7497,5439600,4078200,4500.0,4000.0,2025-09-30
2025-08-28,on,2025-08-28,HAVELLS,0.9198,1471500,1353500,1600.0,1460.0,2025-09-30
2025-08-28,on,2025-08-28,HCLTECH,0.6361,7573650,4817400,1500.0,1500.0,2025-09-30
2025-08-28,on,2025-08-28,HDFCAMC,0.7208,867150,625050,5500.0,5500.0,2025-09-30
2025-08-28,on,2025-08-28,HDFCBANK,0.5332,44655600,23808400,1000.0,950.0,2025-09-30
2025-08-28,on,2025-08-28,HDFCLIFE,0.8062,9990200,8054200,800.0,800.0,2025-09-30
2025-08-28,on,2025-08-28,HEROMOTOCO,0.7536,3419700,2577150,5200.0,5000.0,2025-09-30
2025-08-28,on,2025-08-28,HFCL,0.5929,34920300,20704500,75.0,70.0,2025-09-30
2025-08-28,on,2025-08-28,HINDALCO,0.708,15005200,10623200,750.0,700.0,2025-09-30
2025-08-28,on,2025-08-28,HINDPETRO,0.6139,17192250,10554300,400.0,400.0,2025-09-30
2025-08-28,on,2025-08-28,HINDUNILVR,0.5837,7189200,4196100,2800.0,2600.0,2025-09-30
2025-08-28,on,2025-08-28,HINDZINC,0.5664,11448850,6485150,440.0,410.0,2025-09-30
2025-08-28,on,2025-08-28,HUDCO,0.671,11641125,7811625,220.0,220.0,2025-09-30
2025-08-28,on,2025-08-28,ICICIBANK,0.5678,23195900,13171200,1500.0,1400.0,2025-09-30
2025-08-28,on,2025-08-28,ICICIGI,0.6162,1187225,731575,2100.0,2000.0,2025-09-30
2025-08-28,on,2025-08-28,ICICIPRULI,0.6032,2566875,1548450,650.0,600.0,2025-09-30
2025-08-28,on,2025-08-28,IDEA,0.4832,2075419575,1002794250,7.0,7.0,2025-09-30
2025-08-28,on,2025-08-28,IDFCFIRSTB,0.6737,114128875,76889750,70.0,70.0,2025-09-30
2025-08-28,on,2025-08-28,IEX,0.7534,38767500,29208750,150.0,140.0,2025-09-30
2025-08-28,on,2025-08-28,IGL,0.6555,9388500,6154500,210.0,210.0,2025-09-30
2025-08-28,on,2025-08-28,IIFL,0.6725,4610100,3100350,460.0,440.0,2025-09-30
2025-08-28,on,2025-08-28,INDHOTEL,0.6279,8731000,5482000,800.0,750.0,2025-09-30
2025-08-28,on,2025-08-28,INDIANB,0.8319,1951000,1623000,680.0,600.0,2025-09-30
2025-08-28,on,2025-08-28,INDIGO,0.7223,2979000,2151750,6000.0,5500.0,2025-09-30
2025-08-28,on,2025-08-28,INDUSINDBK,0.7383,16102100,11887400,800.0,800.0,2025-09-30
2025-08-28,on,2025-08-28,INDUSTOWER,0.6259,26089900,16330200,350.0,350.0,2025-09-30
2025-08-28,on,2025-08-28,INFY,0.7721,16311600,12594400,1600.0,1500.0,2025-09-30
2025-08-28,on,2025-08-28,INOXWIND,0.5678,20525256,11654864,150.0,140.0,2025-09-30
2025-08-28,on,2025-08-28,IOC,0.7754,49383750,38293125,139.5,140.0,2025-09-30
2025-08-28,on,2025-08-28,IRB,0.3934,24482475,9631875,,,
2025-08-28,on,2025-08-28,IRCTC,0.6909,9131500,6308750,800.0,700.0,2025-09-30
2025-08-28,on,2025-08-28,IREDA,0.5732,21955800,12585600,150.0,150.0,2025-09-30
2025-08-28,on,2025-08-28,IRFC,0.3842,39924500,15338250,140.0,130.0,2025-09-30
2025-08-28,on,2025-08-28,ITC,0.578,60561600,35006400,410.0,400.0,2025-09-30
2025-08-28,on,2025-08-28,JINDALSTEL,0.8864,3495000,3098125,1050.0,950.0,2025-09-30
2025-08-28,on,2025-08-28,JIOFIN,0.6146,65130250,40027550,340.0,350.0,2025-09-30
2025-08-28,on,2025-08-28,JSL,1.0374,1454350,1508750,,,
2025-08-28,on,2025-08-28,JSWENERGY,0.6855,8200000,5621000,530.0,480.0,2025-09-30
2025-08-28,on,2025-08-28,JSWSTEEL,0.7097,6720300,4769550,1100.0,1000.0,2025-09-30
2025-08-28,on,2025-08-28,JUBLFOOD,0.6744,5573750,3758750,700.0,610.0,2025-09-30
2025-08-28,on,2025-08-28,KALYANKJIL,0.4739,16005850,7585800,520.0,500.0,2025-09-30
2025-08-28,on,2025-08-28,KAYNES,0.7841,597900,468800,6300.0,6300.0,2025-09-30
2025-08-28,on,2025-08-28,KEI,0.848,375375,318325,4000.0,4000.0,2025-09-30
2025-08-28,on,2025-08-28,KFINTECH,0.5255,1060200,557100,1100.0,1050.0,2025-09-30
2025-08-28,on,2025-08-28,KOTAKBANK,0.5868,9719200,5702800,2000.0,2000.0,2025-09-30
2025-08-28,on,2025-08-28,KPITTECH,0.7165,2109600,1511600,1300.0,1200.0,2025-09-30
2025-08-28,on,2025-08-28,LAURUSLABS,0.6133,11201300,6869700,900.0,800.0,2025-09-30
2025-08-28,on,2025-08-28,LICHSGFIN,0.6475,11587000,7503000,600.0,600.0,2025-09-30
2025-08-28,on,2025-08-28,LICI,0.5939,5067300,3009300,900.0,900.0,2025-09-30
2025-08-28,on,2025-08-28,LODHA,0.57,1904850,1085850,1300.0,1300.0,2025-09-30
2025-08-28,on,2025-08-28,LT,0.5942,4875675,2896950,3600.0,3600.0,2025-09-30
2025-08-28,on,2025-08-28,LTF,0.9834,32621682,32081780,220.0,220.0,2025-09-30
2025-08-28,on,2025-08-28,LTIM,0.6991,673950,471150,5300.0,5000.0,2025-09-30
2025-08-28,on,2025-08-28,LUPIN,0.7403,2793100,2067625,2000.0,1800.0,2025-09-30
2025-08-28,on,2025-08-28,M&M,0.7717,5845000,4510400,3300.0,3400.0,2025-09-30
2025-08-28,on,2025-08-28,MANAPPURAM,0.7975,13749000,10965000,270.0,260.0,2025-09-30
2025-08-28,on,2025-08-28,MANKIND,0.5135,650700,334125,2600.0,2500.0,2025-09-30
2025-08-28,on,2025-08-28,MARICO,0.5294,5929200,3139200,800.0,700.0,2025-09-30
2025-08-28,on,2025-08-28,MARUTI,1.0692,3817400,4081700,15000.0,14000.0,2025-09-30
2025-08-28,on,2025-08-28,MAXHEALTH,0.3903,4100250,1600200,1300.0,1300.0,2025-09-30
2025-08-28,on,2025-08-28,MAZDOCK,0.5279,2209550,1166375,2800.0,2700.0,2025-09-30
2025-08-28,on,2025-08-28,MCX,0.5436,2142250,1164500,8000.0,7500.0,2025-09-30
2025-08-28,on,2025-08-28,MFSL,0.7899,1192000,941600,1800.0,1500.0,2025-09-30
2025-08-28,on,2025-08-28,MOTHERSON,0.5096,61100250,31137450,100.0,95.0,2025-09-30
2025-08-28,on,2025-08-28,MPHASIS,0.6627,817850,542025,3000.0,2900.0,2025-09-30
2025-08-28,on,2025-08-28,MUTHOOTFIN,0.6187,3224650,1995125,2700.0,2700.0,2025-09-30
2025-08-28,on,2025-08-28,NATIONALUM,0.7211,23568750,16995000,200.0,200.0,2025-09-30
2025-08-28,on,2025-08-28,NAUKRI,0.8198,1427250,1170000,1500.0,1300.0,2025-09-30
2025-08-28,on,2025-08-28,NBCC,0.4499,20618000,9275500,105.0,100.0,2025-09-30
2025-08-28,on,2025-08-28,NCC,0.6669,7408800,4941000,220.0,220.0,2025-09-30
2025-08-28,on,2025-08-28,NESTLEIND,0.9308,3473500,3233000,1200.0,1100.0,2025-09-30
2025-08-28,on,2025-08-28,NHPC,0.5127,24390400,12505600,85.0,80.0,2025-09-30
2025-08-28,on,2025-08-28,NMDC,0.669,153130500,102438000,75.0,71.0,2025-09-30
2025-08-28,on,2025-08-28,NTPC,0.4951,49359000,24436500,340.0,380.0,2025-09-30
2025-08-28,on,2025-08-28,NUVAMA,0.6937,203700,141300,7000.0,6400.0,2025-09-30
2025-08-28,on,2025-08-28,NYKAA,0.6737,16375000,11031250,230.0,230.0,2025-09-30
2025-08-28,on,2025-08-28,OBEROIRLTY,0.6614,1320900,873600,1700.0,1600.0,2025-09-30
2025-08-28,on,2025-08-28,OFSS,0.6089,331350,201750,9000.0,8800.0,2025-09-30
2025-08-28,on,2025-08-28,OIL,0.5732,4572400,2620800,420.0,400.0,2025-09-30
2025-08-28,on,2025-08-28,ONGC,0.4132,55424250,22900500,240.0,235.0,2025-09-30
2025-08-28,on,2025-08-28,PAGEIND,0.439,78390,34410,48000.0,42000.0,2025-09-30
2025-08-28,on,2025-08-28,PATANJALI,0.5226,1950600,1019400,1800.0,1800.0,2025-09-30
2025-08-28,on,2025-08-28,PAYTM,0.6802,13189200,8971150,1400.0,1200.0,2025-09-30
2025-08-28,on,2025-08-28,PERSISTENT,0.7122,706700,503300,5500.0,5000.0,2025-09-30
2025-08-28,on,2025-08-28,PETRONET,0.9001,20026800,18025200,280.0,280.0,2025-09-30
2025-08-28,on,2025-08-28,PFC,0.8067,28706600,23158200,420.0,390.0,2025-09-30
2025-08-28,on,2025-08-28,PGEL,0.6443,6741000,4343500,600.0,500.0,2025-09-30
2025-08-28,on,2025-08-28,PHOENIXLTD,0.6849,717500,491400,1600.0,1500.0,2025-09-30
2025-08-28,on,2025-08-28,PIDILITIND,0.5736,1047250,600750,3300.0,3000.0,2025-09-30
2025-08-28,on,2025-08-28,PIIND,0.7532,536025,403725,3900.0,3500.0,2025-09-30
2025-08-28,on,2025-08-28,PNB,0.5371,151808000,81536000,110.0,100.0,2025-09-30
2025-08-28,on,2025-08-28,PNBHOUSING,0.5622,8567650,4817150,800.0,800.0,2025-09-30
2025-08-28,on,2025-08-28,POLICYBZR,0.7966,882700,703150,1900.0,1800.0,2025-09-30
2025-08-28,on,2025-08-28,POLYCAB,0.7677,596750,458125,7200.0,7200.0,2025-09-30
2025-08-28,on,2025-08-28,POONAWALLA,0.7609,1948200,1482400,,,
2025-08-28,on,2025-08-28,POWERGRID,0.5423,25993900,14096100,300.0,280.0,2025-09-30
2025-08-28,on,2025-08-28,PPLPHARMA,0.6225,6317500,3932500,200.0,190.0,2025-09-30
2025-08-28,on,2025-08-28,PRESTIGE,0.5715,1831500,1046700,1700.0,1400.0,2025-09-30
2025-08-28,on,2025-08-28,RBLBANK,0.4193,11934825,5003800,270.0,240.0,2025-09-30
2025-08-28,on,2025-08-28,RECLTD,0.6711,37421250,25113675,400.0,380.0,2025-09-30
2025-08-28,on,2025-08-28,RELIANCE,0.6882,56604000,38955000,1400.0,1400.0,2025-09-30
2025-08-28,on,2025-08-28,RVNL,0.5763,9319750,5370750,320.0,300.0,2025-09-30
2025-08-28,on,2025-08-28,SAIL,0.6281,34516800,21681100,125.0,120.0,2025-09-30
2025-08-28,on,2025-08-28,SBICARD,0.7352,4783200,3516800,900.0,900.0,2025-09-30
2025-08-28,on,2025-08-28,SBILIFE,0.3994,3572250,1426875,1900.0,1900.0,2025-09-30
2025-08-28,on,2025-08-28,SBIN,0.6552,50777250,33269250,820.0,800.0,2025-09-30
2025-08-28,on,2025-08-28,SHREECEM,0.4911,77225,37925,31000.0,29000.0,2025-09-30
2025-08-28,on,2025-08-28,SHRIRAMFIN,0.6028,12118425,7304550,600.0,580.0,2025-09-30
2025-08-28,on,2025-08-28,SIEMENS,0.5498,1113625,612250,3200.0,3100.0,2025-09-30
2025-08-28,on,2025-08-28,SJVN,0.753,10439875,7860750,,,
2025-08-28,on,2025-08-28,SOLARINDS,0.6116,459750,281175,15000.0,13000.0,2025-09-30
2025-08-28,on,2025-08-28,SONACOMS,0.6902,4971750,3431400,500.0,410.0,2025-09-30
2025-08-28,on,2025-08-28,SRF,0.6588,1606800,1058600,3000.0,3000.0,2025-09-30
2025-08-28,on,2025-08-28,SUNPHARMA,0.7871,5385100,4238850,1600.0,1500.0,2025-09-30
2025-08-28,on,2025-08-28,SUPREMEIND,0.7852,304675,239225,5000.0,4200.0,2025-09-30
2025-08-28,on,2025-08-28,SUZLON,0.3006,169848000,51056000,65.0,60.0,2025-09-30
2025-08-28,on,2025-08-28,SYNGENE,0.5763,2542000,1465000,650.0,650.0,2025-09-30
2025-08-28,on,2025-08-28,TATACHEM,0.5279,4732650,2498600,980.0,1000.0,2025-09-30
2025-08-28,on,2025-08-28,TATACONSUM,0.666,3514500,2340800,1100.0,1100.0,2025-09-30
2025-08-28,on,2025-08-28,TATAELXSI,0.5594,607800,340000,6500.0,5500.0,2025-09-30
2025-08-28,on,2025-08-28,TATAMOTORS,0.7305,40807200,29809600,700.0,700.0,2025-09-30
2025-08-28,on,2025-08-28,TATAPOWER,0.7256,33489200,24299100,400.0,400.0,2025-09-30
2025-08-28,on,2025-08-28,TATASTEEL,0.5209,130432500,67936000,160.0,150.0,2025-09-30
2025-08-28,on,2025-08-28,TATATECH,0.6842,4071200,2785600,700.0,700.0,2025-09-30
2025-08-28,on,2025-08-28,TCS,0.8442,11896675,10042725,3200.0,3100.0,2025-09-30
2025-08-28,on,2025-08-28,TECHM,0.805,5096400,4102800,1500.0,1500.0,2025-09-30
2025-08-28,on,2025-08-28,TIINDIA,0.4911,609600,299400,3200.0,3000.0,2025-09-30
2025-08-28,on,2025-08-28,TITAGARH,0.8349,2125700,1774800,860.0,800.0,2025-09-30
2025-08-28,on,2025-08-28,TITAN,0.8881,2217425,1969275,3600.0,3600.0,2025-09-30
2025-08-28,on,2025-08-28,TORNTPHARM,0.545,588500,320750,3650.0,3400.0,2025-09-30
2025-08-28,on,2025-08-28,TORNTPOWER,0.8113,771000,625500,1300.0,1300.0,2025-09-30
2025-08-28,on,2025-08-28,TRENT,0.5824,2464400,1435300,5600.0,5000.0,2025-09-30
2025-08-28,on,2025-08-28,TVSMOTOR,0.9496,2383850,2263800,3500.0,3200.0,2025-09-30
2025-08-28,on,2025-08-28,ULTRACEMCO,0.6429,669700,430550,13000.0,12000.0,2025-09-30
2025-08-28,on,2025-08-28,UNIONBANK,0.4617,36771750,16978725,130.0,130.0,2025-09-30
2025-08-28,on,2025-08-28,UNITDSPR,0.9525,3425200,3262400,1400.0,1300.0,2025-09-30
2025-08-28,on,2025-08-28,UNOMINDA,0.8446,1713250,1447050,1300.0,1160.0,2025-09-30
2025-08-28,on,2025-08-28,UPL,0.581,12467355,7243830,730.0,700.0,2025-09-30
2025-08-28,on,2025-08-28,VBL,0.6015,10784025,6486200,600.0,500.0,2025-09-30
2025-08-28,on,2025-08-28,VEDL,0.9663,21157700,20444700,434.0,434.0,2025-09-30
2025-08-28,on,2025-08-28,VOLTAS,0.8488,2939625,2495250,1400.0,1300.0,2025-09-30
2025-08-28,on,2025-08-28,WIPRO,0.6518,54234000,35349000,260.0,250.0,2025-09-30
2025-08-28,on,2025-08-28,YESBANK,0.6195,412448200,255517600,20.0,20.0,2025-09-30
2025-08-28,on,2025-08-28,ZYDUSLIFE,0.7527,4472100,3366000,1100.0,900.0,2025-09-30
2025-08-28,wk,2025-08-21,360ONE,0.6102,1304500,796000,,,
2025-08-28,wk,2025-08-21,ABB,0.6333,1857500,1176375,,,
2025-08-28,wk,2025-08-21,ABCAPITAL,0.6849,26926600,18441900,,,
2025-08-28,wk,2025-08-21,ABFRL,0.6128,19151600,11736400,,,
2025-08-28,wk,2025-08-21,ADANIENSOL,0.6751,3807675,2570400,,,
2025-08-28,wk,2025-08-21,ADANIENT,0.9114,9756600,8892000,,,
2025-08-28,wk,2025-08-21,ADANIGREEN,0.7561,5245800,3966600,,,
2025-08-28,wk,2025-08-21,ADANIPORTS,0.7229,9397400,6792975,,,
2025-08-28,wk,2025-08-21,ALKEM,0.8856,539625,477875,,,
2025-08-28,wk,2025-08-21,AMBER,0.5007,1040000,520700,,,
2025-08-28,wk,2025-08-21,AMBUJACEM,0.5804,11181450,6490050,,,
2025-08-28,wk,2025-08-21,ANGELONE,0.8524,2785250,2374250,,,
2025-08-28,wk,2025-08-21,APLAPOLLO,0.8918,2040850,1820000,,,
2025-08-28,wk,2025-08-21,APOLLOHOSP,1.2194,1872750,2283625,,,
2025-08-28,wk,2025-08-21,ASHOKLEY,0.9161,52290000,47905000,,,
2025-08-28,wk,2025-08-21,ASIANPAINT,0.6307,6633750,4183750,,,
2025-08-28,wk,2025-08-21,ASTRAL,0.8637,3730225,3221925,,,
2025-08-28,wk,2025-08-21,ATGL,0.6467,1807750,1169000,,,
2025-08-28,wk,2025-08-21,AUBANK,0.5907,8889000,5251000,,,
2025-08-28,wk,2025-08-21,AUROPHARMA,0.5241,8034950,4211350,,,
2025-08-28,wk,2025-08-21,AXISBANK,0.5579,21290000,11876875,,,
2025-08-28,wk,2025-08-21,BAJAJ-AUTO,0.6892,1697550,1170000,,,
2025-08-28,wk,2025-08-21,BAJAJFINSV,0.689,6818500,4698000,,,
2025-08-28,wk,2025-08-21,BAJFINANCE,0.5579,28449750,15872250,,,
2025-08-28,wk,2025-08-21,BANDHANBNK,0.8028,21196800,17017200,,,
2025-08-28,wk,2025-08-21,BANKBARODA,0.9402,42819075,40256775,,,
2025-08-28,wk,2025-08-21,BANKINDIA,0.9464,15922400,15069600,,,
2025-08-28,wk,2025-08-21,BDL,0.5942,3439150,2043600,,,
2025-08-28,wk,2025-08-21,BEL,0.5418,83727300,45366300,,,
2025-08-28,wk,2025-08-21,BHARATFORG,0.7041,3614500,2545000,,,
2025-08-28,wk,2025-08-21,BHARTIARTL,0.4535,18081350,8199450,,,
2025-08-28,wk,2025-08-21,BHEL,0.5596,40453875,22638000,,,
2025-08-28,wk,2025-08-21,BIOCON,0.6303,21577500,13600000,,,
2025-08-28,wk,2025-08-21,BLUESTARCO,0.7149,985075,704275,,,
2025-08-28,wk,2025-08-21,BOSCHLTD,0.3172,384350,121925,,,
2025-08-28,wk,2025-08-21,BPCL,0.5448,22933700,12493850,,,
2025-08-28,wk,2025-08-21,BRITANNIA,0.6893,1223875,843625,,,
2025-08-28,wk,2025-08-21,BSE,0.5596,16271250,9105750,,,
2025-08-28,wk,2025-08-21,CAMS,0.6286,948000,595950,,,
2025-08-28,wk,2025-08-21,CANBK,0.8049,89032500,71658000,,,
2025-08-28,wk,2025-08-21,CDSL,0.654,8582775,5613075,,,
2025-08-28,wk,2025-08-21,CESC,0.4825,9827375,4741500,,,
2025-08-28,wk,2025-08-21,CGPOWER,0.5712,3964400,2264400,,,
2025-08-28,wk,2025-08-21,CHOLAFIN,0.9799,2612500,2560000,,,
2025-08-28,wk,2025-08-21,CIPLA,0.8306,4654500,3866250,,,
2025-08-28,wk,2025-08-21,COALINDIA,0.8437,31315950,26420850,,,
2025-08-28,wk,2025-08-21,COFORGE,0.7542,4368000,3294375,,,
2025-08-28,wk,2025-08-21,COLPAL,0.7979,1612800,1286775,,,
2025-08-28,wk,2025-08-21,CONCOR,0.6886,8858750,6100000,,,
2025-08-28,wk,2025-08-21,CROMPTON,0.8243,5697000,4696200,,,
2025-08-28,wk,2025-08-21,CUMMINSIND,0.8158,1084400,884600,,,
2025-08-28,wk,2025-08-21,CYIENT,0.4463,1317075,587775,,,
2025-08-28,wk,2025-08-21,DABUR,0.5152,11638750,5996250,,,
2025-08-28,wk,2025-08-21,DALBHARAT,0.5502,501475,275925,,,
2025-08-28,wk,2025-08-21,DELHIVERY,0.8495,11402125,9686100,,,
2025-08-28,wk,2025-08-21,DIVISLAB,0.6394,1506200,963000,,,
2025-08-28,wk,2025-08-21,DIXON,0.6579,1198450,788500,,,
2025-08-28,wk,2025-08-21,DLF,0.5521,18222600,10060875,,,
2025-08-28,wk,2025-08-21,DMART,0.9186,1581000,1452300,,,
2025-08-28,wk,2025-08-21,DRREDDY,0.8033,7370000,5920625,,,
2025-08-28,wk,2025-08-21,EICHERMOT,0.7566,2233700,1689975,,,
2025-08-28,wk,2025-08-21,ETERNAL,0.7558,73528425,55573725,,,
2025-08-28,wk,2025-08-21,EXIDEIND,0.6013,18667800,11224800,,,
2025-08-28,wk,2025-08-21,FEDERALBNK,0.7557,51120000,38630000,,,
2025-08-28,wk,2025-08-21,FORTIS,0.7795,4167950,3248800,,,
2025-08-28,wk,2025-08-21,GAIL,0.7852,38291400,30066750,,,
2025-08-28,wk,2025-08-21,GLENMARK,0.5056,3927000,1985625,,,
2025-08-28,wk,2025-08-21,GMRAIRPORT,0.4594,72784125,33438150,,,
2025-08-28,wk,2025-08-21,GODREJCP,0.7582,2162500,1639500,,,
2025-08-28,wk,2025-08-21,GODREJPROP,0.5881,3901425,2294600,,,
2025-08-28,wk,2025-08-21,GRANULES,0.5227,4008675,2095175,,,
2025-08-28,wk,2025-08-21,GRASIM,0.7151,2090000,1494500,,,
2025-08-28,wk,2025-08-21,HAL,0.5415,9131850,4945350,,,
2025-08-28,wk,2025-08-21,HAVELLS,0.8748,2141000,1873000,,,
2025-08-28,wk,2025-08-21,HCLTECH,0.6531,8479800,5538400,,,
2025-08-28,wk,2025-08-21,HDFCAMC,0.7057,1031100,727650,,,
2025-08-28,wk,2025-08-21,HDFCBANK,0.7034,21890550,15398350,,,
2025-08-28,wk,2025-08-21,HDFCLIFE,0.8149,12413500,10115600,,,
2025-08-28,wk,2025-08-21,HEROMOTOCO,0.9379,4616850,4330050,,,
2025-08-28,wk,2025-08-21,HFCL,0.5751,31198650,17943900,,,
2025-08-28,wk,2025-08-21,HINDALCO,0.7051,17568600,12387200,,,
2025-08-28,wk,2025-08-21,HINDPETRO,0.5837,18787950,10967400,,,
2025-08-28,wk,2025-08-21,HINDUNILVR,0.6235,8262000,5151600,,,
2025-08-28,wk,2025-08-21,HINDZINC,0.6292,9842875,6193600,,,
2025-08-28,wk,2025-08-21,HUDCO,0.559,15037725,8405475,,,
2025-08-28,wk,2025-08-21,ICICIBANK,0.6245,22507100,14056700,,,
2025-08-28,wk,2025-08-21,ICICIGI,0.4866,1275625,620750,,,
2025-08-28,wk,2025-08-21,ICICIPRULI,0.6791,3142225,2133975,,,
2025-08-28,wk,2025-08-21,IDEA,0.4359,1661865225,724470600,,,
2025-08-28,wk,2025-08-21,IDFCFIRSTB,0.6901,103583200,71482425,,,
2025-08-28,wk,2025-08-21,IEX,0.7537,39663750,29895000,,,
2025-08-28,wk,2025-08-21,IGL,0.636,9369250,5959250,,,
2025-08-28,wk,2025-08-21,IIFL,0.5794,5202450,3014550,,,
2025-08-28,wk,2025-08-21,INDHOTEL,0.8008,8725000,6987000,,,
2025-08-28,wk,2025-08-21,INDIANB,0.7095,2799000,1986000,,,
2025-08-28,wk,2025-08-21,INDIGO,0.984,1753800,1725750,,,
2025-08-28,wk,2025-08-21,INDUSINDBK,0.5541,20610800,11421200,,,
2025-08-28,wk,2025-08-21,INDUSTOWER,0.6562,22742600,14924300,,,
2025-08-28,wk,2025-08-21,INFY,0.6809,23636800,16093600,,,
2025-08-28,wk,2025-08-21,INOXWIND,0.5604,20855728,11687584,,,
2025-08-28,wk,2025-08-21,IOC,0.7882,48009000,37839750,,,
2025-08-28,wk,2025-08-21,IRB,0.5035,29958050,15084100,,,
2025-08-28,wk,2025-08-21,IRCTC,0.6483,9520875,6172250,,,
2025-08-28,wk,2025-08-21,IREDA,0.5473,21645300,11847300,,,
2025-08-28,wk,2025-08-21,IRFC,0.4118,39329500,16196750,,,
2025-08-28,wk,2025-08-21,ITC,0.5572,61963200,34528000,,,
2025-08-28,wk,2025-08-21,JINDALSTEL,0.756,4598125,3476250,,,
2025-08-28,wk,2025-08-21,JIOFIN,0.6804,62970600,42842850,,,
2025-08-28,wk,2025-08-21,JSL,0.5527,3280150,1813050,,,
2025-08-28,wk,2025-08-21,JSWENERGY,1.0147,9475000,9614000,,,
2025-08-28,wk,2025-08-21,JSWSTEEL,0.7596,8556300,6499575,,,
2025-08-28,wk,2025-08-21,JUBLFOOD,0.5073,8168750,4143750,,,
2025-08-28,wk,2025-08-21,KALYANKJIL,0.3503,28230550,9888800,,,
2025-08-28,wk,2025-08-21,KAYNES,0.6199,974800,604300,,,
2025-08-28,wk,2025-08-21,KEI,0.6717,535675,359800,,,
2025-08-28,wk,2025-08-21,KFINTECH,0.546,1003050,547650,,,
2025-08-28,wk,2025-08-21,KOTAKBANK,0.6957,7954800,5534400,,,
2025-08-28,wk,2025-08-21,KPITTECH,0.7467,2780800,2076400,,,
2025-08-28,wk,2025-08-21,LAURUSLABS,0.6571,14463600,9504700,,,
2025-08-28,wk,2025-08-21,LICHSGFIN,0.6609,12067000,7975000,,,
2025-08-28,wk,2025-08-21,LICI,0.5492,6068300,3332700,,,
2025-08-28,wk,2025-08-21,LODHA,0.5315,2452050,1303200,,,
2025-08-28,wk,2025-08-21,LT,0.5233,5915000,3095225,,,
2025-08-28,wk,2025-08-21,LTF,1.0828,30234512,32737694,,,
2025-08-28,wk,2025-08-21,LTIM,0.7305,793800,579900,,,
2025-08-28,wk,2025-08-21,LUPIN,0.6813,3982675,2713200,,,
2025-08-28,wk,2025-08-21,M&M,0.8502,7257000,6170000,,,
2025-08-28,wk,2025-08-21,MANAPPURAM,0.8447,18471000,15603000,,,
2025-08-28,wk,2025-08-21,MANKIND,0.5916,928800,549450,,,
2025-08-28,wk,2025-08-21,MARICO,0.6227,6726000,4188000,,,
2025-08-28,wk,2025-08-21,MARUTI,1.1152,4406150,4913850,,,
2025-08-28,wk,2025-08-21,MAXHEALTH,0.4238,3804150,1612275,,,
2025-08-28,wk,2025-08-21,MAZDOCK,0.3992,2667350,1064875,,,
2025-08-28,wk,2025-08-21,MCX,0.542,2386250,1293250,,,
2025-08-28,wk,2025-08-21,MFSL,0.9212,1604800,1478400,,,
2025-08-28,wk,2025-08-21,MOTHERSON,0.7283,48658800,35436300,,,
2025-08-28,wk,2025-08-21,MPHASIS,0.931,769450,716375,,,
2025-08-28,wk,2025-08-21,MUTHOOTFIN,0.5606,5565725,3120150,,,
2025-08-28,wk,2025-08-21,NATIONALUM,0.7759,24630000,19110000,,,
2025-08-28,wk,2025-08-21,NAUKRI,0.7373,1743000,1285125,,,
2025-08-28,wk,2025-08-21,NBCC,0.5258,17231500,9061000,,,
2025-08-28,wk,2025-08-21,NCC,0.7323,7473600,5472900,,,
2025-08-28,wk,2025-08-21,NESTLEIND,0.8812,4332000,3817500,,,
2025-08-28,wk,2025-08-21,NHPC,0.527,20025600,10553600,,,
2025-08-28,wk,2025-08-21,NMDC,0.7545,130194000,98226000,,,
2025-08-28,wk,2025-08-21,NTPC,0.8834,48244500,42618000,,,
2025-08-28,wk,2025-08-21,NUVAMA,0.5471,352875,193050,,,
2025-08-28,wk,2025-08-21,NYKAA,0.6925,14581250,10096875,,,
2025-08-28,wk,2025-08-21,OBEROIRLTY,0.5255,1859550,977200,,,
2025-08-28,wk,2025-08-21,OFSS,0.5865,354975,208200,,,
2025-08-28,wk,2025-08-21,OIL,0.5603,5294800,2966600,,,
2025-08-28,wk,2025-08-21,ONGC,0.4494,53453250,24021000,,,
2025-08-28,wk,2025-08-21,PAGEIND,0.3348,115635,38715,,,
2025-08-28,wk,2025-08-21,PATANJALI,0.4268,2640300,1126800,,,
2025-08-28,wk,2025-08-21,PAYTM,0.8526,13762675,11733400,,,
2025-08-28,wk,2025-08-21,PERSISTENT,0.5946,1186700,705600,,,
2025-08-28,wk,2025-08-21,PETRONET,1.1236,14490000,16281000,,,
2025-08-28,wk,2025-08-21,PFC,0.8206,27483300,22552400,,,
2025-08-28,wk,2025-08-21,PGEL,0.4766,11289600,5380900,,,
2025-08-28,wk,2025-08-21,PHOENIXLTD,0.7141,821450,586600,,,
2025-08-28,wk,2025-08-21,PIDILITIND,0.7645,986250,754000,,,
2025-08-28,wk,2025-08-21,PIIND,0.6136,906675,556325,,,
2025-08-28,wk,2025-08-21,PNB,0.6025,126704000,76344000,,,
2025-08-28,wk,2025-08-21,PNBHOUSING,0.4024,12121850,4878250,,,
2025-08-28,wk,2025-08-21,POLICYBZR,0.851,963200,819700,,,
2025-08-28,wk,2025-08-21,POLYCAB,0.727,870000,632500,,,
2025-08-28,wk,2025-08-21,POONAWALLA,0.7571,2952900,2235500,,,
2025-08-28,wk,2025-08-21,POWERGRID,0.5552,22872200,12699600,,,
2025-08-28,wk,2025-08-21,PPLPHARMA,0.6118,7437500,4550000,,,
2025-08-28,wk,2025-08-21,PRESTIGE,0.4022,3145050,1264950,,,
2025-08-28,wk,2025-08-21,RBLBANK,0.5618,18005425,10115550,,,
2025-08-28,wk,2025-08-21,RECLTD,0.6576,32441100,21334575,,,
2025-08-28,wk,2025-08-21,RELIANCE,0.6555,56977500,37348500,,,
2025-08-28,wk,2025-08-21,RVNL,0.6142,9919250,6092625,,,
2025-08-28,wk,2025-08-21,SAIL,0.628,35644800,22386100,,,
2025-08-28,wk,2025-08-21,SBICARD,0.6769,5514400,3732800,,,
2025-08-28,wk,2025-08-21,SBILIFE,0.4166,3889125,1620375,,,
2025-08-28,wk,2025-08-21,SBIN,0.7325,55413750,40590750,,,
2025-08-28,wk,2025-08-21,SHREECEM,0.4148,100525,41700,,,
2025-08-28,wk,2025-08-21,SHRIRAMFIN,0.6202,9508950,5897100,,,
2025-08-28,wk,2025-08-21,SIEMENS,0.7262,1353625,983000,,,
2025-08-28,wk,2025-08-21,SJVN,0.6376,16890625,10768875,,,
2025-08-28,wk,2025-08-21,SOLARINDS,0.5007,602475,301650,,,
2025-08-28,wk,2025-08-21,SONACOMS,0.6389,5429550,3469200,,,
2025-08-28,wk,2025-08-21,SRF,0.5015,2650400,1329200,,,
2025-08-28,wk,2025-08-21,SUNPHARMA,0.6403,6520500,4175150,,,
2025-08-28,wk,2025-08-21,SUPREMEIND,0.4933,586775,289450,,,
2025-08-28,wk,2025-08-21,SUZLON,0.3996,139536000,55752000,,,
2025-08-28,wk,2025-08-21,SYNGENE,0.624,2782000,1736000,,,
2025-08-28,wk,2025-08-21,TATACHEM,0.4763,5778500,2752100,,,
2025-08-28,wk,2025-08-21,TATACONSUM,0.7787,3751000,2921050,,,
2025-08-28,wk,2025-08-21,TATAELXSI,0.4542,655400,297700,,,
2025-08-28,wk,2025-08-21,TATAMOTORS,0.7785,45831200,35681600,,,
2025-08-28,wk,2025-08-21,TATAPOWER,0.7279,32997650,24019250,,,
2025-08-28,wk,2025-08-21,TATASTEEL,0.6302,113498000,71527500,,,
2025-08-28,wk,2025-08-21,TATATECH,0.6653,3934400,2617600,,,
2025-08-28,wk,2025-08-21,TCS,0.6869,17404625,11954775,,,
2025-08-28,wk,2025-08-21,TECHM,0.8965,6246600,5599800,,,
2025-08-28,wk,2025-08-21,TIINDIA,0.5735,635400,364400,,,
2025-08-28,wk,2025-08-21,TITAGARH,0.922,2380175,2194575,,,
2025-08-28,wk,2025-08-21,TITAN,1.028,2359525,2425675,,,
2025-08-28,wk,2025-08-21,TORNTPHARM,0.5384,653750,352000,,,
2025-08-28,wk,2025-08-21,TORNTPOWER,0.5658,1022625,578625,,,
2025-08-28,wk,2025-08-21,TRENT,0.5357,3215300,1722400,,,
2025-08-28,wk,2025-08-21,TVSMOTOR,1.0038,3328500,3341100,,,
2025-08-28,wk,2025-08-21,ULTRACEMCO,0.6455,807100,521000,,,
2025-08-28,wk,2025-08-21,UNIONBANK,0.7234,30262575,21890475,,,
2025-08-28,wk,2025-08-21,UNITDSPR,0.8052,3614400,2910400,,,
2025-08-28,wk,2025-08-21,UNOMINDA,1.02,1484450,1514150,,,
2025-08-28,wk,2025-08-21,UPL,0.5615,14844025,8334605,,,
2025-08-28,wk,2025-08-21,VBL,0.5106,16362075,8354775,,,
2025-08-28,wk,2025-08-21,VEDL,0.9689,25770350,24967650,,,
2025-08-28,wk,2025-08-21,VOLTAS,0.9447,3496500,3303000,,,
2025-08-28,wk,2025-08-21,WIPRO,0.6802,56706000,38574000,,,
2025-08-28,wk,2025-08-21,YESBANK,0.7056,293895000,207374800,,,
2025-08-28,wk,2025-08-21,ZYDUSLIFE,0.9368,3020400,2829600,,,
2025-09-30,on,2025-09-30,360ONE,0.6236,1250000,779500,1100.0,1100.0,2025-10-28
2025-09-30,on,2025-09-30,ABB,0.7773,908000,705750,5400.0,5200.0,2025-10-28
2025-09-30,on,2025-09-30,ABCAPITAL,0.5141,23203500,11928800,300.0,280.0,2025-10-28
2025-09-30,on,2025-09-30,ADANIENSOL,0.479,5921775,2836350,1000.0,900.0,2025-10-28
2025-09-30,on,2025-09-30,ADANIENT,0.6649,9687600,6441300,2700.0,2500.0,2025-10-28
2025-09-30,on,2025-09-30,ADANIGREEN,0.5313,12533400,6658800,1200.0,1000.0,2025-10-28
2025-09-30,on,2025-09-30,ADANIPORTS,0.6774,10149800,6875150,1500.0,1400.0,2025-10-28
2025-09-30,on,2025-09-30,ALKEM,0.9438,204750,193250,6000.0,5600.0,2025-10-28
2025-09-30,on,2025-09-30,AMBER,0.5777,685000,395700,8500.0,7500.0,2025-10-28
2025-09-30,on,2025-09-30,AMBUJACEM,0.6464,15318450,9901500,600.0,650.0,2025-10-28
2025-09-30,on,2025-09-30,ANGELONE,0.7224,2875500,2077250,2200.0,2000.0,2025-10-28
2025-09-30,on,2025-09-30,APLAPOLLO,0.7018,1228850,862400,1700.0,1700.0,2025-10-28
2025-09-30,on,2025-09-30,APOLLOHOSP,0.6018,814375,490125,8000.0,7600.0,2025-10-28
2025-09-30,on,2025-09-30,ASHOKLEY,0.8283,67350000,55785000,145.0,140.0,2025-10-28
2025-09-30,on,2025-09-30,ASIANPAINT,0.4497,6858500,3084500,2500.0,2400.0,2025-10-28
2025-09-30,on,2025-09-30,ASTRAL,0.4812,3145850,1513850,1500.0,1400.0,2025-10-28
2025-09-30,on,2025-09-30,AUBANK,0.8297,5543000,4599000,800.0,720.0,2025-10-28
2025-09-30,on,2025-09-30,AUROPHARMA,1.0026,3553000,3562350,1100.0,1100.0,2025-10-28
2025-09-30,on,2025-09-30,AXISBANK,0.5398,24740625,13355000,1200.0,1100.0,2025-10-28
2025-09-30,on,2025-09-30,BAJAJ-AUTO,0.4684,1826250,855375,9000.0,8500.0,2025-10-28
2025-09-30,on,2025-09-30,BAJAJFINSV,0.6966,5028000,3502500,2100.0,2000.0,2025-10-28
2025-09-30,on,2025-09-30,BAJFINANCE,0.7633,19299750,14732250,1100.0,1000.0,2025-10-28
2025-09-30,on,2025-09-30,BANDHANBNK,0.7903,31780800,25117200,170.0,160.0,2025-10-28
2025-09-30,on,2025-09-30,BANKBARODA,0.972,43225650,42014700,280.0,240.0,2025-10-28
2025-09-30,on,2025-09-30,BANKINDIA,0.7334,26993200,19796400,130.0,120.0,2025-10-28
2025-09-30,on,2025-09-30,BDL,0.691,2828150,1954225,1600.0,1450.0,2025-10-28
2025-09-30,on,2025-09-30,BEL,0.6785,69605550,47227350,420.0,400.0,2025-10-28
2025-09-30,on,2025-09-30,BHARATFORG,0.9058,3871000,3506500,1300.0,1200.0,2025-10-28
2025-09-30,on,2025-09-30,BHARTIARTL,0.4751,11391450,5411675,2000.0,1900.0,2025-10-28
2025-09-30,on,2025-09-30,BHEL,0.9657,22863750,22078875,240.0,240.0,2025-10-28
2025-09-30,on,2025-09-30,BIOCON,0.5671,21690000,12300000,400.0,350.0,2025-10-28
2025-09-30,on,2025-09-30,BLUESTARCO,0.6376,791050,504400,2000.0,1800.0,2025-10-28
2025-09-30,on,2025-09-30,BOSCHLTD,0.5428,115325,62600,40000.0,38000.0,2025-10-28
2025-09-30,on,2025-09-30,BPCL,0.8715,12946125,11283175,350.0,330.0,2025-10-28
2025-09-30,on,2025-09-30,BRITANNIA,0.6291,1128125,709750,6000.0,5800.0,2025-10-28
2025-09-30,on,2025-09-30,BSE,0.7861,11436750,8989875,2200.0,2100.0,2025-10-28
2025-09-30,on,2025-09-30,CAMS,0.7543,728400,549450,4000.0,3800.0,2025-10-28
2025-09-30,on,2025-09-30,CANBK,1.2005,102708000,123302250,125.0,115.0,2025-10-28
2025-09-30,on,2025-09-30,CDSL,0.6867,6404425,4398025,1600.0,1500.0,2025-10-28
2025-09-30,on,2025-09-30,CGPOWER,0.6796,6440450,4376650,840.0,700.0,2025-10-28
2025-09-30,on,2025-09-30,CHOLAFIN,0.9837,2538125,2496875,1620.0,1500.0,2025-10-28
2025-09-30,on,2025-09-30,CIPLA,0.483,5404875,2610750,1600.0,1500.0,2025-10-28
2025-09-30,on,2025-09-30,COALINDIA,0.7353,27830250,20464650,400.0,450.0,2025-10-28
2025-09-30,on,2025-09-30,COFORGE,0.4889,7310250,3573750,1800.0,1600.0,2025-10-28
2025-09-30,on,2025-09-30,COLPAL,0.6373,2486250,1584450,2340.0,2300.0,2025-10-28
2025-09-30,on,2025-09-30,CONCOR,0.6633,10856250,7201250,600.0,520.0,2025-10-28
2025-09-30,on,2025-09-30,CROMPTON,0.591,16414200,9700200,320.0,300.0,2025-10-28
2025-09-30,on,2025-09-30,CUMMINSIND,0.8437,738200,622800,4000.0,3900.0,2025-10-28
2025-09-30,on,2025-09-30,CYIENT,0.5842,2034050,1188300,1300.0,1100.0,2025-10-28
2025-09-30,on,2025-09-30,DABUR,0.4915,18337500,9013750,550.0,500.0,2025-10-28
2025-09-30,on,2025-09-30,DALBHARAT,0.3823,1448525,553800,2500.0,2300.0,2025-10-28
2025-09-30,on,2025-09-30,DELHIVERY,0.481,8208700,3948725,500.0,440.0,2025-10-28
2025-09-30,on,2025-09-30,DIVISLAB,0.6578,1156500,760700,6000.0,6000.0,2025-10-28
2025-09-30,on,2025-09-30,DIXON,0.5492,1371850,753400,18000.0,16000.0,2025-10-28
2025-09-30,on,2025-09-30,DLF,0.6471,21172800,13701600,800.0,720.0,2025-10-28
2025-09-30,on,2025-09-30,DMART,0.4617,1729200,798300,4700.0,4500.0,2025-10-28
2025-09-30,on,2025-09-30,DRREDDY,0.5015,9692500,4861250,1300.0,1200.0,2025-10-28
2025-09-30,on,2025-09-30,EICHERMOT,0.8546,2689750,2298625,7500.0,6500.0,2025-10-28
2025-09-30,on,2025-09-30,ETERNAL,0.7051,66372250,46797650,320.0,320.0,2025-10-28
2025-09-30,on,2025-09-30,EXIDEIND,0.6205,16426800,10193400,400.0,400.0,2025-10-28
2025-09-30,on,2025-09-30,FEDERALBNK,0.7382,45255000,33405000,200.0,190.0,2025-10-28
2025-09-30,on,2025-09-30,FORTIS,0.9238,1811175,1673225,1000.0,900.0,2025-10-28
2025-09-30,on,2025-09-30,GAIL,0.6814,45467100,30983400,180.0,180.0,2025-10-28
2025-09-30,on,2025-09-30,GLENMARK,0.802,2358000,1891125,2200.0,1860.0,2025-10-28
2025-09-30,on,2025-09-30,GMRAIRPORT,0.4033,93827700,37839375,95.0,90.0,2025-10-28
2025-09-30,on,2025-09-30,GODREJCP,0.5882,3287000,1933500,1300.0,1100.0,2025-10-28
2025-09-30,on,2025-09-30,GODREJPROP,0.6172,3361050,2074600,2300.0,2000.0,2025-10-28
2025-09-30,on,2025-09-30,GRASIM,0.6305,2039000,1285500,2900.0,2700.0,2025-10-28
2025-09-30,on,2025-09-30,HAL,0.7789,4422900,3444900,5000.0,4800.0,2025-10-28
2025-09-30,on,2025-09-30,HAVELLS,0.5935,3116000,1849500,1600.0,1500.0,2025-10-28
2025-09-30,on,2025-09-30,HCLTECH,0.5867,8127350,4768050,1500.0,1400.0,2025-10-28
2025-09-30,on,2025-09-30,HDFCAMC,0.8873,652050,578550,5800.0,5500.0,2025-10-28
2025-09-30,on,2025-09-30,HDFCBANK,0.6631,43183800,28636300,1000.0,950.0,2025-10-28
2025-09-30,on,2025-09-30,HDFCLIFE,0.5416,9986900,5408700,800.0,760.0,2025-10-28
2025-09-30,on,2025-09-30,HEROMOTOCO,0.7448,2800350,2085600,6000.0,5200.0,2025-10-28
2025-09-30,on,2025-09-30,HFCL,0.6041,35126700,21220500,80.0,70.0,2025-10-28
2025-09-30,on,2025-09-30,HINDALCO,0.8379,13377000,11208400,800.0,750.0,2025-10-28
2025-09-30,on,2025-09-30,HINDPETRO,0.8114,17212500,13966425,440.0,430.0,2025-10-28
2025-09-30,on,2025-09-30,HINDUNILVR,0.3948,8862900,3498900,2600.0,2500.0,2025-10-28
2025-09-30,on,2025-09-30,HINDZINC,0.7124,16497075,11752650,500.0,460.0,2025-10-28
2025-09-30,on,2025-09-30,HUDCO,0.6966,13117425,9138075,240.0,220.0,2025-10-28
2025-09-30,on,2025-09-30,ICICIBANK,0.6234,26887000,16761500,1400.0,1400.0,2025-10-28
2025-09-30,on,2025-09-30,ICICIGI,0.8928,915525,817375,1900.0,1900.0,2025-10-28
2025-09-30,on,2025-09-30,ICICIPRULI,0.5912,3473375,2053500,620.0,600.0,2025-10-28
2025-09-30,on,2025-09-30,IDEA,0.675,2964640050,2001157050,10.0,6.0,2025-10-28
2025-09-30,on,2025-09-30,IDFCFIRSTB,0.6075,147704375,89735625,82.0,70.0,2025-10-28
2025-09-30,on,2025-09-30,IEX,0.6985,34691250,24232500,150.0,140.0,2025-10-28
2025-09-30,on,2025-09-30,IGL,0.6715,9902750,6649500,210.0,200.0,2025-10-28
2025-09-30,on,2025-09-30,IIFL,0.7845,3575550,2805000,450.0,440.0,2025-10-28
2025-09-30,on,2025-09-30,INDHOTEL,0.5227,15511000,8108000,800.0,750.0,2025-10-28
2025-09-30,on,2025-09-30,INDIANB,1.1122,3147000,3500000,800.0,700.0,2025-10-28
2025-09-30,on,2025-09-30,INDIGO,0.6188,2688900,1663800,6000.0,5500.0,2025-10-28
2025-09-30,on,2025-09-30,INDUSINDBK,1.0236,13760600,14085400,800.0,700.0,2025-10-28
2025-09-30,on,2025-09-30,INDUSTOWER,0.6801,26972200,18343000,400.0,340.0,2025-10-28
2025-09-30,on,2025-09-30,INFY,0.7299,26810000,19568000,1500.0,1500.0,2025-10-28
2025-09-30,on,2025-09-30,INOXWIND,0.5511,18908888,10421320,140.0,140.0,2025-10-28
2025-09-30,on,2025-09-30,IOC,0.8338,38795250,32345625,150.0,150.0,2025-10-28
2025-09-30,on,2025-09-30,IRCTC,0.7143,6705125,4789750,750.0,700.0,2025-10-28
2025-09-30,on,2025-09-30,IREDA,0.4562,29697600,13548150,160.0,150.0,2025-10-28
2025-09-30,on,2025-09-30,IRFC,0.5137,30918750,15882250,130.0,130.0,2025-10-28
2025-09-30,on,2025-09-30,ITC,0.6645,49412800,32835200,410.0,400.0,2025-10-28
2025-09-30,on,2025-09-30,JINDALSTEL,0.851,4528750,3853750,1100.0,1000.0,2025-10-28
2025-09-30,on,2025-09-30,JIOFIN,0.6187,76046000,47047000,320.0,300.0,2025-10-28
2025-09-30,on,2025-09-30,JSWENERGY,0.5906,9331000,5511000,550.0,550.0,2025-10-28
2025-09-30,on,2025-09-30,JSWSTEEL,0.8507,7497225,6378075,1200.0,1100.0,2025-10-28
2025-09-30,on,2025-09-30,JUBLFOOD,0.5462,7268750,3970000,650.0,600.0,2025-10-28
2025-09-30,on,2025-09-30,KALYANKJIL,0.4407,18866975,8314300,500.0,440.0,2025-10-28
2025-09-30,on,2025-09-30,KAYNES,0.6411,1043900,669200,7000.0,7000.0,2025-10-28
2025-09-30,on,2025-09-30,KEI,0.5911,446425,263900,4200.0,4100.0,2025-10-28
2025-09-30,on,2025-09-30,KFINTECH,0.5971,1489950,889650,1100.0,1100.0,2025-10-28
2025-09-30,on,2025-09-30,KOTAKBANK,0.8445,8107200,6846800,2000.0,2000.0,2025-10-28
2025-09-30,on,2025-09-30,KPITTECH,0.644,4012400,2584000,1200.0,1000.0,2025-10-28
2025-09-30,on,2025-09-30,LAURUSLABS,0.5276,16277500,8588400,900.0,800.0,2025-10-28
2025-09-30,on,2025-09-30,LICHSGFIN,0.7009,10347000,7252000,600.0,600.0,2025-10-28
2025-09-30,on,2025-09-30,LICI,0.5626,3922800,2207100,1000.0,900.0,2025-10-28
2025-09-30,on,2025-09-30,LODHA,0.5249,2740050,1438200,1200.0,1100.0,2025-10-28
2025-09-30,on,2025-09-30,LT,0.5566,7160125,3985450,3800.0,3600.0,2025-10-28
2025-09-30,on,2025-09-30,LTF,1.0064,26508742,26678298,250.0,240.0,2025-10-28
2025-09-30,on,2025-09-30,LTIM,0.7526,1116600,840300,5500.0,5000.0,2025-10-28
2025-09-30,on,2025-09-30,LUPIN,0.6965,2939300,2047225,2000.0,1900.0,2025-10-28
2025-09-30,on,2025-09-30,M&M,0.5941,7220200,4289800,3500.0,3400.0,2025-10-28
2025-09-30,on,2025-09-30,MANAPPURAM,0.6472,15270000,9882000,300.0,260.0,2025-10-28
2025-09-30,on,2025-09-30,MANKIND,0.6193,774225,479475,2600.0,2400.0,2025-10-28
2025-09-30,on,2025-09-30,MARICO,0.5383,5606400,3018000,740.0,680.0,2025-10-28
2025-09-30,on,2025-09-30,MARUTI,0.761,4447100,3384300,17000.0,15000.0,2025-10-28
2025-09-30,on,2025-09-30,MAXHEALTH,0.5557,3734325,2075325,1200.0,1240.0,2025-10-28
2025-09-30,on,2025-09-30,MAZDOCK,0.5079,3178700,1614550,3000.0,2800.0,2025-10-28
2025-09-30,on,2025-09-30,MCX,0.6625,1783250,1181375,8000.0,7500.0,2025-10-28
2025-09-30,on,2025-09-30,MFSL,0.6021,1296800,780800,1600.0,1500.0,2025-10-28
2025-09-30,on,2025-09-30,MOTHERSON,0.8364,67496250,56457000,115.0,100.0,2025-10-28
2025-09-30,on,2025-09-30,MPHASIS,0.6264,1954150,1224025,3000.0,2500.0,2025-10-28
2025-09-30,on,2025-09-30,MUTHOOTFIN,0.7062,2367200,1671725,3000.0,3000.0,2025-10-28
2025-09-30,on,2025-09-30,NATIONALUM,0.8613,31833750,27420000,220.0,210.0,2025-10-28
2025-09-30,on,2025-09-30,NAUKRI,0.4434,2640375,1170750,1400.0,1400.0,2025-10-28
2025-09-30,on,2025-09-30,NBCC,0.5107,31869500,16276000,110.0,110.0,2025-10-28
2025-09-30,on,2025-09-30,NCC,0.5163,10872900,5613300,210.0,210.0,2025-10-28
2025-09-30,on,2025-09-30,NESTLEIND,0.4025,5137000,2067500,1200.0,1180.0,2025-10-28
2025-09-30,on,2025-09-30,NHPC,0.5605,34860800,19539200,90.0,85.0,2025-10-28
2025-09-30,on,2025-09-30,NMDC,0.9223,127872000,117936000,80.0,84.0,2025-10-28
2025-09-30,on,2025-09-30,NTPC,0.7985,30676500,24496500,350.0,380.0,2025-10-28
2025-09-30,on,2025-09-30,NUVAMA,0.6017,313500,188625,6500.0,6000.0,2025-10-28
2025-09-30,on,2025-09-30,NYKAA,0.5054,13793750,6971875,250.0,230.0,2025-10-28
2025-09-30,on,2025-09-30,OBEROIRLTY,0.6251,1797950,1123850,1700.0,1700.0,2025-10-28
2025-09-30,on,2025-09-30,OFSS,0.429,1032075,442800,9500.0,9000.0,2025-10-28
2025-09-30,on,2025-09-30,OIL,0.4768,6676600,3183600,430.0,400.0,2025-10-28
2025-09-30,on,2025-09-30,ONGC,0.5926,49270500,29198250,240.0,240.0,2025-10-28
2025-09-30,on,2025-09-30,PAGEIND,0.3374,117450,39630,44000.0,40000.0,2025-10-28
2025-09-30,on,2025-09-30,PATANJALI,0.5936,4198500,2492100,600.0,530.0,2025-10-28
2025-09-30,on,2025-09-30,PAYTM,0.6247,10313125,6443075,1200.0,1100.0,2025-10-28
2025-09-30,on,2025-09-30,PERSISTENT,0.5275,1368300,721800,5500.0,5000.0,2025-10-28
2025-09-30,on,2025-09-30,PETRONET,1.1645,14792400,17226000,300.0,270.0,2025-10-28
2025-09-30,on,2025-09-30,PFC,1.0841,15990000,17335500,420.0,400.0,2025-10-28
2025-09-30,on,2025-09-30,PGEL,0.4848,5470500,2652300,600.0,500.0,2025-10-28
2025-09-30,on,2025-09-30,PHOENIXLTD,0.5894,1166200,687400,1600.0,1640.0,2025-10-28
2025-09-30,on,2025-09-30,PIDILITIND,0.4529,2553500,1156500,1550.0,1500.0,2025-10-28
2025-09-30,on,2025-09-30,PIIND,0.669,533400,356825,3700.0,3500.0,2025-10-28
2025-09-30,on,2025-09-30,PNB,0.922,128952000,118896000,115.0,115.0,2025-10-28
2025-09-30,on,2025-09-30,PNBHOUSING,0.8046,5478200,4407650,900.0,800.0,2025-10-28
2025-09-30,on,2025-09-30,POLICYBZR,0.3948,2078650,820750,1800.0,1700.0,2025-10-28
2025-09-30,on,2025-09-30,POLYCAB,0.5283,753375,398000,7500.0,7000.0,2025-10-28
2025-09-30,on,2025-09-30,POWERGRID,0.6052,26957200,16315300,300.0,280.0,2025-10-28
2025-09-30,on,2025-09-30,PPLPHARMA,0.5417,12912500,6995000,210.0,180.0,2025-10-28
2025-09-30,on,2025-09-30,PRESTIGE,0.8499,1426950,1212750,1600.0,1600.0,2025-10-28
2025-09-30,on,2025-09-30,RBLBANK,0.6394,13823950,8839200,300.0,250.0,2025-10-28
2025-09-30,on,2025-09-30,RECLTD,0.9451,23346525,22065150,400.0,370.0,2025-10-28
2025-09-30,on,2025-09-30,RELIANCE,0.6356,56609500,35979000,1400.0,1400.0,2025-10-28
2025-09-30,on,2025-09-30,RVNL,0.5354,18178875,9732250,400.0,310.0,2025-10-28
2025-09-30,on,2025-09-30,SAIL,0.7041,37379100,26320000,140.0,135.0,2025-10-28
2025-09-30,on,2025-09-30,SAMMAANCAP,1.1891,29717300,35337400,150.0,140.0,2025-10-28
2025-09-30,on,2025-09-30,SBICARD,0.7089,6600800,4679200,900.0,800.0,2025-10-28
2025-09-30,on,2025-09-30,SBILIFE,0.4153,2631000,1092750,1900.0,1800.0,2025-10-28
2025-09-30,on,2025-09-30,SBIN,0.8787,45527250,40005000,900.0,850.0,2025-10-28
2025-09-30,on,2025-09-30,SHREECEM,0.6778,51450,34875,30000.0,28000.0,2025-10-28
2025-09-30,on,2025-09-30,SHRIRAMFIN,0.8159,7237725,5905350,650.0,600.0,2025-10-28
2025-09-30,on,2025-09-30,SIEMENS,0.513,1118500,573750,3300.0,3100.0,2025-10-28
2025-09-30,on,2025-09-30,SOLARINDS,0.4454,438825,195450,15000.0,13500.0,2025-10-28
2025-09-30,on,2025-09-30,SONACOMS,0.5561,7885500,4384800,450.0,400.0,2025-10-28
2025-09-30,on,2025-09-30,SRF,0.7141,1303800,931000,3000.0,2500.0,2025-10-28
2025-09-30,on,2025-09-30,SUNPHARMA,1.2197,5576550,6801550,1600.0,1600.0,2025-10-28
2025-09-30,on,2025-09-30,SUPREMEIND,0.4335,522375,226450,4500.0,4300.0,2025-10-28
2025-09-30,on,2025-09-30,SUZLON,0.4295,174704000,75040000,60.0,56.0,2025-10-28
2025-09-30,on,2025-09-30,SYNGENE,0.8207,2983000,2448000,700.0,620.0,2025-10-28
2025-09-30,on,2025-09-30,TATACHEM,0.3835,6372600,2444000,,,
2025-09-30,on,2025-09-30,TATACONSUM,0.8305,3446850,2862750,1200.0,1100.0,2025-10-28
2025-09-30,on,2025-09-30,TATAELXSI,0.4509,864500,389800,6000.0,5000.0,2025-10-28
2025-09-30,on,2025-09-30,TATAMOTORS,0.5222,74595200,38952800,700.0,700.0,2025-10-28
2025-09-30,on,2025-09-30,TATAPOWER,0.9019,27944400,25203900,400.0,390.0,2025-10-28
2025-09-30,on,2025-09-30,TATASTEEL,0.857,115450500,98945000,175.0,165.0,2025-10-28
2025-09-30,on,2025-09-30,TATATECH,0.6882,4813600,3312800,700.0,700.0,2025-10-28
2025-09-30,on,2025-09-30,TCS,0.7213,16454375,11869200,3000.0,2900.0,2025-10-28
2025-09-30,on,2025-09-30,TECHM,0.7813,6786000,5302200,1500.0,1400.0,2025-10-28
2025-09-30,on,2025-09-30,TIINDIA,0.5933,681600,404400,3500.0,3300.0,2025-10-28
2025-09-30,on,2025-09-30,TITAGARH,0.523,3076175,1608775,1000.0,900.0,2025-10-28
2025-09-30,on,2025-09-30,TITAN,0.503,4138925,2081975,3500.0,3400.0,2025-10-28
2025-09-30,on,2025-09-30,TORNTPHARM,0.8381,580750,486750,3600.0,3400.0,2025-10-28
2025-09-30,on,2025-09-30,TORNTPOWER,0.6419,1320375,847500,1300.0,1300.0,2025-10-28
2025-09-30,on,2025-09-30,TRENT,0.5628,5709700,3213300,5200.0,4700.0,2025-10-28
2025-09-30,on,2025-09-30,TVSMOTOR,0.612,3295600,2017050,3650.0,3400.0,2025-10-28
2025-09-30,on,2025-09-30,ULTRACEMCO,0.4357,861850,375500,13000.0,12000.0,2025-10-28
2025-09-30,on,2025-09-30,UNIONBANK,0.6855,30758175,21085125,150.0,140.0,2025-10-28
2025-09-30,on,2025-09-30,UNITDSPR,0.7634,3514800,2683200,1400.0,1340.0,2025-10-28
2025-09-30,on,2025-09-30,UNOMINDA,0.6895,1278750,881650,1300.0,1200.0,2025-10-28
2025-09-30,on,2025-09-30,UPL,0.4474,15430740,6903725,700.0,680.0,2025-10-28
2025-09-30,on,2025-09-30,VBL,0.4752,16100700,7651625,500.0,450.0,2025-10-28
2025-09-30,on,2025-09-30,VEDL,0.9909,25043550,24814700,500.0,460.0,2025-10-28
2025-09-30,on,2025-09-30,VOLTAS,0.6797,3649875,2481000,1400.0,1260.0,2025-10-28
2025-09-30,on,2025-09-30,WIPRO,0.6116,63426000,38793000,250.0,240.0,2025-10-28
2025-09-30,on,2025-09-30,YESBANK,0.6908,301918800,208556600,22.0,21.0,2025-10-28
2025-09-30,on,2025-09-30,ZYDUSLIFE,0.7319,3934800,2880000,1100.0,900.0,2025-10-28
2025-09-30,wk,2025-09-23,360ONE,0.6173,1600500,988000,,,
2025-09-30,wk,2025-09-23,ABB,0.6881,1153375,793625,,,
2025-09-30,wk,2025-09-23,ABCAPITAL,0.4603,29158600,13423000,,,
2025-09-30,wk,2025-09-23,ADANIENSOL,0.5524,8158050,4506300,,,
2025-09-30,wk,2025-09-23,ADANIENT,0.8637,11832000,10219200,,,
2025-09-30,wk,2025-09-23,ADANIGREEN,0.6639,16428000,10906800,,,
2025-09-30,wk,2025-09-23,ADANIPORTS,0.6201,13183625,8174750,,,
2025-09-30,wk,2025-09-23,ALKEM,0.6743,372250,251000,,,
2025-09-30,wk,2025-09-23,AMBER,0.7323,885100,648200,,,
2025-09-30,wk,2025-09-23,AMBUJACEM,0.6764,16151100,10925250,,,
2025-09-30,wk,2025-09-23,ANGELONE,0.6176,3857000,2382000,,,
2025-09-30,wk,2025-09-23,APLAPOLLO,0.6857,1800400,1234450,,,
2025-09-30,wk,2025-09-23,APOLLOHOSP,0.4547,1191000,541500,,,
2025-09-30,wk,2025-09-23,ASHOKLEY,0.7908,73110000,57815000,,,
2025-09-30,wk,2025-09-23,ASIANPAINT,0.4089,6921750,2830250,,,
2025-09-30,wk,2025-09-23,ASTRAL,0.4941,3544925,1751425,,,
2025-09-30,wk,2025-09-23,AUBANK,0.8772,7824000,6863000,,,
2025-09-30,wk,2025-09-23,AUROPHARMA,0.7789,4611200,3591500,,,
2025-09-30,wk,2025-09-23,AXISBANK,0.7784,23085625,17969375,,,
2025-09-30,wk,2025-09-23,BAJAJ-AUTO,0.4057,2824275,1145700,,,
2025-09-30,wk,2025-09-23,BAJAJFINSV,0.7224,7136500,5155500,,,
2025-09-30,wk,2025-09-23,BAJFINANCE,0.8994,23393250,21039750,,,
2025-09-30,wk,2025-09-23,BANDHANBNK,0.7404,37000800,27396000,,,
2025-09-30,wk,2025-09-23,BANKBARODA,0.841,50260275,42269175,,,
2025-09-30,wk,2025-09-23,BANKINDIA,0.6262,25833600,16177200,,,
2025-09-30,wk,2025-09-23,BDL,0.6421,3440450,2209025,,,
2025-09-30,wk,2025-09-23,BEL,0.6832,79363950,54218400,,,
2025-09-30,wk,2025-09-23,BHARATFORG,1.1525,4508000,5195500,,,
2025-09-30,wk,2025-09-23,BHARTIARTL,0.5573,11781900,6566400,,,
2025-09-30,wk,2025-09-23,BHEL,0.8507,26470500,22517250,,,
2025-09-30,wk,2025-09-23,BIOCON,0.6136,19000000,11657500,,,
2025-09-30,wk,2025-09-23,BLUESTARCO,0.4893,1214200,594100,,,
2025-09-30,wk,2025-09-23,BOSCHLTD,0.298,231575,69000,,,
2025-09-30,wk,2025-09-23,BPCL,0.7289,15590650,11364150,,,
2025-09-30,wk,2025-09-23,BRITANNIA,0.5919,1806375,1069250,,,
2025-09-30,wk,2025-09-23,BSE,0.6136,16750125,10277625,,,
2025-09-30,wk,2025-09-23,CAMS,0.756,867300,655650,,,
2025-09-30,wk,2025-09-23,CANBK,1.197,96430500,115431750,,,
2025-09-30,wk,2025-09-23,CDSL,0.6573,8266900,5433525,,,
2025-09-30,wk,2025-09-23,CGPOWER,0.648,10184700,6599400,,,
2025-09-30,wk,2025-09-23,CHOLAFIN,0.7655,3943750,3018750,,,
2025-09-30,wk,2025-09-23,CIPLA,0.4032,6234750,2513625,,,
2025-09-30,wk,2025-09-23,COALINDIA,0.6818,30890700,21060000,,,
2025-09-30,wk,2025-09-23,COFORGE,0.3918,8617125,3376125,,,
2025-09-30,wk,2025-09-23,COLPAL,0.5111,3001500,1534050,,,
2025-09-30,wk,2025-09-23,CONCOR,0.6284,9411250,5913750,,,
2025-09-30,wk,2025-09-23,CROMPTON,0.6514,13420800,8742600,,,
2025-09-30,wk,2025-09-23,CUMMINSIND,0.7322,900800,659600,,,
2025-09-30,wk,2025-09-23,CYIENT,0.577,2443325,1409725,,,
2025-09-30,wk,2025-09-23,DABUR,0.4619,19566250,9037500,,,
2025-09-30,wk,2025-09-23,DALBHARAT,0.277,2294825,635700,,,
2025-09-30,wk,2025-09-23,DELHIVERY,0.5085,10671725,5426125,,,
2025-09-30,wk,2025-09-23,DIVISLAB,0.5923,1325100,784900,,,
2025-09-30,wk,2025-09-23,DIXON,0.9284,911750,846500,,,
2025-09-30,wk,2025-09-23,DLF,0.5927,19303350,11441925,,,
2025-09-30,wk,2025-09-23,DMART,0.4174,2343150,978000,,,
2025-09-30,wk,2025-09-23,DRREDDY,0.5958,10661250,6352500,,,
2025-09-30,wk,2025-09-23,EICHERMOT,0.8337,3642100,3036425,,,
2025-09-30,wk,2025-09-23,ETERNAL,0.799,77808550,62167300,,,
2025-09-30,wk,2025-09-23,EXIDEIND,0.5327,18030600,9604800,,,
2025-09-30,wk,2025-09-23,FEDERALBNK,0.7357,45930000,33790000,,,
2025-09-30,wk,2025-09-23,FORTIS,0.5773,2772175,1600375,,,
2025-09-30,wk,2025-09-23,GAIL,0.6885,43306200,29817900,,,
2025-09-30,wk,2025-09-23,GLENMARK,0.6839,4080375,2790750,,,
2025-09-30,wk,2025-09-23,GMRAIRPORT,0.4642,78761700,36562950,,,
2025-09-30,wk,2025-09-23,GODREJCP,0.7332,4117000,3018500,,,
2025-09-30,wk,2025-09-23,GODREJPROP,0.6503,3082475,2004475,,,
2025-09-30,wk,2025-09-23,GRASIM,0.5066,2305750,1168000,,,
2025-09-30,wk,2025-09-23,HAL,0.7689,5495700,4225500,,,
2025-09-30,wk,2025-09-23,HAVELLS,0.4851,4899000,2376500,,,
2025-09-30,wk,2025-09-23,HCLTECH,0.6362,8311800,5287800,,,
2025-09-30,wk,2025-09-23,HDFCAMC,0.7765,826800,642000,,,
2025-09-30,wk,2025-09-23,HDFCBANK,0.5524,62517400,34534500,,,
2025-09-30,wk,2025-09-23,HDFCLIFE,0.5346,12273800,6561500,,,
2025-09-30,wk,2025-09-23,HEROMOTOCO,0.4501,4508550,2029200,,,
2025-09-30,wk,2025-09-23,HFCL,0.5504,35868450,19743450,,,
2025-09-30,wk,2025-09-23,HINDALCO,0.7535,15113000,11387600,,,
2025-09-30,wk,2025-09-23,HINDPETRO,0.8391,14924250,12522600,,,
2025-09-30,wk,2025-09-23,HINDUNILVR,0.3299,11447700,3776100,,,
2025-09-30,wk,2025-09-23,HINDZINC,0.5423,17703700,9601550,,,
2025-09-30,wk,2025-09-23,HUDCO,0.8081,12970350,10481175,,,
2025-09-30,wk,2025-09-23,ICICIBANK,0.5737,27483400,15766100,,,
2025-09-30,wk,2025-09-23,ICICIGI,0.8475,1050725,890500,,,
2025-09-30,wk,2025-09-23,ICICIPRULI,0.5323,4760050,2533575,,,
2025-09-30,wk,2025-09-23,IDEA,0.6815,2638999950,1798525425,,,
2025-09-30,wk,2025-09-23,IDFCFIRSTB,0.6181,144319000,89197675,,,
2025-09-30,wk,2025-09-23,IEX,0.5878,33682500,19800000,,,
2025-09-30,wk,2025-09-23,IGL,0.5701,11500500,6556000,,,
2025-09-30,wk,2025-09-23,IIFL,0.5287,5083650,2687850,,,
2025-09-30,wk,2025-09-23,INDHOTEL,0.4705,18334000,8627000,,,
2025-09-30,wk,2025-09-23,INDIANB,0.559,4141000,2315000,,,
2025-09-30,wk,2025-09-23,INDIGO,0.4962,3735300,1853400,,,
2025-09-30,wk,2025-09-23,INDUSINDBK,0.8893,14083300,12523700,,,
2025-09-30,wk,2025-09-23,INDUSTOWER,0.6939,30513300,21171800,,,
2025-09-30,wk,2025-09-23,INFY,0.6513,36595200,23836000,,,
2025-09-30,wk,2025-09-23,INOXWIND,0.5384,17744056,9554240,,,
2025-09-30,wk,2025-09-23,IOC,0.7897,41315625,32628375,,,
2025-09-30,wk,2025-09-23,IRCTC,0.6824,7195125,4909625,,,
2025-09-30,wk,2025-09-23,IREDA,0.5742,28631550,16439250,,,
2025-09-30,wk,2025-09-23,IRFC,0.5882,32601750,19176000,,,
2025-09-30,wk,2025-09-23,ITC,0.6085,54988800,33460800,,,
2025-09-30,wk,2025-09-23,JINDALSTEL,0.9091,4711875,4283750,,,
2025-09-30,wk,2025-09-23,JIOFIN,0.6409,71628000,45904900,,,
2025-09-30,wk,2025-09-23,JSWENERGY,0.5568,9508000,5294000,,,
2025-09-30,wk,2025-09-23,JSWSTEEL,0.9542,7282575,6949125,,,
2025-09-30,wk,2025-09-23,JUBLFOOD,0.4801,10302500,4946250,,,
2025-09-30,wk,2025-09-23,KALYANKJIL,0.4836,16311350,7887775,,,
2025-09-30,wk,2025-09-23,KAYNES,0.7826,1168800,914700,,,
2025-09-30,wk,2025-09-23,KEI,0.5865,593775,348250,,,
2025-09-30,wk,2025-09-23,KFINTECH,0.5342,2011500,1074600,,,
2025-09-30,wk,2025-09-23,KOTAKBANK,0.9735,8356000,8134400,,,
2025-09-30,wk,2025-09-23,KPITTECH,0.6497,3383600,2198400,,,
2025-09-30,wk,2025-09-23,LAURUSLABS,0.5649,14829100,8377600,,,
2025-09-30,wk,2025-09-23,LICHSGFIN,0.6525,10508000,6856000,,,
2025-09-30,wk,2025-09-23,LICI,0.4964,5400500,2681000,,,
2025-09-30,wk,2025-09-23,LODHA,0.4959,3092850,1533600,,,
2025-09-30,wk,2025-09-23,LT,0.5147,5815250,2993025,,,
2025-09-30,wk,2025-09-23,LTF,1.0672,31894376,34036136,,,
2025-09-30,wk,2025-09-23,LTIM,0.4951,1909200,945150,,,
2025-09-30,wk,2025-09-23,LUPIN,0.7482,3159875,2364275,,,
2025-09-30,wk,2025-09-23,M&M,0.6585,9365200,6167400,,,
2025-09-30,wk,2025-09-23,MANAPPURAM,0.7768,16437000,12768000,,,
2025-09-30,wk,2025-09-23,MANKIND,0.4301,1250775,537975,,,
2025-09-30,wk,2025-09-23,MARICO,0.579,6564000,3800400,,,
2025-09-30,wk,2025-09-23,MARUTI,0.8029,5505400,4420350,,,
2025-09-30,wk,2025-09-23,MAXHEALTH,0.5166,4337025,2240700,,,
2025-09-30,wk,2025-09-23,MAZDOCK,0.6059,3226300,1954750,,,
2025-09-30,wk,2025-09-23,MCX,0.7773,2475500,1924250,,,
2025-09-30,wk,2025-09-23,MFSL,0.5966,1904000,1136000,,,
2025-09-30,wk,2025-09-23,MOTHERSON,0.9501,70479000,66961200,,,
2025-09-30,wk,2025-09-23,MPHASIS,0.5665,2598750,1472075,,,
2025-09-30,wk,2025-09-23,MUTHOOTFIN,0.7406,3979525,2947175,,,
2025-09-30,wk,2025-09-23,NATIONALUM,0.9018,33045000,29801250,,,
2025-09-30,wk,2025-09-23,NAUKRI,0.4862,2721000,1323000,,,
2025-09-30,wk,2025-09-23,NBCC,0.6099,27761500,16932500,,,
2025-09-30,wk,2025-09-23,NCC,0.5204,12482100,6496200,,,
2025-09-30,wk,2025-09-23,NESTLEIND,0.3792,6202000,2351500,,,
2025-09-30,wk,2025-09-23,NHPC,0.631,38732800,24441600,,,
2025-09-30,wk,2025-09-23,NMDC,1.0632,127750500,135823500,,,
2025-09-30,wk,2025-09-23,NTPC,0.6602,33972000,22429500,,,
2025-09-30,wk,2025-09-23,NUVAMA,0.5471,409500,224025,,,
2025-09-30,wk,2025-09-23,NYKAA,0.5903,14918750,8806250,,,
2025-09-30,wk,2025-09-23,OBEROIRLTY,0.523,2035600,1064700,,,
2025-09-30,wk,2025-09-23,OFSS,0.4473,1679700,751350,,,
2025-09-30,wk,2025-09-23,OIL,0.4301,6200600,2667000,,,
2025-09-30,wk,2025-09-23,ONGC,0.3732,48892500,18245250,,,
2025-09-30,wk,2025-09-23,PAGEIND,0.2296,191160,43890,,,
2025-09-30,wk,2025-09-23,PATANJALI,0.4388,4959000,2176200,,,
2025-09-30,wk,2025-09-23,PAYTM,0.5097,15392475,7845225,,,
2025-09-30,wk,2025-09-23,PERSISTENT,0.4366,2061900,900300,,,
2025-09-30,wk,2025-09-23,PETRONET,1.0473,15190200,15908400,,,
2025-09-30,wk,2025-09-23,PFC,0.9628,18371600,17687800,,,
2025-09-30,wk,2025-09-23,PGEL,0.5215,5783400,3016300,,,
2025-09-30,wk,2025-09-23,PHOENIXLTD,0.5346,1578500,843850,,,
2025-09-30,wk,2025-09-23,PIDILITIND,0.3637,3880500,1411500,,,
2025-09-30,wk,2025-09-23,PIIND,0.5207,767900,399875,,,
2025-09-30,wk,2025-09-23,PNB,1.0232,112184000,114784000,,,
2025-09-30,wk,2025-09-23,PNBHOUSING,0.956,6318000,6039800,,,
2025-09-30,wk,2025-09-23,POLICYBZR,0.4482,1959300,878150,,,
2025-09-30,wk,2025-09-23,POLYCAB,0.7026,793125,557250,,,
2025-09-30,wk,2025-09-23,POWERGRID,0.6328,20615000,13045400,,,
2025-09-30,wk,2025-09-23,PPLPHARMA,0.4662,15745000,7340000,,,
2025-09-30,wk,2025-09-23,PRESTIGE,0.7526,1710000,1287000,,,
2025-09-30,wk,2025-09-23,RBLBANK,0.6557,20529550,13462000,,,
2025-09-30,wk,2025-09-23,RECLTD,0.8219,23351625,19193850,,,
2025-09-30,wk,2025-09-23,RELIANCE,0.5641,64289500,36264000,,,
2025-09-30,wk,2025-09-23,RVNL,0.6232,18623000,11605000,,,
2025-09-30,wk,2025-09-23,SAIL,0.8117,34991500,28402100,,,
2025-09-30,wk,2025-09-23,SAMMAANCAP,0.8473,28130600,23834900,,,
2025-09-30,wk,2025-09-23,SBICARD,0.6727,7652000,5147200,,,
2025-09-30,wk,2025-09-23,SBILIFE,0.3587,3651750,1309875,,,
2025-09-30,wk,2025-09-23,SBIN,0.9486,50250000,47666250,,,
2025-09-30,wk,2025-09-23,SHREECEM,0.4239,97075,41150,,,
2025-09-30,wk,2025-09-23,SHRIRAMFIN,0.7627,9225150,7035600,,,
2025-09-30,wk,2025-09-23,SIEMENS,0.6038,1428000,862250,,,
2025-09-30,wk,2025-09-23,SOLARINDS,0.5086,608400,309450,,,
2025-09-30,wk,2025-09-23,SONACOMS,0.642,9174900,5890500,,,
2025-09-30,wk,2025-09-23,SRF,0.5273,1824000,961800,,,
2025-09-30,wk,2025-09-23,SUNPHARMA,0.8659,6058150,5245450,,,
2025-09-30,wk,2025-09-23,SUPREMEIND,0.4739,659925,312725,,,
2025-09-30,wk,2025-09-23,SUZLON,0.483,152088000,73456000,,,
2025-09-30,wk,2025-09-23,SYNGENE,0.5317,4303000,2288000,,,
2025-09-30,wk,2025-09-23,TATACHEM,0.4064,10366850,4212650,,,
2025-09-30,wk,2025-09-23,TATACONSUM,0.7853,4525950,3554100,,,
2025-09-30,wk,2025-09-23,TATAELXSI,0.3317,1355900,449800,,,
2025-09-30,wk,2025-09-23,TATAMOTORS,0.4689,83407200,39110400,,,
2025-09-30,wk,2025-09-23,TATAPOWER,0.8182,32436500,26540800,,,
2025-09-30,wk,2025-09-23,TATASTEEL,0.9744,123535500,120373000,,,
2025-09-30,wk,2025-09-23,TATATECH,0.5008,6752800,3381600,,,
2025-09-30,wk,2025-09-23,TCS,0.7505,14242725,10688475,,,
2025-09-30,wk,2025-09-23,TECHM,0.7614,7864800,5988600,,,
2025-09-30,wk,2025-09-23,TIINDIA,0.7151,917600,656200,,,
2025-09-30,wk,2025-09-23,TITAGARH,0.4914,3952700,1942275,,,
2025-09-30,wk,2025-09-23,TITAN,0.3493,5682250,1985025,,,
2025-09-30,wk,2025-09-23,TORNTPHARM,0.6441,576750,371500,,,
2025-09-30,wk,2025-09-23,TORNTPOWER,0.6159,1697625,1045500,,,
2025-09-30,wk,2025-09-23,TRENT,0.3267,8844000,2889400,,,
2025-09-30,wk,2025-09-23,TVSMOTOR,0.58,4236050,2457000,,,
2025-09-30,wk,2025-09-23,ULTRACEMCO,0.3362,1180850,396950,,,
2025-09-30,wk,2025-09-23,UNIONBANK,0.7815,31001550,24226875,,,
2025-09-30,wk,2025-09-23,UNITDSPR,0.7434,3071200,2283200,,,
2025-09-30,wk,2025-09-23,UNOMINDA,0.5903,2047100,1208350,,,
2025-09-30,wk,2025-09-23,UPL,0.3942,18909025,7453855,,,
2025-09-30,wk,2025-09-23,VBL,0.4375,18445900,8070850,,,
2025-09-30,wk,2025-09-23,VEDL,0.8874,29713700,26368350,,,
2025-09-30,wk,2025-09-23,VOLTAS,0.5182,4996125,2589000,,,
2025-09-30,wk,2025-09-23,WIPRO,0.7149,55404000,39609000,,,
2025-09-30,wk,2025-09-23,YESBANK,0.664,332054700,220467900,,,
2025-09-30,wk,2025-09-23,ZYDUSLIFE,0.6328,5010300,3170700,,,
2025-10-28,on,2025-10-28,360ONE,0.6827,1826500,1247000,1200.0,1100.0,2025-11-25
2025-10-28,on,2025-10-28,ABB,0.8516,1055750,899125,5200.0,5200.0,2025-11-25
2025-10-28,on,2025-10-28,ABCAPITAL,0.8112,17499500,14194900,320.0,300.0,2025-11-25
2025-10-28,on,2025-10-28,ADANIENSOL,0.6286,3832650,2409075,1000.0,900.0,2025-11-25
2025-10-28,on,2025-10-28,ADANIENT,0.6973,6865200,4787100,2500.0,2500.0,2025-11-25
2025-10-28,on,2025-10-28,ADANIGREEN,0.4733,11865600,5615400,1100.0,1020.0,2025-11-25
2025-10-28,on,2025-10-28,ADANIPORTS,0.7189,7839875,5636350,1500.0,1400.0,2025-11-25
2025-10-28,on,2025-10-28,ALKEM,0.6695,222000,148625,5500.0,5400.0,2025-11-25
2025-10-28,on,2025-10-28,AMBER,0.7515,417300,313600,8400.0,8400.0,2025-11-25
2025-10-28,on,2025-10-28,AMBUJACEM,0.7174,12900300,9254700,650.0,650.0,2025-11-25
2025-10-28,on,2025-10-28,ANGELONE,0.852,1947500,1659250,2700.0,2500.0,2025-11-25
2025-10-28,on,2025-10-28,APLAPOLLO,0.7582,1587600,1203650,1860.0,1700.0,2025-11-25
2025-10-28,on,2025-10-28,APOLLOHOSP,0.7832,589875,462000,8000.0,7500.0,2025-11-25
2025-10-28,on,2025-10-28,ASHOKLEY,0.5533,77810000,43055000,140.0,140.0,2025-11-25
2025-10-28,on,2025-10-28,ASIANPAINT,0.7013,5212250,3655250,2600.0,2400.0,2025-11-25
2025-10-28,on,2025-10-28,ASTRAL,0.5727,3091025,1770125,1440.0,1400.0,2025-11-25
2025-10-28,on,2025-10-28,AUBANK,1.2546,7984000,10017000,900.0,850.0,2025-11-25
2025-10-28,on,2025-10-28,AUROPHARMA,0.7341,4941750,3627800,1100.0,1100.0,2025-11-25
2025-10-28,on,2025-10-28,AXISBANK,0.7516,26095000,19613125,1300.0,1200.0,2025-11-25
2025-10-28,on,2025-10-28,BAJAJ-AUTO,0.8115,1137225,922875,9500.0,9200.0,2025-11-25
2025-10-28,on,2025-10-28,BAJAJFINSV,0.8304,6461000,5365500,2260.0,2100.0,2025-11-25
2025-10-28,on,2025-10-28,BAJFINANCE,1.0253,16532250,16950000,1100.0,1100.0,2025-11-25
2025-10-28,on,2025-10-28,BANDHANBNK,1.0561,36507600,38556000,180.0,170.0,2025-11-25
2025-10-28,on,2025-10-28,BANKBARODA,0.9483,42775200,40563900,280.0,280.0,2025-11-25
2025-10-28,on,2025-10-28,BANKINDIA,1.1361,26665600,30295200,140.0,140.0,2025-11-25
2025-10-28,on,2025-10-28,BDL,0.7699,2822950,2173275,1600.0,1600.0,2025-11-25
2025-10-28,on,2025-10-28,BEL,0.7345,61309200,45032850,420.0,400.0,2025-11-25
2025-10-28,on,2025-10-28,BHARATFORG,0.7049,3903500,2751500,1300.0,1300.0,2025-11-25
2025-10-28,on,2025-10-28,BHARTIARTL,0.7623,13798750,10519350,2100.0,2000.0,2025-11-25
2025-10-28,on,2025-10-28,BHEL,0.6812,27835500,18960375,240.0,240.0,2025-11-25
2025-10-28,on,2025-10-28,BIOCON,0.7585,14442500,10955000,370.0,360.0,2025-11-25
2025-10-28,on,2025-10-28,BLUESTARCO,0.5951,814775,484900,2000.0,2000.0,2025-11-25
2025-10-28,on,2025-10-28,BOSCHLTD,0.6869,63550,43650,40000.0,38000.0,2025-11-25
2025-10-28,on,2025-10-28,BPCL,0.8257,13755875,11358225,350.0,340.0,2025-11-25
2025-10-28,on,2025-10-28,BRITANNIA,0.6775,886875,600875,6000.0,5700.0,2025-11-25
2025-10-28,on,2025-10-28,BSE,0.7139,8302500,5926875,2500.0,2500.0,2025-11-25
2025-10-28,on,2025-10-28,CAMS,0.776,1094850,849600,4000.0,4000.0,2025-11-25
2025-10-28,on,2025-10-28,CANBK,0.9548,114054750,108897750,130.0,130.0,2025-11-25
2025-10-28,on,2025-10-28,CDSL,0.7845,5422125,4253625,1700.0,1600.0,2025-11-25
2025-10-28,on,2025-10-28,CGPOWER,0.7142,5876050,4196450,750.0,700.0,2025-11-25
2025-10-28,on,2025-10-28,CHOLAFIN,0.8186,3321875,2719375,1800.0,1600.0,2025-11-25
2025-10-28,on,2025-10-28,CIPLA,0.4709,9387375,4420875,1600.0,1500.0,2025-11-25
2025-10-28,on,2025-10-28,COALINDIA,0.8033,27430650,22034700,400.0,450.0,2025-11-25
2025-10-28,on,2025-10-28,COFORGE,0.6834,5462625,3733125,1900.0,1800.0,2025-11-25
2025-10-28,on,2025-10-28,COLPAL,0.7165,2729250,1955475,2300.0,2200.0,2025-11-25
2025-10-28,on,2025-10-28,CONCOR,0.8681,9912500,8605000,550.0,540.0,2025-11-25
2025-10-28,on,2025-10-28,CROMPTON,0.6467,20287800,13120200,300.0,300.0,2025-11-25
2025-10-28,on,2025-10-28,CUMMINSIND,0.9829,924400,908600,4500.0,4200.0,2025-11-25
2025-10-28,on,2025-10-28,CYIENT,0.8427,1837700,1548700,1200.0,1200.0,2025-11-25
2025-10-28,on,2025-10-28,DABUR,0.6585,11141250,7336250,510.0,500.0,2025-11-25
2025-10-28,on,2025-10-28,DALBHARAT,0.4724,1230125,581100,2200.0,2100.0,2025-11-25
2025-10-28,on,2025-10-28,DELHIVERY,0.7554,8586350,6486450,500.0,450.0,2025-11-25
2025-10-28,on,2025-10-28,DIVISLAB,0.7609,1332200,1013700,6500.0,6500.0,2025-11-25
2025-10-28,on,2025-10-28,DIXON,0.5028,2150500,1081300,16000.0,15000.0,2025-11-25
2025-10-28,on,2025-10-28,DLF,0.9704,12384900,12017775,800.0,720.0,2025-11-25
2025-10-28,on,2025-10-28,DMART,0.4539,2289600,1039350,4300.0,4200.0,2025-11-25
2025-10-28,on,2025-10-28,DRREDDY,0.5652,8348125,4718125,1300.0,1300.0,2025-11-25
2025-10-28,on,2025-10-28,EICHERMOT,0.8665,1582000,1370775,7000.0,6500.0,2025-11-25
2025-10-28,on,2025-10-28,ETERNAL,0.5551,83420000,46305375,350.0,320.0,2025-11-25
2025-10-28,on,2025-10-28,EXIDEIND,0.732,15235200,11152800,400.0,380.0,2025-11-25
2025-10-28,on,2025-10-28,FEDERALBNK,1.3131,59560000,78210000,240.0,230.0,2025-11-25
2025-10-28,on,2025-10-28,FORTIS,0.6776,3607625,2444350,1200.0,1000.0,2025-11-25
2025-10-28,on,2025-10-28,GAIL,0.7291,41835150,30501450,180.0,180.0,2025-11-25
2025-10-28,on,2025-10-28,GLENMARK,0.6345,2672625,1695750,1900.0,1800.0,2025-11-25
2025-10-28,on,2025-10-28,GMRAIRPORT,0.5216,89726400,46802250,95.0,90.0,2025-11-25
2025-10-28,on,2025-10-28,GODREJCP,0.8075,2746000,2217500,1200.0,1000.0,2025-11-25
2025-10-28,on,2025-10-28,GODREJPROP,0.9247,2598200,2402675,2400.0,2300.0,2025-11-25
2025-10-28,on,2025-10-28,GRASIM,0.6295,2206000,1388750,3000.0,2800.0,2025-11-25
2025-10-28,on,2025-10-28,HAL,0.5701,4258350,2427750,5000.0,4800.0,2025-11-25
2025-10-28,on,2025-10-28,HAVELLS,0.6459,2636000,1702500,1500.0,1500.0,2025-11-25
2025-10-28,on,2025-10-28,HCLTECH,0.6811,6985300,4757900,1560.0,1500.0,2025-11-25
2025-10-28,on,2025-10-28,HDFCAMC,0.7142,1290150,921450,6000.0,5500.0,2025-11-25
2025-10-28,on,2025-10-28,HDFCBANK,0.8708,32893300,28642900,1000.0,1000.0,2025-11-25
2025-10-28,on,2025-10-28,HDFCLIFE,0.4967,14269200,7087300,750.0,750.0,2025-11-25
2025-10-28,on,2025-10-28,HEROMOTOCO,0.7086,1714050,1214550,6000.0,5500.0,2025-11-25
2025-10-28,on,2025-10-28,HFCL,0.4834,69866400,33772200,75.0,75.0,2025-11-25
2025-10-28,on,2025-10-28,HINDALCO,1.1067,16424800,18177600,900.0,800.0,2025-11-25
2025-10-28,on,2025-10-28,HINDPETRO,0.6995,18368775,12848625,450.0,450.0,2025-11-25
2025-10-28,on,2025-10-28,HINDUNILVR,0.4923,9527100,4690200,2600.0,2500.0,2025-11-25
2025-10-28,on,2025-10-28,HINDZINC,0.3804,33883500,12889450,550.0,450.0,2025-11-25
2025-10-28,on,2025-10-28,HUDCO,0.5478,16558425,9071475,240.0,230.0,2025-11-25
2025-10-28,on,2025-10-28,ICICIBANK,0.5763,46530400,26817700,1400.0,1400.0,2025-11-25
2025-10-28,on,2025-10-28,ICICIGI,1.2091,1499550,1813175,2000.0,2000.0,2025-11-25
2025-10-28,on,2025-10-28,ICICIPRULI,0.5763,4911750,2830500,600.0,600.0,2025-11-25
2025-10-28,on,2025-10-28,IDEA,0.7517,2574386550,1935114150,10.0,9.0,2025-11-25
2025-10-28,on,2025-10-28,IDFCFIRSTB,0.9959,140302925,139727875,80.0,80.0,2025-11-25
2025-10-28,on,2025-10-28,IEX,0.7493,39956250,29940000,150.0,145.0,2025-11-25
2025-10-28,on,2025-10-28,IGL,0.5856,16830000,9856000,230.0,200.0,2025-11-25
2025-10-28,on,2025-10-28,IIFL,0.6782,5091900,3453450,560.0,500.0,2025-11-25
2025-10-28,on,2025-10-28,INDHOTEL,0.7668,9338000,7160000,800.0,740.0,2025-11-25
2025-10-28,on,2025-10-28,INDIANB,1.125,4248000,4779000,850.0,800.0,2025-11-25
2025-10-28,on,2025-10-28,INDIGO,0.9018,1810950,1633200,6000.0,5400.0,2025-11-25
2025-10-28,on,2025-10-28,INDUSINDBK,0.8952,18433800,16501800,800.0,800.0,2025-11-25
2025-10-28,on,2025-10-28,INDUSTOWER,0.8767,28588900,25064800,380.0,380.0,2025-11-25
2025-10-28,on,2025-10-28,INFY,0.4412,43418000,19154400,1600.0,1500.0,2025-11-25
2025-10-28,on,2025-10-28,INOXWIND,0.6655,19991920,13303952,160.0,145.0,2025-11-25
2025-10-28,on,2025-10-28,IOC,0.668,63828375,42636750,160.0,155.0,2025-11-25
2025-10-28,on,2025-10-28,IRCTC,0.6233,9081625,5660375,800.0,720.0,2025-11-25
2025-10-28,on,2025-10-28,IREDA,0.5231,28938600,15138600,160.0,150.0,2025-11-25
2025-10-28,on,2025-10-28,IRFC,0.4911,39979750,19635000,130.0,130.0,2025-11-25
2025-10-28,on,2025-10-28,ITC,0.8877,36585600,32476800,420.0,420.0,2025-11-25
2025-10-28,on,2025-10-28,JINDALSTEL,1.0241,6276250,6427500,1100.0,1000.0,2025-11-25
2025-10-28,on,2025-10-28,JIOFIN,0.5914,76964850,45519500,350.0,310.0,2025-11-25
2025-10-28,on,2025-10-28,JSWENERGY,0.4164,13043000,5431000,600.0,530.0,2025-11-25
2025-10-28,on,2025-10-28,JSWSTEEL,0.7518,7886700,5929200,1150.0,1100.0,2025-11-25
2025-10-28,on,2025-10-28,JUBLFOOD,0.6565,7355000,4828750,600.0,600.0,2025-11-25
2025-10-28,on,2025-10-28,KALYANKJIL,0.8866,8135700,7213325,500.0,500.0,2025-11-25
2025-10-28,on,2025-10-28,KAYNES,0.5438,1405800,764500,7000.0,7000.0,2025-11-25
2025-10-28,on,2025-10-28,KEI,0.4428,1128400,499625,4200.0,4300.0,2025-11-25
2025-10-28,on,2025-10-28,KFINTECH,0.6622,3024000,2002500,1200.0,1100.0,2025-11-25
2025-10-28,on,2025-10-28,KOTAKBANK,0.8141,10662400,8680400,2200.0,2160.0,2025-11-25
2025-10-28,on,2025-10-28,KPITTECH,0.9678,1550400,1500400,1200.0,1000.0,2025-11-25
2025-10-28,on,2025-10-28,LAURUSLABS,0.8642,15850800,13698600,1000.0,900.0,2025-11-25
2025-10-28,on,2025-10-28,LICHSGFIN,0.8323,8952000,7451000,600.0,600.0,2025-11-25
2025-10-28,on,2025-10-28,LICI,0.6042,4196500,2535400,920.0,900.0,2025-11-25
2025-10-28,on,2025-10-28,LODHA,0.647,3201300,2071350,1200.0,1100.0,2025-11-25
2025-10-28,on,2025-10-28,LT,0.6356,8482600,5391750,4000.0,3800.0,2025-11-25
2025-10-28,on,2025-10-28,LTF,0.975,27825032,27128960,270.0,240.0,2025-11-25
2025-10-28,on,2025-10-28,LTIM,0.711,1218750,866550,6000.0,5400.0,2025-11-25
2025-10-28,on,2025-10-28,LUPIN,0.6677,3155625,2107150,2000.0,1900.0,2025-11-25
2025-10-28,on,2025-10-28,M&M,0.6894,4215600,2906400,3700.0,3500.0,2025-11-25
2025-10-28,on,2025-10-28,MANAPPURAM,0.5377,15360000,8259000,280.0,270.0,2025-11-25
2025-10-28,on,2025-10-28,MANKIND,0.4837,771300,373050,2500.0,2300.0,2025-11-25
2025-10-28,on,2025-10-28,MARICO,0.7791,2922000,2276400,730.0,700.0,2025-11-25
2025-10-28,on,2025-10-28,MARUTI,0.8052,1683500,1355600,17000.0,16000.0,2025-11-25
2025-10-28,on,2025-10-28,MAXHEALTH,0.6674,2923725,1951425,1200.0,1200.0,2025-11-25
2025-10-28,on,2025-10-28,MAZDOCK,0.4647,3664325,1702750,3000.0,2800.0,2025-11-25
2025-10-28,on,2025-10-28,MCX,0.6736,2892375,1948250,9000.0,9000.0,2025-11-25
2025-10-28,on,2025-10-28,MFSL,0.6962,1688000,1175200,1600.0,1500.0,2025-11-25
2025-10-28,on,2025-10-28,MOTHERSON,0.5282,91038450,48086850,115.0,110.0,2025-11-25
2025-10-28,on,2025-10-28,MPHASIS,0.9386,829125,778250,2900.0,2800.0,2025-11-25
2025-10-28,on,2025-10-28,MUTHOOTFIN,0.7033,2387275,1678875,3200.0,3200.0,2025-11-25
2025-10-28,on,2025-10-28,NATIONALUM,0.9465,34256250,32422500,240.0,230.0,2025-11-25
2025-10-28,on,2025-10-28,NAUKRI,0.7053,1951875,1376625,1400.0,1400.0,2025-11-25
2025-10-28,on,2025-10-28,NBCC,0.5979,29984500,17927000,115.0,105.0,2025-11-25
2025-10-28,on,2025-10-28,NCC,0.6499,7927200,5151600,220.0,210.0,2025-11-25
2025-10-28,on,2025-10-28,NESTLEIND,0.7117,8028000,5713500,1300.0,1300.0,2025-11-25
2025-10-28,on,2025-10-28,NHPC,0.4216,27884800,11756800,90.0,85.0,2025-11-25
2025-10-28,on,2025-10-28,NMDC,0.5974,167859000,100278000,80.0,84.0,2025-11-25
2025-10-28,on,2025-10-28,NTPC,0.4152,50172000,20829000,350.0,380.0,2025-11-25
2025-10-28,on,2025-10-28,NUVAMA,0.7367,286800,211275,7500.0,7000.0,2025-11-25
2025-10-28,on,2025-10-28,NYKAA,0.9255,13043750,12071875,260.0,220.0,2025-11-25
2025-10-28,on,2025-10-28,OBEROIRLTY,0.7613,1910300,1454250,1740.0,1720.0,2025-11-25
2025-10-28,on,2025-10-28,OFSS,0.5246,797100,418125,9000.0,8600.0,2025-11-25
2025-10-28,on,2025-10-28,OIL,0.684,5444600,3724000,420.0,400.0,2025-11-25
2025-10-28,on,2025-10-28,ONGC,0.6934,54360000,37692000,260.0,250.0,2025-11-25
2025-10-28,on,2025-10-28,PAGEIND,0.6486,58530,37965,44000.0,40000.0,2025-11-25
2025-10-28,on,2025-10-28,PATANJALI,0.5859,5052600,2960100,600.0,590.0,2025-11-25
2025-10-28,on,2025-10-28,PAYTM,0.9007,6620700,5963125,1300.0,1200.0,2025-11-25
2025-10-28,on,2025-10-28,PERSISTENT,0.9482,1073100,1017500,6000.0,5800.0,2025-11-25
2025-10-28,on,2025-10-28,PETRONET,1.0958,16320600,17884800,310.0,310.0,2025-11-25
2025-10-28,on,2025-10-28,PFC,0.8447,29305900,24755900,400.0,400.0,2025-11-25
2025-10-28,on,2025-10-28,PGEL,0.674,5506200,3711400,600.0,500.0,2025-11-25
2025-10-28,on,2025-10-28,PHOENIXLTD,0.6575,1229200,808150,1700.0,1700.0,2025-11-25
2025-10-28,on,2025-10-28,PIDILITIND,0.8004,1348000,1079000,1600.0,1400.0,2025-11-25
2025-10-28,on,2025-10-28,PIIND,0.7103,536375,380975,3600.0,3600.0,2025-11-25
2025-10-28,on,2025-10-28,PNB,1.0412,131992000,137432000,125.0,120.0,2025-11-25
2025-10-28,on,2025-10-28,PNBHOUSING,0.919,6185400,5684250,1000.0,800.0,2025-11-25
2025-10-28,on,2025-10-28,POLICYBZR,0.8081,1240400,1002400,1900.0,1700.0,2025-11-25
2025-10-28,on,2025-10-28,POLYCAB,0.6425,919875,591000,8000.0,7500.0,2025-11-25
2025-10-28,on,2025-10-28,POWERGRID,0.5811,28880000,16780800,290.0,290.0,2025-11-25
2025-10-28,on,2025-10-28,POWERINDIA,0.2874,68550,19700,17500.0,17000.0,2025-11-25
2025-10-28,on,2025-10-28,PPLPHARMA,0.8644,11450000,9897500,210.0,190.0,2025-11-25
2025-10-28,on,2025-10-28,PRESTIGE,0.8485,1574100,1335600,1700.0,1800.0,2025-11-25
2025-10-28,on,2025-10-28,RBLBANK,0.8622,23117175,19932650,330.0,300.0,2025-11-25
2025-10-28,on,2025-10-28,RECLTD,0.8687,36051900,31319100,370.0,370.0,2025-11-25
2025-10-28,on,2025-10-28,RELIANCE,0.85,41934000,35642000,1500.0,1400.0,2025-11-25
2025-10-28,on,2025-10-28,RVNL,0.4507,19078125,8599250,330.0,300.0,2025-11-25
2025-10-28,on,2025-10-28,SAIL,0.6636,49820000,33059800,130.0,130.0,2025-11-25
2025-10-28,on,2025-10-28,SAMMAANCAP,1.3008,27274900,35479300,190.0,190.0,2025-11-25
2025-10-28,on,2025-10-28,SBICARD,0.5167,9679200,5000800,950.0,900.0,2025-11-25
2025-10-28,on,2025-10-28,SBILIFE,0.9143,3507375,3206625,2000.0,1900.0,2025-11-25
2025-10-28,on,2025-10-28,SBIN,0.9065,49177500,44580000,950.0,900.0,2025-11-25
2025-10-28,on,2025-10-28,SHREECEM,0.6062,68375,41450,30000.0,28000.0,2025-11-25
2025-10-28,on,2025-10-28,SHRIRAMFIN,1.0873,8417475,9152550,750.0,700.0,2025-11-25
2025-10-28,on,2025-10-28,SIEMENS,0.4511,1015250,458000,3200.0,3000.0,2025-11-25
2025-10-28,on,2025-10-28,SOLARINDS,0.6107,296700,181200,15000.0,14000.0,2025-11-25
2025-10-28,on,2025-10-28,SONACOMS,0.7568,6598200,4993800,500.0,480.0,2025-11-25
2025-10-28,on,2025-10-28,SRF,0.7069,2091800,1478600,3100.0,3000.0,2025-11-25
2025-10-28,on,2025-10-28,SUNPHARMA,0.7754,4286100,3323600,1800.0,1700.0,2025-11-25
2025-10-28,on,2025-10-28,SUPREMEIND,0.5114,1193325,610225,4000.0,3800.0,2025-11-25
2025-10-28,on,2025-10-28,SUZLON,0.5128,158472000,81264000,55.0,56.0,2025-11-25
2025-10-28,on,2025-10-28,SYNGENE,0.7611,2779000,2115000,660.0,600.0,2025-11-25
2025-10-28,on,2025-10-28,TATACONSUM,0.6183,2992550,1850200,1200.0,1100.0,2025-11-25
2025-10-28,on,2025-10-28,TATAELXSI,0.7287,729400,531500,6000.0,5000.0,2025-11-25
2025-10-28,on,2025-10-28,TATAPOWER,0.9092,27757350,25237250,400.0,400.0,2025-11-25
2025-10-28,on,2025-10-28,TATASTEEL,1.0067,107129000,107849500,200.0,180.0,2025-11-25
2025-10-28,on,2025-10-28,TATATECH,0.5942,4693600,2788800,700.0,700.0,2025-11-25
2025-10-28,on,2025-10-28,TCS,0.7362,14938000,10996825,3100.0,3000.0,2025-11-25
2025-10-28,on,2025-10-28,TECHM,0.84,5653800,4749000,1500.0,1460.0,2025-11-25
2025-10-28,on,2025-10-28,TIINDIA,0.5087,595600,303000,3300.0,3300.0,2025-11-25
2025-10-28,on,2025-10-28,TITAGARH,0.5558,2657125,1476825,1000.0,900.0,2025-11-25
2025-10-28,on,2025-10-28,TITAN,0.6488,4451125,2887850,3700.0,3500.0,2025-11-25
2025-10-28,on,2025-10-28,TMPV,0.6027,34471200,20776000,450.0,400.0,2025-11-25
2025-10-28,on,2025-10-28,TORNTPHARM,0.7472,667500,498750,3600.0,3600.0,2025-11-25
2025-10-28,on,2025-10-28,TORNTPOWER,0.6974,1343250,936750,1400.0,1300.0,2025-11-25
2025-10-28,on,2025-10-28,TRENT,0.6889,3457200,2381800,4800.0,4800.0,2025-11-25
2025-10-28,on,2025-10-28,TVSMOTOR,0.5468,4770850,2608900,3700.0,3600.0,2025-11-25
2025-10-28,on,2025-10-28,ULTRACEMCO,0.603,806150,486100,12500.0,12000.0,2025-11-25
2025-10-28,on,2025-10-28,UNIONBANK,0.8253,28426200,23461350,150.0,140.0,2025-11-25
2025-10-28,on,2025-10-28,UNITDSPR,0.7526,3783600,2847600,1400.0,1600.0,2025-11-25
2025-10-28,on,2025-10-28,UNOMINDA,0.6779,2162050,1465750,1300.0,1200.0,2025-11-25
2025-10-28,on,2025-10-28,UPL,0.7393,8197750,6060915,700.0,700.0,2025-11-25
2025-10-28,on,2025-10-28,VBL,0.6887,12892450,8878550,440.0,440.0,2025-11-25
2025-10-28,on,2025-10-28,VEDL,0.992,26470700,26260250,500.0,500.0,2025-11-25
2025-10-28,on,2025-10-28,VOLTAS,1.0537,2812875,2964000,1500.0,1300.0,2025-11-25
2025-10-28,on,2025-10-28,WIPRO,0.6526,71661000,46767000,250.0,240.0,2025-11-25
2025-10-28,on,2025-10-28,YESBANK,0.4802,477074000,229113700,23.0,22.0,2025-11-25
2025-10-28,on,2025-10-28,ZYDUSLIFE,0.8232,2758500,2270700,1000.0,1000.0,2025-11-25
2025-10-28,wk,2025-10-21,360ONE,0.466,2733000,1273500,,,
2025-10-28,wk,2025-10-21,ABB,0.6765,1331125,900500,,,
2025-10-28,wk,2025-10-21,ABCAPITAL,0.6239,23324400,14551400,,,
2025-10-28,wk,2025-10-21,ADANIENSOL,0.6321,3555900,2247750,,,
2025-10-28,wk,2025-10-21,ADANIENT,0.5563,8471700,4712700,,,
2025-10-28,wk,2025-10-21,ADANIGREEN,0.4669,12361800,5771400,,,
2025-10-28,wk,2025-10-21,ADANIPORTS,0.5972,8917175,5325225,,,
2025-10-28,wk,2025-10-21,ALKEM,0.7477,296250,221500,,,
2025-10-28,wk,2025-10-21,AMBER,0.5269,780000,411000,,,
2025-10-28,wk,2025-10-21,AMBUJACEM,0.615,13304550,8182650,,,
2025-10-28,wk,2025-10-21,ANGELONE,0.8967,2350750,2108000,,,
2025-10-28,wk,2025-10-21,APLAPOLLO,0.5662,1375500,778750,,,
2025-10-28,wk,2025-10-21,APOLLOHOSP,0.7268,971875,706375,,,
2025-10-28,wk,2025-10-21,ASHOKLEY,0.4169,91550000,38170000,,,
2025-10-28,wk,2025-10-21,ASIANPAINT,0.7176,6453250,4630750,,,
2025-10-28,wk,2025-10-21,ASTRAL,0.4736,3077850,1457750,,,
2025-10-28,wk,2025-10-21,AUBANK,1.273,10867000,13834000,,,
2025-10-28,wk,2025-10-21,AUROPHARMA,0.669,4920300,3291750,,,
2025-10-28,wk,2025-10-21,AXISBANK,0.8103,28242500,22885000,,,
2025-10-28,wk,2025-10-21,BAJAJ-AUTO,0.6514,1586250,1033275,,,
2025-10-28,wk,2025-10-21,BAJAJFINSV,0.9786,6928000,6779500,,,
2025-10-28,wk,2025-10-21,BAJFINANCE,1.06,18476250,19584750,,,
2025-10-28,wk,2025-10-21,BANDHANBNK,0.7698,46166400,35539200,,,
2025-10-28,wk,2025-10-21,BANKBARODA,0.6883,53969175,37147500,,,
2025-10-28,wk,2025-10-21,BANKINDIA,0.7194,28740400,20675200,,,
2025-10-28,wk,2025-10-21,BDL,0.6644,3435900,2282800,,,
2025-10-28,wk,2025-10-21,BEL,0.6119,75570600,46241250,,,
2025-10-28,wk,2025-10-21,BHARATFORG,0.5428,4296500,2332000,,,
2025-10-28,wk,2025-10-21,BHARTIARTL,0.7185,16330500,11733450,,,
2025-10-28,wk,2025-10-21,BHEL,0.5276,31796625,16776375,,,
2025-10-28,wk,2025-10-21,BIOCON,0.7216,15680000,11315000,,,
2025-10-28,wk,2025-10-21,BLUESTARCO,0.5828,853775,497575,,,
2025-10-28,wk,2025-10-21,BOSCHLTD,0.7033,76350,53700,,,
2025-10-28,wk,2025-10-21,BPCL,0.6441,16220675,10447750,,,
2025-10-28,wk,2025-10-21,BRITANNIA,0.7504,889875,667750,,,
2025-10-28,wk,2025-10-21,BSE,0.7789,10445250,8135625,,,
2025-10-28,wk,2025-10-21,CAMS,0.6421,1219650,783150,,,
2025-10-28,wk,2025-10-21,CANBK,0.7844,115249500,90396000,,,
2025-10-28,wk,2025-10-21,CDSL,0.7281,6483750,4721025,,,
2025-10-28,wk,2025-10-21,CGPOWER,0.5483,8002750,4387700,,,
2025-10-28,wk,2025-10-21,CHOLAFIN,0.6054,3904375,2363750,,,
2025-10-28,wk,2025-10-21,CIPLA,0.5091,10564500,5378250,,,
2025-10-28,wk,2025-10-21,COALINDIA,0.6995,28458000,19905750,,,
2025-10-28,wk,2025-10-21,COFORGE,0.7023,4708500,3306750,,,
2025-10-28,wk,2025-10-21,COLPAL,0.6921,2330100,1612575,,,
2025-10-28,wk,2025-10-21,CONCOR,0.7618,10815000,8238750,,,
2025-10-28,wk,2025-10-21,CROMPTON,0.5735,19499400,11183400,,,
2025-10-28,wk,2025-10-21,CUMMINSIND,0.7638,856000,653800,,,
2025-10-28,wk,2025-10-21,CYIENT,0.7049,3260600,2298400,,,
2025-10-28,wk,2025-10-21,DABUR,0.6,12578750,7547500,,,
2025-10-28,wk,2025-10-21,DALBHARAT,0.3587,1817725,651950,,,
2025-10-28,wk,2025-10-21,DELHIVERY,0.6137,10532700,6463625,,,
2025-10-28,wk,2025-10-21,DIVISLAB,1.0185,1606000,1635700,,,
2025-10-28,wk,2025-10-21,DIXON,0.4087,2792300,1141300,,,
2025-10-28,wk,2025-10-21,DLF,0.7278,14230425,10356225,,,
2025-10-28,wk,2025-10-21,DMART,0.3741,3600300,1346850,,,
2025-10-28,wk,2025-10-21,DRREDDY,0.531,7075000,3756875,,,
2025-10-28,wk,2025-10-21,EICHERMOT,0.7874,1897525,1494150,,,
2025-10-28,wk,2025-10-21,ETERNAL,0.5505,102201625,56257575,,,
2025-10-28,wk,2025-10-21,EXIDEIND,0.7196,13158000,9468000,,,
2025-10-28,wk,2025-10-21,FEDERALBNK,0.9925,76380000,75810000,,,
2025-10-28,wk,2025-10-21,FORTIS,0.8373,4072625,3410000,,,
2025-10-28,wk,2025-10-21,GAIL,0.6146,41126400,25275600,,,
2025-10-28,wk,2025-10-21,GLENMARK,0.534,2539125,1356000,,,
2025-10-28,wk,2025-10-21,GMRAIRPORT,0.4876,81244800,39618000,,,
2025-10-28,wk,2025-10-21,GODREJCP,0.6311,3883000,2450500,,,
2025-10-28,wk,2025-10-21,GODREJPROP,1.0018,2833325,2838550,,,
2025-10-28,wk,2025-10-21,GRASIM,0.6221,1814000,1128500,,,
2025-10-28,wk,2025-10-21,HAL,0.5491,5272800,2895450,,,
2025-10-28,wk,2025-10-21,HAVELLS,0.6022,3519500,2119500,,,
2025-10-28,wk,2025-10-21,HCLTECH,0.5609,9746450,5466300,,,
2025-10-28,wk,2025-10-21,HDFCAMC,0.4444,2368350,1052550,,,
2025-10-28,wk,2025-10-21,HDFCBANK,0.8546,40290800,34431100,,,
2025-10-28,wk,2025-10-21,HDFCLIFE,0.4953,15085400,7472300,,,
2025-10-28,wk,2025-10-21,HEROMOTOCO,0.7828,2268900,1776000,,,
2025-10-28,wk,2025-10-21,HFCL,0.4904,58720800,28799250,,,
2025-10-28,wk,2025-10-21,HINDALCO,0.7214,16895200,12188400,,,
2025-10-28,wk,2025-10-21,HINDPETRO,0.6016,18935775,11392650,,,
2025-10-28,wk,2025-10-21,HINDUNILVR,0.4813,6985800,3362100,,,
2025-10-28,wk,2025-10-21,HINDZINC,0.4039,36567475,14768600,,,
2025-10-28,wk,2025-10-21,HUDCO,0.5169,17957025,9282375,,,
2025-10-28,wk,2025-10-21,ICICIBANK,0.5191,50343300,26131000,,,
2025-10-28,wk,2025-10-21,ICICIGI,1.2737,2188550,2787525,,,
2025-10-28,wk,2025-10-21,ICICIPRULI,0.488,6507375,3175525,,,
2025-10-28,wk,2025-10-21,IDEA,0.5719,2468103225,1411488300,,,
2025-10-28,wk,2025-10-21,IDFCFIRSTB,0.9046,142287775,128718450,,,
2025-10-28,wk,2025-10-21,IEX,0.6261,38137500,23876250,,,
2025-10-28,wk,2025-10-21,IGL,0.5636,21274000,11990000,,,
2025-10-28,wk,2025-10-21,IIFL,0.7138,4398900,3139950,,,
2025-10-28,wk,2025-10-21,INDHOTEL,0.559,12584000,7035000,,,
2025-10-28,wk,2025-10-21,INDIANB,1.0129,4976000,5040000,,,
2025-10-28,wk,2025-10-21,INDIGO,0.8179,1948650,1593750,,,
2025-10-28,wk,2025-10-21,INDUSINDBK,0.9194,15537200,14285600,,,
2025-10-28,wk,2025-10-21,INDUSTOWER,0.7214,20699200,14932800,,,
2025-10-28,wk,2025-10-21,INFY,0.4171,58606400,24446000,,,
2025-10-28,wk,2025-10-21,INOXWIND,0.5318,22174344,11792288,,,
2025-10-28,wk,2025-10-21,IOC,0.6876,52996125,36440625,,,
2025-10-28,wk,2025-10-21,IRCTC,0.5032,10516625,5292000,,,
2025-10-28,wk,2025-10-21,IREDA,0.4516,41593200,18785250,,,
2025-10-28,wk,2025-10-21,IRFC,0.4423,41089000,18173000,,,
2025-10-28,wk,2025-10-21,ITC,0.7848,43412800,34070400,,,
2025-10-28,wk,2025-10-21,JINDALSTEL,0.4711,8458125,3985000,,,
2025-10-28,wk,2025-10-21,JIOFIN,0.5436,82480300,44840350,,,
2025-10-28,wk,2025-10-21,JSWENERGY,0.3432,16270000,5584000,,,
2025-10-28,wk,2025-10-21,JSWSTEEL,0.6004,8959950,5379750,,,
2025-10-28,wk,2025-10-21,JUBLFOOD,0.434,12111250,5256250,,,
2025-10-28,wk,2025-10-21,KALYANKJIL,0.5368,15821375,8492900,,,
2025-10-28,wk,2025-10-21,KAYNES,0.4283,2141400,917200,,,
2025-10-28,wk,2025-10-21,KEI,0.3921,1873375,734475,,,
2025-10-28,wk,2025-10-21,KFINTECH,0.513,2177100,1116900,,,
2025-10-28,wk,2025-10-21,KOTAKBANK,0.9735,9838800,9578000,,,
2025-10-28,wk,2025-10-21,KPITTECH,0.6172,3573600,2205600,,,
2025-10-28,wk,2025-10-21,LAURUSLABS,0.6418,14693100,9429900,,,
2025-10-28,wk,2025-10-21,LICHSGFIN,0.7492,9664000,7240000,,,
2025-10-28,wk,2025-10-21,LICI,0.4698,5207300,2446500,,,
2025-10-28,wk,2025-10-21,LODHA,0.593,3177900,1884600,,,
2025-10-28,wk,2025-10-21,LT,0.6232,8202600,5111925,,,
2025-10-28,wk,2025-10-21,LTF,0.903,34500184,31153684,,,
2025-10-28,wk,2025-10-21,LTIM,0.539,2124900,1145250,,,
2025-10-28,wk,2025-10-21,LUPIN,0.6247,3767625,2353650,,,
2025-10-28,wk,2025-10-21,M&M,0.6073,5522200,3353400,,,
2025-10-28,wk,2025-10-21,MANAPPURAM,0.547,16623000,9093000,,,
2025-10-28,wk,2025-10-21,MANKIND,0.3866,1118025,432225,,,
2025-10-28,wk,2025-10-21,MARICO,0.6976,3500400,2442000,,,
2025-10-28,wk,2025-10-21,MARUTI,0.5547,3215300,1783500,,,
2025-10-28,wk,2025-10-21,MAXHEALTH,0.8542,3287025,2807700,,,
2025-10-28,wk,2025-10-21,MAZDOCK,0.4445,3046575,1354150,,,
2025-10-28,wk,2025-10-21,MCX,0.6718,3990875,2681250,,,
2025-10-28,wk,2025-10-21,MFSL,0.6176,2014400,1244000,,,
2025-10-28,wk,2025-10-21,MOTHERSON,0.502,72662250,36475650,,,
2025-10-28,wk,2025-10-21,MPHASIS,0.6101,1345025,820600,,,
2025-10-28,wk,2025-10-21,MUTHOOTFIN,0.8209,2943050,2415875,,,
2025-10-28,wk,2025-10-21,NATIONALUM,0.7294,36052500,26295000,,,
2025-10-28,wk,2025-10-21,NAUKRI,0.5588,2187000,1222125,,,
2025-10-28,wk,2025-10-21,NBCC,0.5376,32331000,17381000,,,
2025-10-28,wk,2025-10-21,NCC,0.4304,10062900,4330800,,,
2025-10-28,wk,2025-10-21,NESTLEIND,1.0571,8779000,9280500,,,
2025-10-28,wk,2025-10-21,NHPC,0.3961,25203200,9984000,,,
2025-10-28,wk,2025-10-21,NMDC,0.5675,164754000,93501000,,,
2025-10-28,wk,2025-10-21,NTPC,0.4099,45183000,18522000,,,
2025-10-28,wk,2025-10-21,NUVAMA,0.5066,476700,241500,,,
2025-10-28,wk,2025-10-21,NYKAA,0.7005,15765625,11043750,,,
2025-10-28,wk,2025-10-21,OBEROIRLTY,0.7768,2165100,1681750,,,
2025-10-28,wk,2025-10-21,OFSS,0.4345,1053225,457575,,,
2025-10-28,wk,2025-10-21,OIL,0.4769,7257600,3460800,,,
2025-10-28,wk,2025-10-21,ONGC,0.4854,54828000,26613000,,,
2025-10-28,wk,2025-10-21,PAGEIND,0.3676,124035,45600,,,
2025-10-28,wk,2025-10-21,PATANJALI,0.4316,6949800,2999700,,,
2025-10-28,wk,2025-10-21,PAYTM,0.9244,7213750,6668550,,,
2025-10-28,wk,2025-10-21,PERSISTENT,1.1563,1437800,1662500,,,
2025-10-28,wk,2025-10-21,PETRONET,0.9738,16230600,15805800,,,
2025-10-28,wk,2025-10-21,PFC,0.7331,30967300,22703200,,,
2025-10-28,wk,2025-10-21,PGEL,0.6818,7865900,5362700,,,
2025-10-28,wk,2025-10-21,PHOENIXLTD,0.7233,1420650,1027600,,,
2025-10-28,wk,2025-10-21,PIDILITIND,0.7697,1404500,1081000,,,
2025-10-28,wk,2025-10-21,PIIND,0.5291,614250,324975,,,
2025-10-28,wk,2025-10-21,PNB,0.7626,160176000,122152000,,,
2025-10-28,wk,2025-10-21,PNBHOUSING,0.8765,4924400,4316000,,,
2025-10-28,wk,2025-10-21,POLICYBZR,0.6776,1532650,1038450,,,
2025-10-28,wk,2025-10-21,POLYCAB,0.6973,1394250,972250,,,
2025-10-28,wk,2025-10-21,POWERGRID,0.5204,28840100,15008100,,,
2025-10-28,wk,2025-10-21,POWERINDIA,0.2613,62950,16450,,,
2025-10-28,wk,2025-10-21,PPLPHARMA,0.6187,14070000,8705000,,,
2025-10-28,wk,2025-10-21,PRESTIGE,0.8901,1792800,1595700,,,
2025-10-28,wk,2025-10-21,RBLBANK,0.654,20415250,13350875,,,
2025-10-28,wk,2025-10-21,RECLTD,0.8343,33376950,27847275,,,
2025-10-28,wk,2025-10-21,RELIANCE,0.793,48977000,38838000,,,
2025-10-28,wk,2025-10-21,RVNL,0.407,20161625,8206000,,,
2025-10-28,wk,2025-10-21,SAIL,0.5251,67896200,35654200,,,
2025-10-28,wk,2025-10-21,SAMMAANCAP,1.198,22385800,26819100,,,
2025-10-28,wk,2025-10-21,SBICARD,0.7297,6002400,4380000,,,
2025-10-28,wk,2025-10-21,SBILIFE,0.46,2934750,1350000,,,
2025-10-28,wk,2025-10-21,SBIN,0.7707,55392750,42691500,,,
2025-10-28,wk,2025-10-21,SHREECEM,0.4622,69725,32225,,,
2025-10-28,wk,2025-10-21,SHRIRAMFIN,0.9725,8349825,8120475,,,
2025-10-28,wk,2025-10-21,SIEMENS,0.3967,1503500,596375,,,
2025-10-28,wk,2025-10-21,SOLARINDS,0.6808,355050,241725,,,
2025-10-28,wk,2025-10-21,SONACOMS,0.6169,8459850,5218500,,,
2025-10-28,wk,2025-10-21,SRF,1.0918,1147800,1253200,,,
2025-10-28,wk,2025-10-21,SUNPHARMA,0.933,5164250,4818450,,,
2025-10-28,wk,2025-10-21,SUPREMEIND,0.5298,436975,231525,,,
2025-10-28,wk,2025-10-21,SUZLON,0.4647,171376000,79632000,,,
2025-10-28,wk,2025-10-21,SYNGENE,0.5669,3454000,1958000,,,
2025-10-28,wk,2025-10-21,TATACONSUM,0.6373,3599750,2294050,,,
2025-10-28,wk,2025-10-21,TATAELXSI,0.4003,1625600,650700,,,
2025-10-28,wk,2025-10-21,TATAMOTORS,0.4303,48351200,20807200,,,
2025-10-28,wk,2025-10-21,TATAPOWER,0.8268,28559200,23611800,,,
2025-10-28,wk,2025-10-21,TATASTEEL,0.6752,140827500,95089500,,,
2025-10-28,wk,2025-10-21,TATATECH,0.5863,5262400,3085600,,,
2025-10-28,wk,2025-10-21,TCS,0.5948,22212750,13212150,,,
2025-10-28,wk,2025-10-21,TECHM,0.7762,7209000,5595600,,,
2025-10-28,wk,2025-10-21,TIINDIA,0.4937,599600,296000,,,
2025-10-28,wk,2025-10-21,TITAGARH,0.4671,3783775,1767550,,,
2025-10-28,wk,2025-10-21,TITAN,0.7309,5297075,3871525,,,
2025-10-28,wk,2025-10-21,TORNTPHARM,0.5373,759750,408250,,,
2025-10-28,wk,2025-10-21,TORNTPOWER,0.672,1452000,975750,,,
2025-10-28,wk,2025-10-21,TRENT,0.4987,5700500,2842600,,,
2025-10-28,wk,2025-10-21,TVSMOTOR,0.9245,2346750,2169650,,,
2025-10-28,wk,2025-10-21,ULTRACEMCO,0.631,797050,502950,,,
2025-10-28,wk,2025-10-21,UNIONBANK,0.6673,31616625,21098400,,,
2025-10-28,wk,2025-10-21,UNITDSPR,0.6871,4052800,2784800,,,
2025-10-28,wk,2025-10-21,UNOMINDA,0.4233,3845600,1628000,,,
2025-10-28,wk,2025-10-21,UPL,0.6287,8816985,5543305,,,
2025-10-28,wk,2025-10-21,VBL,0.638,11788525,7521450,,,
2025-10-28,wk,2025-10-21,VEDL,0.7635,32340300,24692800,,,
2025-10-28,wk,2025-10-21,VOLTAS,0.8841,3577500,3162750,,,
2025-10-28,wk,2025-10-21,WIPRO,0.5877,88605000,52074000,,,
2025-10-28,wk,2025-10-21,YESBANK,0.498,428837900,213563700,,,
2025-10-28,wk,2025-10-21,ZYDUSLIFE,0.5742,3432600,1971000,,,
2025-11-25,on,2025-11-25,360ONE,0.7514,1299500,976500,1200.0,1140.0,2025-12-30
2025-11-25,on,2025-11-25,ABB,0.906,1098500,995250,5500.0,5000.0,2025-12-30
2025-11-25,on,2025-11-25,ABCAPITAL,0.8968,18810800,16870200,360.0,340.0,2025-12-30
2025-11-25,on,2025-11-25,ADANIENSOL,0.5653,5528250,3125250,1000.0,900.0,2025-12-30
2025-11-25,on,2025-11-25,ADANIENT,0.7062,8928246,6305454,2500.0,2400.0,2025-12-30
2025-11-25,on,2025-11-25,ADANIGREEN,0.4569,15601800,7128000,1100.0,1000.0,2025-12-30
2025-11-25,on,2025-11-25,ADANIPORTS,0.688,9067750,6238175,1500.0,1500.0,2025-12-30
2025-11-25,on,2025-11-25,ALKEM,0.7384,344500,254375,5700.0,5500.0,2025-12-30
2025-11-25,on,2025-11-25,AMBER,0.6339,1043300,661400,7000.0,7000.0,2025-12-30
2025-11-25,on,2025-11-25,AMBUJACEM,0.6574,16200450,10650150,550.0,550.0,2025-12-30
2025-11-25,on,2025-11-25,ANGELONE,0.7751,2579750,1999500,2900.0,2700.0,2025-12-30
2025-11-25,on,2025-11-25,APLAPOLLO,0.6215,1660050,1031800,1800.0,1700.0,2025-12-30
2025-11-25,on,2025-11-25,APOLLOHOSP,0.5003,1589375,795125,7500.0,7500.0,2025-12-30
2025-11-25,on,2025-11-25,ASHOKLEY,0.7222,58360000,42145000,150.0,140.0,2025-12-30
2025-11-25,on,2025-11-25,ASIANPAINT,0.8262,7152750,5909750,2900.0,2800.0,2025-12-30
2025-11-25,on,2025-11-25,ASTRAL,0.5532,4110175,2273750,1500.0,1400.0,2025-12-30
2025-11-25,on,2025-11-25,AUBANK,1.0985,5728000,6292000,950.0,920.0,2025-12-30
2025-11-25,on,2025-11-25,AUROPHARMA,0.7823,4436300,3470500,1300.0,1200.0,2025-12-30
2025-11-25,on,2025-11-25,AXISBANK,0.7191,16460000,11836875,1300.0,1280.0,2025-12-30
2025-11-25,on,2025-11-25,BAJAJ-AUTO,0.7835,1394925,1092975,9500.0,9000.0,2025-12-30
2025-11-25,on,2025-11-25,BAJAJFINSV,0.5961,6072250,3619750,2100.0,2040.0,2025-12-30
2025-11-25,on,2025-11-25,BAJFINANCE,0.602,27595500,16613250,1100.0,1000.0,2025-12-30
2025-11-25,on,2025-11-25,BANDHANBNK,0.6546,66722400,43678800,160.0,150.0,2025-12-30
2025-11-25,on,2025-11-25,BANKBARODA,0.801,48522825,38867400,300.0,290.0,2025-12-30
2025-11-25,on,2025-11-25,BANKINDIA,0.7995,24720800,19765200,160.0,150.0,2025-12-30
2025-11-25,on,2025-11-25,BDL,0.6754,3513275,2372775,1600.0,1600.0,2025-12-30
2025-11-25,on,2025-11-25,BEL,0.5173,65495850,33879375,420.0,410.0,2025-12-30
2025-11-25,on,2025-11-25,BHARATFORG,0.7362,3654000,2690000,1420.0,1400.0,2025-12-30
2025-11-25,on,2025-11-25,BHARTIARTL,0.7082,16572275,11736300,2200.0,2100.0,2025-12-30
2025-11-25,on,2025-11-25,BHEL,0.7358,44614500,32828250,300.0,270.0,2025-12-30
2025-11-25,on,2025-11-25,BIOCON,0.6919,27787500,19227500,400.0,380.0,2025-12-30
2025-11-25,on,2025-11-25,BLUESTARCO,0.4754,1426750,678275,1800.0,1800.0,2025-12-30
2025-11-25,on,2025-11-25,BOSCHLTD,0.4483,120075,53825,37000.0,36000.0,2025-12-30
2025-11-25,on,2025-11-25,BPCL,0.7676,18142350,13925725,370.0,380.0,2025-12-30
2025-11-25,on,2025-11-25,BRITANNIA,0.6081,1243250,756000,5900.0,5800.0,2025-12-30
2025-11-25,on,2025-11-25,BSE,0.7368,8479125,6247500,3000.0,2800.0,2025-12-30
2025-11-25,on,2025-11-25,CAMS,0.6705,1294050,867600,4000.0,3800.0,2025-12-30
2025-11-25,on,2025-11-25,CANBK,1.027,113150250,116208000,150.0,140.0,2025-12-30
2025-11-25,on,2025-11-25,CDSL,0.5558,7902100,4391850,1700.0,1500.0,2025-12-30
2025-11-25,on,2025-11-25,CGPOWER,0.5436,7151900,3887900,700.0,700.0,2025-12-30
2025-11-25,on,2025-11-25,CHOLAFIN,0.6504,3185625,2071875,1700.0,1700.0,2025-12-30
2025-11-25,on,2025-11-25,CIPLA,0.5422,8548500,4634625,1600.0,1500.0,2025-12-30
2025-11-25,on,2025-11-25,COALINDIA,0.7933,29095200,23082300,380.0,440.0,2025-12-30
2025-11-25,on,2025-11-25,COFORGE,0.5662,5164500,2924250,1800.0,1840.0,2025-12-30
2025-11-25,on,2025-11-25,COLPAL,0.774,2396925,1855125,2300.0,2200.0,2025-12-30
2025-11-25,on,2025-11-25,CONCOR,0.7559,15315000,11576250,520.0,520.0,2025-12-30
2025-11-25,on,2025-11-25,CROMPTON,0.5623,26357400,14821200,280.0,270.0,2025-12-30
2025-11-25,on,2025-11-25,CUMMINSIND,0.6108,1022600,624600,4400.0,4200.0,2025-12-30
2025-11-25,on,2025-11-25,CYIENT,0.5972,2181100,1302625,1200.0,1100.0,2025-12-30
2025-11-25,on,2025-11-25,DABUR,0.546,16285000,8891250,550.0,500.0,2025-12-30
2025-11-25,on,2025-11-25,DALBHARAT,0.7847,982800,771225,2100.0,2000.0,2025-12-30
2025-11-25,on,2025-11-25,DELHIVERY,0.421,23480700,9885300,430.0,400.0,2025-12-30
2025-11-25,on,2025-11-25,DIVISLAB,0.7538,1617300,1219100,6500.0,6400.0,2025-12-30
2025-11-25,on,2025-11-25,DIXON,0.537,1674250,899050,16000.0,15000.0,2025-12-30
2025-11-25,on,2025-11-25,DLF,0.7644,16478550,12596100,800.0,700.0,2025-12-30
2025-11-25,on,2025-11-25,DMART,0.5478,1824300,999300,4100.0,4000.0,2025-12-30
2025-11-25,on,2025-11-25,DRREDDY,0.5212,8982500,4681250,1250.0,1200.0,2025-12-30
2025-11-25,on,2025-11-25,EICHERMOT,0.8649,2497825,2160375,7300.0,7000.0,2025-12-30
2025-11-25,on,2025-11-25,ETERNAL,0.4817,91633475,44142275,310.0,300.0,2025-12-30
2025-11-25,on,2025-11-25,EXIDEIND,0.6384,17555400,11206800,380.0,370.0,2025-12-30
2025-11-25,on,2025-11-25,FEDERALBNK,1.0808,40900000,44205000,250.0,250.0,2025-12-30
2025-11-25,on,2025-11-25,FORTIS,0.4933,7181925,3542525,1000.0,900.0,2025-12-30
2025-11-25,on,2025-11-25,GAIL,0.7091,37179450,26365500,185.0,205.0,2025-12-30
2025-11-25,on,2025-11-25,GLENMARK,0.6513,5340750,3478500,1900.0,1840.0,2025-12-30
2025-11-25,on,2025-11-25,GMRAIRPORT,0.6103,151455150,92439675,105.0,97.0,2025-12-30
2025-11-25,on,2025-11-25,GODREJCP,0.9229,2070000,1910500,1200.0,1080.0,2025-12-30
2025-11-25,on,2025-11-25,GODREJPROP,0.538,3311825,1781725,2300.0,2100.0,2025-12-30
2025-11-25,on,2025-11-25,GRASIM,0.6993,3545500,2479500,2800.0,2700.0,2025-12-30
2025-11-25,on,2025-11-25,HAL,0.5955,7389000,4399800,5000.0,4500.0,2025-12-30
2025-11-25,on,2025-11-25,HAVELLS,0.8072,2349500,1896500,1500.0,1400.0,2025-12-30
2025-11-25,on,2025-11-25,HCLTECH,0.6361,7034650,4474750,1640.0,1600.0,2025-12-30
2025-11-25,on,2025-11-25,HDFCAMC,0.7882,981750,773850,5400.0,5000.0,2025-12-30
2025-11-25,on,2025-11-25,HDFCBANK,0.6019,31174550,18763800,1000.0,1000.0,2025-12-30
2025-11-25,on,2025-11-25,HDFCLIFE,0.7377,9894500,7299600,800.0,740.0,2025-12-30
2025-11-25,on,2025-11-25,HEROMOTOCO,1.0664,2403150,2562600,6200.0,6000.0,2025-12-30
2025-11-25,on,2025-11-25,HFCL,0.5479,52715850,28883100,80.0,75.0,2025-12-30
2025-11-25,on,2025-11-25,HINDALCO,0.6867,21610400,14840700,800.0,800.0,2025-12-30
2025-11-25,on,2025-11-25,HINDPETRO,0.6723,13695075,9207675,500.0,450.0,2025-12-30
2025-11-25,on,2025-11-25,HINDUNILVR,0.5421,10811100,5860500,2500.0,2400.0,2025-12-30
2025-11-25,on,2025-11-25,HINDZINC,0.4771,24903025,11881275,500.0,460.0,2025-12-30
2025-11-25,on,2025-11-25,HUDCO,0.4816,29345625,14133075,250.0,220.0,2025-12-30
2025-11-25,on,2025-11-25,ICICIBANK,0.6827,33021800,22542800,1400.0,1400.0,2025-12-30
2025-11-25,on,2025-11-25,ICICIGI,0.6732,1168700,786825,2000.0,2000.0,2025-12-30
2025-11-25,on,2025-11-25,ICICIPRULI,0.724,3518700,2547450,700.0,600.0,2025-12-30
2025-11-25,on,2025-11-25,IDEA,0.5845,2742853125,1603255725,10.0,10.0,2025-12-30
2025-11-25,on,2025-11-25,IDFCFIRSTB,0.5848,157888325,92332625,80.0,80.0,2025-12-30
2025-11-25,on,2025-11-25,IEX,0.6834,54806250,37455000,150.0,140.0,2025-12-30
2025-11-25,on,2025-11-25,IGL,0.4039,11698500,4724500,,,
2025-11-25,on,2025-11-25,IIFL,0.5795,8464500,4905450,600.0,550.0,2025-12-30
2025-11-25,on,2025-11-25,INDHOTEL,0.6649,11190000,7440000,740.0,730.0,2025-12-30
2025-11-25,on,2025-11-25,INDIANB,0.7911,4649000,3678000,880.0,850.0,2025-12-30
2025-11-25,on,2025-11-25,INDIGO,0.6918,2644650,1829550,6000.0,6000.0,2025-12-30
2025-11-25,on,2025-11-25,INDUSINDBK,0.8166,16385600,13380500,900.0,850.0,2025-12-30
2025-11-25,on,2025-11-25,INDUSTOWER,0.775,24680600,19126700,420.0,420.0,2025-12-30
2025-11-25,on,2025-11-25,INFY,0.7631,20038400,15291200,1600.0,1500.0,2025-12-30
2025-11-25,on,2025-11-25,INOXWIND,0.4797,43056006,20651957,140.0,140.0,2025-12-30
2025-11-25,on,2025-11-25,IOC,0.7967,51055875,40677000,170.0,160.0,2025-12-30
2025-11-25,on,2025-11-25,IRCTC,0.6181,12683125,7839125,700.0,700.0,2025-12-30
2025-11-25,on,2025-11-25,IREDA,0.529,27524100,14559000,150.0,140.0,2025-12-30
2025-11-25,on,2025-11-25,IRFC,0.5069,36456500,18479000,120.0,120.0,2025-12-30
2025-11-25,on,2025-11-25,ITC,0.5125,63792000,32696000,410.0,410.0,2025-12-30
2025-11-25,on,2025-11-25,JINDALSTEL,0.7822,4807500,3760625,1100.0,1000.0,2025-12-30
2025-11-25,on,2025-11-25,JIOFIN,0.621,71244950,44241100,310.0,300.0,2025-12-30
2025-11-25,on,2025-11-25,JSWENERGY,0.5262,18773000,9878000,500.0,500.0,2025-12-30
2025-11-25,on,2025-11-25,JSWSTEEL,0.533,8733150,4654800,1200.0,1100.0,2025-12-30
2025-11-25,on,2025-11-25,JUBLFOOD,0.7342,9637500,7076250,600.0,550.0,2025-12-30
2025-11-25,on,2025-11-25,KALYANKJIL,0.5005,9908775,4959675,500.0,450.0,2025-12-30
2025-11-25,on,2025-11-25,KAYNES,0.3763,2285700,860000,6500.0,6500.0,2025-12-30
2025-11-25,on,2025-11-25,KEI,0.4987,674100,336175,4250.0,4000.0,2025-12-30
2025-11-25,on,2025-11-25,KFINTECH,0.4752,2747750,1305850,1100.0,1080.0,2025-12-30
2025-11-25,on,2025-11-25,KOTAKBANK,0.6077,11148800,6774800,2100.0,2100.0,2025-12-30
2025-11-25,on,2025-11-25,KPITTECH,0.8203,1783475,1462975,1200.0,1200.0,2025-12-30
2025-11-25,on,2025-11-25,LAURUSLABS,0.5768,11305850,6521200,1000.0,1000.0,2025-12-30
2025-11-25,on,2025-11-25,LICHSGFIN,0.7281,12616000,9186000,600.0,550.0,2025-12-30
2025-11-25,on,2025-11-25,LICI,0.5422,6779500,3675700,900.0,900.0,2025-12-30
2025-11-25,on,2025-11-25,LODHA,0.6483,2575350,1669500,1200.0,1200.0,2025-12-30
2025-11-25,on,2025-11-25,LT,0.6238,5389650,3362275,4000.0,4000.0,2025-12-30
2025-11-25,on,2025-11-25,LTF,0.8522,35047938,29867290,300.0,285.0,2025-12-30
2025-11-25,on,2025-11-25,LTIM,0.5665,988950,560250,6500.0,5800.0,2025-12-30
2025-11-25,on,2025-11-25,LUPIN,0.7986,3651600,2916350,2100.0,2000.0,2025-12-30
2025-11-25,on,2025-11-25,M&M,0.6778,5117600,3468600,3800.0,3700.0,2025-12-30
2025-11-25,on,2025-11-25,MANAPPURAM,0.5635,18357000,10344000,280.0,280.0,2025-12-30
2025-11-25,on,2025-11-25,MANKIND,0.563,883575,497475,2300.0,2200.0,2025-12-30
2025-11-25,on,2025-11-25,MARICO,0.5993,5779200,3463200,750.0,700.0,2025-12-30
2025-11-25,on,2025-11-25,MARUTI,0.6163,1779300,1096600,17000.0,15000.0,2025-12-30
2025-11-25,on,2025-11-25,MAXHEALTH,0.6998,3584700,2508450,1200.0,1160.0,2025-12-30
2025-11-25,on,2025-11-25,MAZDOCK,0.5142,2687150,1381850,2800.0,2800.0,2025-12-30
2025-11-25,on,2025-11-25,MCX,0.7719,1903875,1469625,11000.0,9000.0,2025-12-30
2025-11-25,on,2025-11-25,MFSL,0.4776,1856800,886800,1700.0,1600.0,2025-12-30
2025-11-25,on,2025-11-25,MOTHERSON,0.6563,78615450,51592350,110.0,100.0,2025-12-30
2025-11-25,on,2025-11-25,MPHASIS,0.7054,1778425,1254550,2800.0,2700.0,2025-12-30
2025-11-25,on,2025-11-25,MUTHOOTFIN,0.6649,2917200,1939575,4150.0,3500.0,2025-12-30
2025-11-25,on,2025-11-25,NATIONALUM,0.7964,33536250,26707500,260.0,260.0,2025-12-30
2025-11-25,on,2025-11-25,NAUKRI,0.5913,2414250,1427625,1340.0,1360.0,2025-12-30
2025-11-25,on,2025-11-25,NBCC,0.5348,43569500,23302500,120.0,110.0,2025-12-30
2025-11-25,on,2025-11-25,NCC,0.4122,21429900,8834400,190.0,180.0,2025-12-30
2025-11-25,on,2025-11-25,NESTLEIND,0.4379,4384500,1920000,1300.0,1200.0,2025-12-30
2025-11-25,on,2025-11-25,NHPC,0.4412,42144000,18592000,80.0,80.0,2025-12-30
2025-11-25,on,2025-11-25,NMDC,0.626,152779500,95647500,80.0,85.0,2025-12-30
2025-11-25,on,2025-11-25,NTPC,0.4364,60786000,26527500,330.0,330.0,2025-12-30
2025-11-25,on,2025-11-25,NUVAMA,0.5771,251550,145175,7500.0,7000.0,2025-12-30
2025-11-25,on,2025-11-25,NYKAA,0.665,18218750,12115625,270.0,270.0,2025-12-30
2025-11-25,on,2025-11-25,OBEROIRLTY,0.669,1429750,956550,1700.0,1600.0,2025-12-30
2025-11-25,on,2025-11-25,OFSS,0.5236,740250,387600,8500.0,8200.0,2025-12-30
2025-11-25,on,2025-11-25,OIL,0.6468,5093200,3294200,450.0,420.0,2025-12-30
2025-11-25,on,2025-11-25,ONGC,0.4425,56308500,24916500,250.0,250.0,2025-12-30
2025-11-25,on,2025-11-25,PAGEIND,0.4958,105945,52530,41000.0,37000.0,2025-12-30
2025-11-25,on,2025-11-25,PATANJALI,0.3804,7942500,3021300,600.0,620.0,2025-12-30
2025-11-25,on,2025-11-25,PAYTM,0.6385,8499900,5427350,1300.0,1200.0,2025-12-30
2025-11-25,on,2025-11-25,PERSISTENT,0.9174,787700,722600,6400.0,6400.0,2025-12-30
2025-11-25,on,2025-11-25,PETRONET,1.118,15327700,17136200,300.0,300.0,2025-12-30
2025-11-25,on,2025-11-25,PFC,0.6968,44164900,30773600,370.0,370.0,2025-12-30
2025-11-25,on,2025-11-25,PGEL,0.6713,7536550,5059050,600.0,600.0,2025-12-30
2025-11-25,on,2025-11-25,PHOENIXLTD,0.546,1288350,703500,1740.0,1700.0,2025-12-30
2025-11-25,on,2025-11-25,PIDILITIND,0.6212,1988000,1235000,1500.0,1400.0,2025-12-30
2025-11-25,on,2025-11-25,PIIND,0.6955,1018325,708225,3500.0,3500.0,2025-12-30
2025-11-25,on,2025-11-25,PNB,0.6263,117424000,73544000,125.0,125.0,2025-12-30
2025-11-25,on,2025-11-25,PNBHOUSING,0.7199,5131100,3693950,900.0,830.0,2025-12-30
2025-11-25,on,2025-11-25,POLICYBZR,0.4948,2203950,1090600,1800.0,1800.0,2025-12-30
2025-11-25,on,2025-11-25,POLYCAB,0.5331,617625,329250,7600.0,7500.0,2025-12-30
2025-11-25,on,2025-11-25,POWERGRID,0.5902,36272900,21409200,280.0,280.0,2025-12-30
2025-11-25,on,2025-11-25,POWERINDIA,0.7429,254600,189150,23000.0,20000.0,2025-12-30
2025-11-25,on,2025-11-25,PPLPHARMA,0.3943,16138250,6363125,200.0,195.0,2025-12-30
2025-11-25,on,2025-11-25,PRESTIGE,0.5541,1798200,996300,1800.0,1520.0,2025-12-30
2025-11-25,on,2025-11-25,RBLBANK,0.6042,19827875,11979275,320.0,320.0,2025-12-30
2025-11-25,on,2025-11-25,RECLTD,0.738,44132450,32568325,400.0,360.0,2025-12-30
2025-11-25,on,2025-11-25,RELIANCE,0.7283,43384000,31594500,1560.0,1550.0,2025-12-30
2025-11-25,on,2025-11-25,RVNL,0.5088,18870775,9601175,320.0,300.0,2025-12-30
2025-11-25,on,2025-11-25,SAIL,0.7807,40405900,31546400,150.0,130.0,2025-12-30
2025-11-25,on,2025-11-25,SAMMAANCAP,0.5878,54997000,32327400,160.0,160.0,2025-12-30
2025-11-25,on,2025-11-25,SBICARD,0.5494,7724800,4244000,900.0,800.0,2025-12-30
2025-11-25,on,2025-11-25,SBILIFE,1.0715,2244750,2405250,2100.0,2000.0,2025-12-30
2025-11-25,on,2025-11-25,SBIN,1.1008,35816250,39425250,1000.0,980.0,2025-12-30
2025-11-25,on,2025-11-25,SHREECEM,0.442,104975,46400,27000.0,27000.0,2025-12-30
2025-11-25,on,2025-11-25,SHRIRAMFIN,0.7676,15362325,11791725,880.0,800.0,2025-12-30
2025-11-25,on,2025-11-25,SIEMENS,0.5371,955775,513375,3500.0,3200.0,2025-12-30
2025-11-25,on,2025-11-25,SOLARINDS,0.5173,472875,244600,14000.0,13000.0,2025-12-30
2025-11-25,on,2025-11-25,SONACOMS,0.5078,6786500,3446275,520.0,500.0,2025-12-30
2025-11-25,on,2025-11-25,SRF,0.5515,2201200,1214000,2900.0,3000.0,2025-12-30
2025-11-25,on,2025-11-25,SUNPHARMA,0.6108,4082400,2493400,1800.0,1780.0,2025-12-30
2025-11-25,on,2025-11-25,SUPREMEIND,0.486,1570275,763175,3600.0,3500.0,2025-12-30
2025-11-25,on,2025-11-25,SUZLON,0.3914,205524850,80438125,62.0,55.0,2025-12-30
2025-11-25,on,2025-11-25,SYNGENE,0.7792,3555000,2770000,700.0,600.0,2025-12-30
2025-11-25,on,2025-11-25,TATACONSUM,0.4189,6470750,2710400,1200.0,1180.0,2025-12-30
2025-11-25,on,2025-11-25,TATAELXSI,0.4297,882900,379400,5400.0,5000.0,2025-12-30
2025-11-25,on,2025-11-25,TATAPOWER,0.6556,42725700,28012550,400.0,390.0,2025-12-30
2025-11-25,on,2025-11-25,TATASTEEL,0.3775,290768500,109774500,180.0,170.0,2025-12-30
2025-11-25,on,2025-11-25,TATATECH,0.6679,5147200,3437600,700.0,680.0,2025-12-30
2025-11-25,on,2025-11-25,TCS,0.8621,9864750,8504825,3200.0,3200.0,2025-12-30
2025-11-25,on,2025-11-25,TECHM,0.6627,7684800,5092800,1600.0,1500.0,2025-12-30
2025-11-25,on,2025-11-25,TIINDIA,0.5406,791000,427600,2900.0,2800.0,2025-12-30
2025-11-25,on,2025-11-25,TITAGARH,0.5111,4133225,2112650,900.0,800.0,2025-12-30
2025-11-25,on,2025-11-25,TITAN,0.7599,3209325,2438800,4000.0,3840.0,2025-12-30
2025-11-25,on,2025-11-25,TMPV,0.381,85177600,32450400,400.0,360.0,2025-12-30
2025-11-25,on,2025-11-25,TORNTPHARM,0.6158,722250,444750,3900.0,3500.0,2025-12-30
2025-11-25,on,2025-11-25,TORNTPOWER,0.6587,1511175,995450,1300.0,1300.0,2025-12-30
2025-11-25,on,2025-11-25,TRENT,0.6222,4403200,2739500,4400.0,4300.0,2025-12-30
2025-11-25,on,2025-11-25,TVSMOTOR,0.6386,2727375,1741775,3500.0,3500.0,2025-12-30
2025-11-25,on,2025-11-25,ULTRACEMCO,0.5598,869450,486750,12000.0,11700.0,2025-12-30
2025-11-25,on,2025-11-25,UNIONBANK,0.768,28647450,22001100,160.0,140.0,2025-12-30
2025-11-25,on,2025-11-25,UNITDSPR,0.7111,4831200,3435600,1500.0,1400.0,2025-12-30
2025-11-25,on,2025-11-25,UNOMINDA,0.7654,1413500,1081850,1300.0,1200.0,2025-12-30
2025-11-25,on,2025-11-25,UPL,0.7199,9577140,6894240,780.0,700.0,2025-12-30
2025-11-25,on,2025-11-25,VBL,0.4999,22749375,11372650,460.0,450.0,2025-12-30
2025-11-25,on,2025-11-25,VEDL,0.6924,33933050,23494500,500.0,500.0,2025-12-30
2025-11-25,on,2025-11-25,VOLTAS,1.1367,3416250,3883125,1400.0,1200.0,2025-12-30
2025-11-25,on,2025-11-25,WIPRO,0.6799,51120000,34758000,250.0,250.0,2025-12-30
2025-11-25,on,2025-11-25,YESBANK,0.4482,512621300,229766800,23.0,22.0,2025-12-30
2025-11-25,on,2025-11-25,ZYDUSLIFE,0.8267,4767300,3941100,1000.0,900.0,2025-12-30
2025-11-25,wk,2025-11-18,360ONE,0.4523,2002000,905500,,,
2025-11-25,wk,2025-11-18,ABB,0.6189,1692250,1047375,,,
2025-11-25,wk,2025-11-18,ABCAPITAL,0.7229,22239400,16076600,,,
2025-11-25,wk,2025-11-18,ADANIENSOL,0.6756,6044625,4083750,,,
2025-11-25,wk,2025-11-18,ADANIENT,0.7621,10516815,8014533,,,
2025-11-25,wk,2025-11-18,ADANIGREEN,0.4571,19355400,8846400,,,
2025-11-25,wk,2025-11-18,ADANIPORTS,0.5651,11624675,6569250,,,
2025-11-25,wk,2025-11-18,ALKEM,0.5879,675500,397125,,,
2025-11-25,wk,2025-11-18,AMBER,0.6015,1786300,1074400,,,
2025-11-25,wk,2025-11-18,AMBUJACEM,0.6296,17193750,10824450,,,
2025-11-25,wk,2025-11-18,ANGELONE,1.1027,2473000,2727000,,,
2025-11-25,wk,2025-11-18,APLAPOLLO,0.6141,2416050,1483650,,,
2025-11-25,wk,2025-11-18,APOLLOHOSP,0.3827,2646375,1012750,,,
2025-11-25,wk,2025-11-18,ASHOKLEY,0.7392,70195000,51890000,,,
2025-11-25,wk,2025-11-18,ASIANPAINT,0.9446,12220500,11544000,,,
2025-11-25,wk,2025-11-18,ASTRAL,0.5394,5143350,2774400,,,
2025-11-25,wk,2025-11-18,AUBANK,1.0013,6843000,6852000,,,
2025-11-25,wk,2025-11-18,AUROPHARMA,1.0332,4719000,4875750,,,
2025-11-25,wk,2025-11-18,AXISBANK,0.5957,21191875,12623750,,,
2025-11-25,wk,2025-11-18,BAJAJ-AUTO,0.5951,2151375,1280250,,,
2025-11-25,wk,2025-11-18,BAJAJFINSV,0.6058,7398750,4482500,,,
2025-11-25,wk,2025-11-18,BAJFINANCE,0.5646,32675250,18449250,,,
2025-11-25,wk,2025-11-18,BANDHANBNK,0.5175,87850800,45464400,,,
2025-11-25,wk,2025-11-18,BANKBARODA,0.7364,52614900,38744550,,,
2025-11-25,wk,2025-11-18,BANKINDIA,0.7566,31111600,23540400,,,
2025-11-25,wk,2025-11-18,BDL,0.6481,5153300,3339875,,,
2025-11-25,wk,2025-11-18,BEL,0.5385,78325125,42180000,,,
2025-11-25,wk,2025-11-18,BHARATFORG,0.674,4638000,3126000,,,
2025-11-25,wk,2025-11-18,BHARTIARTL,0.6495,22848450,14839950,,,
2025-11-25,wk,2025-11-18,BHEL,0.9231,51011625,47087250,,,
2025-11-25,wk,2025-11-18,BIOCON,0.8757,25857500,22642500,,,
2025-11-25,wk,2025-11-18,BLUESTARCO,0.3966,2663375,1056250,,,
2025-11-25,wk,2025-11-18,BOSCHLTD,0.3928,194050,76225,,,
2025-11-25,wk,2025-11-18,BPCL,0.8925,19112075,17058075,,,
2025-11-25,wk,2025-11-18,BRITANNIA,0.5197,2275375,1182500,,,
2025-11-25,wk,2025-11-18,BSE,0.8202,10751625,8818500,,,
2025-11-25,wk,2025-11-18,CAMS,0.5561,1929150,1072800,,,
2025-11-25,wk,2025-11-18,CANBK,1.1756,125604000,147663000,,,
2025-11-25,wk,2025-11-18,CDSL,0.6296,8615550,5424025,,,
2025-11-25,wk,2025-11-18,CGPOWER,0.563,7653400,4308650,,,
2025-11-25,wk,2025-11-18,CHOLAFIN,0.8511,3550000,3021250,,,
2025-11-25,wk,2025-11-18,CIPLA,0.4631,10705125,4957125,,,
2025-11-25,wk,2025-11-18,COALINDIA,0.7789,27170100,21163950,,,
2025-11-25,wk,2025-11-18,COFORGE,0.4281,5338500,2285250,,,
2025-11-25,wk,2025-11-18,COLPAL,0.6244,2805525,1751850,,,
2025-11-25,wk,2025-11-18,CONCOR,0.6004,17227500,10343750,,,
2025-11-25,wk,2025-11-18,CROMPTON,0.4748,28006200,13296600,,,
2025-11-25,wk,2025-11-18,CUMMINSIND,0.6147,1419000,872200,,,
2025-11-25,wk,2025-11-18,CYIENT,0.607,2408050,1461575,,,
2025-11-25,wk,2025-11-18,DABUR,0.5502,20077500,11047500,,,
2025-11-25,wk,2025-11-18,DALBHARAT,0.6036,1592175,961025,,,
2025-11-25,wk,2025-11-18,DELHIVERY,0.3931,30027325,11802600,,,
2025-11-25,wk,2025-11-18,DIVISLAB,0.6583,2452700,1614500,,,
2025-11-25,wk,2025-11-18,DIXON,0.5319,1927450,1025300,,,
2025-11-25,wk,2025-11-18,DLF,0.7118,16178250,11515350,,,
2025-11-25,wk,2025-11-18,DMART,0.4092,2700000,1104900,,,
2025-11-25,wk,2025-11-18,DRREDDY,0.434,12306250,5341250,,,
2025-11-25,wk,2025-11-18,EICHERMOT,0.6349,2809500,1783650,,,
2025-11-25,wk,2025-11-18,ETERNAL,0.4642,118082950,54819550,,,
2025-11-25,wk,2025-11-18,EXIDEIND,0.625,20541600,12837600,,,
2025-11-25,wk,2025-11-18,FEDERALBNK,0.8794,54125000,47600000,,,
2025-11-25,wk,2025-11-18,FORTIS,0.3537,11460700,4054025,,,
2025-11-25,wk,2025-11-18,GAIL,0.6472,43271550,28003500,,,
2025-11-25,wk,2025-11-18,GLENMARK,0.4336,10354500,4489875,,,
2025-11-25,wk,2025-11-18,GMRAIRPORT,0.7064,147918825,104485500,,,
2025-11-25,wk,2025-11-18,GODREJCP,0.6714,2466500,1656000,,,
2025-11-25,wk,2025-11-18,GODREJPROP,0.6024,2828650,1703900,,,
2025-11-25,wk,2025-11-18,GRASIM,0.4742,5036750,2388250,,,
2025-11-25,wk,2025-11-18,HAL,0.4998,6576000,3286800,,,
2025-11-25,wk,2025-11-18,HAVELLS,0.6908,2808500,1940000,,,
2025-11-25,wk,2025-11-18,HCLTECH,0.7635,5552400,4239200,,,
2025-11-25,wk,2025-11-18,HDFCAMC,0.5504,1816200,999600,,,
2025-11-25,wk,2025-11-18,HDFCBANK,0.6174,38973000,24060850,,,
2025-11-25,wk,2025-11-18,HDFCLIFE,0.6759,10307000,6966300,,,
2025-11-25,wk,2025-11-18,HEROMOTOCO,0.9415,3512100,3306600,,,
2025-11-25,wk,2025-11-18,HFCL,0.5809,50451900,29308800,,,
2025-11-25,wk,2025-11-18,HINDALCO,0.7052,25248300,17804500,,,
2025-11-25,wk,2025-11-18,HINDPETRO,0.6325,16495650,10432800,,,
2025-11-25,wk,2025-11-18,HINDUNILVR,0.4604,12074400,5559000,,,
2025-11-25,wk,2025-11-18,HINDZINC,0.4763,28992075,13809425,,,
2025-11-25,wk,2025-11-18,HUDCO,0.6007,30519450,18334425,,,
2025-11-25,wk,2025-11-18,ICICIBANK,0.5783,43130500,24943800,,,
2025-11-25,wk,2025-11-18,ICICIGI,0.6434,1524900,981175,,,
2025-11-25,wk,2025-11-18,ICICIPRULI,0.733,3776775,2768525,,,
2025-11-25,wk,2025-11-18,IDEA,0.6118,2374685400,1452943800,,,
2025-11-25,wk,2025-11-18,IDFCFIRSTB,0.5846,204977500,119823725,,,
2025-11-25,wk,2025-11-18,IEX,0.5942,56520000,33585000,,,
2025-11-25,wk,2025-11-18,IGL,0.6433,14962750,9625000,,,
2025-11-25,wk,2025-11-18,IIFL,0.6343,9045300,5737050,,,
2025-11-25,wk,2025-11-18,INDHOTEL,0.578,13649000,7889000,,,
2025-11-25,wk,2025-11-18,INDIANB,0.5706,7935000,4528000,,,
2025-11-25,wk,2025-11-18,INDIGO,0.547,3945600,2158200,,,
2025-11-25,wk,2025-11-18,INDUSINDBK,0.7145,18581500,13276900,,,
2025-11-25,wk,2025-11-18,INDUSTOWER,0.7743,27727000,21469300,,,
2025-11-25,wk,2025-11-18,INFY,0.6186,28838000,17840000,,,
2025-11-25,wk,2025-11-18,INOXWIND,0.3847,48870592,18801034,,,
2025-11-25,wk,2025-11-18,IOC,0.8876,60747375,53922375,,,
2025-11-25,wk,2025-11-18,IRCTC,0.6162,13298250,8194375,,,
2025-11-25,wk,2025-11-18,IREDA,0.5181,29559600,15314550,,,
2025-11-25,wk,2025-11-18,IRFC,0.4784,38411500,18377000,,,
2025-11-25,wk,2025-11-18,ITC,0.4604,72537600,33396800,,,
2025-11-25,wk,2025-11-18,JINDALSTEL,0.9132,6635625,6059375,,,
2025-11-25,wk,2025-11-18,JIOFIN,0.6014,72177900,43409200,,,
2025-11-25,wk,2025-11-18,JSWENERGY,0.4052,12440000,5041000,,,
2025-11-25,wk,2025-11-18,JSWSTEEL,0.543,9626850,5227200,,,
2025-11-25,wk,2025-11-18,JUBLFOOD,0.6442,12347500,7953750,,,
2025-11-25,wk,2025-11-18,KALYANKJIL,0.4555,14137600,6439000,,,
2025-11-25,wk,2025-11-18,KAYNES,0.3192,3930900,1254700,,,
2025-11-25,wk,2025-11-18,KEI,0.5037,700350,352800,,,
2025-11-25,wk,2025-11-18,KFINTECH,0.3937,4621550,1819650,,,
2025-11-25,wk,2025-11-18,KOTAKBANK,0.4934,15464000,7629200,,,
2025-11-25,wk,2025-11-18,KPITTECH,0.9064,1868575,1693700,,,
2025-11-25,wk,2025-11-18,LAURUSLABS,0.8076,11021100,8900350,,,
2025-11-25,wk,2025-11-18,LICHSGFIN,0.6402,12561000,8042000,,,
2025-11-25,wk,2025-11-18,LICI,0.5103,9148300,4668300,,,
2025-11-25,wk,2025-11-18,LODHA,0.5757,3089700,1778850,,,
2025-11-25,wk,2025-11-18,LT,0.5126,6875225,3524150,,,
2025-11-25,wk,2025-11-18,LTF,0.8527,41736210,35586928,,,
2025-11-25,wk,2025-11-18,LTIM,0.6251,880200,550200,,,
2025-11-25,wk,2025-11-18,LUPIN,0.6606,5077900,3354525,,,
2025-11-25,wk,2025-11-18,M&M,0.6517,5088600,3316400,,,
2025-11-25,wk,2025-11-18,MANAPPURAM,0.5138,25482000,13092000,,,
2025-11-25,wk,2025-11-18,MANKIND,0.3874,1579275,611775,,,
2025-11-25,wk,2025-11-18,MARICO,0.8337,7669200,6393600,,,
2025-11-25,wk,2025-11-18,MARUTI,0.5216,2933150,1529900,,,
2025-11-25,wk,2025-11-18,MAXHEALTH,0.4116,8527575,3509625,,,
2025-11-25,wk,2025-11-18,MAZDOCK,0.4112,3945200,1622100,,,
2025-11-25,wk,2025-11-18,MCX,0.7372,2849125,2100375,,,
2025-11-25,wk,2025-11-18,MFSL,0.7125,2049200,1460000,,,
2025-11-25,wk,2025-11-18,MOTHERSON,0.5446,101659500,55362300,,,
2025-11-25,wk,2025-11-18,MPHASIS,0.4882,3641275,1777600,,,
2025-11-25,wk,2025-11-18,MUTHOOTFIN,0.9515,4731375,4502025,,,
2025-11-25,wk,2025-11-18,NATIONALUM,1.0527,37788750,39780000,,,
2025-11-25,wk,2025-11-18,NAUKRI,0.4759,4304625,2048625,,,
2025-11-25,wk,2025-11-18,NBCC,0.532,45350500,24128000,,,
2025-11-25,wk,2025-11-18,NCC,0.4277,25069500,10721700,,,
2025-11-25,wk,2025-11-18,NESTLEIND,0.3344,6093500,2037500,,,
2025-11-25,wk,2025-11-18,NHPC,0.4179,42265600,17664000,,,
2025-11-25,wk,2025-11-18,NMDC,0.6269,150545250,94371750,,,
2025-11-25,wk,2025-11-18,NTPC,0.4204,59374500,24963000,,,
2025-11-25,wk,2025-11-18,NUVAMA,0.5574,397575,221625,,,
2025-11-25,wk,2025-11-18,NYKAA,0.5684,22068750,12543750,,,
2025-11-25,wk,2025-11-18,OBEROIRLTY,0.6101,1593550,972300,,,
2025-11-25,wk,2025-11-18,OFSS,0.5006,925650,463425,,,
2025-11-25,wk,2025-11-18,OIL,0.5305,7518000,3988600,,,
2025-11-25,wk,2025-11-18,ONGC,0.3301,57699000,19048500,,,
2025-11-25,wk,2025-11-18,PAGEIND,0.3711,182355,67680,,,
2025-11-25,wk,2025-11-18,PATANJALI,0.3986,10387800,4140900,,,
2025-11-25,wk,2025-11-18,PAYTM,0.6908,9936850,6864300,,,
2025-11-25,wk,2025-11-18,PERSISTENT,0.7622,843500,642900,,,
2025-11-25,wk,2025-11-18,PETRONET,1.1442,13955400,15967800,,,
2025-11-25,wk,2025-11-18,PFC,0.6306,48789000,30768400,,,
2025-11-25,wk,2025-11-18,PGEL,0.9746,9120300,8888600,,,
2025-11-25,wk,2025-11-18,PHOENIXLTD,0.5012,1062950,532700,,,
2025-11-25,wk,2025-11-18,PIDILITIND,0.5586,3100500,1732000,,,
2025-11-25,wk,2025-11-18,PIIND,0.535,1802325,964250,,,
2025-11-25,wk,2025-11-18,PNB,0.6451,120000000,77408000,,,
2025-11-25,wk,2025-11-18,PNBHOUSING,0.707,6353100,4491500,,,
2025-11-25,wk,2025-11-18,POLICYBZR,0.5076,2867200,1455300,,,
2025-11-25,wk,2025-11-18,POLYCAB,0.5151,850625,438125,,,
2025-11-25,wk,2025-11-18,POWERGRID,0.5113,42592300,21777800,,,
2025-11-25,wk,2025-11-18,POWERINDIA,1.019,281400,286750,,,
2025-11-25,wk,2025-11-18,PPLPHARMA,0.442,16730375,7394875,,,
2025-11-25,wk,2025-11-18,PRESTIGE,0.5112,2460150,1257750,,,
2025-11-25,wk,2025-11-18,RBLBANK,0.6856,22761575,15605125,,,
2025-11-25,wk,2025-11-18,RECLTD,0.6549,49388400,32343275,,,
2025-11-25,wk,2025-11-18,RELIANCE,0.6967,43097000,30026500,,,
2025-11-25,wk,2025-11-18,RVNL,0.5059,18843200,9533575,,,
2025-11-25,wk,2025-11-18,SAIL,0.8576,50802300,43569000,,,
2025-11-25,wk,2025-11-18,SAMMAANCAP,0.5315,47502100,25245300,,,
2025-11-25,wk,2025-11-18,SBICARD,0.4314,10437600,4503200,,,
2025-11-25,wk,2025-11-18,SBILIFE,0.6283,5290875,3324000,,,
2025-11-25,wk,2025-11-18,SBIN,0.9526,47103000,44869500,,,
2025-11-25,wk,2025-11-18,SHREECEM,0.3168,184475,58450,,,
2025-11-25,wk,2025-11-18,SHRIRAMFIN,0.8923,18174750,16217850,,,
2025-11-25,wk,2025-11-18,SIEMENS,0.7474,1526975,1141225,,,
2025-11-25,wk,2025-11-18,SOLARINDS,0.4364,641100,279750,,,
2025-11-25,wk,2025-11-18,SONACOMS,0.4278,5324900,2277975,,,
2025-11-25,wk,2025-11-18,SRF,0.4405,3069000,1351800,,,
2025-11-25,wk,2025-11-18,SUNPHARMA,0.5911,5072200,2998100,,,
2025-11-25,wk,2025-11-18,SUPREMEIND,0.3986,1646750,656425,,,
2025-11-25,wk,2025-11-18,SUZLON,0.4043,247018200,99878350,,,
2025-11-25,wk,2025-11-18,SYNGENE,0.6015,4868000,2928000,,,
2025-11-25,wk,2025-11-18,TATACONSUM,0.4854,6044500,2934250,,,
2025-11-25,wk,2025-11-18,TATAELXSI,0.402,966800,388700,,,
2025-11-25,wk,2025-11-18,TATAPOWER,0.5027,51907100,26094200,,,
2025-11-25,wk,2025-11-18,TATASTEEL,0.3462,352847000,122171500,,,
2025-11-25,wk,2025-11-18,TATATECH,0.5134,6147200,3156000,,,
2025-11-25,wk,2025-11-18,TCS,0.69,12971000,8950550,,,
2025-11-25,wk,2025-11-18,TECHM,0.6473,6819000,4413600,,,
2025-11-25,wk,2025-11-18,TIINDIA,0.6497,797600,518200,,,
2025-11-25,wk,2025-11-18,TITAGARH,0.553,5073550,2805750,,,
2025-11-25,wk,2025-11-18,TITAN,0.6098,4387950,2675575,,,
2025-11-25,wk,2025-11-18,TMPV,0.3877,75985600,29456000,,,
2025-11-25,wk,2025-11-18,TORNTPHARM,0.7213,1136500,819750,,,
2025-11-25,wk,2025-11-18,TORNTPOWER,0.5703,2377500,1356000,,,
2025-11-25,wk,2025-11-18,TRENT,0.5399,5994000,3236000,,,
2025-11-25,wk,2025-11-18,TVSMOTOR,0.4372,5137300,2246125,,,
2025-11-25,wk,2025-11-18,ULTRACEMCO,0.4453,1228050,546850,,,
2025-11-25,wk,2025-11-18,UNIONBANK,0.7039,41409150,29147475,,,
2025-11-25,wk,2025-11-18,UNITDSPR,0.5717,6605200,3776400,,,
2025-11-25,wk,2025-11-18,UNOMINDA,0.7165,1839200,1317800,,,
2025-11-25,wk,2025-11-18,UPL,0.7472,11583895,8655740,,,
2025-11-25,wk,2025-11-18,VBL,0.4178,25694650,10735775,,,
2025-11-25,wk,2025-11-18,VEDL,0.7836,39238000,30745250,,,
2025-11-25,wk,2025-11-18,VOLTAS,1.2247,4445250,5444250,,,
2025-11-25,wk,2025-11-18,WIPRO,0.6409,65700000,42108000,,,
2025-11-25,wk,2025-11-18,YESBANK,0.4075,513554300,209271900,,,
2025-11-25,wk,2025-11-18,ZYDUSLIFE,0.5539,6660000,3689100,,,
2025-12-30,on,2025-12-30,360ONE,0.6804,1430000,973000,1200.0,1200.0,2026-01-27
2025-12-30,on,2025-12-30,ABB,0.9565,740875,708625,5200.0,5200.0,2026-01-27
2025-12-30,on,2025-12-30,ABCAPITAL,0.6124,25392100,15549600,350.0,350.0,2026-01-27
2025-12-30,on,2025-12-30,ADANIENSOL,0.5931,3855600,2286900,1040.0,980.0,2026-01-27
2025-12-30,on,2025-12-30,ADANIENT,0.7038,11772900,8285835,2300.0,2200.0,2026-01-27
2025-12-30,on,2025-12-30,ADANIGREEN,0.6865,9254400,6353400,1100.0,1000.0,2026-01-27
2025-12-30,on,2025-12-30,ADANIPORTS,0.5322,8746175,4654525,1500.0,1500.0,2026-01-27
2025-12-30,on,2025-12-30,ALKEM,0.6751,246250,166250,5600.0,5500.0,2026-01-27
2025-12-30,on,2025-12-30,AMBER,0.6482,770600,499500,7000.0,6000.0,2026-01-27
2025-12-30,on,2025-12-30,AMBUJACEM,0.8441,15213450,12841500,550.0,550.0,2026-01-27
2025-12-30,on,2025-12-30,ANGELONE,0.6923,3044750,2107750,2500.0,2200.0,2026-01-27
2025-12-30,on,2025-12-30,APLAPOLLO,0.9162,1073100,983150,1900.0,1860.0,2026-01-27
2025-12-30,on,2025-12-30,APOLLOHOSP,0.6104,1605500,980000,7200.0,7000.0,2026-01-27
2025-12-30,on,2025-12-30,ASHOKLEY,0.8919,68150000,60780000,180.0,170.0,2026-01-27
2025-12-30,on,2025-12-30,ASIANPAINT,0.5848,6392750,3738750,3000.0,2520.0,2026-01-27
2025-12-30,on,2025-12-30,ASTRAL,0.5945,4178175,2484125,1400.0,1400.0,2026-01-27
2025-12-30,on,2025-12-30,AUBANK,0.9516,6219000,5918000,1000.0,980.0,2026-01-27
2025-12-30,on,2025-12-30,AUROPHARMA,0.4028,6277700,2528350,1260.0,1200.0,2026-01-27
2025-12-30,on,2025-12-30,AXISBANK,0.5255,23296875,12241875,1250.0,1230.0,2026-01-27
2025-12-30,on,2025-12-30,BAJAJ-AUTO,0.7138,1485000,1060050,10000.0,9100.0,2026-01-27
2025-12-30,on,2025-12-30,BAJAJFINSV,0.6953,5731500,3985250,2100.0,2000.0,2026-01-27
2025-12-30,on,2025-12-30,BAJFINANCE,0.6432,28745250,18489750,1000.0,1000.0,2026-01-27
2025-12-30,on,2025-12-30,BANDHANBNK,0.8615,38257200,32958000,150.0,150.0,2026-01-27
2025-12-30,on,2025-12-30,BANKBARODA,0.8842,40645800,35939475,300.0,300.0,2026-01-27
2025-12-30,on,2025-12-30,BANKINDIA,0.8029,24356800,19557200,140.0,140.0,2026-01-27
2025-12-30,on,2025-12-30,BDL,0.6918,5512400,3813500,1500.0,1400.0,2026-01-27
2025-12-30,on,2025-12-30,BEL,0.5192,81987375,42570450,400.0,400.0,2026-01-27
2025-12-30,on,2025-12-30,BHARATFORG,0.6542,3810500,2493000,1460.0,1460.0,2026-01-27
2025-12-30,on,2025-12-30,BHARTIARTL,0.4772,14070925,6715075,2200.0,2000.0,2026-01-27
2025-12-30,on,2025-12-30,BHEL,0.5392,46840500,25257750,285.0,280.0,2026-01-27
2025-12-30,on,2025-12-30,BIOCON,0.6153,25985000,15987500,420.0,400.0,2026-01-27
2025-12-30,on,2025-12-30,BLUESTARCO,0.5721,881725,504400,1800.0,1700.0,2026-01-27
2025-12-30,on,2025-12-30,BOSCHLTD,0.4556,104800,47750,36000.0,35000.0,2026-01-27
2025-12-30,on,2025-12-30,BPCL,0.6833,17042275,11644600,380.0,380.0,2026-01-27
2025-12-30,on,2025-12-30,BRITANNIA,0.6917,843000,583125,6300.0,6000.0,2026-01-27
2025-12-30,on,2025-12-30,BSE,0.5152,11862375,6111000,2800.0,2600.0,2026-01-27
2025-12-30,on,2025-12-30,CAMS,0.4314,7391250,3188250,780.0,700.0,2026-01-27
2025-12-30,on,2025-12-30,CANBK,1.0438,87912000,91766250,155.0,150.0,2026-01-27
2025-12-30,on,2025-12-30,CDSL,0.6317,8412250,5313825,1600.0,1500.0,2026-01-27
2025-12-30,on,2025-12-30,CGPOWER,0.5002,7614300,3808850,700.0,650.0,2026-01-27
2025-12-30,on,2025-12-30,CHOLAFIN,1.3184,7731250,10192500,1700.0,1500.0,2026-01-27
2025-12-30,on,2025-12-30,CIPLA,0.7063,5746875,4059000,1500.0,1500.0,2026-01-27
2025-12-30,on,2025-12-30,COALINDIA,0.5867,44365050,26030700,410.0,440.0,2026-01-27
2025-12-30,on,2025-12-30,COFORGE,0.4728,14646750,6924375,1700.0,1700.0,2026-01-27
2025-12-30,on,2025-12-30,COLPAL,0.8504,2265975,1926900,2100.0,2100.0,2026-01-27
2025-12-30,on,2025-12-30,CONCOR,0.772,16001250,12352500,520.0,520.0,2026-01-27
2025-12-30,on,2025-12-30,CROMPTON,0.5027,25869600,13005000,260.0,260.0,2026-01-27
2025-12-30,on,2025-12-30,CUMMINSIND,0.7348,932800,685400,4500.0,4400.0,2026-01-27
2025-12-30,on,2025-12-30,CYIENT,0.7592,751825,570775,,,
2025-12-30,on,2025-12-30,DABUR,0.5406,15125000,8176250,500.0,490.0,2026-01-27
2025-12-30,on,2025-12-30,DALBHARAT,0.7807,1480375,1155700,2200.0,2100.0,2026-01-27
2025-12-30,on,2025-12-30,DELHIVERY,0.6617,10047150,6648300,410.0,410.0,2026-01-27
2025-12-30,on,2025-12-30,DIVISLAB,0.6593,1045800,689500,6500.0,6300.0,2026-01-27
2025-12-30,on,2025-12-30,DIXON,0.5011,3945950,1977250,13000.0,11000.0,2026-01-27
2025-12-30,on,2025-12-30,DLF,0.7476,18696975,13977975,700.0,680.0,2026-01-27
2025-12-30,on,2025-12-30,DMART,0.6892,1599150,1102200,4000.0,3800.0,2026-01-27
2025-12-30,on,2025-12-30,DRREDDY,0.5378,6405000,3444375,1300.0,1150.0,2026-01-27
2025-12-30,on,2025-12-30,EICHERMOT,0.9247,1860850,1720775,8100.0,7500.0,2026-01-27
2025-12-30,on,2025-12-30,ETERNAL,0.5749,77170775,44367800,290.0,280.0,2026-01-27
2025-12-30,on,2025-12-30,EXIDEIND,0.6687,14155200,9466200,370.0,340.0,2026-01-27
2025-12-30,on,2025-12-30,FEDERALBNK,1.0143,36725000,37250000,270.0,260.0,2026-01-27
2025-12-30,on,2025-12-30,FORTIS,0.4965,5365325,2663675,900.0,900.0,2026-01-27
2025-12-30,on,2025-12-30,GAIL,0.7904,46673550,36892800,175.0,170.0,2026-01-27
2025-12-30,on,2025-12-30,GLENMARK,0.8275,3798000,3142875,2100.0,2040.0,2026-01-27
2025-12-30,on,2025-12-30,GMRAIRPORT,0.6025,139248900,83895300,105.0,98.0,2026-01-27
2025-12-30,on,2025-12-30,GODREJCP,0.6239,2099000,1309500,1220.0,1200.0,2026-01-27
2025-12-30,on,2025-12-30,GODREJPROP,0.6908,2911975,2011625,2000.0,2000.0,2026-01-27
2025-12-30,on,2025-12-30,GRASIM,1.0253,1810250,1856000,2800.0,2740.0,2026-01-27
2025-12-30,on,2025-12-30,HAL,0.6543,6198000,4055100,4500.0,4400.0,2026-01-27
2025-12-30,on,2025-12-30,HAVELLS,0.8534,2459500,2099000,1500.0,1420.0,2026-01-27
2025-12-30,on,2025-12-30,HCLTECH,0.6136,6919500,4245500,1700.0,1520.0,2026-01-27
2025-12-30,on,2025-12-30,HDFCAMC,0.8298,2236200,1855500,2700.0,2600.0,2026-01-27
2025-12-30,on,2025-12-30,HDFCBANK,0.7998,28417400,22728750,1000.0,940.0,2026-01-27
2025-12-30,on,2025-12-30,HDFCLIFE,0.5407,13839100,7482200,800.0,750.0,2026-01-27
2025-12-30,on,2025-12-30,HEROMOTOCO,0.5893,3075900,1812750,6000.0,5700.0,2026-01-27
2025-12-30,on,2025-12-30,HFCL,0.3898,37971150,14802750,,,
2025-12-30,on,2025-12-30,HINDALCO,0.8665,16196600,14033600,900.0,800.0,2026-01-27
2025-12-30,on,2025-12-30,HINDPETRO,0.7432,12585375,9353475,480.0,450.0,2026-01-27
2025-12-30,on,2025-12-30,HINDUNILVR,0.6191,5609100,3472800,2300.0,2300.0,2026-01-27
2025-12-30,on,2025-12-30,HINDZINC,0.7853,49143325,38591175,650.0,600.0,2026-01-27
2025-12-30,on,2025-12-30,HUDCO,0.8083,25521675,20629350,230.0,210.0,2026-01-27
2025-12-30,on,2025-12-30,ICICIBANK,0.7106,35262500,25056500,1360.0,1400.0,2026-01-27
2025-12-30,on,2025-12-30,ICICIGI,0.5492,1614925,886925,2100.0,1900.0,2026-01-27
2025-12-30,on,2025-12-30,ICICIPRULI,0.6483,4655525,3018275,670.0,620.0,2026-01-27
2025-12-30,on,2025-12-30,IDEA,0.5455,2639071425,1439649450,12.0,12.0,2026-01-27
2025-12-30,on,2025-12-30,IDFCFIRSTB,0.7586,124201525,94224725,90.0,85.0,2026-01-27
2025-12-30,on,2025-12-30,IEX,0.6905,50205000,34665000,140.0,135.0,2026-01-27
2025-12-30,on,2025-12-30,IIFL,0.9989,5746950,5740350,600.0,550.0,2026-01-27
2025-12-30,on,2025-12-30,INDHOTEL,0.6785,8851000,6005000,740.0,730.0,2026-01-27
2025-12-30,on,2025-12-30,INDIANB,0.6935,7528000,5221000,800.0,800.0,2026-01-27
2025-12-30,on,2025-12-30,INDIGO,0.7203,9562800,6888150,5500.0,5000.0,2026-01-27
2025-12-30,on,2025-12-30,INDUSINDBK,0.6935,12352200,8565900,900.0,880.0,2026-01-27
2025-12-30,on,2025-12-30,INDUSTOWER,0.7845,21958900,17226100,430.0,420.0,2026-01-27
2025-12-30,on,2025-12-30,INFY,0.6878,31186400,21450000,1700.0,1620.0,2026-01-27
2025-12-30,on,2025-12-30,INOXWIND,0.5587,37864086,21152945,130.0,125.0,2026-01-27
2025-12-30,on,2025-12-30,IOC,0.727,45210750,32867250,165.0,160.0,2026-01-27
2025-12-30,on,2025-12-30,IRCTC,0.501,20321875,10181500,710.0,700.0,2026-01-27
2025-12-30,on,2025-12-30,IREDA,0.5834,37432500,21838500,150.0,140.0,2026-01-27
2025-12-30,on,2025-12-30,IRFC,0.4714,100283000,47272750,140.0,130.0,2026-01-27
2025-12-30,on,2025-12-30,ITC,0.5695,64204800,36564800,410.0,410.0,2026-01-27
2025-12-30,on,2025-12-30,JINDALSTEL,0.7636,5168125,3946250,1000.0,950.0,2026-01-27
2025-12-30,on,2025-12-30,JIOFIN,0.6565,70636300,46374900,300.0,290.0,2026-01-27
2025-12-30,on,2025-12-30,JSWENERGY,0.7253,13377000,9702000,500.0,530.0,2026-01-27
2025-12-30,on,2025-12-30,JSWSTEEL,0.627,15212475,9538425,1100.0,1100.0,2026-01-27
2025-12-30,on,2025-12-30,JUBLFOOD,0.5413,13523750,7320000,600.0,560.0,2026-01-27
2025-12-30,on,2025-12-30,KALYANKJIL,0.5859,7760875,4547250,500.0,500.0,2026-01-27
2025-12-30,on,2025-12-30,KAYNES,0.4909,4223100,2073200,4500.0,4000.0,2026-01-27
2025-12-30,on,2025-12-30,KEI,0.7333,753200,552300,4500.0,4400.0,2026-01-27
2025-12-30,on,2025-12-30,KFINTECH,1.0144,2033800,2063100,1100.0,1000.0,2026-01-27
2025-12-30,on,2025-12-30,KOTAKBANK,0.7955,7789200,6196000,2200.0,2160.0,2026-01-27
2025-12-30,on,2025-12-30,KPITTECH,0.6394,1883400,1204225,1200.0,1100.0,2026-01-27
2025-12-30,on,2025-12-30,LAURUSLABS,0.979,7159550,7009100,1100.0,900.0,2026-01-27
2025-12-30,on,2025-12-30,LICHSGFIN,0.9033,10109000,9131000,540.0,540.0,2026-01-27
2025-12-30,on,2025-12-30,LICI,0.6388,6972000,4453400,900.0,800.0,2026-01-27
2025-12-30,on,2025-12-30,LODHA,0.6777,3199050,2168100,1100.0,1000.0,2026-01-27
2025-12-30,on,2025-12-30,LT,0.6071,4999400,3035025,4100.0,4000.0,2026-01-27
2025-12-30,on,2025-12-30,LTF,0.692,31719296,21950534,300.0,295.0,2026-01-27
2025-12-30,on,2025-12-30,LTIM,0.8319,823800,685350,6200.0,6000.0,2026-01-27
2025-12-30,on,2025-12-30,LUPIN,0.8648,2353650,2035325,2100.0,1900.0,2026-01-27
2025-12-30,on,2025-12-30,M&M,0.6462,4277000,2763600,3700.0,3600.0,2026-01-27
2025-12-30,on,2025-12-30,MANAPPURAM,0.8637,21615000,18669000,320.0,300.0,2026-01-27
2025-12-30,on,2025-12-30,MANKIND,0.6557,845550,554400,2200.0,2200.0,2026-01-27
2025-12-30,on,2025-12-30,MARICO,0.7847,4693200,3682800,750.0,730.0,2026-01-27
2025-12-30,on,2025-12-30,MARUTI,0.9338,1457400,1360900,17000.0,16000.0,2026-01-27
2025-12-30,on,2025-12-30,MAXHEALTH,0.717,4473000,3207225,1100.0,1040.0,2026-01-27
2025-12-30,on,2025-12-30,MAZDOCK,0.5041,4809400,2424350,2600.0,2400.0,2026-01-27
2025-12-30,on,2025-12-30,MCX,0.7516,2768500,2080875,11000.0,10000.0,2026-01-27
2025-12-30,on,2025-12-30,MFSL,0.6144,1465600,900400,1700.0,1600.0,2026-01-27
2025-12-30,on,2025-12-30,MOTHERSON,0.683,58240500,39778200,130.0,120.0,2026-01-27
2025-12-30,on,2025-12-30,MPHASIS,0.751,1419275,1065900,3000.0,2600.0,2026-01-27
2025-12-30,on,2025-12-30,MUTHOOTFIN,0.5864,2896300,1698400,3800.0,3700.0,2026-01-27
2025-12-30,on,2025-12-30,NATIONALUM,1.1122,42896250,47711250,340.0,310.0,2026-01-27
2025-12-30,on,2025-12-30,NAUKRI,0.7737,2556375,1977750,1500.0,1260.0,2026-01-27
2025-12-30,on,2025-12-30,NBCC,0.6391,55295500,35340500,130.0,115.0,2026-01-27
2025-12-30,on,2025-12-30,NCC,0.4194,14877000,6239700,,,
2025-12-30,on,2025-12-30,NESTLEIND,0.5281,4212500,2224500,1300.0,1200.0,2026-01-27
2025-12-30,on,2025-12-30,NHPC,0.4473,40723200,18214400,80.0,78.0,2026-01-27
2025-12-30,on,2025-12-30,NMDC,0.6553,145293750,95208750,85.0,75.0,2026-01-27
2025-12-30,on,2025-12-30,NTPC,0.6827,37291500,25458000,330.0,380.0,2026-01-27
2025-12-30,on,2025-12-30,NUVAMA,0.5306,2412875,1280375,1500.0,1400.0,2026-01-27
2025-12-30,on,2025-12-30,NYKAA,0.7054,19868750,14015625,270.0,260.0,2026-01-27
2025-12-30,on,2025-12-30,OBEROIRLTY,0.8,1501150,1200850,1700.0,1600.0,2026-01-27
2025-12-30,on,2025-12-30,OFSS,0.7662,543450,416400,8000.0,8000.0,2026-01-27
2025-12-30,on,2025-12-30,OIL,0.6127,5754000,3525200,420.0,420.0,2026-01-27
2025-12-30,on,2025-12-30,ONGC,0.4356,59008500,25706250,240.0,235.0,2026-01-27
2025-12-30,on,2025-12-30,PAGEIND,0.5989,90870,54420,36000.0,35000.0,2026-01-27
2025-12-30,on,2025-12-30,PATANJALI,0.5938,5968800,3544200,600.0,600.0,2026-01-27
2025-12-30,on,2025-12-30,PAYTM,0.6021,7471125,4498625,1400.0,1240.0,2026-01-27
2025-12-30,on,2025-12-30,PERSISTENT,0.6515,843800,549700,6400.0,5800.0,2026-01-27
2025-12-30,on,2025-12-30,PETRONET,1.0839,20662100,22396600,280.0,300.0,2026-01-27
2025-12-30,on,2025-12-30,PFC,0.7911,38573600,30516200,350.0,350.0,2026-01-27
2025-12-30,on,2025-12-30,PGEL,0.7541,5131500,3869650,600.0,540.0,2026-01-27
2025-12-30,on,2025-12-30,PHOENIXLTD,0.7087,1121050,794500,1740.0,1880.0,2026-01-27
2025-12-30,on,2025-12-30,PIDILITIND,0.8424,1199000,1010000,1500.0,1400.0,2026-01-27
2025-12-30,on,2025-12-30,PIIND,0.7181,775425,556850,3300.0,3200.0,2026-01-27
2025-12-30,on,2025-12-30,PNB,0.8255,108656000,89696000,120.0,120.0,2026-01-27
2025-12-30,on,2025-12-30,PNBHOUSING,0.6273,5574400,3497000,1000.0,900.0,2026-01-27
2025-12-30,on,2025-12-30,POLICYBZR,0.6649,2280950,1516550,2000.0,1860.0,2026-01-27
2025-12-30,on,2025-12-30,POLYCAB,0.8798,565875,497875,7600.0,7000.0,2026-01-27
2025-12-30,on,2025-12-30,POWERGRID,0.6165,37270400,22976700,270.0,260.0,2026-01-27
2025-12-30,on,2025-12-30,POWERINDIA,0.3973,349650,138900,21500.0,18000.0,2026-01-27
2025-12-30,on,2025-12-30,PPLPHARMA,0.4898,17341000,8494375,180.0,180.0,2026-01-27
2025-12-30,on,2025-12-30,PRESTIGE,0.8002,1684800,1348200,1600.0,1500.0,2026-01-27
2025-12-30,on,2025-12-30,RBLBANK,0.7817,20329525,15890875,310.0,300.0,2026-01-27
2025-12-30,on,2025-12-30,RECLTD,0.7601,40249850,30593775,360.0,360.0,2026-01-27
2025-12-30,on,2025-12-30,RELIANCE,0.4949,45497000,22518000,1600.0,1560.0,2026-01-27
2025-12-30,on,2025-12-30,RVNL,0.4426,51875925,22958025,400.0,320.0,2026-01-27
2025-12-30,on,2025-12-30,SAIL,0.8016,53232200,42671300,140.0,130.0,2026-01-27
2025-12-30,on,2025-12-30,SAMMAANCAP,0.6662,48486800,32301600,150.0,140.0,2026-01-27
2025-12-30,on,2025-12-30,SBICARD,0.6421,6402400,4111200,950.0,800.0,2026-01-27
2025-12-30,on,2025-12-30,SBILIFE,0.4209,3336000,1404000,2100.0,2000.0,2026-01-27
2025-12-30,on,2025-12-30,SBIN,0.6707,38598750,25887750,980.0,950.0,2026-01-27
2025-12-30,on,2025-12-30,SHREECEM,0.6347,76650,48650,26500.0,26500.0,2026-01-27
2025-12-30,on,2025-12-30,SHRIRAMFIN,0.8789,20866725,18338925,1000.0,900.0,2026-01-27
2025-12-30,on,2025-12-30,SIEMENS,0.4826,1727100,833475,3200.0,3100.0,2026-01-27
2025-12-30,on,2025-12-30,SOLARINDS,0.5024,700625,351975,13000.0,12000.0,2026-01-27
2025-12-30,on,2025-12-30,SONACOMS,0.6333,4473700,2833075,500.0,480.0,2026-01-27
2025-12-30,on,2025-12-30,SRF,0.8225,1609400,1323800,3100.0,3000.0,2026-01-27
2025-12-30,on,2025-12-30,SUNPHARMA,0.3604,8787100,3167150,1800.0,1620.0,2026-01-27
2025-12-30,on,2025-12-30,SUPREMEIND,0.7715,877800,677250,3300.0,3300.0,2026-01-27
2025-12-30,on,2025-12-30,SUZLON,0.4312,198924100,85781400,60.0,54.0,2026-01-27
2025-12-30,on,2025-12-30,SYNGENE,0.6228,3213000,2001000,700.0,650.0,2026-01-27
2025-12-30,on,2025-12-30,TATACONSUM,0.4817,5539600,2668600,1200.0,1180.0,2026-01-27
2025-12-30,on,2025-12-30,TATAELXSI,0.6693,1107700,741400,6000.0,5300.0,2026-01-27
2025-12-30,on,2025-12-30,TATAPOWER,0.7487,39164500,29323350,380.0,380.0,2026-01-27
2025-12-30,on,2025-12-30,TATASTEEL,0.6827,151151000,103191000,180.0,170.0,2026-01-27
2025-12-30,on,2025-12-30,TATATECH,0.6973,5753600,4012000,700.0,650.0,2026-01-27
2025-12-30,on,2025-12-30,TCS,0.7469,10387125,7757925,3400.0,3300.0,2026-01-27
2025-12-30,on,2025-12-30,TECHM,0.8728,5665800,4945200,1660.0,1500.0,2026-01-27
2025-12-30,on,2025-12-30,TIINDIA,0.7309,1174200,858200,2600.0,2600.0,2026-01-27
2025-12-30,on,2025-12-30,TITAGARH,0.9214,2075675,1912550,,,
2025-12-30,on,2025-12-30,TITAN,0.7084,4362400,3090325,4100.0,3900.0,2026-01-27
2025-12-30,on,2025-12-30,TMPV,0.5386,61489600,33116800,400.0,360.0,2026-01-27
2025-12-30,on,2025-12-30,TORNTPHARM,0.6304,385500,243000,3800.0,3600.0,2026-01-27
2025-12-30,on,2025-12-30,TORNTPOWER,0.733,1149650,842650,1300.0,1300.0,2026-01-27
2025-12-30,on,2025-12-30,TRENT,0.7074,3655100,2585600,4300.0,4200.0,2026-01-27
2025-12-30,on,2025-12-30,TVSMOTOR,0.9108,1571500,1431325,3600.0,3600.0,2026-01-27
2025-12-30,on,2025-12-30,ULTRACEMCO,0.755,721150,544500,12000.0,11500.0,2026-01-27
2025-12-30,on,2025-12-30,UNIONBANK,0.771,31165275,24027750,155.0,155.0,2026-01-27
2025-12-30,on,2025-12-30,UNITDSPR,0.9014,3637600,3278800,1500.0,1400.0,2026-01-27
2025-12-30,on,2025-12-30,UNOMINDA,0.6098,2139500,1304600,1280.0,1200.0,2026-01-27
2025-12-30,on,2025-12-30,UPL,0.7447,11728880,8734330,800.0,800.0,2026-01-27
2025-12-30,on,2025-12-30,VBL,0.6868,16875050,11590600,500.0,460.0,2026-01-27
2025-12-30,on,2025-12-30,VEDL,0.8156,60958050,49720250,650.0,600.0,2026-01-27
2025-12-30,on,2025-12-30,VOLTAS,0.7452,3480750,2593875,1400.0,1400.0,2026-01-27
2025-12-30,on,2025-12-30,WIPRO,0.8217,45738000,37584000,280.0,250.0,2026-01-27
2025-12-30,on,2025-12-30,YESBANK,0.498,511595000,254771200,22.0,22.0,2026-01-27
2025-12-30,on,2025-12-30,ZYDUSLIFE,0.5953,5016600,2986200,1000.0,900.0,2026-01-27
2025-12-30,wk,2025-12-23,360ONE,0.6695,1777500,1190000,,,
2025-12-30,wk,2025-12-23,ABB,0.779,953125,742500,,,
2025-12-30,wk,2025-12-23,ABCAPITAL,0.5709,33991500,19406000,,,
2025-12-30,wk,2025-12-23,ADANIENSOL,0.5343,4558275,2435400,,,
2025-12-30,wk,2025-12-23,ADANIENT,0.641,14815932,9496497,,,
2025-12-30,wk,2025-12-23,ADANIGREEN,0.6075,11325000,6879600,,,
2025-12-30,wk,2025-12-23,ADANIPORTS,0.4643,10199675,4735275,,,
2025-12-30,wk,2025-12-23,ALKEM,0.7246,296375,214750,,,
2025-12-30,wk,2025-12-23,AMBER,0.6139,1029200,631800,,,
2025-12-30,wk,2025-12-23,AMBUJACEM,0.6435,20043450,12897150,,,
2025-12-30,wk,2025-12-23,ANGELONE,0.4891,4041750,1977000,,,
2025-12-30,wk,2025-12-23,APLAPOLLO,0.9431,1304100,1229900,,,
2025-12-30,wk,2025-12-23,APOLLOHOSP,0.5995,2114625,1267750,,,
2025-12-30,wk,2025-12-23,ASHOKLEY,1.2125,73850000,89545000,,,
2025-12-30,wk,2025-12-23,ASIANPAINT,0.57,8056250,4592000,,,
2025-12-30,wk,2025-12-23,ASTRAL,0.5886,3729375,2195125,,,
2025-12-30,wk,2025-12-23,AUBANK,0.8249,8343000,6882000,,,
2025-12-30,wk,2025-12-23,AUROPHARMA,0.5925,6422350,3805450,,,
2025-12-30,wk,2025-12-23,AXISBANK,0.4862,29283750,14237500,,,
2025-12-30,wk,2025-12-23,BAJAJ-AUTO,0.6028,1880400,1133550,,,
2025-12-30,wk,2025-12-23,BAJAJFINSV,0.6507,5383500,3503000,,,
2025-12-30,wk,2025-12-23,BAJFINANCE,0.6059,30434250,18441000,,,
2025-12-30,wk,2025-12-23,BANDHANBNK,0.6438,46123200,29692800,,,
2025-12-30,wk,2025-12-23,BANKBARODA,0.847,45390150,38443275,,,
2025-12-30,wk,2025-12-23,BANKINDIA,0.795,28922400,22994400,,,
2025-12-30,wk,2025-12-23,BDL,0.592,6253925,3702225,,,
2025-12-30,wk,2025-12-23,BEL,0.5027,82761150,41601450,,,
2025-12-30,wk,2025-12-23,BHARATFORG,0.7851,3431500,2694000,,,
2025-12-30,wk,2025-12-23,BHARTIARTL,0.468,18549225,8681575,,,
2025-12-30,wk,2025-12-23,BHEL,0.524,50470875,26446875,,,
2025-12-30,wk,2025-12-23,BIOCON,0.597,30095000,17967500,,,
2025-12-30,wk,2025-12-23,BLUESTARCO,0.6406,1223625,783900,,,
2025-12-30,wk,2025-12-23,BOSCHLTD,0.395,123175,48650,,,
2025-12-30,wk,2025-12-23,BPCL,0.6431,20079825,12912550,,,
2025-12-30,wk,2025-12-23,BRITANNIA,0.6601,1127500,744250,,,
2025-12-30,wk,2025-12-23,BSE,0.5354,14287125,7649625,,,
2025-12-30,wk,2025-12-23,CAMS,0.7183,5066250,3639000,,,
2025-12-30,wk,2025-12-23,CANBK,0.809,116430750,94196250,,,
2025-12-30,wk,2025-12-23,CDSL,0.4709,10662325,5021225,,,
2025-12-30,wk,2025-12-23,CGPOWER,0.4633,8770300,4063000,,,
2025-12-30,wk,2025-12-23,CHOLAFIN,1.2017,16163125,19423750,,,
2025-12-30,wk,2025-12-23,CIPLA,0.6602,6267750,4137750,,,
2025-12-30,wk,2025-12-23,COALINDIA,0.8136,31070250,25278750,,,
2025-12-30,wk,2025-12-23,COFORGE,0.4632,11265375,5218500,,,
2025-12-30,wk,2025-12-23,COLPAL,0.7295,2771100,2021400,,,
2025-12-30,wk,2025-12-23,CONCOR,0.7678,13590000,10433750,,,
2025-12-30,wk,2025-12-23,CROMPTON,0.5085,26688600,13570200,,,
2025-12-30,wk,2025-12-23,CUMMINSIND,0.8363,1030000,861400,,,
2025-12-30,wk,2025-12-23,CYIENT,0.5909,1536375,907800,,,
2025-12-30,wk,2025-12-23,DABUR,0.582,15181250,8835000,,,
2025-12-30,wk,2025-12-23,DALBHARAT,0.694,1581450,1097525,,,
2025-12-30,wk,2025-12-23,DELHIVERY,0.7476,12510175,9352025,,,
2025-12-30,wk,2025-12-23,DIVISLAB,0.618,1484000,917100,,,
2025-12-30,wk,2025-12-23,DIXON,0.7219,4490450,3241500,,,
2025-12-30,wk,2025-12-23,DLF,0.6701,21024300,14089350,,,
2025-12-30,wk,2025-12-23,DMART,0.4813,2460900,1184550,,,
2025-12-30,wk,2025-12-23,DRREDDY,0.5022,6696250,3363125,,,
2025-12-30,wk,2025-12-23,EICHERMOT,0.9823,2280425,2240000,,,
2025-12-30,wk,2025-12-23,ETERNAL,0.5508,88842300,48934075,,,
2025-12-30,wk,2025-12-23,EXIDEIND,0.664,13032000,8652600,,,
2025-12-30,wk,2025-12-23,FEDERALBNK,1.0313,44830000,46235000,,,
2025-12-30,wk,2025-12-23,FORTIS,0.4895,6512325,3187575,,,
2025-12-30,wk,2025-12-23,GAIL,0.6907,62297550,43025850,,,
2025-12-30,wk,2025-12-23,GLENMARK,0.6627,5171250,3426750,,,
2025-12-30,wk,2025-12-23,GMRAIRPORT,0.5567,153798750,85618125,,,
2025-12-30,wk,2025-12-23,GODREJCP,0.5412,3207000,1735500,,,
2025-12-30,wk,2025-12-23,GODREJPROP,0.6174,3414400,2108150,,,
2025-12-30,wk,2025-12-23,GRASIM,1.1494,2249250,2585250,,,
2025-12-30,wk,2025-12-23,HAL,0.6003,7673550,4606350,,,
2025-12-30,wk,2025-12-23,HAVELLS,0.7512,2771500,2082000,,,
2025-12-30,wk,2025-12-23,HCLTECH,0.6189,7515200,4651150,,,
2025-12-30,wk,2025-12-23,HDFCAMC,0.8217,3136500,2577300,,,
2025-12-30,wk,2025-12-23,HDFCBANK,0.7394,38556100,28508150,,,
2025-12-30,wk,2025-12-23,HDFCLIFE,0.4981,16266800,8102600,,,
2025-12-30,wk,2025-12-23,HEROMOTOCO,0.5207,4491450,2338500,,,
2025-12-30,wk,2025-12-23,HFCL,0.4346,63842100,27747900,,,
2025-12-30,wk,2025-12-23,HINDALCO,0.6892,19401200,13371400,,,
2025-12-30,wk,2025-12-23,HINDPETRO,0.7537,14043375,10584675,,,
2025-12-30,wk,2025-12-23,HINDUNILVR,0.5601,6558300,3673500,,,
2025-12-30,wk,2025-12-23,HINDZINC,0.6903,53702775,37068500,,,
2025-12-30,wk,2025-12-23,HUDCO,0.4791,42313200,20274150,,,
2025-12-30,wk,2025-12-23,ICICIBANK,0.6278,39458300,24773000,,,
2025-12-30,wk,2025-12-23,ICICIGI,0.4863,2072525,1007825,,,
2025-12-30,wk,2025-12-23,ICICIPRULI,0.5711,4669400,2666775,,,
2025-12-30,wk,2025-12-23,IDEA,0.5443,2690461950,1464522750,,,
2025-12-30,wk,2025-12-23,IDFCFIRSTB,0.7537,131111400,98825125,,,
2025-12-30,wk,2025-12-23,IEX,0.7657,43601250,33386250,,,
2025-12-30,wk,2025-12-23,IIFL,0.5982,7695600,4603500,,,
2025-12-30,wk,2025-12-23,INDHOTEL,0.6931,9833000,6815000,,,
2025-12-30,wk,2025-12-23,INDIANB,0.4433,11894000,5273000,,,
2025-12-30,wk,2025-12-23,INDIGO,0.6159,14911950,9184500,,,
2025-12-30,wk,2025-12-23,INDUSINDBK,0.6655,13944000,9279900,,,
2025-12-30,wk,2025-12-23,INDUSTOWER,0.5773,26220800,15138500,,,
2025-12-30,wk,2025-12-23,INFY,0.7478,36400000,27219600,,,
2025-12-30,wk,2025-12-23,INOXWIND,0.4859,43258296,21019775,,,
2025-12-30,wk,2025-12-23,IOC,0.6516,57690750,37591125,,,
2025-12-30,wk,2025-12-23,IRCTC,0.5792,13678875,7923125,,,
2025-12-30,wk,2025-12-23,IREDA,0.585,37260000,21797100,,,
2025-12-30,wk,2025-12-23,IRFC,0.6113,59687000,36486250,,,
2025-12-30,wk,2025-12-23,ITC,0.6356,59696000,37942400,,,
2025-12-30,wk,2025-12-23,JINDALSTEL,0.7214,5440625,3925000,,,
2025-12-30,wk,2025-12-23,JIOFIN,0.7081,67703500,47942350,,,
2025-12-30,wk,2025-12-23,JSWENERGY,0.7076,14879000,10529000,,,
2025-12-30,wk,2025-12-23,JSWSTEEL,0.5298,20069775,10633950,,,
2025-12-30,wk,2025-12-23,JUBLFOOD,0.5467,14365000,7853750,,,
2025-12-30,wk,2025-12-23,KALYANKJIL,0.5356,10301225,5517800,,,
2025-12-30,wk,2025-12-23,KAYNES,0.4142,6769600,2803700,,,
2025-12-30,wk,2025-12-23,KEI,0.964,978425,943250,,,
2025-12-30,wk,2025-12-23,KFINTECH,0.8434,2936750,2476900,,,
2025-12-30,wk,2025-12-23,KOTAKBANK,0.816,9107200,7431600,,,
2025-12-30,wk,2025-12-23,KPITTECH,0.9821,2263475,2222875,,,
2025-12-30,wk,2025-12-23,LAURUSLABS,0.9647,7905000,7626200,,,
2025-12-30,wk,2025-12-23,LICHSGFIN,0.7923,10571000,8375000,,,
2025-12-30,wk,2025-12-23,LICI,0.4851,9353400,4537400,,,
2025-12-30,wk,2025-12-23,LODHA,0.5207,4480650,2333250,,,
2025-12-30,wk,2025-12-23,LT,0.5747,5822775,3346350,,,
2025-12-30,wk,2025-12-23,LTF,0.6975,36808796,25674064,,,
2025-12-30,wk,2025-12-23,LTIM,0.7722,1099500,849000,,,
2025-12-30,wk,2025-12-23,LUPIN,0.8226,2915925,2398700,,,
2025-12-30,wk,2025-12-23,M&M,0.5884,6019800,3542200,,,
2025-12-30,wk,2025-12-23,MANAPPURAM,0.6256,23559000,14739000,,,
2025-12-30,wk,2025-12-23,MANKIND,0.6079,1112175,676125,,,
2025-12-30,wk,2025-12-23,MARICO,0.6577,5661600,3723600,,,
2025-12-30,wk,2025-12-23,MARUTI,0.955,1751750,1672950,,,
2025-12-30,wk,2025-12-23,MAXHEALTH,0.7104,5534025,3931200,,,
2025-12-30,wk,2025-12-23,MAZDOCK,0.4893,4360800,2133775,,,
2025-12-30,wk,2025-12-23,MCX,1.019,3039375,3097125,,,
2025-12-30,wk,2025-12-23,MFSL,0.6184,1831200,1132400,,,
2025-12-30,wk,2025-12-23,MOTHERSON,0.7212,67004250,48326700,,,
2025-12-30,wk,2025-12-23,MPHASIS,0.9379,1470975,1379675,,,
2025-12-30,wk,2025-12-23,MUTHOOTFIN,0.5651,3562900,2013275,,,
2025-12-30,wk,2025-12-23,NATIONALUM,1.0085,35272500,35572500,,,
2025-12-30,wk,2025-12-23,NAUKRI,0.8616,2666250,2297250,,,
2025-12-30,wk,2025-12-23,NBCC,0.6279,44609500,28008500,,,
2025-12-30,wk,2025-12-23,NCC,0.5196,22140000,11504700,,,
2025-12-30,wk,2025-12-23,NESTLEIND,0.2863,7047000,2017500,,,
2025-12-30,wk,2025-12-23,NHPC,0.5761,38380800,22112000,,,
2025-12-30,wk,2025-12-23,NMDC,0.754,126306000,95235750,,,
2025-12-30,wk,2025-12-23,NTPC,0.669,34186500,22872000,,,
2025-12-30,wk,2025-12-23,NUVAMA,0.4839,458525,221875,,,
2025-12-30,wk,2025-12-23,NYKAA,0.5481,21196875,11618750,,,
2025-12-30,wk,2025-12-23,OBEROIRLTY,0.7893,1777650,1403150,,,
2025-12-30,wk,2025-12-23,OFSS,0.6065,867300,525975,,,
2025-12-30,wk,2025-12-23,OIL,0.4866,8188600,3984400,,,
2025-12-30,wk,2025-12-23,ONGC,0.4214,60948000,25681500,,,
2025-12-30,wk,2025-12-23,PAGEIND,0.4266,130695,55755,,,
2025-12-30,wk,2025-12-23,PATANJALI,0.5662,8394300,4752900,,,
2025-12-30,wk,2025-12-23,PAYTM,0.7383,8588350,6340850,,,
2025-12-30,wk,2025-12-23,PERSISTENT,0.8856,1060000,938700,,,
2025-12-30,wk,2025-12-23,PETRONET,1.0863,16586200,18018300,,,
2025-12-30,wk,2025-12-23,PFC,0.74,41862600,30980300,,,
2025-12-30,wk,2025-12-23,PGEL,0.6082,7203650,4381550,,,
2025-12-30,wk,2025-12-23,PHOENIXLTD,0.7506,1282750,962850,,,
2025-12-30,wk,2025-12-23,PIDILITIND,0.7586,1532500,1162500,,,
2025-12-30,wk,2025-12-23,PIIND,0.6846,1072050,733950,,,
2025-12-30,wk,2025-12-23,PNB,0.6125,163680000,100248000,,,
2025-12-30,wk,2025-12-23,PNBHOUSING,0.7412,6100900,4522050,,,
2025-12-30,wk,2025-12-23,POLICYBZR,0.8368,2837450,2374400,,,
2025-12-30,wk,2025-12-23,POLYCAB,1.1976,947500,1134750,,,
2025-12-30,wk,2025-12-23,POWERGRID,0.6407,32104300,20569400,,,
2025-12-30,wk,2025-12-23,POWERINDIA,0.3617,596250,215650,,,
2025-12-30,wk,2025-12-23,PPLPHARMA,0.5825,18166250,10581000,,,
2025-12-30,wk,2025-12-23,PRESTIGE,0.6543,2038500,1333800,,,
2025-12-30,wk,2025-12-23,RBLBANK,0.7323,23580725,17268825,,,
2025-12-30,wk,2025-12-23,RECLTD,0.7183,42915350,30827000,,,
2025-12-30,wk,2025-12-23,RELIANCE,0.599,46507500,27857500,,,
2025-12-30,wk,2025-12-23,RVNL,0.7175,21009375,15075275,,,
2025-12-30,wk,2025-12-23,SAIL,0.6879,53142900,36556600,,,
2025-12-30,wk,2025-12-23,SAMMAANCAP,0.6857,61012700,41839000,,,
2025-12-30,wk,2025-12-23,SBICARD,0.7863,5547200,4361600,,,
2025-12-30,wk,2025-12-23,SBILIFE,0.5017,4217625,2116125,,,
2025-12-30,wk,2025-12-23,SBIN,0.6021,50426250,30363750,,,
2025-12-30,wk,2025-12-23,SHREECEM,0.4269,142650,60900,,,
2025-12-30,wk,2025-12-23,SHRIRAMFIN,0.9557,28566450,27300075,,,
2025-12-30,wk,2025-12-23,SIEMENS,0.5076,2173650,1103425,,,
2025-12-30,wk,2025-12-23,SOLARINDS,0.4837,980225,474175,,,
2025-12-30,wk,2025-12-23,SONACOMS,0.4628,6271125,2902025,,,
2025-12-30,wk,2025-12-23,SRF,0.8994,1810800,1628600,,,
2025-12-30,wk,2025-12-23,SUNPHARMA,0.3591,8324750,2989700,,,
2025-12-30,wk,2025-12-23,SUPREMEIND,0.5412,1274875,690025,,,
2025-12-30,wk,2025-12-23,SUZLON,0.4652,190633675,88692100,,,
2025-12-30,wk,2025-12-23,SYNGENE,0.6055,3653000,2212000,,,
2025-12-30,wk,2025-12-23,TATACONSUM,0.5307,5631450,2988700,,,
2025-12-30,wk,2025-12-23,TATAELXSI,1.0213,1626200,1660900,,,
2025-12-30,wk,2025-12-23,TATAPOWER,0.7097,39419700,27974850,,,
2025-12-30,wk,2025-12-23,TATASTEEL,0.5895,162965000,96068500,,,
2025-12-30,wk,2025-12-23,TATATECH,0.727,5473600,3979200,,,
2025-12-30,wk,2025-12-23,TCS,0.7375,10792250,7959175,,,
2025-12-30,wk,2025-12-23,TECHM,0.9011,6564600,5915400,,,
2025-12-30,wk,2025-12-23,TIINDIA,0.6237,1504600,938400,,,
2025-12-30,wk,2025-12-23,TITAGARH,0.5579,3755500,2095250,,,
2025-12-30,wk,2025-12-23,TITAN,0.7283,4140850,3015600,,,
2025-12-30,wk,2025-12-23,TMPV,0.5843,61634400,36015200,,,
2025-12-30,wk,2025-12-23,TORNTPHARM,0.5749,630500,362500,,,
2025-12-30,wk,2025-12-23,TORNTPOWER,0.7654,1168775,894550,,,
2025-12-30,wk,2025-12-23,TRENT,0.6037,4920700,2970600,,,
2025-12-30,wk,2025-12-23,TVSMOTOR,0.9818,1846950,1813350,,,
2025-12-30,wk,2025-12-23,ULTRACEMCO,0.6547,1074900,703750,,,
2025-12-30,wk,2025-12-23,UNIONBANK,0.6458,41249850,26638500,,,
2025-12-30,wk,2025-12-23,UNITDSPR,0.7527,4474800,3368000,,,
2025-12-30,wk,2025-12-23,UNOMINDA,0.6986,2561900,1789700,,,
2025-12-30,wk,2025-12-23,UPL,0.8331,11163845,9300720,,,
2025-12-30,wk,2025-12-23,VBL,0.5136,21539125,11062575,,,
2025-12-30,wk,2025-12-23,VEDL,1.0023,55444950,55571450,,,
2025-12-30,wk,2025-12-23,VOLTAS,0.6947,3932250,2731875,,,
2025-12-30,wk,2025-12-23,WIPRO,1.0339,50568000,52284000,,,
2025-12-30,wk,2025-12-23,YESBANK,0.4977,485004500,241398200,,,
2025-12-30,wk,2025-12-23,ZYDUSLIFE,0.6897,4678200,3226500,,,
2026-01-27,on,2026-01-27,360ONE,0.6869,2307500,1585000,1200.0,1200.0,2026-02-24
2026-01-27,on,2026-01-27,ABB,0.8436,1013250,854750,5000.0,4700.0,2026-02-24
2026-01-27,on,2026-01-27,ABCAPITAL,0.5025,23147700,11631200,360.0,310.0,2026-02-24
2026-01-27,on,2026-01-27,ADANIENSOL,0.5611,6605550,3706425,900.0,800.0,2026-02-24
2026-01-27,on,2026-01-27,ADANIENT,0.8773,10394142,9119208,2200.0,2200.0,2026-02-24
2026-01-27,on,2026-01-27,ADANIGREEN,0.6791,11594400,7873800,900.0,800.0,2026-02-24
2026-01-27,on,2026-01-27,ADANIPORTS,0.7197,9072975,6529825,1400.0,1300.0,2026-02-24
2026-01-27,on,2026-01-27,ALKEM,0.6132,305375,187250,6000.0,5500.0,2026-02-24
2026-01-27,on,2026-01-27,AMBER,0.479,498100,238600,6200.0,5500.0,2026-02-24
2026-01-27,on,2026-01-27,AMBUJACEM,0.9232,14702100,13573350,550.0,520.0,2026-02-24
2026-01-27,on,2026-01-27,ANGELONE,0.7749,2355500,1825250,2800.0,2500.0,2026-02-24
2026-01-27,on,2026-01-27,APLAPOLLO,0.6862,1835750,1259650,2100.0,2000.0,2026-02-24
2026-01-27,on,2026-01-27,APOLLOHOSP,0.6414,1481000,949875,7500.0,6800.0,2026-02-24
2026-01-27,on,2026-01-27,ASHOKLEY,0.7432,60155000,44705000,210.0,180.0,2026-02-24
2026-01-27,on,2026-01-27,ASIANPAINT,0.6887,5963000,4106750,3000.0,2600.0,2026-02-24
2026-01-27,on,2026-01-27,ASTRAL,0.7319,2781625,2035750,1500.0,1400.0,2026-02-24
2026-01-27,on,2026-01-27,AUBANK,0.632,8306000,5249000,1000.0,950.0,2026-02-24
2026-01-27,on,2026-01-27,AUROPHARMA,0.5666,5194200,2943050,1200.0,1200.0,2026-02-24
2026-01-27,on,2026-01-27,AXISBANK,0.7247,32685000,23686875,1350.0,1250.0,2026-02-24
2026-01-27,on,2026-01-27,BAJAJ-AUTO,0.6679,1339500,894600,10000.0,8800.0,2026-02-24
2026-01-27,on,2026-01-27,BAJAJFINSV,0.5535,6099250,3375750,2000.0,1820.0,2026-02-24
2026-01-27,on,2026-01-27,BAJAJHLDNG,0.6108,141200,86250,11000.0,10500.0,2026-02-24
2026-01-27,on,2026-01-27,BAJFINANCE,0.777,25765500,20019750,950.0,900.0,2026-02-24
2026-01-27,on,2026-01-27,BANDHANBNK,1.0329,24832800,25650000,150.0,150.0,2026-02-24
2026-01-27,on,2026-01-27,BANKBARODA,0.7447,51921675,38668500,300.0,300.0,2026-02-24
2026-01-27,on,2026-01-27,BANKINDIA,0.8548,33727200,28828800,170.0,150.0,2026-02-24
2026-01-27,on,2026-01-27,BDL,0.7973,3405150,2714950,1600.0,1300.0,2026-02-24
2026-01-27,on,2026-01-27,BEL,0.6721,49476000,33252375,420.0,400.0,2026-02-24
2026-01-27,on,2026-01-27,BHARATFORG,0.6223,2982500,1856000,1500.0,1400.0,2026-02-24
2026-01-27,on,2026-01-27,BHARTIARTL,0.4999,12076875,6036775,2100.0,2000.0,2026-02-24
2026-01-27,on,2026-01-27,BHEL,0.3759,101193750,38038875,300.0,220.0,2026-02-24
2026-01-27,on,2026-01-27,BIOCON,0.493,25355000,12500000,400.0,350.0,2026-02-24
2026-01-27,on,2026-01-27,BLUESTARCO,0.6698,955825,640250,1720.0,1600.0,2026-02-24
2026-01-27,on,2026-01-27,BOSCHLTD,0.3611,228725,82600,40000.0,37000.0,2026-02-24
2026-01-27,on,2026-01-27,BPCL,0.5505,20166725,11101475,400.0,350.0,2026-02-24
2026-01-27,on,2026-01-27,BRITANNIA,0.5709,864625,493625,6500.0,5900.0,2026-02-24
2026-01-27,on,2026-01-27,BSE,0.7692,5737875,4413375,3200.0,2600.0,2026-02-24
2026-01-27,on,2026-01-27,CAMS,0.7338,4490250,3294750,700.0,700.0,2026-02-24
2026-01-27,on,2026-01-27,CANBK,1.0437,81087750,84631500,160.0,150.0,2026-02-24
2026-01-27,on,2026-01-27,CDSL,0.7746,7421875,5748925,1400.0,1400.0,2026-02-24
2026-01-27,on,2026-01-27,CGPOWER,0.4838,15838050,7661900,600.0,550.0,2026-02-24
2026-01-27,on,2026-01-27,CHOLAFIN,0.8898,3601875,3205000,1800.0,1600.0,2026-02-24
2026-01-27,on,2026-01-27,CIPLA,0.6364,8416875,5356875,1400.0,1300.0,2026-02-24
2026-01-27,on,2026-01-27,COALINDIA,0.4998,46697850,23341500,450.0,420.0,2026-02-24
2026-01-27,on,2026-01-27,COFORGE,0.6409,6045375,3874500,1660.0,1600.0,2026-02-24
2026-01-27,on,2026-01-27,COLPAL,0.8007,2037600,1631475,2200.0,2200.0,2026-02-24
2026-01-27,on,2026-01-27,CONCOR,0.7617,13830000,10533750,500.0,500.0,2026-02-24
2026-01-27,on,2026-01-27,CROMPTON,0.4018,23547600,9462600,250.0,230.0,2026-02-24
2026-01-27,on,2026-01-27,CUMMINSIND,0.6903,1144800,790200,4000.0,4000.0,2026-02-24
2026-01-27,on,2026-01-27,DABUR,0.6665,10535000,7021250,530.0,480.0,2026-02-24
2026-01-27,on,2026-01-27,DALBHARAT,0.6412,1359475,871650,2300.0,1900.0,2026-02-24
2026-01-27,on,2026-01-27,DELHIVERY,0.9062,7503200,6799775,400.0,390.0,2026-02-24
2026-01-27,on,2026-01-27,DIVISLAB,0.4829,1550600,748800,6500.0,6000.0,2026-02-24
2026-01-27,on,2026-01-27,DIXON,0.6877,2251850,1548550,12000.0,10000.0,2026-02-24
2026-01-27,on,2026-01-27,DLF,0.5619,26658225,14978700,700.0,600.0,2026-02-24
2026-01-27,on,2026-01-27,DMART,0.6035,2370300,1430550,3800.0,3400.0,2026-02-24
2026-01-27,on,2026-01-27,DRREDDY,0.586,9272500,5433750,1300.0,1200.0,2026-02-24
2026-01-27,on,2026-01-27,EICHERMOT,0.6694,1483700,993200,8000.0,6800.0,2026-02-24
2026-01-27,on,2026-01-27,ETERNAL,0.4258,122375200,52103550,300.0,240.0,2026-02-24
2026-01-27,on,2026-01-27,EXIDEIND,0.603,19515600,11768400,350.0,330.0,2026-02-24
2026-01-27,on,2026-01-27,FEDERALBNK,1.2018,46400000,55765000,300.0,250.0,2026-02-24
2026-01-27,on,2026-01-27,FORTIS,0.7034,3368150,2369175,900.0,840.0,2026-02-24
2026-01-27,on,2026-01-27,GAIL,0.8591,44660700,38367000,170.0,160.0,2026-02-24
2026-01-27,on,2026-01-27,GLENMARK,0.641,3087375,1978875,2000.0,2000.0,2026-02-24
2026-01-27,on,2026-01-27,GMRAIRPORT,0.5182,123136650,63807300,100.0,98.0,2026-02-24
2026-01-27,on,2026-01-27,GODREJCP,0.5689,2623500,1492500,1240.0,1100.0,2026-02-24
2026-01-27,on,2026-01-27,GODREJPROP,0.6046,7252850,4385150,1800.0,1500.0,2026-02-24
2026-01-27,on,2026-01-27,GRASIM,1.037,1508500,1564250,2900.0,2600.0,2026-02-24
2026-01-27,on,2026-01-27,HAL,0.7378,4628100,3414750,4500.0,4300.0,2026-02-24
2026-01-27,on,2026-01-27,HAVELLS,0.5999,6209500,3725000,1400.0,1200.0,2026-02-24
2026-01-27,on,2026-01-27,HCLTECH,0.6705,7153300,4796400,1760.0,1620.0,2026-02-24
2026-01-27,on,2026-01-27,HDFCAMC,0.4791,2625000,1257600,2700.0,2400.0,2026-02-24
2026-01-27,on,2026-01-27,HDFCBANK,0.5151,80071200,41244500,1000.0,920.0,2026-02-24
2026-01-27,on,2026-01-27,HDFCLIFE,0.42,14371500,6035700,720.0,720.0,2026-02-24
2026-01-27,on,2026-01-27,HEROMOTOCO,0.5601,2418600,1354650,6000.0,5000.0,2026-02-24
2026-01-27,on,2026-01-27,HINDALCO,1.0,10687600,10687600,1000.0,900.0,2026-02-24
2026-01-27,on,2026-01-27,HINDPETRO,0.5335,21224025,11323800,450.0,420.0,2026-02-24
2026-01-27,on,2026-01-27,HINDUNILVR,0.578,6045900,3494700,2500.0,2300.0,2026-02-24
2026-01-27,on,2026-01-27,HINDZINC,0.8382,41222475,34552350,800.0,700.0,2026-02-24
2026-01-27,on,2026-01-27,HUDCO,0.6224,26537325,16516800,210.0,200.0,2026-02-24
2026-01-27,on,2026-01-27,ICICIBANK,0.5867,41001100,24056900,1400.0,1400.0,2026-02-24
2026-01-27,on,2026-01-27,ICICIGI,0.7001,1219075,853450,2000.0,1700.0,2026-02-24
2026-01-27,on,2026-01-27,ICICIPRULI,0.6562,4495500,2949825,660.0,600.0,2026-02-24
2026-01-27,on,2026-01-27,IDEA,0.467,2877297600,1343801475,11.0,10.0,2026-02-24
2026-01-27,on,2026-01-27,IDFCFIRSTB,0.6091,132715975,80831625,85.0,80.0,2026-02-24
2026-01-27,on,2026-01-27,IEX,0.7519,83463750,62760000,140.0,140.0,2026-02-24
2026-01-27,on,2026-01-27,IIFL,0.3687,9858750,3634950,,,
2026-01-27,on,2026-01-27,INDHOTEL,0.7303,12960000,9465000,700.0,650.0,2026-02-24
2026-01-27,on,2026-01-27,INDIANB,0.7826,5751000,4501000,900.0,840.0,2026-02-24
2026-01-27,on,2026-01-27,INDIGO,0.5803,5320950,3087600,4800.0,4700.0,2026-02-24
2026-01-27,on,2026-01-27,INDUSINDBK,0.7986,11110400,8872500,950.0,900.0,2026-02-24
2026-01-27,on,2026-01-27,INDUSTOWER,0.5585,24328700,13586400,450.0,400.0,2026-02-24
2026-01-27,on,2026-01-27,INFY,0.6453,22738000,14673600,1700.0,1580.0,2026-02-24
2026-01-27,on,2026-01-27,INOXWIND,0.5752,40647750,23380500,110.0,105.0,2026-02-24
2026-01-27,on,2026-01-27,IOC,0.7052,45839625,32326125,160.0,160.0,2026-02-24
2026-01-27,on,2026-01-27,IRCTC,0.5382,21850500,11760000,700.0,600.0,2026-02-24
2026-01-27,on,2026-01-27,IREDA,0.5553,47703150,26489100,150.0,130.0,2026-02-24
2026-01-27,on,2026-01-27,IRFC,0.446,98999500,44157500,130.0,105.0,2026-02-24
2026-01-27,on,2026-01-27,ITC,0.3886,273222400,106174400,350.0,325.0,2026-02-24
2026-01-27,on,2026-01-27,JINDALSTEL,0.7869,4423125,3480625,1100.0,980.0,2026-02-24
2026-01-27,on,2026-01-27,JIOFIN,0.5437,103033400,56014600,300.0,250.0,2026-02-24
2026-01-27,on,2026-01-27,JSWENERGY,0.7059,13922000,9828000,500.0,530.0,2026-02-24
2026-01-27,on,2026-01-27,JSWSTEEL,0.8575,7112475,6099300,1240.0,1140.0,2026-02-24
2026-01-27,on,2026-01-27,JUBLFOOD,0.5215,12441250,6487500,600.0,500.0,2026-02-24
2026-01-27,on,2026-01-27,KALYANKJIL,0.5879,30416050,17881150,380.0,370.0,2026-02-24
2026-01-27,on,2026-01-27,KAYNES,0.5484,2468000,1353400,4000.0,3000.0,2026-02-24
2026-01-27,on,2026-01-27,KEI,0.7083,852600,603925,4000.0,3800.0,2026-02-24
2026-01-27,on,2026-01-27,KFINTECH,0.9439,1605000,1515000,1000.0,1000.0,2026-02-24
2026-01-27,on,2026-01-27,KOTAKBANK,0.6283,44552000,27990000,420.0,400.0,2026-02-24
2026-01-27,on,2026-01-27,KPITTECH,0.8085,2328150,1882325,1200.0,1200.0,2026-02-24
2026-01-27,on,2026-01-27,LAURUSLABS,0.5867,12704950,7454500,1100.0,1000.0,2026-02-24
2026-01-27,on,2026-01-27,LICHSGFIN,0.9628,8843000,8514000,550.0,500.0,2026-02-24
2026-01-27,on,2026-01-27,LICI,0.5684,6734700,3828300,900.0,800.0,2026-02-24
2026-01-27,on,2026-01-27,LODHA,0.6229,4454100,2774250,1000.0,900.0,2026-02-24
2026-01-27,on,2026-01-27,LT,0.5946,6627600,3940475,4000.0,3800.0,2026-02-24
2026-01-27,on,2026-01-27,LTF,0.4767,49295250,23501250,300.0,300.0,2026-02-24
2026-01-27,on,2026-01-27,LTIM,0.735,1205100,885750,6500.0,5500.0,2026-02-24
2026-01-27,on,2026-01-27,LUPIN,0.6012,2065075,1241425,2200.0,2100.0,2026-02-24
2026-01-27,on,2026-01-27,M&M,0.7041,3893600,2741400,3600.0,3400.0,2026-02-24
2026-01-27,on,2026-01-27,MANAPPURAM,0.7357,26265000,19323000,300.0,300.0,2026-02-24
2026-01-27,on,2026-01-27,MANKIND,0.6073,922950,560475,2200.0,2020.0,2026-02-24
2026-01-27,on,2026-01-27,MARICO,0.6122,7393200,4526400,750.0,745.0,2026-02-24
2026-01-27,on,2026-01-27,MARUTI,0.4383,2118000,928300,16000.0,15000.0,2026-02-24
2026-01-27,on,2026-01-27,MAXHEALTH,0.679,3230325,2193450,1000.0,1000.0,2026-02-24
2026-01-27,on,2026-01-27,MAZDOCK,0.7003,3096200,2168200,2500.0,2300.0,2026-02-24
2026-01-27,on,2026-01-27,MCX,0.6213,11069375,6877500,2500.0,2300.0,2026-02-24
2026-01-27,on,2026-01-27,MFSL,0.5469,1397600,764400,1700.0,1600.0,2026-02-24
2026-01-27,on,2026-01-27,MOTHERSON,0.5733,63541800,36426450,120.0,110.0,2026-02-24
2026-01-27,on,2026-01-27,MPHASIS,0.6671,1123375,749375,3000.0,2800.0,2026-02-24
2026-01-27,on,2026-01-27,MUTHOOTFIN,0.6603,1662100,1097525,4000.0,3500.0,2026-02-24
2026-01-27,on,2026-01-27,NATIONALUM,0.9693,37365000,36217500,400.0,370.0,2026-02-24
2026-01-27,on,2026-01-27,NAUKRI,0.5716,2893875,1654125,1320.0,1200.0,2026-02-24
2026-01-27,on,2026-01-27,NBCC,0.5167,65741000,33969000,110.0,90.0,2026-02-24
2026-01-27,on,2026-01-27,NESTLEIND,0.5643,3123500,1762500,1300.0,1300.0,2026-02-24
2026-01-27,on,2026-01-27,NHPC,0.4734,45644800,21606400,80.0,75.0,2026-02-24
2026-01-27,on,2026-01-27,NMDC,0.4034,139374000,56220750,90.0,70.0,2026-02-24
2026-01-27,on,2026-01-27,NTPC,0.4219,66241500,27946500,350.0,380.0,2026-02-24
2026-01-27,on,2026-01-27,NUVAMA,0.5183,1533000,794500,1400.0,1200.0,2026-02-24
2026-01-27,on,2026-01-27,NYKAA,0.7122,16209375,11543750,270.0,240.0,2026-02-24
2026-01-27,on,2026-01-27,OBEROIRLTY,0.7021,2105600,1478400,1500.0,1340.0,2026-02-24
2026-01-27,on,2026-01-27,OFSS,0.8841,389025,343950,8000.0,8000.0,2026-02-24
2026-01-27,on,2026-01-27,OIL,0.7192,7424200,5339600,450.0,420.0,2026-02-24
2026-01-27,on,2026-01-27,ONGC,0.5839,80988750,47288250,250.0,230.0,2026-02-24
2026-01-27,on,2026-01-27,PAGEIND,0.5872,86520,50805,34000.0,34000.0,2026-02-24
2026-01-27,on,2026-01-27,PATANJALI,0.476,6495300,3091500,500.0,500.0,2026-02-24
2026-01-27,on,2026-01-27,PAYTM,0.6023,9188650,5534650,1200.0,1020.0,2026-02-24
2026-01-27,on,2026-01-27,PERSISTENT,0.7941,689600,547600,7000.0,6200.0,2026-02-24
2026-01-27,on,2026-01-27,PETRONET,1.2352,15135400,18696000,280.0,300.0,2026-02-24
2026-01-27,on,2026-01-27,PFC,0.8489,31513300,26752700,400.0,360.0,2026-02-24
2026-01-27,on,2026-01-27,PGEL,0.4801,6884650,3305050,600.0,460.0,2026-02-24
2026-01-27,on,2026-01-27,PHOENIXLTD,0.5928,1213800,719600,1800.0,1700.0,2026-02-24
2026-01-27,on,2026-01-27,PIDILITIND,0.949,1236500,1173500,1500.0,1400.0,2026-02-24
2026-01-27,on,2026-01-27,PIIND,0.607,685300,415975,3200.0,3200.0,2026-02-24
2026-01-27,on,2026-01-27,PNB,0.6361,132432000,84240000,130.0,120.0,2026-02-24
2026-01-27,on,2026-01-27,PNBHOUSING,0.7559,4767100,3603600,1000.0,800.0,2026-02-24
2026-01-27,on,2026-01-27,POLICYBZR,0.671,2118900,1421700,1700.0,1740.0,2026-02-24
2026-01-27,on,2026-01-27,POLYCAB,0.4362,2123750,926375,8000.0,7000.0,2026-02-24
2026-01-27,on,2026-01-27,POWERGRID,0.666,42425100,28253000,260.0,240.0,2026-02-24
2026-01-27,on,2026-01-27,POWERINDIA,0.7134,192400,137250,20000.0,16000.0,2026-02-24
2026-01-27,on,2026-01-27,PPLPHARMA,0.4971,14469000,7192500,160.0,150.0,2026-02-24
2026-01-27,on,2026-01-27,PREMIERENE,0.526,3728875,1961325,750.0,700.0,2026-02-24
2026-01-27,on,2026-01-27,PRESTIGE,0.462,2269350,1048500,1500.0,1360.0,2026-02-24
2026-01-27,on,2026-01-27,RBLBANK,0.5862,34448750,20193000,300.0,280.0,2026-02-24
2026-01-27,on,2026-01-27,RECLTD,0.8793,37283400,32783800,400.0,350.0,2026-02-24
2026-01-27,on,2026-01-27,RELIANCE,0.4351,91024000,39606500,1500.0,1400.0,2026-02-24
2026-01-27,on,2026-01-27,RVNL,0.342,45271150,15483325,350.0,300.0,2026-02-24
2026-01-27,on,2026-01-27,SAIL,0.8473,36937300,31297300,160.0,130.0,2026-02-24
2026-01-27,on,2026-01-27,SAMMAANCAP,0.6633,25838700,17139800,160.0,160.0,2026-02-24
2026-01-27,on,2026-01-27,SBICARD,0.5775,7177600,4144800,1000.0,800.0,2026-02-24
2026-01-27,on,2026-01-27,SBILIFE,0.2576,7461750,1921875,2100.0,2000.0,2026-02-24
2026-01-27,on,2026-01-27,SBIN,0.9988,38184000,38139750,1100.0,1020.0,2026-02-24
2026-01-27,on,2026-01-27,SHREECEM,0.9105,48325,44000,27500.0,27500.0,2026-02-24
2026-01-27,on,2026-01-27,SHRIRAMFIN,0.751,11674575,8768100,1000.0,1000.0,2026-02-24
2026-01-27,on,2026-01-27,SIEMENS,0.6173,1102500,680575,3200.0,3000.0,2026-02-24
2026-01-27,on,2026-01-27,SOLARINDS,0.7239,355350,257250,14000.0,12500.0,2026-02-24
2026-01-27,on,2026-01-27,SONACOMS,0.7884,4156425,3276875,500.0,400.0,2026-02-24
2026-01-27,on,2026-01-27,SRF,0.6036,2092800,1263200,3000.0,2700.0,2026-02-24
2026-01-27,on,2026-01-27,SUNPHARMA,0.4144,11240600,4657800,1680.0,1550.0,2026-02-24
2026-01-27,on,2026-01-27,SUPREMEIND,0.9495,588700,558950,3500.0,3500.0,2026-02-24
2026-01-27,on,2026-01-27,SUZLON,0.4121,213558575,88002775,50.0,45.0,2026-02-24
2026-01-27,on,2026-01-27,SWIGGY,0.5672,8927100,5063500,320.0,300.0,2026-02-24
2026-01-27,on,2026-01-27,SYNGENE,0.5406,10324000,5581000,600.0,500.0,2026-02-24
2026-01-27,on,2026-01-27,TATACONSUM,0.8102,4198150,3401200,1200.0,1100.0,2026-02-24
2026-01-27,on,2026-01-27,TATAELXSI,0.5724,1353500,774700,6000.0,5400.0,2026-02-24
2026-01-27,on,2026-01-27,TATAPOWER,0.8004,42060150,33663200,350.0,350.0,2026-02-24
2026-01-27,on,2026-01-27,TATASTEEL,0.8624,112145000,96712000,190.0,190.0,2026-02-24
2026-01-27,on,2026-01-27,TATATECH,0.654,6840000,4473600,660.0,660.0,2026-02-24
2026-01-27,on,2026-01-27,TCS,0.5463,12473475,6814325,3200.0,3100.0,2026-02-24
2026-01-27,on,2026-01-27,TECHM,1.004,5233200,5254200,1780.0,1620.0,2026-02-24
2026-01-27,on,2026-01-27,TIINDIA,0.7219,958800,692200,2300.0,2500.0,2026-02-24
2026-01-27,on,2026-01-27,TITAN,0.5876,4739525,2785125,4200.0,4000.0,2026-02-24
2026-01-27,on,2026-01-27,TMPV,0.547,52901600,28937600,400.0,300.0,2026-02-24
2026-01-27,on,2026-01-27,TORNTPHARM,0.848,470250,398750,4000.0,3800.0,2026-02-24
2026-01-27,on,2026-01-27,TORNTPOWER,0.8727,1332375,1162800,1280.0,1280.0,2026-02-24
2026-01-27,on,2026-01-27,TRENT,0.7102,4717900,3350800,4000.0,3800.0,2026-02-24
2026-01-27,on,2026-01-27,TVSMOTOR,0.7485,1752450,1311625,3600.0,3360.0,2026-02-24
2026-01-27,on,2026-01-27,ULTRACEMCO,0.7878,730300,575350,13000.0,12000.0,2026-02-24
2026-01-27,on,2026-01-27,UNIONBANK,0.861,39948900,34395525,180.0,180.0,2026-02-24
2026-01-27,on,2026-01-27,UNITDSPR,0.8285,4057600,3361600,1300.0,1400.0,2026-02-24
2026-01-27,on,2026-01-27,UNOMINDA,0.7132,1593350,1136300,1200.0,1120.0,2026-02-24
2026-01-27,on,2026-01-27,UPL,0.6137,17577060,10787155,700.0,700.0,2026-02-24
2026-01-27,on,2026-01-27,VBL,0.6712,10284750,6903000,500.0,450.0,2026-02-24
2026-01-27,on,2026-01-27,VEDL,0.8164,44554450,36375650,750.0,600.0,2026-02-24
2026-01-27,on,2026-01-27,VOLTAS,0.7407,4019250,2977125,1400.0,1300.0,2026-02-24
2026-01-27,on,2026-01-27,WAAREEENER,0.7844,1405075,1102150,2700.0,2700.0,2026-02-24
2026-01-27,on,2026-01-27,WIPRO,0.5372,75774000,40707000,254.0,234.0,2026-02-24
2026-01-27,on,2026-01-27,YESBANK,0.4483,602997900,270321200,23.0,21.0,2026-02-24
2026-01-27,on,2026-01-27,ZYDUSLIFE,0.7983,3636000,2902500,900.0,900.0,2026-02-24
2026-01-27,wk,2026-01-20,360ONE,0.4451,4043000,1799500,,,
2026-01-27,wk,2026-01-20,ABB,0.5346,1564750,836500,,,
2026-01-27,wk,2026-01-20,ABCAPITAL,0.499,26613500,13280400,,,
2026-01-27,wk,2026-01-20,ADANIENSOL,0.4493,6826950,3067200,,,
2026-01-27,wk,2026-01-20,ADANIENT,0.7508,9948873,7469148,,,
2026-01-27,wk,2026-01-20,ADANIGREEN,0.5612,9791400,5494800,,,
2026-01-27,wk,2026-01-20,ADANIPORTS,0.6109,9309050,5686700,,,
2026-01-27,wk,2026-01-20,ALKEM,0.473,448750,212250,,,
2026-01-27,wk,2026-01-20,AMBER,0.4795,663400,318100,,,
2026-01-27,wk,2026-01-20,AMBUJACEM,0.8051,15281700,12302850,,,
2026-01-27,wk,2026-01-20,ANGELONE,0.8317,3316250,2758000,,,
2026-01-27,wk,2026-01-20,APLAPOLLO,0.5175,1864100,964600,,,
2026-01-27,wk,2026-01-20,APOLLOHOSP,0.6437,1716125,1104625,,,
2026-01-27,wk,2026-01-20,ASHOKLEY,0.5018,80350000,40320000,,,
2026-01-27,wk,2026-01-20,ASIANPAINT,0.6638,5330500,3538500,,,
2026-01-27,wk,2026-01-20,ASTRAL,0.7213,2921450,2107150,,,
2026-01-27,wk,2026-01-20,AUBANK,0.8795,10256000,9020000,,,
2026-01-27,wk,2026-01-20,AUROPHARMA,0.5486,6204000,3403400,,,
2026-01-27,wk,2026-01-20,AXISBANK,0.4524,34549375,15629375,,,
2026-01-27,wk,2026-01-20,BAJAJ-AUTO,0.5458,1708125,932325,,,
2026-01-27,wk,2026-01-20,BAJAJFINSV,0.5197,6032500,3135000,,,
2026-01-27,wk,2026-01-20,BAJAJHLDNG,0.2995,272150,81500,,,
2026-01-27,wk,2026-01-20,BAJFINANCE,0.5852,33192000,19422750,,,
2026-01-27,wk,2026-01-20,BANDHANBNK,0.8671,37008000,32090400,,,
2026-01-27,wk,2026-01-20,BANKBARODA,0.629,66730950,41970825,,,
2026-01-27,wk,2026-01-20,BANKINDIA,0.7532,38937600,29328000,,,
2026-01-27,wk,2026-01-20,BDL,0.5768,4671450,2694650,,,
2026-01-27,wk,2026-01-20,BEL,0.5547,63039150,34970925,,,
2026-01-27,wk,2026-01-20,BHARATFORG,0.5586,4519500,2524500,,,
2026-01-27,wk,2026-01-20,BHARTIARTL,0.4305,17413975,7496925,,,
2026-01-27,wk,2026-01-20,BHEL,0.4109,117185250,48150375,,,
2026-01-27,wk,2026-01-20,BIOCON,0.3988,33727500,13450000,,,
2026-01-27,wk,2026-01-20,BLUESTARCO,0.7816,772200,603525,,,
2026-01-27,wk,2026-01-20,BOSCHLTD,0.2867,421425,120825,,,
2026-01-27,wk,2026-01-20,BPCL,0.5564,23449175,13046850,,,
2026-01-27,wk,2026-01-20,BRITANNIA,0.4471,1161625,519375,,,
2026-01-27,wk,2026-01-20,BSE,0.4982,11164500,5562000,,,
2026-01-27,wk,2026-01-20,CAMS,0.8021,4241250,3402000,,,
2026-01-27,wk,2026-01-20,CANBK,0.6996,125259750,87628500,,,
2026-01-27,wk,2026-01-20,CDSL,0.5567,9752225,5429250,,,
2026-01-27,wk,2026-01-20,CGPOWER,0.5046,16795150,8474500,,,
2026-01-27,wk,2026-01-20,CHOLAFIN,0.6802,5680000,3863750,,,
2026-01-27,wk,2026-01-20,CIPLA,0.7877,7922625,6240375,,,
2026-01-27,wk,2026-01-20,COALINDIA,0.4748,57424950,27264600,,,
2026-01-27,wk,2026-01-20,COFORGE,0.5464,8311875,4542000,,,
2026-01-27,wk,2026-01-20,COLPAL,0.6298,2711475,1707750,,,
2026-01-27,wk,2026-01-20,CONCOR,0.7214,12342500,8903750,,,
2026-01-27,wk,2026-01-20,CROMPTON,0.5004,22039200,11028600,,,
2026-01-27,wk,2026-01-20,CUMMINSIND,0.5663,1951600,1105200,,,
2026-01-27,wk,2026-01-20,DABUR,0.5609,13376250,7502500,,,
2026-01-27,wk,2026-01-20,DALBHARAT,0.7472,1064375,795275,,,
2026-01-27,wk,2026-01-20,DELHIVERY,0.7551,8090425,6108800,,,
2026-01-27,wk,2026-01-20,DIVISLAB,0.4947,2016200,997400,,,
2026-01-27,wk,2026-01-20,DIXON,0.5197,3924350,2039500,,,
2026-01-27,wk,2026-01-20,DLF,0.5548,23755050,13178550,,,
2026-01-27,wk,2026-01-20,DMART,0.3963,3992400,1582200,,,
2026-01-27,wk,2026-01-20,DRREDDY,0.5847,8590625,5023125,,,
2026-01-27,wk,2026-01-20,EICHERMOT,0.4651,2171200,1009900,,,
2026-01-27,wk,2026-01-20,ETERNAL,0.5307,98370125,52207825,,,
2026-01-27,wk,2026-01-20,EXIDEIND,0.5877,20395800,11986200,,,
2026-01-27,wk,2026-01-20,FEDERALBNK,1.0762,66175000,71220000,,,
2026-01-27,wk,2026-01-20,FORTIS,0.6784,3557250,2413350,,,
2026-01-27,wk,2026-01-20,GAIL,0.8104,42751800,34646850,,,
2026-01-27,wk,2026-01-20,GLENMARK,0.5173,4060125,2100375,,,
2026-01-27,wk,2026-01-20,GMRAIRPORT,0.5076,119467800,60640650,,,
2026-01-27,wk,2026-01-20,GODREJCP,0.5649,2367000,1337000,,,
2026-01-27,wk,2026-01-20,GODREJPROP,0.5931,6604400,3916825,,,
2026-01-27,wk,2026-01-20,GRASIM,0.9713,1635000,1588000,,,
2026-01-27,wk,2026-01-20,HAL,0.5279,6345900,3350100,,,
2026-01-27,wk,2026-01-20,HAVELLS,0.4793,8643000,4142500,,,
2026-01-27,wk,2026-01-20,HCLTECH,0.5576,8935500,4982250,,,
2026-01-27,wk,2026-01-20,HDFCAMC,0.4214,3860400,1626900,,,
2026-01-27,wk,2026-01-20,HDFCBANK,0.5126,96514000,49473600,,,
2026-01-27,wk,2026-01-20,HDFCLIFE,0.4805,14722400,7074100,,,
2026-01-27,wk,2026-01-20,HEROMOTOCO,0.4638,3591900,1665900,,,
2026-01-27,wk,2026-01-20,HINDALCO,0.6857,19451600,13337800,,,
2026-01-27,wk,2026-01-20,HINDPETRO,0.5098,22925025,11688300,,,
2026-01-27,wk,2026-01-20,HINDUNILVR,0.4965,7302900,3626100,,,
2026-01-27,wk,2026-01-20,HINDZINC,0.5947,63304325,37645475,,,
2026-01-27,wk,2026-01-20,HUDCO,0.5816,28152375,16372500,,,
2026-01-27,wk,2026-01-20,ICICIBANK,0.4942,52864700,26124700,,,
2026-01-27,wk,2026-01-20,ICICIGI,0.624,1654575,1032525,,,
2026-01-27,wk,2026-01-20,ICICIPRULI,0.5619,5892250,3310575,,,
2026-01-27,wk,2026-01-20,IDEA,0.5214,3055699200,1593106275,,,
2026-01-27,wk,2026-01-20,IDFCFIRSTB,0.5382,151868850,81740575,,,
2026-01-27,wk,2026-01-20,IEX,0.6592,112908750,74426250,,,
2026-01-27,wk,2026-01-20,IIFL,0.5951,8126250,4836150,,,
2026-01-27,wk,2026-01-20,INDHOTEL,0.5655,15991000,9043000,,,
2026-01-27,wk,2026-01-20,INDIANB,0.8687,6358000,5523000,,,
2026-01-27,wk,2026-01-20,INDIGO,0.5845,6086850,3558000,,,
2026-01-27,wk,2026-01-20,INDUSINDBK,0.9071,11174800,10136700,,,
2026-01-27,wk,2026-01-20,INDUSTOWER,0.5342,31084500,16605600,,,
2026-01-27,wk,2026-01-20,INFY,0.6476,30730400,19900800,,,
2026-01-27,wk,2026-01-20,INOXWIND,0.6097,44755425,27287975,,,
2026-01-27,wk,2026-01-20,IOC,0.6174,57559125,35538750,,,
2026-01-27,wk,2026-01-20,IRCTC,0.4351,28055125,12208000,,,
2026-01-27,wk,2026-01-20,IREDA,0.451,62765850,28307250,,,
2026-01-27,wk,2026-01-20,IRFC,0.3732,116892000,43626250,,,
2026-01-27,wk,2026-01-20,ITC,0.3749,331694400,124364800,,,
2026-01-27,wk,2026-01-20,JINDALSTEL,0.8626,4835000,4170625,,,
2026-01-27,wk,2026-01-20,JIOFIN,0.5609,100194600,56195550,,,
2026-01-27,wk,2026-01-20,JSWENERGY,0.7186,9249000,6646000,,,
2026-01-27,wk,2026-01-20,JSWSTEEL,0.8896,7246125,6446250,,,
2026-01-27,wk,2026-01-20,JUBLFOOD,0.5533,14178750,7845000,,,
2026-01-27,wk,2026-01-20,KALYANKJIL,0.513,18241875,9357700,,,
2026-01-27,wk,2026-01-20,KAYNES,0.4716,3917700,1847500,,,
2026-01-27,wk,2026-01-20,KEI,0.7103,698425,496125,,,
2026-01-27,wk,2026-01-20,KFINTECH,0.6756,2283000,1542500,,,
2026-01-27,wk,2026-01-20,KOTAKBANK,0.6206,45730000,28382000,,,
2026-01-27,wk,2026-01-20,KPITTECH,0.633,2556800,1618400,,,
2026-01-27,wk,2026-01-20,LAURUSLABS,0.5392,13451250,7253050,,,
2026-01-27,wk,2026-01-20,LICHSGFIN,1.0688,8505000,9090000,,,
2026-01-27,wk,2026-01-20,LICI,0.5591,7519400,4204200,,,
2026-01-27,wk,2026-01-20,LODHA,0.5496,4782600,2628450,,,
2026-01-27,wk,2026-01-20,LT,0.4531,7460600,3380650,,,
2026-01-27,wk,2026-01-20,LTF,0.4551,51959250,23645250,,,
2026-01-27,wk,2026-01-20,LTIM,0.5851,2211900,1294200,,,
2026-01-27,wk,2026-01-20,LUPIN,0.6337,2501550,1585250,,,
2026-01-27,wk,2026-01-20,M&M,0.5305,4416400,2342800,,,
2026-01-27,wk,2026-01-20,MANAPPURAM,0.6604,34296000,22650000,,,
2026-01-27,wk,2026-01-20,MANKIND,0.6061,1293300,783900,,,
2026-01-27,wk,2026-01-20,MARICO,0.5402,7821600,4225200,,,
2026-01-27,wk,2026-01-20,MARUTI,0.354,3043200,1077200,,,
2026-01-27,wk,2026-01-20,MAXHEALTH,0.6152,3821475,2350950,,,
2026-01-27,wk,2026-01-20,MAZDOCK,0.4426,5219800,2310400,,,
2026-01-27,wk,2026-01-20,MCX,0.6052,14545625,8802500,,,
2026-01-27,wk,2026-01-20,MFSL,0.6198,1704400,1056400,,,
2026-01-27,wk,2026-01-20,MOTHERSON,0.4368,83590800,36512550,,,
2026-01-27,wk,2026-01-20,MPHASIS,0.7325,1164900,853325,,,
2026-01-27,wk,2026-01-20,MUTHOOTFIN,0.6437,2402950,1546875,,,
2026-01-27,wk,2026-01-20,NATIONALUM,0.7744,52976250,41025000,,,
2026-01-27,wk,2026-01-20,NAUKRI,0.5613,3556875,1996500,,,
2026-01-27,wk,2026-01-20,NBCC,0.3544,86664500,30712500,,,
2026-01-27,wk,2026-01-20,NESTLEIND,0.4959,3816000,1892500,,,
2026-01-27,wk,2026-01-20,NHPC,0.4459,47251200,21068800,,,
2026-01-27,wk,2026-01-20,NMDC,0.3958,156147750,61809750,,,
2026-01-27,wk,2026-01-20,NTPC,0.4201,69168000,29055000,,,
2026-01-27,wk,2026-01-20,NUVAMA,0.4733,1562500,739500,,,
2026-01-27,wk,2026-01-20,NYKAA,0.6197,16625000,10303125,,,
2026-01-27,wk,2026-01-20,OBEROIRLTY,0.6275,2993900,1878800,,,
2026-01-27,wk,2026-01-20,OFSS,0.6682,624150,417075,,,
2026-01-27,wk,2026-01-20,OIL,0.6279,9023000,5665800,,,
2026-01-27,wk,2026-01-20,ONGC,0.4257,104661000,44559000,,,
2026-01-27,wk,2026-01-20,PAGEIND,0.4636,116265,53895,,,
2026-01-27,wk,2026-01-20,PATANJALI,0.4418,7274700,3213900,,,
2026-01-27,wk,2026-01-20,PAYTM,0.6956,5516525,3837425,,,
2026-01-27,wk,2026-01-20,PERSISTENT,0.9212,1248800,1150400,,,
2026-01-27,wk,2026-01-20,PETRONET,1.3561,13412100,18188700,,,
2026-01-27,wk,2026-01-20,PFC,0.7235,35516000,25694500,,,
2026-01-27,wk,2026-01-20,PGEL,0.5329,7930600,4226550,,,
2026-01-27,wk,2026-01-20,PHOENIXLTD,0.6013,1107050,665700,,,
2026-01-27,wk,2026-01-20,PIDILITIND,0.9968,1252000,1248000,,,
2026-01-27,wk,2026-01-20,PIIND,0.5147,1033200,531825,,,
2026-01-27,wk,2026-01-20,PNB,0.6291,156888000,98696000,,,
2026-01-27,wk,2026-01-20,PNBHOUSING,0.6666,2867800,1911650,,,
2026-01-27,wk,2026-01-20,POLICYBZR,0.4861,3063550,1489250,,,
2026-01-27,wk,2026-01-20,POLYCAB,0.3934,2712375,1067000,,,
2026-01-27,wk,2026-01-20,POWERGRID,0.5696,42020400,23936200,,,
2026-01-27,wk,2026-01-20,POWERINDIA,0.4996,383200,191450,,,
2026-01-27,wk,2026-01-20,PPLPHARMA,0.42,17044125,7158375,,,
2026-01-27,wk,2026-01-20,PREMIERENE,0.6262,4252125,2662825,,,
2026-01-27,wk,2026-01-20,PRESTIGE,0.462,3027150,1398600,,,
2026-01-27,wk,2026-01-20,RBLBANK,0.6132,38366700,23526750,,,
2026-01-27,wk,2026-01-20,RECLTD,0.7009,45374000,31803800,,,
2026-01-27,wk,2026-01-20,RELIANCE,0.3431,128125500,43966000,,,
2026-01-27,wk,2026-01-20,RVNL,0.2843,60899350,17316375,,,
2026-01-27,wk,2026-01-20,SAIL,0.7811,42441000,33149100,,,
2026-01-27,wk,2026-01-20,SAMMAANCAP,0.7538,30340800,22871700,,,
2026-01-27,wk,2026-01-20,SBICARD,0.6522,7484800,4881600,,,
2026-01-27,wk,2026-01-20,SBILIFE,0.3047,7694625,2344500,,,
2026-01-27,wk,2026-01-20,SBIN,0.8747,48597000,42509250,,,
2026-01-27,wk,2026-01-20,SHREECEM,0.6711,84900,56975,,,
2026-01-27,wk,2026-01-20,SHRIRAMFIN,0.7358,14774925,10871025,,,
2026-01-27,wk,2026-01-20,SIEMENS,0.525,1533875,805350,,,
2026-01-27,wk,2026-01-20,SOLARINDS,0.5898,556300,328100,,,
2026-01-27,wk,2026-01-20,SONACOMS,0.5753,7105000,4087825,,,
2026-01-27,wk,2026-01-20,SRF,0.5399,2663200,1437800,,,
2026-01-27,wk,2026-01-20,SUNPHARMA,0.4266,12192950,5201700,,,
2026-01-27,wk,2026-01-20,SUPREMEIND,0.8914,699650,623700,,,
2026-01-27,wk,2026-01-20,SUZLON,0.4106,223937325,91955725,,,
2026-01-27,wk,2026-01-20,SWIGGY,0.5438,8364200,4548700,,,
2026-01-27,wk,2026-01-20,SYNGENE,0.5404,6377000,3446000,,,
2026-01-27,wk,2026-01-20,TATACONSUM,0.7029,4305400,3026100,,,
2026-01-27,wk,2026-01-20,TATAELXSI,0.5842,2125000,1241400,,,
2026-01-27,wk,2026-01-20,TATAPOWER,0.7176,40940750,29379900,,,
2026-01-27,wk,2026-01-20,TATASTEEL,0.7095,149462500,106051000,,,
2026-01-27,wk,2026-01-20,TATATECH,0.5968,8205600,4896800,,,
2026-01-27,wk,2026-01-20,TCS,0.4959,15039325,7457275,,,
2026-01-27,wk,2026-01-20,TECHM,0.7346,7098600,5214600,,,
2026-01-27,wk,2026-01-20,TIINDIA,0.7611,1178000,896600,,,
2026-01-27,wk,2026-01-20,TITAN,0.6325,5228475,3307150,,,
2026-01-27,wk,2026-01-20,TMPV,0.5188,56468000,29293600,,,
2026-01-27,wk,2026-01-20,TORNTPHARM,0.6709,645000,432750,,,
2026-01-27,wk,2026-01-20,TORNTPOWER,0.6283,1631575,1025100,,,
2026-01-27,wk,2026-01-20,TRENT,0.5367,6827900,3664600,,,
2026-01-27,wk,2026-01-20,TVSMOTOR,0.6027,2219175,1337525,,,
2026-01-27,wk,2026-01-20,ULTRACEMCO,0.7072,688400,486850,,,
2026-01-27,wk,2026-01-20,UNIONBANK,0.8144,53648700,43692450,,,
2026-01-27,wk,2026-01-20,UNITDSPR,0.6821,6007600,4097600,,,
2026-01-27,wk,2026-01-20,UNOMINDA,0.5679,2175250,1235300,,,
2026-01-27,wk,2026-01-20,UPL,0.5596,19552650,10941625,,,
2026-01-27,wk,2026-01-20,VBL,0.7769,11423250,8875125,,,
2026-01-27,wk,2026-01-20,VEDL,0.6138,66539000,40841100,,,
2026-01-27,wk,2026-01-20,VOLTAS,0.6189,4164375,2577375,,,
2026-01-27,wk,2026-01-20,WAAREEENER,0.4971,2668400,1326500,,,
2026-01-27,wk,2026-01-20,WIPRO,0.5534,85485000,47304000,,,
2026-01-27,wk,2026-01-20,YESBANK,0.4762,562972200,268082000,,,
2026-01-27,wk,2026-01-20,ZYDUSLIFE,0.7233,4618800,3340800,,,
2026-02-24,on,2026-02-24,360ONE,1.0581,1101500,1165500,1200.0,1000.0,2026-03-30
2026-02-24,on,2026-02-24,ABB,0.7554,1689750,1276375,6500.0,5800.0,2026-03-30
2026-02-24,on,2026-02-24,ABCAPITAL,0.8127,14303400,11625000,350.0,320.0,2026-03-30
2026-02-24,on,2026-02-24,ADANIENSOL,0.8634,3730050,3220425,1050.0,900.0,2026-03-30
2026-02-24,on,2026-02-24,ADANIENT,0.9909,6961152,6897807,2200.0,2200.0,2026-03-30
2026-02-24,on,2026-02-24,ADANIGREEN,0.8398,9211200,7735200,1000.0,900.0,2026-03-30
2026-02-24,on,2026-02-24,ADANIPORTS,0.8292,7478400,6201125,1600.0,1500.0,2026-03-30
2026-02-24,on,2026-02-24,ALKEM,0.8262,320750,265000,5500.0,5500.0,2026-03-30
2026-02-24,on,2026-02-24,AMBER,0.8965,650100,582800,8000.0,7000.0,2026-03-30
2026-02-24,on,2026-02-24,AMBUJACEM,0.6735,17558100,11826150,600.0,600.0,2026-03-30
2026-02-24,on,2026-02-24,ANGELONE,0.6722,2109500,1418000,2700.0,2500.0,2026-03-30
2026-02-24,on,2026-02-24,APLAPOLLO,1.3775,1560300,2149350,2200.0,2100.0,2026-03-30
2026-02-24,on,2026-02-24,APOLLOHOSP,0.8763,1452375,1272750,8000.0,7700.0,2026-03-30
2026-02-24,on,2026-02-24,ASHOKLEY,0.7467,59725000,44595000,220.0,200.0,2026-03-30
2026-02-24,on,2026-02-24,ASIANPAINT,0.6837,5352250,3659250,2500.0,2300.0,2026-03-30
2026-02-24,on,2026-02-24,ASTRAL,0.6938,2946525,2044250,1700.0,1600.0,2026-03-30
2026-02-24,on,2026-02-24,AUBANK,0.8092,7253000,5869000,1050.0,900.0,2026-03-30
2026-02-24,on,2026-02-24,AUROPHARMA,0.7066,7145050,5048450,1200.0,1200.0,2026-03-30
2026-02-24,on,2026-02-24,AXISBANK,0.6831,21958125,15000000,1400.0,1400.0,2026-03-30
2026-02-24,on,2026-02-24,BAJAJ-AUTO,0.7649,1109550,848700,10100.0,9300.0,2026-03-30
2026-02-24,on,2026-02-24,BAJAJFINSV,0.9518,4573750,4353500,2100.0,1920.0,2026-03-30
2026-02-24,on,2026-02-24,BAJAJHLDNG,0.7744,111250,86150,11400.0,11500.0,2026-03-30
2026-02-24,on,2026-02-24,BAJFINANCE,1.0718,18967500,20328750,1100.0,960.0,2026-03-30
2026-02-24,on,2026-02-24,BANDHANBNK,1.0561,20610000,21765600,180.0,170.0,2026-03-30
2026-02-24,on,2026-02-24,BANKBARODA,1.1454,37510200,42965325,320.0,300.0,2026-03-30
2026-02-24,on,2026-02-24,BANKINDIA,0.7763,24289200,18855200,180.0,170.0,2026-03-30
2026-02-24,on,2026-02-24,BDL,0.6074,6504400,3950800,1300.0,1100.0,2026-03-30
2026-02-24,on,2026-02-24,BEL,0.4953,71802900,35562300,450.0,440.0,2026-03-30
2026-02-24,on,2026-02-24,BHARATFORG,1.0735,3723000,3996500,1800.0,1800.0,2026-03-30
2026-02-24,on,2026-02-24,BHARTIARTL,0.4807,16468250,7916825,2000.0,1900.0,2026-03-30
2026-02-24,on,2026-02-24,BHEL,0.5669,63496125,35994000,260.0,240.0,2026-03-30
2026-02-24,on,2026-02-24,BIOCON,0.6862,19422500,13327500,400.0,360.0,2026-03-30
2026-02-24,on,2026-02-24,BLUESTARCO,0.801,1249300,1000675,2000.0,1800.0,2026-03-30
2026-02-24,on,2026-02-24,BOSCHLTD,0.5045,102475,51700,40000.0,33500.0,2026-03-30
2026-02-24,on,2026-02-24,BPCL,0.9109,18094950,16483350,380.0,350.0,2026-03-30
2026-02-24,on,2026-02-24,BRITANNIA,0.7199,840250,604875,6500.0,6000.0,2026-03-30
2026-02-24,on,2026-02-24,BSE,0.7129,10203375,7273875,2800.0,2700.0,2026-03-30
2026-02-24,on,2026-02-24,CAMS,0.8565,2586750,2215500,800.0,700.0,2026-03-30
2026-02-24,on,2026-02-24,CANBK,0.9263,88600500,82066500,160.0,150.0,2026-03-30
2026-02-24,on,2026-02-24,CDSL,0.864,6906500,5966950,1500.0,1300.0,2026-03-30
2026-02-24,on,2026-02-24,CGPOWER,0.9051,7549700,6833150,700.0,700.0,2026-03-30
2026-02-24,on,2026-02-24,CHOLAFIN,1.0055,2503750,2517500,1800.0,1700.0,2026-03-30
2026-02-24,on,2026-02-24,CIPLA,0.6958,5277750,3672000,1400.0,1260.0,2026-03-30
2026-02-24,on,2026-02-24,COALINDIA,0.6055,31213350,18900000,430.0,420.0,2026-03-30
2026-02-24,on,2026-02-24,COFORGE,0.5246,12543750,6580875,1400.0,1200.0,2026-03-30
2026-02-24,on,2026-02-24,COLPAL,0.6421,2628900,1687950,2400.0,2200.0,2026-03-30
2026-02-24,on,2026-02-24,CONCOR,0.8845,12200000,10791250,600.0,500.0,2026-03-30
2026-02-24,on,2026-02-24,CROMPTON,0.8857,12537000,11104200,300.0,250.0,2026-03-30
2026-02-24,on,2026-02-24,CUMMINSIND,1.01,1282200,1295000,5000.0,4500.0,2026-03-30
2026-02-24,on,2026-02-24,DABUR,0.6405,10095000,6466250,520.0,500.0,2026-03-30
2026-02-24,on,2026-02-24,DALBHARAT,1.0906,789100,860600,2300.0,2000.0,2026-03-30
2026-02-24,on,2026-02-24,DELHIVERY,0.7582,8777250,6654525,470.0,400.0,2026-03-30
2026-02-24,on,2026-02-24,DIVISLAB,0.6325,1130700,715200,6300.0,6300.0,2026-03-30
2026-02-24,on,2026-02-24,DIXON,0.6745,1863550,1257050,12000.0,11000.0,2026-03-30
2026-02-24,on,2026-02-24,DLF,0.883,15453900,13646325,700.0,590.0,2026-03-30
2026-02-24,on,2026-02-24,DMART,0.9542,1270500,1212300,4000.0,3600.0,2026-03-30
2026-02-24,on,2026-02-24,DRREDDY,0.5798,8666250,5025000,1300.0,1300.0,2026-03-30
2026-02-24,on,2026-02-24,EICHERMOT,1.023,2028700,2075400,9000.0,7500.0,2026-03-30
2026-02-24,on,2026-02-24,ETERNAL,0.5023,108579375,54540675,300.0,230.0,2026-03-30
2026-02-24,on,2026-02-24,EXIDEIND,0.941,14371200,13523400,340.0,340.0,2026-03-30
2026-02-24,on,2026-02-24,FEDERALBNK,0.8803,41130000,36205000,300.0,290.0,2026-03-30
2026-02-24,on,2026-02-24,FORTIS,0.7245,3217800,2331200,900.0,900.0,2026-03-30
2026-02-24,on,2026-02-24,GAIL,1.0528,35761950,37648800,170.0,195.0,2026-03-30
2026-02-24,on,2026-02-24,GLENMARK,0.8868,2137500,1895625,2100.0,2060.0,2026-03-30
2026-02-24,on,2026-02-24,GMRAIRPORT,0.8467,77031900,65223225,105.0,95.0,2026-03-30
2026-02-24,on,2026-02-24,GODREJCP,0.751,1819500,1366500,1250.0,1200.0,2026-03-30
2026-02-24,on,2026-02-24,GODREJPROP,0.8773,3573625,3135000,1700.0,1800.0,2026-03-30
2026-02-24,on,2026-02-24,GRASIM,0.6556,2253250,1477250,2860.0,2800.0,2026-03-30
2026-02-24,on,2026-02-24,HAL,0.6451,7444200,4802250,4200.0,4000.0,2026-03-30
2026-02-24,on,2026-02-24,HAVELLS,0.8922,2879500,2569000,1500.0,1400.0,2026-03-30
2026-02-24,on,2026-02-24,HCLTECH,0.4854,13270600,6441400,1500.0,1360.0,2026-03-30
2026-02-24,on,2026-02-24,HDFCAMC,0.7437,1803600,1341300,2800.0,2600.0,2026-03-30
2026-02-24,on,2026-02-24,HDFCBANK,0.6606,59909850,39578000,950.0,920.0,2026-03-30
2026-02-24,on,2026-02-24,HDFCLIFE,0.6908,9506200,6567000,750.0,720.0,2026-03-30
2026-02-24,on,2026-02-24,HEROMOTOCO,0.6395,2438850,1559700,6000.0,5500.0,2026-03-30
2026-02-24,on,2026-02-24,HINDALCO,0.8141,12246500,9969400,920.0,900.0,2026-03-30
2026-02-24,on,2026-02-24,HINDPETRO,0.8003,14227650,11386575,480.0,440.0,2026-03-30
2026-02-24,on,2026-02-24,HINDUNILVR,0.6137,6819000,4185000,2500.0,2300.0,2026-03-30
2026-02-24,on,2026-02-24,HINDZINC,0.6414,47624325,30544150,700.0,600.0,2026-03-30
2026-02-24,on,2026-02-24,HUDCO,0.6726,26606700,17895975,200.0,200.0,2026-03-30
2026-02-24,on,2026-02-24,ICICIBANK,0.5782,37821000,21868700,1400.0,1400.0,2026-03-30
2026-02-24,on,2026-02-24,ICICIGI,0.8215,1114425,915525,2000.0,1900.0,2026-03-30
2026-02-24,on,2026-02-24,ICICIPRULI,0.9171,3114475,2856400,680.0,660.0,2026-03-30
2026-02-24,on,2026-02-24,IDEA,0.5481,1831761300,1004009325,12.0,13.0,2026-03-30
2026-02-24,on,2026-02-24,IDFCFIRSTB,0.6681,396636100,264977475,80.0,60.0,2026-03-30
2026-02-24,on,2026-02-24,IEX,0.7521,52995000,39855000,130.0,140.0,2026-03-30
2026-02-24,on,2026-02-24,INDHOTEL,0.7717,10602000,8182000,700.0,680.0,2026-03-30
2026-02-24,on,2026-02-24,INDIANB,1.0621,6054000,6430000,1060.0,850.0,2026-03-30
2026-02-24,on,2026-02-24,INDIGO,0.9388,2483700,2331750,5500.0,4700.0,2026-03-30
2026-02-24,on,2026-02-24,INDUSINDBK,0.7625,7970900,6078100,1000.0,900.0,2026-03-30
2026-02-24,on,2026-02-24,INDUSTOWER,0.7966,14123600,11250600,500.0,470.0,2026-03-30
2026-02-24,on,2026-02-24,INFY,0.4913,63023600,30963200,1400.0,1400.0,2026-03-30
2026-02-24,on,2026-02-24,INOXWIND,0.6096,40744275,24839100,100.0,100.0,2026-03-30
2026-02-24,on,2026-02-24,IOC,0.7437,56730375,42193125,180.0,170.0,2026-03-30
2026-02-24,on,2026-02-24,IRCTC,0.5968,6790875,4053000,,,
2026-02-24,on,2026-02-24,IREDA,0.6662,34958850,23290950,130.0,120.0,2026-03-30
2026-02-24,on,2026-02-24,IRFC,0.4871,78739750,38356250,120.0,110.0,2026-03-30
2026-02-24,on,2026-02-24,ITC,0.5343,170534400,91120000,350.0,325.0,2026-03-30
2026-02-24,on,2026-02-24,JINDALSTEL,1.089,3495625,3806875,1300.0,1200.0,2026-03-30
2026-02-24,on,2026-02-24,JIOFIN,0.7023,72236650,50731800,300.0,260.0,2026-03-30
2026-02-24,on,2026-02-24,JSWENERGY,0.9436,8612000,8126000,500.0,530.0,2026-03-30
2026-02-24,on,2026-02-24,JSWSTEEL,0.941,5309550,4996350,1250.0,1300.0,2026-03-30
2026-02-24,on,2026-02-24,JUBLFOOD,0.6577,10081250,6630000,600.0,500.0,2026-03-30
2026-02-24,on,2026-02-24,KALYANKJIL,0.7634,16330150,12466750,450.0,350.0,2026-03-30
2026-02-24,on,2026-02-24,KAYNES,0.9688,1825400,1768400,4000.0,3700.0,2026-03-30
2026-02-24,on,2026-02-24,KEI,1.1559,688275,795550,4850.0,4700.0,2026-03-30
2026-02-24,on,2026-02-24,KFINTECH,0.823,1624500,1337000,1000.0,980.0,2026-03-30
2026-02-24,on,2026-02-24,KOTAKBANK,1.0224,32620000,33350000,440.0,420.0,2026-03-30
2026-02-24,on,2026-02-24,KPITTECH,0.7266,5949575,4322675,900.0,800.0,2026-03-30
2026-02-24,on,2026-02-24,LAURUSLABS,0.5411,9548900,5167150,1000.0,1000.0,2026-03-30
2026-02-24,on,2026-02-24,LICHSGFIN,1.1077,6808000,7541000,550.0,500.0,2026-03-30
2026-02-24,on,2026-02-24,LICI,0.6334,7776300,4925200,900.0,850.0,2026-03-30
2026-02-24,on,2026-02-24,LODHA,0.8661,2697750,2336400,1100.0,1050.0,2026-03-30
2026-02-24,on,2026-02-24,LT,0.7724,10154025,7842625,4400.0,4100.0,2026-03-30
2026-02-24,on,2026-02-24,LTF,0.7509,27625500,20742750,300.0,300.0,2026-03-30
2026-02-24,on,2026-02-24,LTIM,0.6045,2102250,1270800,5000.0,4200.0,2026-03-30
2026-02-24,on,2026-02-24,LUPIN,0.6615,3188775,2109275,2300.0,2200.0,2026-03-30
2026-02-24,on,2026-02-24,M&M,0.5083,7329600,3725600,3500.0,3500.0,2026-03-30
2026-02-24,on,2026-02-24,MANAPPURAM,1.073,16839000,18069000,310.0,280.0,2026-03-30
2026-02-24,on,2026-02-24,MANKIND,0.5906,1034775,611100,2100.0,2100.0,2026-03-30
2026-02-24,on,2026-02-24,MARICO,0.8727,4525200,3949200,800.0,750.0,2026-03-30
2026-02-24,on,2026-02-24,MARUTI,0.5713,1951000,1114600,16000.0,14500.0,2026-03-30
2026-02-24,on,2026-02-24,MAXHEALTH,0.9441,3100650,2927400,1100.0,1200.0,2026-03-30
2026-02-24,on,2026-02-24,MAZDOCK,0.5981,2671200,1597600,2400.0,2200.0,2026-03-30
2026-02-24,on,2026-02-24,MCX,0.7355,10688125,7860625,2400.0,2300.0,2026-03-30
2026-02-24,on,2026-02-24,MFSL,1.0313,1507600,1554800,1900.0,1800.0,2026-03-30
2026-02-24,on,2026-02-24,MOTHERSON,0.7454,65509800,48831000,140.0,120.0,2026-03-30
2026-02-24,on,2026-02-24,MPHASIS,0.6718,1693450,1137675,2500.0,2200.0,2026-03-30
2026-02-24,on,2026-02-24,MUTHOOTFIN,0.4518,5859425,2647150,4000.0,3500.0,2026-03-30
2026-02-24,on,2026-02-24,NATIONALUM,0.6474,47088750,30487500,400.0,320.0,2026-03-30
2026-02-24,on,2026-02-24,NAUKRI,0.5622,4399875,2473500,1100.0,1020.0,2026-03-30
2026-02-24,on,2026-02-24,NBCC,0.5849,33195500,19415500,100.0,90.0,2026-03-30
2026-02-24,on,2026-02-24,NESTLEIND,0.5773,3625500,2093000,1400.0,1300.0,2026-03-30
2026-02-24,on,2026-02-24,NHPC,0.4887,55635200,27187200,80.0,75.0,2026-03-30
2026-02-24,on,2026-02-24,NMDC,0.5737,100109250,57429000,80.0,80.0,2026-03-30
2026-02-24,on,2026-02-24,NTPC,0.6353,90115500,57249000,400.0,380.0,2026-03-30
2026-02-24,on,2026-02-24,NUVAMA,0.6196,1364500,845500,1400.0,1300.0,2026-03-30
2026-02-24,on,2026-02-24,NYKAA,0.7175,15828125,11356250,300.0,250.0,2026-03-30
2026-02-24,on,2026-02-24,OBEROIRLTY,1.0465,1695050,1773800,1600.0,1500.0,2026-03-30
2026-02-24,on,2026-02-24,OFSS,0.8926,641100,572250,7000.0,6000.0,2026-03-30
2026-02-24,on,2026-02-24,OIL,0.5202,13505800,7025200,500.0,450.0,2026-03-30
2026-02-24,on,2026-02-24,ONGC,0.6702,114581250,76797000,300.0,265.0,2026-03-30
2026-02-24,on,2026-02-24,PAGEIND,0.6756,85305,57630,35000.0,33000.0,2026-03-30
2026-02-24,on,2026-02-24,PATANJALI,0.9652,2381400,2298600,540.0,550.0,2026-03-30
2026-02-24,on,2026-02-24,PAYTM,0.5654,9867975,5579600,1200.0,1000.0,2026-03-30
2026-02-24,on,2026-02-24,PERSISTENT,0.58,2793400,1620200,5500.0,5500.0,2026-03-30
2026-02-24,on,2026-02-24,PETRONET,1.0294,14156900,14573000,310.0,300.0,2026-03-30
2026-02-24,on,2026-02-24,PFC,0.7286,29989700,21851700,430.0,360.0,2026-03-30
2026-02-24,on,2026-02-24,PGEL,0.8955,4997950,4475450,700.0,550.0,2026-03-30
2026-02-24,on,2026-02-24,PHOENIXLTD,0.682,1075200,733250,1700.0,1800.0,2026-03-30
2026-02-24,on,2026-02-24,PIDILITIND,0.684,1690000,1156000,1500.0,1400.0,2026-03-30
2026-02-24,on,2026-02-24,PIIND,0.87,910175,791875,3200.0,3000.0,2026-03-30
2026-02-24,on,2026-02-24,PNB,0.9535,103392000,98584000,140.0,130.0,2026-03-30
2026-02-24,on,2026-02-24,PNBHOUSING,1.0951,1777100,1946100,900.0,800.0,2026-03-30
2026-02-24,on,2026-02-24,POLICYBZR,0.8769,2903600,2546250,1500.0,1400.0,2026-03-30
2026-02-24,on,2026-02-24,POLYCAB,0.9161,866000,793375,8200.0,7500.0,2026-03-30
2026-02-24,on,2026-02-24,POWERGRID,0.7228,57186200,41336400,300.0,300.0,2026-03-30
2026-02-24,on,2026-02-24,POWERINDIA,1.0623,256900,272900,26000.0,23000.0,2026-03-30
2026-02-24,on,2026-02-24,PPLPHARMA,0.5523,9715125,5365500,170.0,160.0,2026-03-30
2026-02-24,on,2026-02-24,PREMIERENE,0.653,1835975,1198875,800.0,770.0,2026-03-30
2026-02-24,on,2026-02-24,PRESTIGE,0.5381,1976850,1063800,1600.0,1400.0,2026-03-30
2026-02-24,on,2026-02-24,RBLBANK,0.7377,21596350,15932150,330.0,300.0,2026-03-30
2026-02-24,on,2026-02-24,RECLTD,0.8721,37895200,33048400,400.0,360.0,2026-03-30
2026-02-24,on,2026-02-24,RELIANCE,0.6932,53109500,36817500,1500.0,1400.0,2026-03-30
2026-02-24,on,2026-02-24,RVNL,0.5474,39036950,21369825,320.0,260.0,2026-03-30
2026-02-24,on,2026-02-24,SAIL,0.9626,23001800,22141700,160.0,140.0,2026-03-30
2026-02-24,on,2026-02-24,SAMMAANCAP,0.5739,30315000,17397800,160.0,140.0,2026-03-30
2026-02-24,on,2026-02-24,SBICARD,0.8924,6579200,5871200,800.0,680.0,2026-03-30
2026-02-24,on,2026-02-24,SBILIFE,0.5556,4624875,2569500,2200.0,2080.0,2026-03-30
2026-02-24,on,2026-02-24,SBIN,1.1615,62455500,72544500,1300.0,1200.0,2026-03-30
2026-02-24,on,2026-02-24,SHREECEM,0.61,54225,33075,27000.0,26000.0,2026-03-30
2026-02-24,on,2026-02-24,SHRIRAMFIN,0.9039,8793675,7948875,1100.0,1000.0,2026-03-30
2026-02-24,on,2026-02-24,SIEMENS,0.7975,1637475,1305850,3600.0,3200.0,2026-03-30
2026-02-24,on,2026-02-24,SOLARINDS,0.6472,260500,168600,13500.0,13500.0,2026-03-30
2026-02-24,on,2026-02-24,SONACOMS,0.7542,3677450,2773400,540.0,500.0,2026-03-30
2026-02-24,on,2026-02-24,SRF,0.7032,1749400,1230200,2700.0,2600.0,2026-03-30
2026-02-24,on,2026-02-24,SUNPHARMA,0.6371,12359550,7874650,1780.0,1660.0,2026-03-30
2026-02-24,on,2026-02-24,SUPREMEIND,0.9254,567700,525350,4000.0,4000.0,2026-03-30
2026-02-24,on,2026-02-24,SUZLON,0.3169,244342850,77425475,50.0,45.0,2026-03-30
2026-02-24,on,2026-02-24,SWIGGY,0.8996,7575100,6814600,350.0,305.0,2026-03-30
2026-02-24,on,2026-02-24,SYNGENE,0.6546,7987000,5228000,500.0,440.0,2026-03-30
2026-02-24,on,2026-02-24,TATACONSUM,0.767,3162500,2425500,1200.0,1100.0,2026-03-30
2026-02-24,on,2026-02-24,TATAELXSI,0.3502,1927400,675000,5000.0,4500.0,2026-03-30
2026-02-24,on,2026-02-24,TATAPOWER,0.7248,41533800,30104900,420.0,380.0,2026-03-30
2026-02-24,on,2026-02-24,TATASTEEL,0.8214,127545000,104769500,210.0,200.0,2026-03-30
2026-02-24,on,2026-02-24,TATATECH,0.6783,6619200,4489600,700.0,600.0,2026-03-30
2026-02-24,on,2026-02-24,TCS,0.6319,25109000,15866725,3000.0,2600.0,2026-03-30
2026-02-24,on,2026-02-24,TECHM,0.5702,11824200,6741600,1600.0,1380.0,2026-03-30
2026-02-24,on,2026-02-24,TIINDIA,0.6798,843200,573200,2600.0,2400.0,2026-03-30
2026-02-24,on,2026-02-24,TITAN,0.611,4409125,2693950,4300.0,4000.0,2026-03-30
2026-02-24,on,2026-02-24,TMPV,0.7702,34800800,26802400,400.0,380.0,2026-03-30
2026-02-24,on,2026-02-24,TORNTPHARM,0.7543,1095000,826000,4600.0,4300.0,2026-03-30
2026-02-24,on,2026-02-24,TORNTPOWER,0.9729,2117350,2059975,1600.0,1450.0,2026-03-30
2026-02-24,on,2026-02-24,TRENT,0.6759,3463200,2340700,4500.0,4000.0,2026-03-30
2026-02-24,on,2026-02-24,TVSMOTOR,0.6526,1752100,1143450,3900.0,3800.0,2026-03-30
2026-02-24,on,2026-02-24,ULTRACEMCO,0.6815,502750,342600,13000.0,13000.0,2026-03-30
2026-02-24,on,2026-02-24,UNIONBANK,0.9851,34851300,34333575,200.0,200.0,2026-03-30
2026-02-24,on,2026-02-24,UNITDSPR,0.833,2525200,2103600,1500.0,1400.0,2026-03-30
2026-02-24,on,2026-02-24,UNOMINDA,0.7038,1786400,1257300,1200.0,1200.0,2026-03-30
2026-02-24,on,2026-02-24,UPL,0.4741,29113530,13802030,700.0,650.0,2026-03-30
2026-02-24,on,2026-02-24,VBL,0.5483,16888500,9259875,500.0,420.0,2026-03-30
2026-02-24,on,2026-02-24,VEDL,0.7056,36902350,26038300,700.0,600.0,2026-03-30
2026-02-24,on,2026-02-24,VOLTAS,0.8363,4272000,3572625,1600.0,1540.0,2026-03-30
2026-02-24,on,2026-02-24,WAAREEENER,0.6447,1171100,754950,3000.0,3000.0,2026-03-30
2026-02-24,on,2026-02-24,WIPRO,0.5435,128148000,69645000,210.0,200.0,2026-03-30
2026-02-24,on,2026-02-24,YESBANK,0.493,524221600,258441000,22.0,21.0,2026-03-30
2026-02-24,on,2026-02-24,ZYDUSLIFE,0.5997,6483600,3888000,950.0,900.0,2026-03-30
2026-02-24,wk,2026-02-17,360ONE,1.1952,1490500,1781500,,,
2026-02-24,wk,2026-02-17,ABB,0.6748,1554625,1049000,,,
2026-02-24,wk,2026-02-17,ABCAPITAL,0.6746,20546800,13860100,,,
2026-02-24,wk,2026-02-17,ADANIENSOL,0.8728,4097925,3576825,,,
2026-02-24,wk,2026-02-17,ADANIENT,0.9859,8820405,8695878,,,
2026-02-24,wk,2026-02-17,ADANIGREEN,0.9691,9791400,9488400,,,
2026-02-24,wk,2026-02-17,ADANIPORTS,0.8444,9897575,8357150,,,
2026-02-24,wk,2026-02-17,ALKEM,0.6782,615625,417500,,,
2026-02-24,wk,2026-02-17,AMBER,1.1183,967400,1081800,,,
2026-02-24,wk,2026-02-17,AMBUJACEM,0.6333,16248750,10291050,,,
2026-02-24,wk,2026-02-17,ANGELONE,0.7206,2844750,2050000,,,
2026-02-24,wk,2026-02-17,APLAPOLLO,1.3986,2044350,2859150,,,
2026-02-24,wk,2026-02-17,APOLLOHOSP,0.7484,2062875,1543875,,,
2026-02-24,wk,2026-02-17,ASHOKLEY,0.6436,91105000,58635000,,,
2026-02-24,wk,2026-02-17,ASIANPAINT,0.5042,8691000,4382000,,,
2026-02-24,wk,2026-02-17,ASTRAL,0.657,3359200,2207025,,,
2026-02-24,wk,2026-02-17,AUBANK,0.7258,7627000,5536000,,,
2026-02-24,wk,2026-02-17,AUROPHARMA,0.8705,7718700,6719350,,,
2026-02-24,wk,2026-02-17,AXISBANK,0.5645,28420000,16044375,,,
2026-02-24,wk,2026-02-17,BAJAJ-AUTO,0.6328,1530375,968475,,,
2026-02-24,wk,2026-02-17,BAJAJFINSV,0.7589,5979500,4537750,,,
2026-02-24,wk,2026-02-17,BAJAJHLDNG,0.4428,138450,61300,,,
2026-02-24,wk,2026-02-17,BAJFINANCE,0.8581,24295500,20848500,,,
2026-02-24,wk,2026-02-17,BANDHANBNK,0.9687,22071600,21380400,,,
2026-02-24,wk,2026-02-17,BANKBARODA,0.7757,54185625,42029325,,,
2026-02-24,wk,2026-02-17,BANKINDIA,0.6512,33082400,21543600,,,
2026-02-24,wk,2026-02-17,BDL,0.4057,10189200,4133500,,,
2026-02-24,wk,2026-02-17,BEL,0.4477,98706900,44194950,,,
2026-02-24,wk,2026-02-17,BHARATFORG,0.9792,4469000,4376000,,,
2026-02-24,wk,2026-02-17,BHARTIARTL,0.483,15687825,7577675,,,
2026-02-24,wk,2026-02-17,BHEL,0.5427,74560500,40464375,,,
2026-02-24,wk,2026-02-17,BIOCON,0.5505,32522500,17905000,,,
2026-02-24,wk,2026-02-17,BLUESTARCO,0.8707,1540500,1341275,,,
2026-02-24,wk,2026-02-17,BOSCHLTD,0.3728,195875,73025,,,
2026-02-24,wk,2026-02-17,BPCL,0.6749,21709200,14650550,,,
2026-02-24,wk,2026-02-17,BRITANNIA,0.5518,1478250,815625,,,
2026-02-24,wk,2026-02-17,BSE,0.5472,17083500,9348375,,,
2026-02-24,wk,2026-02-17,CAMS,0.9213,2972250,2738250,,,
2026-02-24,wk,2026-02-17,CANBK,0.6027,165037500,99461250,,,
2026-02-24,wk,2026-02-17,CDSL,0.7014,8744275,6133200,,,
2026-02-24,wk,2026-02-17,CGPOWER,0.8938,8180400,7311700,,,
2026-02-24,wk,2026-02-17,CHOLAFIN,1.0058,3130625,3148750,,,
2026-02-24,wk,2026-02-17,CIPLA,0.6211,6681375,4150125,,,
2026-02-24,wk,2026-02-17,COALINDIA,0.5157,47260800,24371550,,,
2026-02-24,wk,2026-02-17,COFORGE,0.433,13622250,5898750,,,
2026-02-24,wk,2026-02-17,COLPAL,0.5058,2858175,1445625,,,
2026-02-24,wk,2026-02-17,CONCOR,0.909,11016250,10013750,,,
2026-02-24,wk,2026-02-17,CROMPTON,0.9724,17467200,16984800,,,
2026-02-24,wk,2026-02-17,CUMMINSIND,1.1442,1162000,1329600,,,
2026-02-24,wk,2026-02-17,DABUR,0.5619,12736250,7156250,,,
2026-02-24,wk,2026-02-17,DALBHARAT,1.7224,1072500,1847300,,,
2026-02-24,wk,2026-02-17,DELHIVERY,0.6496,12097250,7858025,,,
2026-02-24,wk,2026-02-17,DIVISLAB,0.5606,1876000,1051700,,,
2026-02-24,wk,2026-02-17,DIXON,0.7181,2093400,1503250,,,
2026-02-24,wk,2026-02-17,DLF,0.7211,16483500,11886600,,,
2026-02-24,wk,2026-02-17,DMART,0.6984,1742100,1216650,,,
2026-02-24,wk,2026-02-17,DRREDDY,0.4809,8144375,3916875,,,
2026-02-24,wk,2026-02-17,EICHERMOT,1.2082,2612500,3156400,,,
2026-02-24,wk,2026-02-17,ETERNAL,0.5549,95918450,53223900,,,
2026-02-24,wk,2026-02-17,EXIDEIND,0.5717,19656000,11237400,,,
2026-02-24,wk,2026-02-17,FEDERALBNK,0.8028,50495000,40535000,,,
2026-02-24,wk,2026-02-17,FORTIS,0.5242,6158150,3227875,,,
2026-02-24,wk,2026-02-17,GAIL,0.7818,43766100,34215300,,,
2026-02-24,wk,2026-02-17,GLENMARK,0.6399,3170625,2028750,,,
2026-02-24,wk,2026-02-17,GMRAIRPORT,0.6448,103453200,66708900,,,
2026-02-24,wk,2026-02-17,GODREJCP,0.7002,2621500,1835500,,,
2026-02-24,wk,2026-02-17,GODREJPROP,0.8364,4257275,3560700,,,
2026-02-24,wk,2026-02-17,GRASIM,0.7574,2287250,1732250,,,
2026-02-24,wk,2026-02-17,HAL,0.5196,10031550,5212350,,,
2026-02-24,wk,2026-02-17,HAVELLS,0.9143,3273000,2992500,,,
2026-02-24,wk,2026-02-17,HCLTECH,0.4568,14824950,6772150,,,
2026-02-24,wk,2026-02-17,HDFCAMC,0.9911,1888200,1871400,,,
2026-02-24,wk,2026-02-17,HDFCBANK,0.5766,71959800,41489250,,,
2026-02-24,wk,2026-02-17,HDFCLIFE,0.4339,14325300,6216100,,,
2026-02-24,wk,2026-02-17,HEROMOTOCO,0.5122,3858300,1976250,,,
2026-02-24,wk,2026-02-17,HINDALCO,0.6335,20195000,12793200,,,
2026-02-24,wk,2026-02-17,HINDPETRO,0.6182,17921250,11078775,,,
2026-02-24,wk,2026-02-17,HINDUNILVR,0.5169,10347600,5348400,,,
2026-02-24,wk,2026-02-17,HINDZINC,0.5725,62890275,36007650,,,
2026-02-24,wk,2026-02-17,HUDCO,0.5241,37906500,19866225,,,
2026-02-24,wk,2026-02-17,ICICIBANK,0.6143,40557300,24914400,,,
2026-02-24,wk,2026-02-17,ICICIGI,0.822,1234350,1014650,,,
2026-02-24,wk,2026-02-17,ICICIPRULI,0.7895,3260625,2574275,,,
2026-02-24,wk,2026-02-17,IDEA,0.6205,1716043275,1064763075,,,
2026-02-24,wk,2026-02-17,IDFCFIRSTB,0.7437,145237225,108007375,,,
2026-02-24,wk,2026-02-17,IEX,0.6733,67672500,45566250,,,
2026-02-24,wk,2026-02-17,INDHOTEL,0.755,12349000,9324000,,,
2026-02-24,wk,2026-02-17,INDIANB,0.6802,7423000,5049000,,,
2026-02-24,wk,2026-02-17,INDIGO,0.8411,3181650,2676000,,,
2026-02-24,wk,2026-02-17,INDUSINDBK,0.7456,9541000,7114100,,,
2026-02-24,wk,2026-02-17,INDUSTOWER,0.6837,21797400,14902200,,,
2026-02-24,wk,2026-02-17,INFY,0.4731,71996800,34064400,,,
2026-02-24,wk,2026-02-17,INOXWIND,0.5164,44898425,23187450,,,
2026-02-24,wk,2026-02-17,IOC,0.7275,64057500,46605000,,,
2026-02-24,wk,2026-02-17,IRCTC,0.5558,15714125,8734250,,,
2026-02-24,wk,2026-02-17,IREDA,0.5332,43473450,23180550,,,
2026-02-24,wk,2026-02-17,IRFC,0.4005,102862750,41199500,,,
2026-02-24,wk,2026-02-17,ITC,0.4957,188758400,93563200,,,
2026-02-24,wk,2026-02-17,JINDALSTEL,0.9509,4636250,4408750,,,
2026-02-24,wk,2026-02-17,JIOFIN,0.7298,72746600,53088850,,,
2026-02-24,wk,2026-02-17,JSWENERGY,0.8973,8740000,7842000,,,
2026-02-24,wk,2026-02-17,JSWSTEEL,0.8822,6392925,5639625,,,
2026-02-24,wk,2026-02-17,JUBLFOOD,0.4952,15213750,7533750,,,
2026-02-24,wk,2026-02-17,KALYANKJIL,0.685,22666925,15527625,,,
2026-02-24,wk,2026-02-17,KAYNES,0.7972,2486200,1982000,,,
2026-02-24,wk,2026-02-17,KEI,1.2599,561575,707525,,,
2026-02-24,wk,2026-02-17,KFINTECH,0.5052,3093000,1562500,,,
2026-02-24,wk,2026-02-17,KOTAKBANK,0.9266,39406000,36514000,,,
2026-02-24,wk,2026-02-17,KPITTECH,0.5596,6811475,3811400,,,
2026-02-24,wk,2026-02-17,LAURUSLABS,0.4921,11704500,5759600,,,
2026-02-24,wk,2026-02-17,LICHSGFIN,0.7432,10598000,7876000,,,
2026-02-24,wk,2026-02-17,LICI,0.4902,12413100,6085100,,,
2026-02-24,wk,2026-02-17,LODHA,1.3291,2943000,3911400,,,
2026-02-24,wk,2026-02-17,LT,0.8526,10073175,8588125,,,
2026-02-24,wk,2026-02-17,LTF,0.7364,30723750,22623750,,,
2026-02-24,wk,2026-02-17,LTIM,0.5532,2225400,1231200,,,
2026-02-24,wk,2026-02-17,LUPIN,0.4977,5310800,2643075,,,
2026-02-24,wk,2026-02-17,M&M,0.3898,10760800,4194200,,,
2026-02-24,wk,2026-02-17,MANAPPURAM,0.9692,22047000,21369000,,,
2026-02-24,wk,2026-02-17,MANKIND,0.4638,1577475,731700,,,
2026-02-24,wk,2026-02-17,MARICO,0.7519,5311200,3993600,,,
2026-02-24,wk,2026-02-17,MARUTI,0.503,3068150,1543250,,,
2026-02-24,wk,2026-02-17,MAXHEALTH,0.9959,3691800,3676575,,,
2026-02-24,wk,2026-02-17,MAZDOCK,0.3633,4635000,1683800,,,
2026-02-24,wk,2026-02-17,MCX,0.5844,20448750,11949375,,,
2026-02-24,wk,2026-02-17,MFSL,1.1702,2042000,2389600,,,
2026-02-24,wk,2026-02-17,MOTHERSON,0.8539,76339950,65183850,,,
2026-02-24,wk,2026-02-17,MPHASIS,0.5478,2049575,1122825,,,
2026-02-24,wk,2026-02-17,MUTHOOTFIN,0.3442,12325775,4242150,,,
2026-02-24,wk,2026-02-17,NATIONALUM,0.6311,57240000,36123750,,,
2026-02-24,wk,2026-02-17,NAUKRI,0.5908,4738500,2799375,,,
2026-02-24,wk,2026-02-17,NBCC,0.4975,48405500,24082500,,,
2026-02-24,wk,2026-02-17,NESTLEIND,0.4629,5404000,2501500,,,
2026-02-24,wk,2026-02-17,NHPC,0.437,64595200,28230400,,,
2026-02-24,wk,2026-02-17,NMDC,0.4535,128540250,58293000,,,
2026-02-24,wk,2026-02-17,NTPC,0.4245,96307500,40879500,,,
2026-02-24,wk,2026-02-17,NUVAMA,0.7174,1773000,1272000,,,
2026-02-24,wk,2026-02-17,NYKAA,0.9036,22084375,19956250,,,
2026-02-24,wk,2026-02-17,OBEROIRLTY,0.9912,2035950,2018100,,,
2026-02-24,wk,2026-02-17,OFSS,0.5972,1034700,617925,,,
2026-02-24,wk,2026-02-17,OIL,0.4034,18601800,7504000,,,
2026-02-24,wk,2026-02-17,ONGC,0.4975,104595750,52031250,,,
2026-02-24,wk,2026-02-17,PAGEIND,0.4139,147510,61050,,,
2026-02-24,wk,2026-02-17,PATANJALI,0.946,4364100,4128300,,,
2026-02-24,wk,2026-02-17,PAYTM,0.5093,13517625,6883875,,,
2026-02-24,wk,2026-02-17,PERSISTENT,0.5283,2249600,1188500,,,
2026-02-24,wk,2026-02-17,PETRONET,0.793,17561700,13927000,,,
2026-02-24,wk,2026-02-17,PFC,0.6808,35759100,24343800,,,
2026-02-24,wk,2026-02-17,PGEL,0.8325,6498950,5410250,,,
2026-02-24,wk,2026-02-17,PHOENIXLTD,0.7613,1272600,968800,,,
2026-02-24,wk,2026-02-17,PIDILITIND,0.7347,2116500,1555000,,,
2026-02-24,wk,2026-02-17,PIIND,0.7748,1337875,1036525,,,
2026-02-24,wk,2026-02-17,PNB,0.7013,135976000,95360000,,,
2026-02-24,wk,2026-02-17,PNBHOUSING,0.9992,2549300,2547350,,,
2026-02-24,wk,2026-02-17,POLICYBZR,0.6551,4261600,2791600,,,
2026-02-24,wk,2026-02-17,POLYCAB,0.8379,991500,830750,,,
2026-02-24,wk,2026-02-17,POWERGRID,0.6633,69754700,46265000,,,
2026-02-24,wk,2026-02-17,POWERINDIA,1.1718,292550,342800,,,
2026-02-24,wk,2026-02-17,PPLPHARMA,0.558,12203625,6809250,,,
2026-02-24,wk,2026-02-17,PREMIERENE,0.5186,2760575,1431750,,,
2026-02-24,wk,2026-02-17,PRESTIGE,0.8315,2064150,1716300,,,
2026-02-24,wk,2026-02-17,RBLBANK,0.7498,25266650,18945225,,,
2026-02-24,wk,2026-02-17,RECLTD,0.6145,49627200,30494800,,,
2026-02-24,wk,2026-02-17,RELIANCE,0.5048,69378500,35022000,,,
2026-02-24,wk,2026-02-17,RVNL,0.3658,66117900,24183450,,,
2026-02-24,wk,2026-02-17,SAIL,0.8328,34996200,29144700,,,
2026-02-24,wk,2026-02-17,SAMMAANCAP,0.5303,30401000,16120700,,,
2026-02-24,wk,2026-02-17,SBICARD,0.6432,8160800,5248800,,,
2026-02-24,wk,2026-02-17,SBILIFE,0.3762,5821500,2190000,,,
2026-02-24,wk,2026-02-17,SBIN,1.1086,78876750,87445500,,,
2026-02-24,wk,2026-02-17,SHREECEM,0.355,143675,51000,,,
2026-02-24,wk,2026-02-17,SHRIRAMFIN,0.9085,11554950,10498125,,,
2026-02-24,wk,2026-02-17,SIEMENS,0.6918,1832950,1268050,,,
2026-02-24,wk,2026-02-17,SOLARINDS,0.414,548300,227000,,,
2026-02-24,wk,2026-02-17,SONACOMS,0.6184,5784450,3577000,,,
2026-02-24,wk,2026-02-17,SRF,0.6524,1948200,1271000,,,
2026-02-24,wk,2026-02-17,SUNPHARMA,0.5792,14036750,8130150,,,
2026-02-24,wk,2026-02-17,SUPREMEIND,0.6288,907550,570675,,,
2026-02-24,wk,2026-02-17,SUZLON,0.3159,238927850,75485100,,,
2026-02-24,wk,2026-02-17,SWIGGY,1.0644,7486700,7969000,,,
2026-02-24,wk,2026-02-17,SYNGENE,0.5334,10771000,5745000,,,
2026-02-24,wk,2026-02-17,TATACONSUM,0.8348,4149200,3463900,,,
2026-02-24,wk,2026-02-17,TATAELXSI,0.2692,2431300,654500,,,
2026-02-24,wk,2026-02-17,TATAPOWER,0.806,39585000,31904350,,,
2026-02-24,wk,2026-02-17,TATASTEEL,0.6459,166303500,107420500,,,
2026-02-24,wk,2026-02-17,TATATECH,0.669,6404000,4284000,,,
2026-02-24,wk,2026-02-17,TCS,0.5267,30846550,16245425,,,
2026-02-24,wk,2026-02-17,TECHM,0.5783,12671400,7328400,,,
2026-02-24,wk,2026-02-17,TIINDIA,0.5289,1428600,755600,,,
2026-02-24,wk,2026-02-17,TITAN,0.4521,7241325,3273725,,,
2026-02-24,wk,2026-02-17,TMPV,0.828,37752800,31257600,,,
2026-02-24,wk,2026-02-17,TORNTPHARM,0.6345,1374000,871750,,,
2026-02-24,wk,2026-02-17,TORNTPOWER,0.6755,2793950,1887425,,,
2026-02-24,wk,2026-02-17,TRENT,0.7219,4363400,3149900,,,
2026-02-24,wk,2026-02-17,TVSMOTOR,0.7452,1972075,1469650,,,
2026-02-24,wk,2026-02-17,ULTRACEMCO,0.713,751400,535750,,,
2026-02-24,wk,2026-02-17,UNIONBANK,0.7215,49847625,35966400,,,
2026-02-24,wk,2026-02-17,UNITDSPR,0.9722,2781600,2704400,,,
2026-02-24,wk,2026-02-17,UNOMINDA,0.8196,1884300,1544400,,,
2026-02-24,wk,2026-02-17,UPL,0.5737,13570325,7785830,,,
2026-02-24,wk,2026-02-17,VBL,0.5172,21849750,11301750,,,
2026-02-24,wk,2026-02-17,VEDL,0.5863,54191450,31771050,,,
2026-02-24,wk,2026-02-17,VOLTAS,1.0196,4083750,4163625,,,
2026-02-24,wk,2026-02-17,WAAREEENER,0.6092,1262450,769125,,,
2026-02-24,wk,2026-02-17,WIPRO,0.5916,125427000,74199000,,,
2026-02-24,wk,2026-02-17,YESBANK,0.5039,506276900,255113300,,,
2026-02-24,wk,2026-02-17,ZYDUSLIFE,0.5229,8117100,4244400,,,
2026-03-30,on,2026-03-30,360ONE,0.5104,1227500,626500,1100.0,1100.0,2026-04-28
2026-03-30,on,2026-03-30,ABB,0.7313,1041750,761875,6000.0,6200.0,2026-04-28
2026-03-30,on,2026-03-30,ABCAPITAL,0.5079,19712900,10013000,330.0,300.0,2026-04-28
2026-03-30,on,2026-03-30,ADANIENSOL,0.626,2609550,1633500,1000.0,900.0,2026-04-28
2026-03-30,on,2026-03-30,ADANIENT,0.796,8725233,6945702,2000.0,2200.0,2026-04-28
2026-03-30,on,2026-03-30,ADANIGREEN,0.667,8193600,5464800,900.0,900.0,2026-04-28
2026-03-30,on,2026-03-30,ADANIPORTS,0.9622,9045900,8704375,1400.0,1200.0,2026-04-28
2026-03-30,on,2026-03-30,ALKEM,0.8116,215000,174500,5500.0,5500.0,2026-04-28
2026-03-30,on,2026-03-30,AMBER,0.5041,957900,482900,7000.0,6000.0,2026-04-28
2026-03-30,on,2026-03-30,AMBUJACEM,0.695,20674500,14368200,420.0,500.0,2026-04-28
2026-03-30,on,2026-03-30,ANGELONE,0.7658,14847500,11370000,240.0,200.0,2026-04-28
2026-03-30,on,2026-03-30,APLAPOLLO,1.0375,1205050,1250200,2000.0,1900.0,2026-04-28
2026-03-30,on,2026-03-30,APOLLOHOSP,0.7902,965875,763250,7500.0,7000.0,2026-04-28
2026-03-30,on,2026-03-30,ASHOKLEY,0.5009,87475000,43820000,200.0,160.0,2026-04-28
2026-03-30,on,2026-03-30,ASIANPAINT,0.848,5648750,4790250,2300.0,2140.0,2026-04-28
2026-03-30,on,2026-03-30,ASTRAL,0.6034,1976250,1192550,1700.0,1600.0,2026-04-28
2026-03-30,on,2026-03-30,AUBANK,0.732,8604000,6298000,900.0,900.0,2026-04-28
2026-03-30,on,2026-03-30,AUROPHARMA,0.794,4645300,3688300,1300.0,1200.0,2026-04-28
2026-03-30,on,2026-03-30,AXISBANK,0.6549,18622500,12195000,1300.0,1100.0,2026-04-28
2026-03-30,on,2026-03-30,BAJAJ-AUTO,0.5524,1441500,796350,9000.0,8400.0,2026-04-28
2026-03-30,on,2026-03-30,BAJAJFINSV,0.5211,8598250,4480750,1760.0,1620.0,2026-04-28
2026-03-30,on,2026-03-30,BAJAJHLDNG,0.4534,130450,59150,9400.0,9000.0,2026-04-28
2026-03-30,on,2026-03-30,BAJFINANCE,0.7404,25773750,19083750,800.0,800.0,2026-04-28
2026-03-30,on,2026-03-30,BANDHANBNK,0.71,38721600,27493200,150.0,150.0,2026-04-28
2026-03-30,on,2026-03-30,BANKBARODA,0.6651,58040775,38604150,300.0,300.0,2026-04-28
2026-03-30,on,2026-03-30,BANKINDIA,0.745,28490800,21226400,150.0,140.0,2026-04-28
2026-03-30,on,2026-03-30,BDL,0.5723,4867800,2786000,1200.0,1100.0,2026-04-28
2026-03-30,on,2026-03-30,BEL,0.5161,60524025,31237425,500.0,400.0,2026-04-28
2026-03-30,on,2026-03-30,BHARATFORG,0.5249,4554500,2390500,1700.0,1600.0,2026-04-28
2026-03-30,on,2026-03-30,BHARTIARTL,0.5101,15010000,7657000,1900.0,1840.0,2026-04-28
2026-03-30,on,2026-03-30,BHEL,0.7553,34783875,26271000,270.0,250.0,2026-04-28
2026-03-30,on,2026-03-30,BIOCON,0.593,21507500,12755000,370.0,340.0,2026-04-28
2026-03-30,on,2026-03-30,BLUESTARCO,0.6544,1456650,953225,2000.0,1700.0,2026-04-28
2026-03-30,on,2026-03-30,BOSCHLTD,0.7852,179125,140650,32000.0,30000.0,2026-04-28
2026-03-30,on,2026-03-30,BPCL,0.6405,36580950,23431400,300.0,280.0,2026-04-28
2026-03-30,on,2026-03-30,BRITANNIA,0.3961,945125,374375,5700.0,5700.0,2026-04-28
2026-03-30,on,2026-03-30,BSE,0.8488,5358375,4548000,3000.0,2800.0,2026-04-28
2026-03-30,on,2026-03-30,CAMS,0.7261,3116250,2262750,650.0,600.0,2026-04-28
2026-03-30,on,2026-03-30,CANBK,0.703,125347500,88114500,140.0,150.0,2026-04-28
2026-03-30,on,2026-03-30,CDSL,0.8139,5842500,4755225,1200.0,1200.0,2026-04-28
2026-03-30,on,2026-03-30,CGPOWER,0.4871,6431950,3133100,700.0,660.0,2026-04-28
2026-03-30,on,2026-03-30,CHOLAFIN,0.7407,4780000,3540625,1500.0,1400.0,2026-04-28
2026-03-30,on,2026-03-30,CIPLA,0.4734,8256750,3909000,1300.0,1160.0,2026-04-28
2026-03-30,on,2026-03-30,COALINDIA,0.7019,37871550,26582850,500.0,450.0,2026-04-28
2026-03-30,on,2026-03-30,COFORGE,0.5559,9543750,5305125,1100.0,1100.0,2026-04-28
2026-03-30,on,2026-03-30,COLPAL,0.6961,3298275,2295900,2200.0,1900.0,2026-04-28
2026-03-30,on,2026-03-30,CONCOR,0.7261,9255000,6720000,450.0,500.0,2026-04-28
2026-03-30,on,2026-03-30,CROMPTON,0.4362,11772000,5135400,260.0,220.0,2026-04-28
2026-03-30,on,2026-03-30,CUMMINSIND,0.6562,1074400,705000,5000.0,4700.0,2026-04-28
2026-03-30,on,2026-03-30,DABUR,0.4062,14162500,5752500,500.0,420.0,2026-04-28
2026-03-30,on,2026-03-30,DALBHARAT,0.6406,1341925,859625,1900.0,1800.0,2026-04-28
2026-03-30,on,2026-03-30,DELHIVERY,0.5641,7669200,4326375,470.0,420.0,2026-04-28
2026-03-30,on,2026-03-30,DIVISLAB,0.6493,846900,549900,6100.0,6100.0,2026-04-28
2026-03-30,on,2026-03-30,DIXON,0.644,1910400,1230300,11000.0,10000.0,2026-04-28
2026-03-30,on,2026-03-30,DLF,0.7681,13629825,10468425,540.0,500.0,2026-04-28
2026-03-30,on,2026-03-30,DMART,0.8958,1487550,1332600,4000.0,3700.0,2026-04-28
2026-03-30,on,2026-03-30,DRREDDY,0.4355,8217500,3578750,1300.0,1200.0,2026-04-28
2026-03-30,on,2026-03-30,EICHERMOT,0.6077,2286000,1389200,8000.0,6900.0,2026-04-28
2026-03-30,on,2026-03-30,ETERNAL,0.6968,92234875,64269775,240.0,230.0,2026-04-28
2026-03-30,on,2026-03-30,EXIDEIND,0.6353,15013800,9538200,300.0,300.0,2026-04-28
2026-03-30,on,2026-03-30,FEDERALBNK,0.6229,58105000,36195000,280.0,240.0,2026-04-28
2026-03-30,on,2026-03-30,FORTIS,0.4936,4209800,2077775,800.0,800.0,2026-04-28
2026-03-30,on,2026-03-30,GAIL,1.0258,53918550,55310850,140.0,130.0,2026-04-28
2026-03-30,on,2026-03-30,GLENMARK,0.5027,1714125,861750,2200.0,2100.0,2026-04-28
2026-03-30,on,2026-03-30,GMRAIRPORT,0.581,62321625,36207225,100.0,95.0,2026-04-28
2026-03-30,on,2026-03-30,GODREJCP,0.7526,2106000,1585000,1100.0,1000.0,2026-04-28
2026-03-30,on,2026-03-30,GODREJPROP,0.7657,2867700,2195875,1600.0,1500.0,2026-04-28
2026-03-30,on,2026-03-30,GRASIM,0.5986,1961500,1174250,2800.0,2600.0,2026-04-28
2026-03-30,on,2026-03-30,HAL,0.8411,4524600,3805650,3600.0,3600.0,2026-04-28
2026-03-30,on,2026-03-30,HAVELLS,0.6356,2943000,1870500,1300.0,1200.0,2026-04-28
2026-03-30,on,2026-03-30,HCLTECH,0.6768,6300000,4264050,1400.0,1400.0,2026-04-28
2026-03-30,on,2026-03-30,HDFCAMC,0.6206,1570200,974400,2400.0,2300.0,2026-04-28
2026-03-30,on,2026-03-30,HDFCBANK,0.4684,123366100,57786850,800.0,800.0,2026-04-28
2026-03-30,on,2026-03-30,HDFCLIFE,0.3772,14302200,5395500,700.0,600.0,2026-04-28
2026-03-30,on,2026-03-30,HEROMOTOCO,0.7109,1765950,1255500,5200.0,5000.0,2026-04-28
2026-03-30,on,2026-03-30,HINDALCO,0.6909,14592900,10082800,900.0,900.0,2026-04-28
2026-03-30,on,2026-03-30,HINDPETRO,0.8879,25462350,22609125,400.0,340.0,2026-04-28
2026-03-30,on,2026-03-30,HINDUNILVR,0.5687,6941100,3947700,2100.0,2100.0,2026-04-28
2026-03-30,on,2026-03-30,HINDZINC,0.6311,30147250,19025475,600.0,600.0,2026-04-28
2026-03-30,on,2026-03-30,HUDCO,0.573,18520350,10611600,180.0,160.0,2026-04-28
2026-03-30,on,2026-03-30,ICICIBANK,0.6321,35674100,22549100,1220.0,1220.0,2026-04-28
2026-03-30,on,2026-03-30,ICICIGI,0.6796,1103700,750100,1800.0,1760.0,2026-04-28
2026-03-30,on,2026-03-30,ICICIPRULI,0.6667,4234650,2823100,550.0,500.0,2026-04-28
2026-03-30,on,2026-03-30,IDEA,0.3529,2787167625,983710425,10.0,9.0,2026-04-28
2026-03-30,on,2026-03-30,IDFCFIRSTB,0.5598,284445700,159233200,65.0,60.0,2026-04-28
2026-03-30,on,2026-03-30,IEX,0.7286,44692500,32565000,120.0,150.0,2026-04-28
2026-03-30,on,2026-03-30,INDHOTEL,0.7808,8348000,6518000,620.0,600.0,2026-04-28
2026-03-30,on,2026-03-30,INDIANB,0.6329,5337000,3378000,900.0,900.0,2026-04-28
2026-03-30,on,2026-03-30,INDIGO,0.5205,8278500,4309050,4400.0,4200.0,2026-04-28
2026-03-30,on,2026-03-30,INDUSINDBK,0.7724,10075100,7781900,800.0,820.0,2026-04-28
2026-03-30,on,2026-03-30,INDUSTOWER,0.6803,13052600,8879100,430.0,400.0,2026-04-28
2026-03-30,on,2026-03-30,INFY,0.6562,31461600,20646000,1280.0,1280.0,2026-04-28
2026-03-30,on,2026-03-30,INOXWIND,0.8582,44330000,38045150,80.0,115.0,2026-04-28
2026-03-30,on,2026-03-30,IOC,0.6714,93136875,62536500,140.0,140.0,2026-04-28
2026-03-30,on,2026-03-30,IREDA,0.7063,31332900,22131750,120.0,146.0,2026-04-28
2026-03-30,on,2026-03-30,IRFC,0.5685,70227000,39924500,100.0,85.0,2026-04-28
2026-03-30,on,2026-03-30,ITC,0.4306,154254400,66422400,300.0,300.0,2026-04-28
2026-03-30,on,2026-03-30,JINDALSTEL,0.9762,3363125,3283125,1200.0,1100.0,2026-04-28
2026-03-30,on,2026-03-30,JIOFIN,0.7256,61062400,44309250,300.0,300.0,2026-04-28
2026-03-30,on,2026-03-30,JSWENERGY,0.5281,7109000,3754000,530.0,530.0,2026-04-28
2026-03-30,on,2026-03-30,JSWSTEEL,0.5727,6888375,3944700,1200.0,1150.0,2026-04-28
2026-03-30,on,2026-03-30,JUBLFOOD,0.6398,10567500,6761250,500.0,440.0,2026-04-28
2026-03-30,on,2026-03-30,KALYANKJIL,0.4976,9222575,4589550,400.0,400.0,2026-04-28
2026-03-30,on,2026-03-30,KAYNES,0.5796,1614400,935700,4000.0,3000.0,2026-04-28
2026-03-30,on,2026-03-30,KEI,0.6658,897575,597625,4500.0,4500.0,2026-04-28
2026-03-30,on,2026-03-30,KFINTECH,0.4953,1651500,818000,1000.0,860.0,2026-04-28
2026-03-30,on,2026-03-30,KOTAKBANK,0.7646,50626000,38708000,370.0,335.0,2026-04-28
2026-03-30,on,2026-03-30,KPITTECH,0.5565,5327800,2964800,700.0,700.0,2026-04-28
2026-03-30,on,2026-03-30,LAURUSLABS,0.5919,8117500,4805050,1100.0,900.0,2026-04-28
2026-03-30,on,2026-03-30,LICHSGFIN,0.98,7234000,7089000,550.0,450.0,2026-04-28
2026-03-30,on,2026-03-30,LICI,0.5871,5656700,3320800,800.0,750.0,2026-04-28
2026-03-30,on,2026-03-30,LODHA,0.5852,7553250,4419900,700.0,700.0,2026-04-28
2026-03-30,on,2026-03-30,LT,0.6221,16065350,9993900,4000.0,3600.0,2026-04-28
2026-03-30,on,2026-03-30,LTF,0.5088,39163500,19928250,300.0,300.0,2026-04-28
2026-03-30,on,2026-03-30,LTM,0.7741,1429800,1106850,4300.0,4300.0,2026-04-28
2026-03-30,on,2026-03-30,LUPIN,0.7014,2977125,2088025,2300.0,2200.0,2026-04-28
2026-03-30,on,2026-03-30,M&M,0.6998,6525400,4566400,3200.0,3000.0,2026-04-28
2026-03-30,on,2026-03-30,MANAPPURAM,0.7779,26667000,20745000,270.0,250.0,2026-04-28
2026-03-30,on,2026-03-30,MANKIND,0.4676,1308375,611775,2000.0,2100.0,2026-04-28
2026-03-30,on,2026-03-30,MARICO,0.6066,5212800,3162000,800.0,710.0,2026-04-28
2026-03-30,on,2026-03-30,MARUTI,0.4713,2555850,1204550,14000.0,12000.0,2026-04-28
2026-03-30,on,2026-03-30,MAXHEALTH,0.7213,3014025,2174025,1100.0,1100.0,2026-04-28
2026-03-30,on,2026-03-30,MAZDOCK,0.5628,4449200,2504000,2200.0,2200.0,2026-04-28
2026-03-30,on,2026-03-30,MCX,0.6409,8355625,5355000,2600.0,2400.0,2026-04-28
2026-03-30,on,2026-03-30,MFSL,0.6061,1199200,726800,1800.0,1500.0,2026-04-28
2026-03-30,on,2026-03-30,MOTHERSON,0.531,55835850,29649150,120.0,105.0,2026-04-28
2026-03-30,on,2026-03-30,MPHASIS,0.5822,1428350,831600,2200.0,2000.0,2026-04-28
2026-03-30,on,2026-03-30,MUTHOOTFIN,0.7336,2612225,1916200,3200.0,3000.0,2026-04-28
2026-03-30,on,2026-03-30,NATIONALUM,0.8193,41306250,33843750,400.0,360.0,2026-04-28
2026-03-30,on,2026-03-30,NAUKRI,0.4771,3531750,1684875,1000.0,1000.0,2026-04-28
2026-03-30,on,2026-03-30,NBCC,0.6014,31388500,18876000,90.0,80.0,2026-04-28
2026-03-30,on,2026-03-30,NESTLEIND,0.4417,3885000,1716000,1300.0,1190.0,2026-04-28
2026-03-30,on,2026-03-30,NHPC,0.5178,35744000,18508800,80.0,75.0,2026-04-28
2026-03-30,on,2026-03-30,NMDC,0.5312,81600750,43348500,80.0,70.0,2026-04-28
2026-03-30,on,2026-03-30,NTPC,0.2433,100285500,24397500,400.0,380.0,2026-04-28
2026-03-30,on,2026-03-30,NUVAMA,0.8865,876500,777000,1300.0,1000.0,2026-04-28
2026-03-30,on,2026-03-30,NYKAA,0.4106,9178125,3768750,250.0,230.0,2026-04-28
2026-03-30,on,2026-03-30,OBEROIRLTY,0.7856,1501850,1179850,1500.0,1400.0,2026-04-28
2026-03-30,on,2026-03-30,OFSS,0.701,600300,420825,7000.0,6500.0,2026-04-28
2026-03-30,on,2026-03-30,OIL,0.5398,14532000,7844200,500.0,470.0,2026-04-28
2026-03-30,on,2026-03-30,ONGC,0.8418,70949250,59724000,300.0,270.0,2026-04-28
2026-03-30,on,2026-03-30,PAGEIND,0.517,68970,35655,33000.0,29500.0,2026-04-28
2026-03-30,on,2026-03-30,PATANJALI,0.6828,3987000,2722500,510.0,490.0,2026-04-28
2026-03-30,on,2026-03-30,PAYTM,0.6835,7179675,4907525,1100.0,1000.0,2026-04-28
2026-03-30,on,2026-03-30,PERSISTENT,0.7004,1324600,927700,5000.0,5000.0,2026-04-28
2026-03-30,on,2026-03-30,PETRONET,0.7108,24593600,17480000,250.0,240.0,2026-04-28
2026-03-30,on,2026-03-30,PFC,0.627,26409500,16559400,400.0,400.0,2026-04-28
2026-03-30,on,2026-03-30,PGEL,0.6331,10759700,6811500,600.0,400.0,2026-04-28
2026-03-30,on,2026-03-30,PHOENIXLTD,0.7648,956900,731850,1600.0,1500.0,2026-04-28
2026-03-30,on,2026-03-30,PIDILITIND,0.6844,1437000,983500,1400.0,1300.0,2026-04-28
2026-03-30,on,2026-03-30,PIIND,0.7101,722050,512750,3000.0,2800.0,2026-04-28
2026-03-30,on,2026-03-30,PNB,0.6966,138480000,96472000,120.0,110.0,2026-04-28
2026-03-30,on,2026-03-30,PNBHOUSING,0.7345,2274350,1670500,800.0,800.0,2026-04-28
2026-03-30,on,2026-03-30,POLICYBZR,0.7945,2020200,1605100,1500.0,1400.0,2026-04-28
2026-03-30,on,2026-03-30,POLYCAB,0.7142,1507125,1076375,7000.0,7700.0,2026-04-28
2026-03-30,on,2026-03-30,POWERGRID,0.3588,48394900,17362200,320.0,300.0,2026-04-28
2026-03-30,on,2026-03-30,POWERINDIA,0.6541,171150,111950,26000.0,24000.0,2026-04-28
2026-03-30,on,2026-03-30,PPLPHARMA,0.6447,8607375,5549250,150.0,150.0,2026-04-28
2026-03-30,on,2026-03-30,PREMIERENE,0.9747,2933650,2859475,900.0,850.0,2026-04-28
2026-03-30,on,2026-03-30,PRESTIGE,0.4664,2137950,997200,1400.0,1200.0,2026-04-28
2026-03-30,on,2026-03-30,RBLBANK,1.1064,25028525,27692350,300.0,280.0,2026-04-28
2026-03-30,on,2026-03-30,RECLTD,0.8588,30942800,26573400,350.0,320.0,2026-04-28
2026-03-30,on,2026-03-30,RELIANCE,0.4608,79870000,36804000,1400.0,1400.0,2026-04-28
2026-03-30,on,2026-03-30,RVNL,0.5071,29225100,14821475,280.0,240.0,2026-04-28
2026-03-30,on,2026-03-30,SAIL,0.6615,16548700,10946300,170.0,150.0,2026-04-28
2026-03-30,on,2026-03-30,SAMMAANCAP,0.6786,23331800,15832600,150.0,140.0,2026-04-28
2026-03-30,on,2026-03-30,SBICARD,0.7785,7490400,5831200,700.0,560.0,2026-04-28
2026-03-30,on,2026-03-30,SBILIFE,0.3983,3430500,1366500,2000.0,1800.0,2026-04-28
2026-03-30,on,2026-03-30,SBIN,0.6097,61083000,37240500,1100.0,1100.0,2026-04-28
2026-03-30,on,2026-03-30,SHREECEM,0.9733,58975,57400,24000.0,24000.0,2026-04-28
2026-03-30,on,2026-03-30,SHRIRAMFIN,0.65,19819800,12882375,1000.0,900.0,2026-04-28
2026-03-30,on,2026-03-30,SIEMENS,0.5309,1210650,642775,3500.0,3000.0,2026-04-28
2026-03-30,on,2026-03-30,SOLARINDS,0.7523,382500,287750,14000.0,12000.0,2026-04-28
2026-03-30,on,2026-03-30,SONACOMS,0.5714,4787300,2735425,500.0,500.0,2026-04-28
2026-03-30,on,2026-03-30,SRF,0.7294,1323800,965600,2600.0,2500.0,2026-04-28
2026-03-30,on,2026-03-30,SUNPHARMA,0.5115,10688300,5466650,1830.0,1690.0,2026-04-28
2026-03-30,on,2026-03-30,SUPREMEIND,0.561,482300,270550,4500.0,3800.0,2026-04-28
2026-03-30,on,2026-03-30,SUZLON,0.4171,180184125,75151175,45.0,40.0,2026-04-28
2026-03-30,on,2026-03-30,SWIGGY,0.6217,8356400,5194800,300.0,260.0,2026-04-28
2026-03-30,on,2026-03-30,SYNGENE,0.5039,4366000,2200000,,,
2026-03-30,on,2026-03-30,TATACONSUM,0.4942,3262050,1612050,1100.0,1100.0,2026-04-28
2026-03-30,on,2026-03-30,TATAELXSI,0.4182,1723200,720600,4500.0,4000.0,2026-04-28
2026-03-30,on,2026-03-30,TATAPOWER,0.6955,41874550,29121800,400.0,370.0,2026-04-28
2026-03-30,on,2026-03-30,TATASTEEL,0.6459,147598000,95331500,200.0,190.0,2026-04-28
2026-03-30,on,2026-03-30,TATATECH,0.6024,4959200,2987200,550.0,540.0,2026-04-28
2026-03-30,on,2026-03-30,TCS,0.6781,16661925,11298875,2400.0,2400.0,2026-04-28
2026-03-30,on,2026-03-30,TECHM,0.8202,8649000,7093800,1400.0,1400.0,2026-04-28
2026-03-30,on,2026-03-30,TIINDIA,0.6838,641400,438600,2700.0,2600.0,2026-04-28
2026-03-30,on,2026-03-30,TITAN,0.5945,2988300,1776425,4200.0,3700.0,2026-04-28
2026-03-30,on,2026-03-30,TMPV,0.5105,59928800,30591200,380.0,300.0,2026-04-28
2026-03-30,on,2026-03-30,TORNTPHARM,0.7833,821500,643500,4400.0,4000.0,2026-04-28
2026-03-30,on,2026-03-30,TORNTPOWER,0.6925,1337900,926500,1400.0,1320.0,2026-04-28
2026-03-30,on,2026-03-30,TRENT,0.6491,3565800,2314400,3500.0,3300.0,2026-04-28
2026-03-30,on,2026-03-30,TVSMOTOR,0.6566,2331700,1530900,3400.0,3000.0,2026-04-28
2026-03-30,on,2026-03-30,ULTRACEMCO,0.4749,991800,471050,12000.0,10000.0,2026-04-28
2026-03-30,on,2026-03-30,UNIONBANK,0.5943,40258650,23925975,175.0,170.0,2026-04-28
2026-03-30,on,2026-03-30,UNITDSPR,0.678,4374800,2966000,1400.0,1400.0,2026-04-28
2026-03-30,on,2026-03-30,UNOMINDA,0.7679,1943150,1492150,1100.0,1100.0,2026-04-28
2026-03-30,on,2026-03-30,UPL,0.4813,16089270,7743825,590.0,600.0,2026-04-28
2026-03-30,on,2026-03-30,VBL,0.5723,17229375,9860625,500.0,420.0,2026-04-28
2026-03-30,on,2026-03-30,VEDL,0.7197,37539450,27018100,700.0,630.0,2026-04-28
2026-03-30,on,2026-03-30,VOLTAS,0.5932,6483750,3846375,1300.0,1100.0,2026-04-28
2026-03-30,on,2026-03-30,WAAREEENER,0.6994,2121525,1483825,3600.0,3100.0,2026-04-28
2026-03-30,on,2026-03-30,WIPRO,0.5313,92889000,49356000,190.0,190.0,2026-04-28
2026-03-30,on,2026-03-30,YESBANK,0.556,527860300,293490700,20.0,18.0,2026-04-28
2026-03-30,on,2026-03-30,ZYDUSLIFE,0.6127,3850200,2358900,1000.0,900.0,2026-04-28
2026-03-30,wk,2026-03-23,360ONE,0.4446,1508000,670500,,,
2026-03-30,wk,2026-03-23,ABB,0.624,1437750,897125,,,
2026-03-30,wk,2026-03-23,ABCAPITAL,0.4147,26632100,11045300,,,
2026-03-30,wk,2026-03-23,ADANIENSOL,0.6755,3628125,2450925,,,
2026-03-30,wk,2026-03-23,ADANIENT,0.6999,8762313,6133032,,,
2026-03-30,wk,2026-03-23,ADANIGREEN,0.5543,10468200,5802600,,,
2026-03-30,wk,2026-03-23,ADANIPORTS,0.6894,10414375,7179625,,,
2026-03-30,wk,2026-03-23,ALKEM,0.661,269875,178375,,,
2026-03-30,wk,2026-03-23,AMBER,0.5257,1204200,633100,,,
2026-03-30,wk,2026-03-23,AMBUJACEM,0.7042,17460450,12295500,,,
2026-03-30,wk,2026-03-23,ANGELONE,0.572,24142500,13810000,,,
2026-03-30,wk,2026-03-23,APLAPOLLO,0.7023,1936200,1359750,,,
2026-03-30,wk,2026-03-23,APOLLOHOSP,0.5874,1468750,862750,,,
2026-03-30,wk,2026-03-23,ASHOKLEY,0.4803,105630000,50730000,,,
2026-03-30,wk,2026-03-23,ASIANPAINT,0.8598,5484500,4715750,,,
2026-03-30,wk,2026-03-23,ASTRAL,0.4768,2898075,1381675,,,
2026-03-30,wk,2026-03-23,AUBANK,0.6124,10928000,6692000,,,
2026-03-30,wk,2026-03-23,AUROPHARMA,0.7389,5449400,4026550,,,
2026-03-30,wk,2026-03-23,AXISBANK,0.5648,24889375,14057500,,,
2026-03-30,wk,2026-03-23,BAJAJ-AUTO,0.5143,1711350,880200,,,
2026-03-30,wk,2026-03-23,BAJAJFINSV,0.4847,10759750,5215250,,,
2026-03-30,wk,2026-03-23,BAJAJHLDNG,0.5764,122050,70350,,,
2026-03-30,wk,2026-03-23,BAJFINANCE,0.6317,33315750,21045750,,,
2026-03-30,wk,2026-03-23,BANDHANBNK,0.6623,44726400,29624400,,,
2026-03-30,wk,2026-03-23,BANKBARODA,0.8163,48239100,39379275,,,
2026-03-30,wk,2026-03-23,BANKINDIA,0.5793,40736800,23597600,,,
2026-03-30,wk,2026-03-23,BDL,0.528,4721150,2492700,,,
2026-03-30,wk,2026-03-23,BEL,0.4905,67200150,32961675,,,
2026-03-30,wk,2026-03-23,BHARATFORG,0.5606,5685500,3187500,,,
2026-03-30,wk,2026-03-23,BHARTIARTL,0.4754,19071725,9067275,,,
2026-03-30,wk,2026-03-23,BHEL,0.8068,32208750,25984875,,,
2026-03-30,wk,2026-03-23,BIOCON,0.5591,19715000,11022500,,,
2026-03-30,wk,2026-03-23,BLUESTARCO,0.5206,2100800,1093625,,,
2026-03-30,wk,2026-03-23,BOSCHLTD,0.627,236625,148375,,,
2026-03-30,wk,2026-03-23,BPCL,0.6136,38413750,23569650,,,
2026-03-30,wk,2026-03-23,BRITANNIA,0.3933,1020250,401250,,,
2026-03-30,wk,2026-03-23,BSE,0.7248,8352375,6053625,,,
2026-03-30,wk,2026-03-23,CAMS,0.7191,3597000,2586750,,,
2026-03-30,wk,2026-03-23,CANBK,0.7948,127770750,101547000,,,
2026-03-30,wk,2026-03-23,CDSL,0.7469,7205750,5382225,,,
2026-03-30,wk,2026-03-23,CGPOWER,0.5715,8251800,4715800,,,
2026-03-30,wk,2026-03-23,CHOLAFIN,0.6549,5613125,3676250,,,
2026-03-30,wk,2026-03-23,CIPLA,0.3886,9133125,3549375,,,
2026-03-30,wk,2026-03-23,COALINDIA,0.6378,44730900,28528200,,,
2026-03-30,wk,2026-03-23,COFORGE,0.5117,13413375,6864000,,,
2026-03-30,wk,2026-03-23,COLPAL,0.603,3958875,2387025,,,
2026-03-30,wk,2026-03-23,CONCOR,0.7059,10807500,7628750,,,
2026-03-30,wk,2026-03-23,CROMPTON,0.4657,12529800,5835600,,,
2026-03-30,wk,2026-03-23,CUMMINSIND,0.7257,1098000,796800,,,
2026-03-30,wk,2026-03-23,DABUR,0.4081,15608750,6370000,,,
2026-03-30,wk,2026-03-23,DALBHARAT,0.8317,1600625,1331200,,,
2026-03-30,wk,2026-03-23,DELHIVERY,0.6368,7586200,4830600,,,
2026-03-30,wk,2026-03-23,DIVISLAB,0.7041,904100,636600,,,
2026-03-30,wk,2026-03-23,DIXON,0.5243,2609100,1368000,,,
2026-03-30,wk,2026-03-23,DLF,0.6869,14969625,10281975,,,
2026-03-30,wk,2026-03-23,DMART,0.5332,1857300,990300,,,
2026-03-30,wk,2026-03-23,DRREDDY,0.4499,9374375,4217500,,,
2026-03-30,wk,2026-03-23,EICHERMOT,0.6041,2629700,1588700,,,
2026-03-30,wk,2026-03-23,ETERNAL,0.5882,118701325,69818175,,,
2026-03-30,wk,2026-03-23,EXIDEIND,0.6529,14781600,9651600,,,
2026-03-30,wk,2026-03-23,FEDERALBNK,0.5785,72070000,41690000,,,
2026-03-30,wk,2026-03-23,FORTIS,0.4936,4615900,2278500,,,
2026-03-30,wk,2026-03-23,GAIL,0.9995,45949050,45923850,,,
2026-03-30,wk,2026-03-23,GLENMARK,0.4777,2103750,1005000,,,
2026-03-30,wk,2026-03-23,GMRAIRPORT,0.5535,69791850,38627550,,,
2026-03-30,wk,2026-03-23,GODREJCP,0.7244,2260500,1637500,,,
2026-03-30,wk,2026-03-23,GODREJPROP,0.6429,3271675,2103200,,,
2026-03-30,wk,2026-03-23,GRASIM,0.5842,2307250,1348000,,,
2026-03-30,wk,2026-03-23,HAL,0.6989,5477850,3828300,,,
2026-03-30,wk,2026-03-23,HAVELLS,0.5889,3480000,2049500,,,
2026-03-30,wk,2026-03-23,HCLTECH,0.6576,7684600,5053300,,,
2026-03-30,wk,2026-03-23,HDFCAMC,0.6978,1915800,1336800,,,
2026-03-30,wk,2026-03-23,HDFCBANK,0.44,153111750,67373900,,,
2026-03-30,wk,2026-03-23,HDFCLIFE,0.3498,16585800,5802500,,,
2026-03-30,wk,2026-03-23,HEROMOTOCO,0.6377,2314950,1476150,,,
2026-03-30,wk,2026-03-23,HINDALCO,0.6799,16982700,11547200,,,
2026-03-30,wk,2026-03-23,HINDPETRO,0.8297,28295325,23475825,,,
2026-03-30,wk,2026-03-23,HINDUNILVR,0.5013,7782000,3901200,,,
2026-03-30,wk,2026-03-23,HINDZINC,0.5629,32140325,18093250,,,
2026-03-30,wk,2026-03-23,HUDCO,0.5856,20804175,12182250,,,
2026-03-30,wk,2026-03-23,ICICIBANK,0.5695,40054700,22811600,,,
2026-03-30,wk,2026-03-23,ICICIGI,0.7482,1063400,795600,,,
2026-03-30,wk,2026-03-23,ICICIPRULI,0.694,4426125,3071925,,,
2026-03-30,wk,2026-03-23,IDEA,0.4818,2300923200,1108577250,,,
2026-03-30,wk,2026-03-23,IDFCFIRSTB,0.5695,309627325,176345575,,,
2026-03-30,wk,2026-03-23,IEX,0.6775,50692500,34346250,,,
2026-03-30,wk,2026-03-23,INDHOTEL,0.7421,9095000,6749000,,,
2026-03-30,wk,2026-03-23,INDIANB,0.5408,6609000,3574000,,,
2026-03-30,wk,2026-03-23,INDIGO,0.4388,10454700,4587900,,,
2026-03-30,wk,2026-03-23,INDUSINDBK,0.7616,10328500,7866600,,,
2026-03-30,wk,2026-03-23,INDUSTOWER,0.6448,12209400,7872700,,,
2026-03-30,wk,2026-03-23,INFY,0.5366,38385600,20596000,,,
2026-03-30,wk,2026-03-23,INOXWIND,0.599,45016400,26966225,,,
2026-03-30,wk,2026-03-23,IOC,0.7251,90007125,65266500,,,
2026-03-30,wk,2026-03-23,IREDA,0.6019,38705550,23297850,,,
2026-03-30,wk,2026-03-23,IRFC,0.4807,89730250,43137500,,,
2026-03-30,wk,2026-03-23,ITC,0.3959,154081600,61000000,,,
2026-03-30,wk,2026-03-23,JINDALSTEL,0.9496,4070625,3865625,,,
2026-03-30,wk,2026-03-23,JIOFIN,0.7227,62056450,44847400,,,
2026-03-30,wk,2026-03-23,JSWENERGY,0.5235,8770000,4591000,,,
2026-03-30,wk,2026-03-23,JSWSTEEL,0.5368,8131050,4364550,,,
2026-03-30,wk,2026-03-23,JUBLFOOD,0.5477,11210000,6140000,,,
2026-03-30,wk,2026-03-23,KALYANKJIL,0.623,9913475,6175800,,,
2026-03-30,wk,2026-03-23,KAYNES,0.6755,2007600,1356200,,,
2026-03-30,wk,2026-03-23,KEI,0.53,1126650,597100,,,
2026-03-30,wk,2026-03-23,KFINTECH,0.5025,1991000,1000500,,,
2026-03-30,wk,2026-03-23,KOTAKBANK,0.7556,44082000,33308000,,,
2026-03-30,wk,2026-03-23,KPITTECH,0.5448,6044350,3292900,,,
2026-03-30,wk,2026-03-23,LAURUSLABS,0.5545,10137950,5621900,,,
2026-03-30,wk,2026-03-23,LICHSGFIN,0.8579,8011000,6873000,,,
2026-03-30,wk,2026-03-23,LICI,0.4754,6638100,3155600,,,
2026-03-30,wk,2026-03-23,LODHA,0.6163,5884200,3626550,,,
2026-03-30,wk,2026-03-23,LT,0.4688,19367250,9079700,,,
2026-03-30,wk,2026-03-23,LTF,0.5247,36159750,18974250,,,
2026-03-30,wk,2026-03-23,LTM,0.6143,1804800,1108650,,,
2026-03-30,wk,2026-03-23,LUPIN,0.6704,3351125,2246550,,,
2026-03-30,wk,2026-03-23,M&M,0.5694,7743400,4409400,,,
2026-03-30,wk,2026-03-23,MANAPPURAM,0.838,29982000,25125000,,,
2026-03-30,wk,2026-03-23,MANKIND,0.3271,1784475,583650,,,
2026-03-30,wk,2026-03-23,MARICO,0.5819,5631600,3277200,,,
2026-03-30,wk,2026-03-23,MARUTI,0.3685,3339950,1230700,,,
2026-03-30,wk,2026-03-23,MAXHEALTH,0.8649,3255525,2815575,,,
2026-03-30,wk,2026-03-23,MAZDOCK,0.3866,6354600,2456600,,,
2026-03-30,wk,2026-03-23,MCX,0.5943,12244375,7276875,,,
2026-03-30,wk,2026-03-23,MFSL,0.7612,1269600,966400,,,
2026-03-30,wk,2026-03-23,MOTHERSON,0.5969,68474100,40872900,,,
2026-03-30,wk,2026-03-23,MPHASIS,0.4844,2016025,976525,,,
2026-03-30,wk,2026-03-23,MUTHOOTFIN,0.6931,3321175,2302025,,,
2026-03-30,wk,2026-03-23,NATIONALUM,0.6671,52803750,35227500,,,
2026-03-30,wk,2026-03-23,NAUKRI,0.4583,3988125,1827750,,,
2026-03-30,wk,2026-03-23,NBCC,0.556,35821500,19916000,,,
2026-03-30,wk,2026-03-23,NESTLEIND,0.4402,4256000,1873500,,,
2026-03-30,wk,2026-03-23,NHPC,0.5264,46700800,24582400,,,
2026-03-30,wk,2026-03-23,NMDC,0.5376,98766000,53095500,,,
2026-03-30,wk,2026-03-23,NTPC,0.2667,108489000,28932000,,,
2026-03-30,wk,2026-03-23,NUVAMA,0.6415,1019500,654000,,,
2026-03-30,wk,2026-03-23,NYKAA,0.4558,10737500,4893750,,,
2026-03-30,wk,2026-03-23,OBEROIRLTY,0.7095,1823150,1293600,,,
2026-03-30,wk,2026-03-23,OFSS,0.5635,742950,418650,,,
2026-03-30,wk,2026-03-23,OIL,0.5049,18972800,9578800,,,
2026-03-30,wk,2026-03-23,ONGC,0.4363,104386500,45540000,,,
2026-03-30,wk,2026-03-23,PAGEIND,0.6038,89625,54120,,,
2026-03-30,wk,2026-03-23,PATANJALI,0.7811,3437100,2684700,,,
2026-03-30,wk,2026-03-23,PAYTM,0.7242,7970650,5772450,,,
2026-03-30,wk,2026-03-23,PERSISTENT,0.5868,1872800,1099000,,,
2026-03-30,wk,2026-03-23,PETRONET,0.8376,24637300,20635900,,,
2026-03-30,wk,2026-03-23,PFC,0.4678,36862800,17245800,,,
2026-03-30,wk,2026-03-23,PGEL,0.7908,10248600,8104450,,,
2026-03-30,wk,2026-03-23,PHOENIXLTD,0.6074,1230250,747250,,,
2026-03-30,wk,2026-03-23,PIDILITIND,0.5917,1882000,1113500,,,
2026-03-30,wk,2026-03-23,PIIND,0.6883,766325,527450,,,
2026-03-30,wk,2026-03-23,PNB,0.7011,149432000,104768000,,,
2026-03-30,wk,2026-03-23,PNBHOUSING,0.6264,3209700,2010450,,,
2026-03-30,wk,2026-03-23,POLICYBZR,0.7808,2812950,2196250,,,
2026-03-30,wk,2026-03-23,POLYCAB,0.7049,1832000,1291375,,,
2026-03-30,wk,2026-03-23,POWERGRID,0.4576,44028700,20145700,,,
2026-03-30,wk,2026-03-23,POWERINDIA,0.6925,244700,169450,,,
2026-03-30,wk,2026-03-23,PPLPHARMA,0.6171,9851625,6079500,,,
2026-03-30,wk,2026-03-23,PREMIERENE,0.8827,4079050,3600650,,,
2026-03-30,wk,2026-03-23,PRESTIGE,0.4624,2134350,986850,,,
2026-03-30,wk,2026-03-23,RBLBANK,1.0084,29092525,29337000,,,
2026-03-30,wk,2026-03-23,RECLTD,0.8192,32561200,26672800,,,
2026-03-30,wk,2026-03-23,RELIANCE,0.5303,81099500,43006000,,,
2026-03-30,wk,2026-03-23,RVNL,0.4524,34123400,15439100,,,
2026-03-30,wk,2026-03-23,SAIL,0.6991,20900900,14612300,,,
2026-03-30,wk,2026-03-23,SAMMAANCAP,0.4367,22635200,9885700,,,
2026-03-30,wk,2026-03-23,SBICARD,0.6401,9328000,5970400,,,
2026-03-30,wk,2026-03-23,SBILIFE,0.4508,3933000,1773000,,,
2026-03-30,wk,2026-03-23,SBIN,0.6302,64639500,40735500,,,
2026-03-30,wk,2026-03-23,SHREECEM,0.7688,98725,75900,,,
2026-03-30,wk,2026-03-23,SHRIRAMFIN,0.6337,20892300,13240425,,,
2026-03-30,wk,2026-03-23,SIEMENS,0.5021,1677375,842275,,,
2026-03-30,wk,2026-03-23,SOLARINDS,0.6166,499900,308250,,,
2026-03-30,wk,2026-03-23,SONACOMS,0.6593,5908175,3895500,,,
2026-03-30,wk,2026-03-23,SRF,0.5304,1968400,1044000,,,
2026-03-30,wk,2026-03-23,SUNPHARMA,0.4278,12737900,5449150,,,
2026-03-30,wk,2026-03-23,SUPREMEIND,0.585,605150,354025,,,
2026-03-30,wk,2026-03-23,SUZLON,0.3131,243079350,76107825,,,
2026-03-30,wk,2026-03-23,SWIGGY,0.6883,8854300,6094400,,,
2026-03-30,wk,2026-03-23,SYNGENE,0.5025,6308000,3170000,,,
2026-03-30,wk,2026-03-23,TATACONSUM,0.504,3961100,1996500,,,
2026-03-30,wk,2026-03-23,TATAELXSI,0.3985,2158500,860200,,,
2026-03-30,wk,2026-03-23,TATAPOWER,0.6554,48157400,31563600,,,
2026-03-30,wk,2026-03-23,TATASTEEL,0.6309,165319000,104302000,,,
2026-03-30,wk,2026-03-23,TATATECH,0.5058,6020800,3045600,,,
2026-03-30,wk,2026-03-23,TCS,0.5942,18458650,10968300,,,
2026-03-30,wk,2026-03-23,TECHM,0.7378,9703800,7159200,,,
2026-03-30,wk,2026-03-23,TIINDIA,0.7014,780200,547200,,,
2026-03-30,wk,2026-03-23,TITAN,0.5148,3698100,1903650,,,
2026-03-30,wk,2026-03-23,TMPV,0.5047,61646400,31112800,,,
2026-03-30,wk,2026-03-23,TORNTPHARM,0.9044,875750,792000,,,
2026-03-30,wk,2026-03-23,TORNTPOWER,0.5256,1748875,919275,,,
2026-03-30,wk,2026-03-23,TRENT,0.5943,3496400,2078000,,,
2026-03-30,wk,2026-03-23,TVSMOTOR,0.6075,3251675,1975400,,,
2026-03-30,wk,2026-03-23,ULTRACEMCO,0.4177,1150700,480700,,,
2026-03-30,wk,2026-03-23,UNIONBANK,0.6453,46657200,30107700,,,
2026-03-30,wk,2026-03-23,UNITDSPR,0.6554,3896800,2554000,,,
2026-03-30,wk,2026-03-23,UNOMINDA,0.6923,2445300,1692900,,,
2026-03-30,wk,2026-03-23,UPL,0.5524,17571640,9705865,,,
2026-03-30,wk,2026-03-23,VBL,0.4962,19006875,9432000,,,
2026-03-30,wk,2026-03-23,VEDL,0.5555,49717950,27619550,,,
2026-03-30,wk,2026-03-23,VOLTAS,0.6451,7391625,4768500,,,
2026-03-30,wk,2026-03-23,WAAREEENER,0.5518,3262525,1800225,,,
2026-03-30,wk,2026-03-23,WIPRO,0.5108,103662000,52947000,,,
2026-03-30,wk,2026-03-23,YESBANK,0.5676,457170000,259498400,,,
2026-03-30,wk,2026-03-23,ZYDUSLIFE,0.4706,5429700,2555100,,,
2026-04-28,on,2026-04-28,360ONE,0.4959,3594500,1782500,1100.0,1000.0,2026-05-26
2026-04-28,on,2026-04-28,ABB,0.8042,1373125,1104250,8000.0,7000.0,2026-05-26
2026-04-28,on,2026-04-28,ABCAPITAL,0.9177,11485500,10540000,350.0,300.0,2026-05-26
2026-04-28,on,2026-04-28,ADANIENSOL,0.7081,7070625,5006475,1440.0,1400.0,2026-05-26
2026-04-28,on,2026-04-28,ADANIENT,0.9417,8824422,8310246,2400.0,2400.0,2026-05-26
2026-04-28,on,2026-04-28,ADANIGREEN,0.7966,11620800,9257400,1200.0,1200.0,2026-05-26
2026-04-28,on,2026-04-28,ADANIPORTS,0.8779,9326150,8187575,1640.0,1500.0,2026-05-26
2026-04-28,on,2026-04-28,ADANIPOWER,0.8249,32535750,26838000,220.0,200.0,2026-05-26
2026-04-28,on,2026-04-28,ALKEM,0.8697,290625,252750,5500.0,5500.0,2026-05-26
2026-04-28,on,2026-04-28,AMBER,0.9765,685600,669500,8000.0,8000.0,2026-05-26
2026-04-28,on,2026-04-28,AMBUJACEM,0.815,15288000,12460350,500.0,520.0,2026-05-26
2026-04-28,on,2026-04-28,ANGELONE,0.921,23590000,21727500,360.0,300.0,2026-05-26
2026-04-28,on,2026-04-28,APLAPOLLO,0.8121,1076600,874300,2100.0,2000.0,2026-05-26
2026-04-28,on,2026-04-28,APOLLOHOSP,1.0026,776625,778625,8000.0,7800.0,2026-05-26
2026-04-28,on,2026-04-28,ASHOKLEY,0.7339,99315000,72885000,200.0,160.0,2026-05-26
2026-04-28,on,2026-04-28,ASIANPAINT,0.9592,5166000,4955250,2600.0,2400.0,2026-05-26
2026-04-28,on,2026-04-28,ASTRAL,0.6096,2511750,1531275,1600.0,1500.0,2026-05-26
2026-04-28,on,2026-04-28,AUBANK,0.6298,12817000,8072000,1100.0,1000.0,2026-05-26
2026-04-28,on,2026-04-28,AUROPHARMA,0.6393,3925350,2509650,1400.0,1400.0,2026-05-26
2026-04-28,on,2026-04-28,AXISBANK,0.6387,20501250,13093125,1400.0,1300.0,2026-05-26
2026-04-28,on,2026-04-28,BAJAJ-AUTO,0.9075,1218525,1105800,9800.0,9000.0,2026-05-26
2026-04-28,on,2026-04-28,BAJAJFINSV,0.8856,4321000,3826500,1820.0,1680.0,2026-05-26
2026-04-28,on,2026-04-28,BAJAJHLDNG,0.7262,77250,56100,11000.0,10500.0,2026-05-26
2026-04-28,on,2026-04-28,BAJFINANCE,0.8304,20597250,17104500,1000.0,900.0,2026-05-26
2026-04-28,on,2026-04-28,BANDHANBNK,0.6574,37634400,24739200,200.0,170.0,2026-05-26
2026-04-28,on,2026-04-28,BANKBARODA,0.7454,53404650,39809250,300.0,300.0,2026-05-26
2026-04-28,on,2026-04-28,BANKINDIA,0.832,23899200,19884800,150.0,150.0,2026-05-26
2026-04-28,on,2026-04-28,BDL,0.8657,3022950,2616950,1400.0,1400.0,2026-05-26
2026-04-28,on,2026-04-28,BEL,0.6527,49538700,32331825,500.0,440.0,2026-05-26
2026-04-28,on,2026-04-28,BHARATFORG,0.6869,3256500,2237000,2000.0,1800.0,2026-05-26
2026-04-28,on,2026-04-28,BHARTIARTL,0.7993,11017150,8805550,1900.0,1840.0,2026-05-26
2026-04-28,on,2026-04-28,BHEL,0.9906,42254625,41855625,350.0,320.0,2026-05-26
2026-04-28,on,2026-04-28,BIOCON,0.7331,19977500,14645000,400.0,360.0,2026-05-26
2026-04-28,on,2026-04-28,BLUESTARCO,0.6421,1716975,1102400,1900.0,1900.0,2026-05-26
2026-04-28,on,2026-04-28,BOSCHLTD,1.0268,146575,150500,40000.0,37000.0,2026-05-26
2026-04-28,on,2026-04-28,BPCL,0.7311,27495950,20103525,350.0,300.0,2026-05-26
2026-04-28,on,2026-04-28,BRITANNIA,1.0109,689500,697000,6000.0,5500.0,2026-05-26
2026-04-28,on,2026-04-28,BSE,1.1225,6414375,7200375,3600.0,3000.0,2026-05-26
2026-04-28,on,2026-04-28,CAMS,0.8772,3144750,2758500,800.0,760.0,2026-05-26
2026-04-28,on,2026-04-28,CANBK,0.8474,89471250,75816000,150.0,140.0,2026-05-26
2026-04-28,on,2026-04-28,CDSL,0.8791,5540875,4871125,1400.0,1300.0,2026-05-26
2026-04-28,on,2026-04-28,CGPOWER,0.6938,5474000,3797800,900.0,750.0,2026-05-26
2026-04-28,on,2026-04-28,CHOLAFIN,0.7649,4389375,3357500,1600.0,1500.0,2026-05-26
2026-04-28,on,2026-04-28,CIPLA,1.1486,4647375,5338125,1360.0,1250.0,2026-05-26
2026-04-28,on,2026-04-28,COALINDIA,0.6427,42252300,27156600,470.0,450.0,2026-05-26
2026-04-28,on,2026-04-28,COCHINSHIP,0.6827,1633600,1115200,1900.0,1400.0,2026-05-26
2026-04-28,on,2026-04-28,COFORGE,0.5869,9368250,5498625,1200.0,1200.0,2026-05-26
2026-04-28,on,2026-04-28,COLPAL,0.6831,2252475,1538775,2200.0,2100.0,2026-05-26
2026-04-28,on,2026-04-28,CONCOR,0.7815,7906250,6178750,570.0,500.0,2026-05-26
2026-04-28,on,2026-04-28,CROMPTON,0.6357,11419200,7259400,280.0,230.0,2026-05-26
2026-04-28,on,2026-04-28,CUMMINSIND,0.8321,1131800,941800,5300.0,5000.0,2026-05-26
2026-04-28,on,2026-04-28,DABUR,0.836,9160000,7657500,500.0,450.0,2026-05-26
2026-04-28,on,2026-04-28,DALBHARAT,0.6139,1273675,781950,2100.0,1900.0,2026-05-26
2026-04-28,on,2026-04-28,DELHIVERY,0.4264,11456075,4884550,500.0,450.0,2026-05-26
2026-04-28,on,2026-04-28,DIVISLAB,1.1026,764100,842500,6500.0,6000.0,2026-05-26
2026-04-28,on,2026-04-28,DIXON,0.9074,1532050,1390150,12000.0,10000.0,2026-05-26
2026-04-28,on,2026-04-28,DLF,0.9916,11069025,10975800,600.0,600.0,2026-05-26
2026-04-28,on,2026-04-28,DMART,0.8523,1516350,1292400,4600.0,4500.0,2026-05-26
2026-04-28,on,2026-04-28,DRREDDY,0.8027,9620000,7721875,1400.0,1300.0,2026-05-26
2026-04-28,on,2026-04-28,EICHERMOT,0.853,1547000,1319600,7200.0,6800.0,2026-05-26
2026-04-28,on,2026-04-28,ETERNAL,0.7704,79360550,61136675,260.0,250.0,2026-05-26
2026-04-28,on,2026-04-28,EXIDEIND,1.0492,16192800,16990200,350.0,350.0,2026-05-26
2026-04-28,on,2026-04-28,FEDERALBNK,0.8993,35410000,31845000,300.0,290.0,2026-05-26
2026-04-28,on,2026-04-28,FORCEMOT,0.3744,81000,30325,23000.0,20000.0,2026-05-26
2026-04-28,on,2026-04-28,FORTIS,0.9365,2244400,2101800,900.0,900.0,2026-05-26
2026-04-28,on,2026-04-28,GAIL,1.3553,29726550,40288500,170.0,192.0,2026-05-26
2026-04-28,on,2026-04-28,GLENMARK,0.8735,2155500,1882875,2400.0,2300.0,2026-05-26
2026-04-28,on,2026-04-28,GMRAIRPORT,0.6429,61414875,39485475,100.0,100.0,2026-05-26
2026-04-28,on,2026-04-28,GODFRYPHLP,0.7175,551925,396000,2200.0,2100.0,2026-05-26
2026-04-28,on,2026-04-28,GODREJCP,0.8805,2025000,1783000,1200.0,1000.0,2026-05-26
2026-04-28,on,2026-04-28,GODREJPROP,0.762,3059375,2331175,2000.0,1800.0,2026-05-26
2026-04-28,on,2026-04-28,GRASIM,0.8812,1742500,1535500,2800.0,2800.0,2026-05-26
2026-04-28,on,2026-04-28,HAL,0.9644,2994450,2887950,4400.0,4300.0,2026-05-26
2026-04-28,on,2026-04-28,HAVELLS,0.4934,8574000,4230000,1400.0,1200.0,2026-05-26
2026-04-28,on,2026-04-28,HCLTECH,0.514,32340000,16622900,1300.0,1200.0,2026-05-26
2026-04-28,on,2026-04-28,HDFCAMC,0.8201,1589100,1303200,2800.0,2700.0,2026-05-26
2026-04-28,on,2026-04-28,HDFCBANK,0.5708,94113800,53718500,800.0,800.0,2026-05-26
2026-04-28,on,2026-04-28,HDFCLIFE,0.6372,18670300,11897600,650.0,570.0,2026-05-26
2026-04-28,on,2026-04-28,HEROMOTOCO,0.6032,2069850,1248450,5500.0,5000.0,2026-05-26
2026-04-28,on,2026-04-28,HINDALCO,0.9491,12236700,11614400,1100.0,1000.0,2026-05-26
2026-04-28,on,2026-04-28,HINDPETRO,1.0115,18210825,18419400,380.0,380.0,2026-05-26
2026-04-28,on,2026-04-28,HINDUNILVR,0.7228,8506200,6148200,2400.0,2400.0,2026-05-26
2026-04-28,on,2026-04-28,HINDZINC,0.734,22029175,16168775,600.0,600.0,2026-05-26
2026-04-28,on,2026-04-28,HUDCO,1.3382,9756900,13056375,,,
2026-04-28,on,2026-04-28,HYUNDAI,0.5609,1097800,615725,1800.0,1700.0,2026-05-26
2026-04-28,on,2026-04-28,ICICIBANK,0.6833,34398700,23504600,1400.0,1300.0,2026-05-26
2026-04-28,on,2026-04-28,ICICIGI,0.7408,1117025,827450,1900.0,1700.0,2026-05-26
2026-04-28,on,2026-04-28,ICICIPRULI,0.6275,7472150,4688825,550.0,500.0,2026-05-26
2026-04-28,on,2026-04-28,IDEA,0.5603,1549006200,867920925,10.0,10.0,2026-05-26
2026-04-28,on,2026-04-28,IDFCFIRSTB,0.9694,136379600,132205850,70.0,70.0,2026-05-26
2026-04-28,on,2026-04-28,IEX,0.6669,54720000,36495000,150.0,150.0,2026-05-26
2026-04-28,on,2026-04-28,INDHOTEL,0.9744,6486000,6320000,650.0,760.0,2026-05-26
2026-04-28,on,2026-04-28,INDIANB,0.5583,5662000,3161000,1000.0,900.0,2026-05-26
2026-04-28,on,2026-04-28,INDIGO,0.5386,6086700,3278550,5000.0,4200.0,2026-05-26
2026-04-28,on,2026-04-28,INDUSINDBK,0.8811,8204000,7228900,900.0,900.0,2026-05-26
2026-04-28,on,2026-04-28,INDUSTOWER,0.565,30506500,17236300,440.0,400.0,2026-05-26
2026-04-28,on,2026-04-28,INFY,0.5341,58548000,31270400,1300.0,1100.0,2026-05-26
2026-04-28,on,2026-04-28,INOXWIND,0.9295,29036150,26987675,110.0,100.0,2026-05-26
2026-04-28,on,2026-04-28,IOC,0.8358,60459750,50529375,160.0,140.0,2026-05-26
2026-04-28,on,2026-04-28,IREDA,0.8786,30373800,26685750,140.0,130.0,2026-05-26
2026-04-28,on,2026-04-28,IRFC,0.8367,38857750,32512500,110.0,120.0,2026-05-26
2026-04-28,on,2026-04-28,ITC,0.5783,118688000,68640000,310.0,290.0,2026-05-26
2026-04-28,on,2026-04-28,JINDALSTEL,0.9839,3540000,3483125,1300.0,1200.0,2026-05-26
2026-04-28,on,2026-04-28,JIOFIN,0.7302,71693800,52348600,250.0,250.0,2026-05-26
2026-04-28,on,2026-04-28,JSWENERGY,0.8769,6434000,5642000,600.0,500.0,2026-05-26
2026-04-28,on,2026-04-28,JSWSTEEL,0.913,7136100,6515100,1300.0,1200.0,2026-05-26
2026-04-28,on,2026-04-28,JUBLFOOD,0.8498,12412500,10548750,500.0,500.0,2026-05-26
2026-04-28,on,2026-04-28,KALYANKJIL,0.4653,11341100,5276925,420.0,400.0,2026-05-26
2026-04-28,on,2026-04-28,KAYNES,0.7203,1628400,1173000,4500.0,4000.0,2026-05-26
2026-04-28,on,2026-04-28,KEI,0.8597,606200,521150,5000.0,5000.0,2026-05-26
2026-04-28,on,2026-04-28,KFINTECH,0.6923,2096000,1451000,1000.0,950.0,2026-05-26
2026-04-28,on,2026-04-28,KOTAKBANK,1.0795,35436000,38254000,400.0,360.0,2026-05-26
2026-04-28,on,2026-04-28,KPITTECH,0.5843,3111850,1818150,800.0,700.0,2026-05-26
2026-04-28,on,2026-04-28,LAURUSLABS,0.7261,5961900,4329050,1200.0,1100.0,2026-05-26
2026-04-28,on,2026-04-28,LICHSGFIN,0.8801,8150000,7173000,600.0,520.0,2026-05-26
2026-04-28,on,2026-04-28,LICI,0.6964,7000700,4875500,900.0,800.0,2026-05-26
2026-04-28,on,2026-04-28,LODHA,0.7689,5134050,3947400,900.0,840.0,2026-05-26
2026-04-28,on,2026-04-28,LT,0.8445,8349250,7051100,4100.0,4000.0,2026-05-26
2026-04-28,on,2026-04-28,LTF,0.9033,21174750,19127250,290.0,290.0,2026-05-26
2026-04-28,on,2026-04-28,LTM,0.7847,1341450,1052700,4800.0,4300.0,2026-05-26
2026-04-28,on,2026-04-28,LUPIN,0.7528,2542350,1913775,2400.0,2200.0,2026-05-26
2026-04-28,on,2026-04-28,M&M,0.818,5443000,4452600,3100.0,3100.0,2026-05-26
2026-04-28,on,2026-04-28,MANAPPURAM,0.7643,17793000,13599000,300.0,270.0,2026-05-26
2026-04-28,on,2026-04-28,MANKIND,1.0831,823050,891450,2300.0,2300.0,2026-05-26
2026-04-28,on,2026-04-28,MARICO,1.4189,2862000,4060800,800.0,700.0,2026-05-26
2026-04-28,on,2026-04-28,MARUTI,0.5231,2451850,1282500,14000.0,12000.0,2026-05-26
2026-04-28,on,2026-04-28,MAXHEALTH,0.7023,3872925,2720025,1100.0,1000.0,2026-05-26
2026-04-28,on,2026-04-28,MAZDOCK,0.8308,3382800,2810400,2800.0,2500.0,2026-05-26
2026-04-28,on,2026-04-28,MCX,0.8195,6971250,5713125,3000.0,2700.0,2026-05-26
2026-04-28,on,2026-04-28,MFSL,0.7591,861600,654000,1600.0,1500.0,2026-05-26
2026-04-28,on,2026-04-28,MOTHERSON,0.8386,46684650,39150900,140.0,115.0,2026-05-26
2026-04-28,on,2026-04-28,MOTILALOFS,0.9336,1704225,1591075,800.0,740.0,2026-05-26
2026-04-28,on,2026-04-28,MPHASIS,0.9126,1233100,1125300,2300.0,2200.0,2026-05-26
2026-04-28,on,2026-04-28,MUTHOOTFIN,0.6123,1921425,1176450,3200.0,3400.0,2026-05-26
2026-04-28,on,2026-04-28,NAM-INDIA,0.57,1902500,1084375,1100.0,900.0,2026-05-26
2026-04-28,on,2026-04-28,NATIONALUM,0.8418,34653750,29171250,440.0,400.0,2026-05-26
2026-04-28,on,2026-04-28,NAUKRI,0.5575,3507750,1955625,1100.0,1000.0,2026-05-26
2026-04-28,on,2026-04-28,NBCC,0.8408,17023500,14313000,100.0,100.0,2026-05-26
2026-04-28,on,2026-04-28,NESTLEIND,0.7664,7777500,5961000,1440.0,1400.0,2026-05-26
2026-04-28,on,2026-04-28,NHPC,0.7803,34579200,26982400,85.0,85.0,2026-05-26
2026-04-28,on,2026-04-28,NMDC,0.7087,72832500,51617250,90.0,80.0,2026-05-26
2026-04-28,on,2026-04-28,NTPC,0.6555,73467000,48159000,450.0,400.0,2026-05-26
2026-04-28,on,2026-04-28,NUVAMA,0.6437,1190000,766000,1500.0,1300.0,2026-05-26
2026-04-28,on,2026-04-28,NYKAA,0.6779,8896875,6031250,270.0,260.0,2026-05-26
2026-04-28,on,2026-04-28,OBEROIRLTY,0.6159,1789550,1102150,1880.0,1700.0,2026-05-26
2026-04-28,on,2026-04-28,OFSS,1.0663,1078425,1149975,9000.0,9000.0,2026-05-26
2026-04-28,on,2026-04-28,OIL,0.5793,10073000,5835200,500.0,500.0,2026-05-26
2026-04-28,on,2026-04-28,ONGC,0.6809,63542250,43263000,300.0,280.0,2026-05-26
2026-04-28,on,2026-04-28,PAGEIND,0.8886,55755,49545,38000.0,37000.0,2026-05-26
2026-04-28,on,2026-04-28,PATANJALI,0.7707,5064300,3903300,500.0,490.0,2026-05-26
2026-04-28,on,2026-04-28,PAYTM,1.2602,7853200,9896250,1260.0,1000.0,2026-05-26
2026-04-28,on,2026-04-28,PERSISTENT,0.5817,2134300,1241600,5500.0,5000.0,2026-05-26
2026-04-28,on,2026-04-28,PETRONET,0.9325,12188500,11365800,300.0,280.0,2026-05-26
2026-04-28,on,2026-04-28,PFC,0.7761,25946700,20137000,500.0,460.0,2026-05-26
2026-04-28,on,2026-04-28,PGEL,0.9041,7774800,7029050,600.0,500.0,2026-05-26
2026-04-28,on,2026-04-28,PHOENIXLTD,0.5402,1323700,715050,1800.0,1700.0,2026-05-26
2026-04-28,on,2026-04-28,PIDILITIND,0.8433,1458500,1230000,1500.0,1400.0,2026-05-26
2026-04-28,on,2026-04-28,PIIND,0.6683,1170750,782425,3200.0,3100.0,2026-05-26
2026-04-28,on,2026-04-28,PNB,0.8949,86584000,77488000,125.0,115.0,2026-05-26
2026-04-28,on,2026-04-28,PNBHOUSING,1.1276,3978650,4486300,1100.0,1000.0,2026-05-26
2026-04-28,on,2026-04-28,POLICYBZR,0.867,1960700,1699950,1700.0,1700.0,2026-05-26
2026-04-28,on,2026-04-28,POLYCAB,1.1556,1107625,1280000,8000.0,7000.0,2026-05-26
2026-04-28,on,2026-04-28,POWERGRID,0.695,40430100,28099100,320.0,320.0,2026-05-26
2026-04-28,on,2026-04-28,POWERINDIA,1.2276,330400,405600,33000.0,32000.0,2026-05-26
2026-04-28,on,2026-04-28,PPLPHARMA,1.0119,5281500,5344500,,,
2026-04-28,on,2026-04-28,PREMIERENE,0.941,2415000,2272400,1060.0,900.0,2026-05-26
2026-04-28,on,2026-04-28,PRESTIGE,0.7652,1901250,1454850,1440.0,1400.0,2026-05-26
2026-04-28,on,2026-04-28,RBLBANK,0.8966,28657550,25695275,350.0,300.0,2026-05-26
2026-04-28,on,2026-04-28,RECLTD,0.9041,28117600,25421200,400.0,380.0,2026-05-26
2026-04-28,on,2026-04-28,RELIANCE,0.7396,74212500,54890500,1400.0,1350.0,2026-05-26
2026-04-28,on,2026-04-28,RVNL,0.8509,18152075,15445200,350.0,290.0,2026-05-26
2026-04-28,on,2026-04-28,SAIL,1.1773,6627000,7802000,180.0,160.0,2026-05-26
2026-04-28,on,2026-04-28,SAMMAANCAP,0.8719,16520600,14405000,150.0,150.0,2026-05-26
2026-04-28,on,2026-04-28,SBICARD,0.6834,10108800,6908000,700.0,650.0,2026-05-26
2026-04-28,on,2026-04-28,SBILIFE,0.4349,7572375,3293250,2000.0,1700.0,2026-05-26
2026-04-28,on,2026-04-28,SBIN,0.856,41883000,35852250,1100.0,1100.0,2026-05-26
2026-04-28,on,2026-04-28,SHREECEM,0.8194,65075,53325,26000.0,23000.0,2026-05-26
2026-04-28,on,2026-04-28,SHRIRAMFIN,0.4974,23146200,11512050,1100.0,900.0,2026-05-26
2026-04-28,on,2026-04-28,SIEMENS,0.8055,1496950,1205750,4400.0,3500.0,2026-05-26
2026-04-28,on,2026-04-28,SOLARINDS,0.8746,296600,259400,16000.0,15000.0,2026-05-26
2026-04-28,on,2026-04-28,SONACOMS,0.8379,3991050,3344250,600.0,600.0,2026-05-26
2026-04-28,on,2026-04-28,SRF,0.6619,1775400,1175200,2500.0,2500.0,2026-05-26
2026-04-28,on,2026-04-28,SUNPHARMA,0.8677,9506350,8248800,1800.0,1620.0,2026-05-26
2026-04-28,on,2026-04-28,SUPREMEIND,0.5212,1185275,617750,4000.0,3700.0,2026-05-26
2026-04-28,on,2026-04-28,SUZLON,1.073,166005850,178126425,60.0,50.0,2026-05-26
2026-04-28,on,2026-04-28,SWIGGY,0.6151,9031100,5554900,300.0,280.0,2026-05-26
2026-04-28,on,2026-04-28,TATACONSUM,1.0965,3104750,3404500,1200.0,1100.0,2026-05-26
2026-04-28,on,2026-04-28,TATAELXSI,0.4115,2081900,856700,5000.0,3800.0,2026-05-26
2026-04-28,on,2026-04-28,TATAPOWER,1.0391,29010150,30144050,460.0,450.0,2026-05-26
2026-04-28,on,2026-04-28,TATASTEEL,0.923,111760000,103152500,210.0,210.0,2026-05-26
2026-04-28,on,2026-04-28,TATATECH,0.8599,2176000,1871200,,,
2026-04-28,on,2026-04-28,TCS,0.6482,18586225,12046825,2600.0,2400.0,2026-05-26
2026-04-28,on,2026-04-28,TECHM,0.6102,10766400,6570000,1500.0,1300.0,2026-05-26
2026-04-28,on,2026-04-28,TIINDIA,0.783,760200,595200,3100.0,3000.0,2026-05-26
2026-04-28,on,2026-04-28,TITAN,0.7227,3431050,2479750,4500.0,4300.0,2026-05-26
2026-04-28,on,2026-04-28,TMPV,0.7212,36206400,26112800,360.0,350.0,2026-05-26
2026-04-28,on,2026-04-28,TORNTPHARM,0.8559,567250,485500,4200.0,4300.0,2026-05-26
2026-04-28,on,2026-04-28,TORNTPOWER,1.2736,1258425,1602675,,,
2026-04-28,on,2026-04-28,TRENT,0.5436,5637000,3064100,4500.0,4200.0,2026-05-26
2026-04-28,on,2026-04-28,TVSMOTOR,0.6784,1995700,1353975,3600.0,3500.0,2026-05-26
2026-04-28,on,2026-04-28,ULTRACEMCO,0.4891,1731400,846800,13000.0,12000.0,2026-05-26
2026-04-28,on,2026-04-28,UNIONBANK,0.5833,64737750,37762950,190.0,180.0,2026-05-26
2026-04-28,on,2026-04-28,UNITDSPR,0.7936,4942000,3922000,1500.0,1400.0,2026-05-26
2026-04-28,on,2026-04-28,UNOMINDA,0.5062,1681900,851400,1240.0,1100.0,2026-05-26
2026-04-28,on,2026-04-28,UPL,0.8133,8274985,6730285,650.0,650.0,2026-05-26
2026-04-28,on,2026-04-28,VBL,0.8162,18528750,15122250,520.0,500.0,2026-05-26
2026-04-28,on,2026-04-28,VEDL,0.6272,38014400,23844100,800.0,740.0,2026-05-26
2026-04-28,on,2026-04-28,VMM,0.5525,8409900,4646300,130.0,120.0,2026-05-26
2026-04-28,on,2026-04-28,VOLTAS,0.81,4395375,3560250,1560.0,1400.0,2026-05-26
2026-04-28,on,2026-04-28,WAAREEENER,0.6956,2133950,1484350,3500.0,3400.0,2026-05-26
2026-04-28,on,2026-04-28,WIPRO,0.5343,168174000,89862000,210.0,200.0,2026-05-26
2026-04-28,on,2026-04-28,YESBANK,0.5403,617988100,333889600,20.0,20.0,2026-05-26
2026-04-28,on,2026-04-28,ZYDUSLIFE,0.7806,4036500,3150900,1000.0,900.0,2026-05-26
2026-04-28,wk,2026-04-21,360ONE,0.7307,4292000,3136000,,,
2026-04-28,wk,2026-04-21,ABB,0.9525,1393000,1326875,,,
2026-04-28,wk,2026-04-21,ABCAPITAL,0.7436,13516000,10050200,,,
2026-04-28,wk,2026-04-21,ADANIENSOL,0.6986,4393575,3069225,,,
2026-04-28,wk,2026-04-21,ADANIENT,0.9814,7506846,7367178,,,
2026-04-28,wk,2026-04-21,ADANIGREEN,0.7081,9534000,6750600,,,
2026-04-28,wk,2026-04-21,ADANIPORTS,0.9466,9789275,9266300,,,
2026-04-28,wk,2026-04-21,ADANIPOWER,0.7071,37299850,26376500,,,
2026-04-28,wk,2026-04-21,ALKEM,0.6576,357375,235000,,,
2026-04-28,wk,2026-04-21,AMBER,0.6815,1025300,698700,,,
2026-04-28,wk,2026-04-21,AMBUJACEM,0.9303,10485300,9754500,,,
2026-04-28,wk,2026-04-21,ANGELONE,1.0782,32402500,34937500,,,
2026-04-28,wk,2026-04-21,APLAPOLLO,0.7048,1291150,910000,,,
2026-04-28,wk,2026-04-21,APOLLOHOSP,0.9544,876875,836875,,,
2026-04-28,wk,2026-04-21,ASHOKLEY,0.658,98930000,65100000,,,
2026-04-28,wk,2026-04-21,ASIANPAINT,1.1569,5193250,6008250,,,
2026-04-28,wk,2026-04-21,ASTRAL,0.6307,3793975,2392750,,,
2026-04-28,wk,2026-04-21,AUBANK,0.8785,8511000,7477000,,,
2026-04-28,wk,2026-04-21,AUROPHARMA,0.6722,4212450,2831400,,,
2026-04-28,wk,2026-04-21,AXISBANK,0.8572,16653125,14274375,,,
2026-04-28,wk,2026-04-21,BAJAJ-AUTO,0.9035,1256400,1135125,,,
2026-04-28,wk,2026-04-21,BAJAJFINSV,1.0065,3579750,3603000,,,
2026-04-28,wk,2026-04-21,BAJAJHLDNG,0.6738,76950,51850,,,
2026-04-28,wk,2026-04-21,BAJFINANCE,0.8456,21352500,18054750,,,
2026-04-28,wk,2026-04-21,BANDHANBNK,0.7104,27669600,19656000,,,
2026-04-28,wk,2026-04-21,BANKBARODA,0.9145,47323575,43275375,,,
2026-04-28,wk,2026-04-21,BANKINDIA,0.7747,29681600,22994400,,,
2026-04-28,wk,2026-04-21,BDL,0.8227,3413550,2808400,,,
2026-04-28,wk,2026-04-21,BEL,0.6946,46891050,32568375,,,
2026-04-28,wk,2026-04-21,BHARATFORG,0.6728,3459500,2327500,,,
2026-04-28,wk,2026-04-21,BHARTIARTL,0.6493,13592600,8825500,,,
2026-04-28,wk,2026-04-21,BHEL,0.8989,51917250,46667250,,,
2026-04-28,wk,2026-04-21,BIOCON,0.6991,21920000,15325000,,,
2026-04-28,wk,2026-04-21,BLUESTARCO,0.6983,1736475,1212575,,,
2026-04-28,wk,2026-04-21,BOSCHLTD,0.8964,247100,221500,,,
2026-04-28,wk,2026-04-21,BPCL,0.8645,27146375,23468925,,,
2026-04-28,wk,2026-04-21,BRITANNIA,1.0013,583750,584500,,,
2026-04-28,wk,2026-04-21,BSE,1.2003,8432625,10122000,,,
2026-04-28,wk,2026-04-21,CAMS,0.8975,3000000,2692500,,,
2026-04-28,wk,2026-04-21,CANBK,0.9471,81810000,77483250,,,
2026-04-28,wk,2026-04-21,CDSL,0.8444,5679100,4795600,,,
2026-04-28,wk,2026-04-21,CGPOWER,0.7768,5100000,3961850,,,
2026-04-28,wk,2026-04-21,CHOLAFIN,0.8776,4893125,4294375,,,
2026-04-28,wk,2026-04-21,CIPLA,0.8575,4662375,3997875,,,
2026-04-28,wk,2026-04-21,COALINDIA,0.6477,41035950,26577450,,,
2026-04-28,wk,2026-04-21,COCHINSHIP,0.5374,1539200,827200,,,
2026-04-28,wk,2026-04-21,COFORGE,0.6159,8215875,5059875,,,
2026-04-28,wk,2026-04-21,COLPAL,0.6801,2461500,1674000,,,
2026-04-28,wk,2026-04-21,CONCOR,0.8028,6388750,5128750,,,
2026-04-28,wk,2026-04-21,CROMPTON,0.6627,13156200,8719200,,,
2026-04-28,wk,2026-04-21,CUMMINSIND,0.6666,1437400,958200,,,
2026-04-28,wk,2026-04-21,DABUR,0.7052,11422500,8055000,,,
2026-04-28,wk,2026-04-21,DALBHARAT,0.83,1179750,979225,,,
2026-04-28,wk,2026-04-21,DELHIVERY,0.4427,13736500,6081825,,,
2026-04-28,wk,2026-04-21,DIVISLAB,1.0115,756900,765600,,,
2026-04-28,wk,2026-04-21,DIXON,0.7079,2127300,1506000,,,
2026-04-28,wk,2026-04-21,DLF,1.037,11583825,12012825,,,
2026-04-28,wk,2026-04-21,DMART,0.9055,1873800,1696800,,,
2026-04-28,wk,2026-04-21,DRREDDY,0.6718,7694375,5169375,,,
2026-04-28,wk,2026-04-21,EICHERMOT,0.7753,2063900,1600100,,,
2026-04-28,wk,2026-04-21,ETERNAL,0.8535,60200625,51378475,,,
2026-04-28,wk,2026-04-21,EXIDEIND,0.9762,13330800,13014000,,,
2026-04-28,wk,2026-04-21,FEDERALBNK,0.9069,37775000,34260000,,,
2026-04-28,wk,2026-04-21,FORCEMOT,0.3315,84075,27875,,,
2026-04-28,wk,2026-04-21,FORTIS,0.7402,2741950,2029725,,,
2026-04-28,wk,2026-04-21,GAIL,1.2467,28246050,35213850,,,
2026-04-28,wk,2026-04-21,GLENMARK,0.5866,1928625,1131375,,,
2026-04-28,wk,2026-04-21,GMRAIRPORT,0.6354,54544500,34658775,,,
2026-04-28,wk,2026-04-21,GODFRYPHLP,0.3428,1075800,368775,,,
2026-04-28,wk,2026-04-21,GODREJCP,0.7344,1764000,1295500,,,
2026-04-28,wk,2026-04-21,GODREJPROP,1.0174,3475725,3536225,,,
2026-04-28,wk,2026-04-21,GRASIM,0.8411,1504000,1265000,,,
2026-04-28,wk,2026-04-21,HAL,0.9122,3598800,3282750,,,
2026-04-28,wk,2026-04-21,HAVELLS,0.7254,3769000,2734000,,,
2026-04-28,wk,2026-04-21,HCLTECH,0.7931,10802750,8567300,,,
2026-04-28,wk,2026-04-21,HDFCAMC,0.9686,2290200,2218200,,,
2026-04-28,wk,2026-04-21,HDFCBANK,0.6084,92376900,56206150,,,
2026-04-28,wk,2026-04-21,HDFCLIFE,0.6227,18793500,11702900,,,
2026-04-28,wk,2026-04-21,HEROMOTOCO,0.6252,2254950,1409850,,,
2026-04-28,wk,2026-04-21,HINDALCO,0.7209,15339800,11058600,,,
2026-04-28,wk,2026-04-21,HINDPETRO,0.9997,17568900,17562825,,,
2026-04-28,wk,2026-04-21,HINDUNILVR,0.7561,7464600,5644200,,,
2026-04-28,wk,2026-04-21,HINDZINC,0.75,21561225,16171225,,,
2026-04-28,wk,2026-04-21,HUDCO,0.8602,12443100,10703175,,,
2026-04-28,wk,2026-04-21,HYUNDAI,0.6676,1036475,691900,,,
2026-04-28,wk,2026-04-21,ICICIBANK,0.8272,29894200,24728900,,,
2026-04-28,wk,2026-04-21,ICICIGI,0.8148,1403675,1143675,,,
2026-04-28,wk,2026-04-21,ICICIPRULI,0.6416,7624775,4892325,,,
2026-04-28,wk,2026-04-21,IDEA,0.4973,1496114700,743983275,,,
2026-04-28,wk,2026-04-21,IDFCFIRSTB,0.9177,130796050,120037050,,,
2026-04-28,wk,2026-04-21,IEX,0.7657,52170000,39945000,,,
2026-04-28,wk,2026-04-21,INDHOTEL,0.989,6077000,6010000,,,
2026-04-28,wk,2026-04-21,INDIANB,0.4974,7334000,3648000,,,
2026-04-28,wk,2026-04-21,INDIGO,0.7326,6329700,4637100,,,
2026-04-28,wk,2026-04-21,INDUSINDBK,0.7321,8044400,5889100,,,
2026-04-28,wk,2026-04-21,INDUSTOWER,0.5748,25175300,14470400,,,
2026-04-28,wk,2026-04-21,INFY,0.7086,29192000,20686800,,,
2026-04-28,wk,2026-04-21,INOXWIND,0.7969,28521350,22729850,,,
2026-04-28,wk,2026-04-21,IOC,0.7269,69790500,50734125,,,
2026-04-28,wk,2026-04-21,IREDA,0.7767,25961250,20165250,,,
2026-04-28,wk,2026-04-21,IRFC,0.732,41216500,30170750,,,
2026-04-28,wk,2026-04-21,ITC,0.5406,113988800,61624000,,,
2026-04-28,wk,2026-04-21,JINDALSTEL,1.1303,4135625,4674375,,,
2026-04-28,wk,2026-04-21,JIOFIN,0.6287,79672050,50087900,,,
2026-04-28,wk,2026-04-21,JSWENERGY,0.5674,9262000,5255000,,,
2026-04-28,wk,2026-04-21,JSWSTEEL,0.9724,6528600,6348375,,,
2026-04-28,wk,2026-04-21,JUBLFOOD,0.7105,14552500,10340000,,,
2026-04-28,wk,2026-04-21,KALYANKJIL,0.4662,16077525,7495325,,,
2026-04-28,wk,2026-04-21,KAYNES,0.8296,1545500,1282100,,,
2026-04-28,wk,2026-04-21,KEI,0.6748,771225,520450,,,
2026-04-28,wk,2026-04-21,KFINTECH,0.7,2247000,1573000,,,
2026-04-28,wk,2026-04-21,KOTAKBANK,0.8908,32484000,28936000,,,
2026-04-28,wk,2026-04-21,KPITTECH,0.6298,3530050,2223175,,,
2026-04-28,wk,2026-04-21,LAURUSLABS,0.8957,5426400,4860300,,,
2026-04-28,wk,2026-04-21,LICHSGFIN,0.9414,7490000,7051000,,,
2026-04-28,wk,2026-04-21,LICI,0.6438,7294700,4696300,,,
2026-04-28,wk,2026-04-21,LODHA,0.8128,6152400,5000400,,,
2026-04-28,wk,2026-04-21,LT,0.8521,9589300,8171275,,,
2026-04-28,wk,2026-04-21,LTF,0.8915,19721250,17581500,,,
2026-04-28,wk,2026-04-21,LTM,0.8839,1078650,953400,,,
2026-04-28,wk,2026-04-21,LUPIN,0.7148,2422925,1731875,,,
2026-04-28,wk,2026-04-21,M&M,0.7311,4953000,3621200,,,
2026-04-28,wk,2026-04-21,MANAPPURAM,0.7841,16104000,12627000,,,
2026-04-28,wk,2026-04-21,MANKIND,0.6952,692325,481275,,,
2026-04-28,wk,2026-04-21,MARICO,0.8881,5029200,4466400,,,
2026-04-28,wk,2026-04-21,MARUTI,0.5901,2077400,1225900,,,
2026-04-28,wk,2026-04-21,MAXHEALTH,0.6542,3844575,2515275,,,
2026-04-28,wk,2026-04-21,MAZDOCK,0.7379,4191600,3092800,,,
2026-04-28,wk,2026-04-21,MCX,0.8659,9193750,7961250,,,
2026-04-28,wk,2026-04-21,MFSL,0.5945,1083200,644000,,,
2026-04-28,wk,2026-04-21,MOTHERSON,0.8244,45805200,37761000,,,
2026-04-28,wk,2026-04-21,MOTILALOFS,0.9076,1601925,1453900,,,
2026-04-28,wk,2026-04-21,MPHASIS,0.7822,1229800,961950,,,
2026-04-28,wk,2026-04-21,MUTHOOTFIN,0.5899,2372700,1399750,,,
2026-04-28,wk,2026-04-21,NAM-INDIA,0.552,1146875,633125,,,
2026-04-28,wk,2026-04-21,NATIONALUM,0.8275,39528750,32711250,,,
2026-04-28,wk,2026-04-21,NAUKRI,0.5126,3454500,1770750,,,
2026-04-28,wk,2026-04-21,NBCC,0.6716,20150000,13533000,,,
2026-04-28,wk,2026-04-21,NESTLEIND,0.6617,11341500,7505000,,,
2026-04-28,wk,2026-04-21,NHPC,0.8024,35763200,28697600,,,
2026-04-28,wk,2026-04-21,NMDC,0.627,83214000,52177500,,,
2026-04-28,wk,2026-04-21,NTPC,0.5182,68455500,35475000,,,
2026-04-28,wk,2026-04-21,NUVAMA,0.7839,1004000,787000,,,
2026-04-28,wk,2026-04-21,NYKAA,0.4592,11331250,5203125,,,
2026-04-28,wk,2026-04-21,OBEROIRLTY,0.6537,1775550,1160600,,,
2026-04-28,wk,2026-04-21,OFSS,0.824,733500,604425,,,
2026-04-28,wk,2026-04-21,OIL,0.4267,10955000,4674600,,,
2026-04-28,wk,2026-04-21,ONGC,0.3856,94428000,36414000,,,
2026-04-28,wk,2026-04-21,PAGEIND,1.153,68910,79455,,,
2026-04-28,wk,2026-04-21,PATANJALI,0.6243,5500800,3434400,,,
2026-04-28,wk,2026-04-21,PAYTM,0.9484,6614900,6273425,,,
2026-04-28,wk,2026-04-21,PERSISTENT,0.7988,1909200,1525100,,,
2026-04-28,wk,2026-04-21,PETRONET,0.6423,15982800,10265700,,,
2026-04-28,wk,2026-04-21,PFC,0.8166,26845000,21921900,,,
2026-04-28,wk,2026-04-21,PGEL,1.1205,8484450,9506650,,,
2026-04-28,wk,2026-04-21,PHOENIXLTD,0.8645,1121400,969500,,,
2026-04-28,wk,2026-04-21,PIDILITIND,0.739,1728000,1277000,,,
2026-04-28,wk,2026-04-21,PIIND,0.8511,759325,646275,,,
2026-04-28,wk,2026-04-21,PNB,0.8772,89144000,78200000,,,
2026-04-28,wk,2026-04-21,PNBHOUSING,0.8016,7598500,6091150,,,
2026-04-28,wk,2026-04-21,POLICYBZR,0.7775,2230550,1734250,,,
2026-04-28,wk,2026-04-21,POLYCAB,0.9053,1294250,1171625,,,
2026-04-28,wk,2026-04-21,POWERGRID,0.6198,40447200,25068600,,,
2026-04-28,wk,2026-04-21,POWERINDIA,1.2857,310100,398700,,,
2026-04-28,wk,2026-04-21,PPLPHARMA,0.7068,5103000,3606750,,,
2026-04-28,wk,2026-04-21,PREMIERENE,0.6745,2948025,1988350,,,
2026-04-28,wk,2026-04-21,PRESTIGE,0.7542,2061450,1554750,,,
2026-04-28,wk,2026-04-21,RBLBANK,0.901,29819600,26866850,,,
2026-04-28,wk,2026-04-21,RECLTD,0.9271,28103600,26055400,,,
2026-04-28,wk,2026-04-21,RELIANCE,0.4903,78353000,38415500,,,
2026-04-28,wk,2026-04-21,RVNL,0.6642,24017225,15951500,,,
2026-04-28,wk,2026-04-21,SAIL,0.7571,10311800,7806700,,,
2026-04-28,wk,2026-04-21,SAMMAANCAP,0.8819,19513400,17208600,,,
2026-04-28,wk,2026-04-21,SBICARD,0.8229,8852000,7284000,,,
2026-04-28,wk,2026-04-21,SBILIFE,0.5076,5472000,2777625,,,
2026-04-28,wk,2026-04-21,SBIN,0.8769,47414250,41577000,,,
2026-04-28,wk,2026-04-21,SHREECEM,0.8828,62050,54775,,,
2026-04-28,wk,2026-04-21,SHRIRAMFIN,0.7074,14652825,10365300,,,
2026-04-28,wk,2026-04-21,SIEMENS,0.6207,2298625,1426775,,,
2026-04-28,wk,2026-04-21,SOLARINDS,0.6325,337250,213300,,,
2026-04-28,wk,2026-04-21,SONACOMS,0.7356,4359775,3207050,,,
2026-04-28,wk,2026-04-21,SRF,0.5627,2131000,1199200,,,
2026-04-28,wk,2026-04-21,SUNPHARMA,0.675,8250550,5568850,,,
2026-04-28,wk,2026-04-21,SUPREMEIND,0.4609,963375,443975,,,
2026-04-28,wk,2026-04-21,SUZLON,0.8408,207403525,174390075,,,
2026-04-28,wk,2026-04-21,SWIGGY,0.5781,12680200,7330700,,,
2026-04-28,wk,2026-04-21,TATACONSUM,1.1437,2580050,2950750,,,
2026-04-28,wk,2026-04-21,TATAELXSI,0.6236,1403400,875200,,,
2026-04-28,wk,2026-04-21,TATAPOWER,0.8313,36399350,30260050,,,
2026-04-28,wk,2026-04-21,TATASTEEL,0.8068,123183500,99379500,,,
2026-04-28,wk,2026-04-21,TATATECH,0.7251,2928000,2123200,,,
2026-04-28,wk,2026-04-21,TCS,0.6928,16592275,11495925,,,
2026-04-28,wk,2026-04-21,TECHM,0.7459,5138400,3832800,,,
2026-04-28,wk,2026-04-21,TIINDIA,0.548,672600,368600,,,
2026-04-28,wk,2026-04-21,TITAN,0.7925,3963225,3140725,,,
2026-04-28,wk,2026-04-21,TMPV,0.8074,36653600,29593600,,,
2026-04-28,wk,2026-04-21,TORNTPHARM,0.7184,674750,484750,,,
2026-04-28,wk,2026-04-21,TORNTPOWER,0.8544,1695750,1448825,,,
2026-04-28,wk,2026-04-21,TRENT,0.8012,4089000,3276300,,,
2026-04-28,wk,2026-04-21,TVSMOTOR,0.7008,1776775,1245125,,,
2026-04-28,wk,2026-04-21,ULTRACEMCO,0.6764,732600,495500,,,
2026-04-28,wk,2026-04-21,UNIONBANK,0.785,38767425,30430725,,,
2026-04-28,wk,2026-04-21,UNITDSPR,0.7906,4194400,3316000,,,
2026-04-28,wk,2026-04-21,UNOMINDA,0.5254,1756700,922900,,,
2026-04-28,wk,2026-04-21,UPL,0.7419,10159790,7537865,,,
2026-04-28,wk,2026-04-21,VBL,0.6136,18309375,11235375,,,
2026-04-28,wk,2026-04-21,VEDL,0.7414,44991450,33358050,,,
2026-04-28,wk,2026-04-21,VMM,0.4834,8890050,4297100,,,
2026-04-28,wk,2026-04-21,VOLTAS,0.8708,4733250,4121625,,,
2026-04-28,wk,2026-04-21,WAAREEENER,0.7665,1922725,1473675,,,
2026-04-28,wk,2026-04-21,WIPRO,0.5235,162129000,84882000,,,
2026-04-28,wk,2026-04-21,YESBANK,0.5146,686439200,353264900,,,
2026-04-28,wk,2026-04-21,ZYDUSLIFE,0.7508,3138300,2356200,,,
2026-05-26,on,2026-05-26,360ONE,0.8817,904500,797500,1100.0,1100.0,2026-06-30
2026-05-26,on,2026-05-26,ABB,0.751,1486875,1116625,7000.0,6500.0,2026-06-30
2026-05-26,on,2026-05-26,ABCAPITAL,0.8343,15469000,12905300,370.0,360.0,2026-06-30
2026-05-26,on,2026-05-26,ADANIENSOL,0.6957,5570775,3875850,1400.0,1400.0,2026-06-30
2026-05-26,on,2026-05-26,ADANIENT,0.9843,9587343,9437169,3000.0,2800.0,2026-06-30
2026-05-26,on,2026-05-26,ADANIGREEN,0.9896,8426400,8338800,1400.0,1400.0,2026-06-30
2026-05-26,on,2026-05-26,ADANIPORTS,0.7031,9153725,6436250,1900.0,1800.0,2026-06-30
2026-05-26,on,2026-05-26,ADANIPOWER,0.7653,35535500,27196550,250.0,220.0,2026-06-30
2026-05-26,on,2026-05-26,ALKEM,0.5971,377875,225625,6000.0,5500.0,2026-06-30
2026-05-26,on,2026-05-26,AMBER,0.6846,2695200,1845100,8000.0,7000.0,2026-06-30
2026-05-26,on,2026-05-26,AMBUJACEM,0.6761,16478700,11141700,450.0,510.0,2026-06-30
2026-05-26,on,2026-05-26,ANGELONE,1.0517,18605000,19567500,350.0,320.0,2026-06-30
2026-05-26,on,2026-05-26,APLAPOLLO,0.7204,1844150,1328600,1900.0,1900.0,2026-06-30
2026-05-26,on,2026-05-26,APOLLOHOSP,0.9128,1145875,1046000,8500.0,8000.0,2026-06-30
2026-05-26,on,2026-05-26,ASHOKLEY,0.7522,100105000,75295000,170.0,160.0,2026-06-30
2026-05-26,on,2026-05-26,ASIANPAINT,0.6785,6727000,4564250,3000.0,2540.0,2026-06-30
2026-05-26,on,2026-05-26,ASTRAL,0.6615,2975850,1968600,1600.0,1500.0,2026-06-30
2026-05-26,on,2026-05-26,AUBANK,0.9956,6206000,6179000,1000.0,1000.0,2026-06-30
2026-05-26,on,2026-05-26,AUROPHARMA,0.6485,4814150,3121800,1600.0,1400.0,2026-06-30
2026-05-26,on,2026-05-26,AXISBANK,0.7757,15559375,12070000,1340.0,1300.0,2026-06-30
2026-05-26,on,2026-05-26,BAJAJ-AUTO,0.6634,1954200,1296450,10400.0,10000.0,2026-06-30
2026-05-26,on,2026-05-26,BAJAJFINSV,0.6791,6043500,4104350,1860.0,1700.0,2026-06-30
2026-05-26,on,2026-05-26,BAJAJHLDNG,0.7758,69800,54150,11000.0,10000.0,2026-06-30
2026-05-26,on,2026-05-26,BAJFINANCE,0.8014,16342500,13096500,950.0,950.0,2026-06-30
2026-05-26,on,2026-05-26,BANDHANBNK,0.6565,33926400,22273200,200.0,200.0,2026-06-30
2026-05-26,on,2026-05-26,BANKBARODA,0.9323,44705700,41678325,280.0,270.0,2026-06-30
2026-05-26,on,2026-05-26,BANKINDIA,0.7487,25885600,19380400,150.0,140.0,2026-06-30
2026-05-26,on,2026-05-26,BDL,0.5882,3585200,2108750,1340.0,1300.0,2026-06-30
2026-05-26,on,2026-05-26,BEL,0.6215,58919475,36621075,420.0,420.0,2026-06-30
2026-05-26,on,2026-05-26,BHARATFORG,0.7353,3097500,2277500,1900.0,1900.0,2026-06-30
2026-05-26,on,2026-05-26,BHARTIARTL,0.4946,24729925,12230775,1900.0,1900.0,2026-06-30
2026-05-26,on,2026-05-26,BHEL,0.8841,46680375,41270250,420.0,400.0,2026-06-30
2026-05-26,on,2026-05-26,BIOCON,0.8551,23645000,20220000,440.0,400.0,2026-06-30
2026-05-26,on,2026-05-26,BLUESTARCO,0.6387,2226575,1422200,1700.0,1700.0,2026-06-30
2026-05-26,on,2026-05-26,BOSCHLTD,0.5354,231350,123875,40000.0,33000.0,2026-06-30
2026-05-26,on,2026-05-26,BPCL,0.7564,25234575,19086400,300.0,300.0,2026-06-30
2026-05-26,on,2026-05-26,BRITANNIA,0.6231,1686500,1050875,5400.0,5400.0,2026-06-30
2026-05-26,on,2026-05-26,BSE,1.1546,6682600,7715750,4400.0,4000.0,2026-06-30
2026-05-26,on,2026-05-26,CAMS,0.7918,3692250,2923500,800.0,700.0,2026-06-30
2026-05-26,on,2026-05-26,CANBK,0.8913,90639000,80784000,135.0,130.0,2026-06-30
2026-05-26,on,2026-05-26,CDSL,0.705,8370925,5901400,1300.0,1200.0,2026-06-30
2026-05-26,on,2026-05-26,CGPOWER,0.9091,5816550,5287850,900.0,800.0,2026-06-30
2026-05-26,on,2026-05-26,CHOLAFIN,0.7348,3349375,2461250,1600.0,1600.0,2026-06-30
2026-05-26,on,2026-05-26,CIPLA,0.9354,8109675,7585500,1460.0,1340.0,2026-06-30
2026-05-26,on,2026-05-26,COALINDIA,0.7264,39353850,28584900,460.0,450.0,2026-06-30
2026-05-26,on,2026-05-26,COCHINSHIP,0.5739,1737600,997200,1600.0,1500.0,2026-06-30
2026-05-26,on,2026-05-26,COFORGE,0.7929,10060875,7976825,1400.0,1320.0,2026-06-30
2026-05-26,on,2026-05-26,COLPAL,0.5797,2304000,1335700,2200.0,2000.0,2026-06-30
2026-05-26,on,2026-05-26,CONCOR,0.6928,10601250,7345000,500.0,500.0,2026-06-30
2026-05-26,on,2026-05-26,CROMPTON,0.5577,18234000,10168200,300.0,300.0,2026-06-30
2026-05-26,on,2026-05-26,CUMMINSIND,0.8524,915800,780600,6000.0,5200.0,2026-06-30
2026-05-26,on,2026-05-26,DABUR,0.6631,12632500,8376250,500.0,450.0,2026-06-30
2026-05-26,on,2026-05-26,DALBHARAT,0.8476,1404975,1190800,1800.0,1700.0,2026-06-30
2026-05-26,on,2026-05-26,DELHIVERY,0.473,10694550,5058850,500.0,460.0,2026-06-30
2026-05-26,on,2026-05-26,DIVISLAB,0.6778,1128400,764800,7000.0,6800.0,2026-06-30
2026-05-26,on,2026-05-26,DIXON,0.8209,1575150,1293000,12000.0,11000.0,2026-06-30
2026-05-26,on,2026-05-26,DLF,0.7587,10376850,7873100,600.0,590.0,2026-06-30
2026-05-26,on,2026-05-26,DMART,0.5631,1686450,949650,4200.0,3800.0,2026-06-30
2026-05-26,on,2026-05-26,DRREDDY,0.594,10119375,6010625,1350.0,1300.0,2026-06-30
2026-05-26,on,2026-05-26,EICHERMOT,0.8307,1800000,1495300,8000.0,6800.0,2026-06-30
2026-05-26,on,2026-05-26,ETERNAL,0.6933,67650225,46899500,250.0,250.0,2026-06-30
2026-05-26,on,2026-05-26,EXIDEIND,0.674,16353000,11021400,350.0,350.0,2026-06-30
2026-05-26,on,2026-05-26,FEDERALBNK,0.6227,30442500,18957500,300.0,290.0,2026-06-30
2026-05-26,on,2026-05-26,FORCEMOT,0.4588,122325,56125,21000.0,20000.0,2026-06-30
2026-05-26,on,2026-05-26,FORTIS,0.627,2632675,1650750,1000.0,900.0,2026-06-30
2026-05-26,on,2026-05-26,GAIL,0.9892,31241350,30905450,170.0,190.0,2026-06-30
2026-05-26,on,2026-05-26,GLENMARK,0.7136,2544375,1815750,2500.0,2300.0,2026-06-30
2026-05-26,on,2026-05-26,GMRAIRPORT,0.6858,51747525,35488800,100.0,90.0,2026-06-30
2026-05-26,on,2026-05-26,GODFRYPHLP,0.5196,1269675,659725,2400.0,2300.0,2026-06-30
2026-05-26,on,2026-05-26,GODREJCP,0.6082,2973500,1808500,1100.0,1020.0,2026-06-30
2026-05-26,on,2026-05-26,GODREJPROP,0.7605,2784650,2117825,1900.0,1700.0,2026-06-30
2026-05-26,on,2026-05-26,GRASIM,1.1678,1982500,2315250,3200.0,3000.0,2026-06-30
2026-05-26,on,2026-05-26,HAL,0.6727,3844500,2586300,5000.0,4400.0,2026-06-30
2026-05-26,on,2026-05-26,HAVELLS,0.4787,4221500,2021000,1300.0,1200.0,2026-06-30
2026-05-26,on,2026-05-26,HCLTECH,0.4659,22296100,10387250,1200.0,1160.0,2026-06-30
2026-05-26,on,2026-05-26,HDFCAMC,0.7084,1340700,949800,2800.0,2700.0,2026-06-30
2026-05-26,on,2026-05-26,HDFCBANK,0.6209,81276500,50463100,800.0,760.0,2026-06-30
2026-05-26,on,2026-05-26,HDFCLIFE,0.7446,20392900,15184400,640.0,585.0,2026-06-30
2026-05-26,on,2026-05-26,HEROMOTOCO,0.6267,2594850,1626300,5000.0,5000.0,2026-06-30
2026-05-26,on,2026-05-26,HINDALCO,0.8307,11273500,9365300,1110.0,1000.0,2026-06-30
2026-05-26,on,2026-05-26,HINDPETRO,0.9105,17267175,15722100,400.0,400.0,2026-06-30
2026-05-26,on,2026-05-26,HINDUNILVR,0.4544,11740800,5335200,2300.0,2200.0,2026-06-30
2026-05-26,on,2026-05-26,HINDZINC,0.749,19554675,14646100,700.0,600.0,2026-06-30
2026-05-26,on,2026-05-26,HYUNDAI,0.8338,1075525,896775,1900.0,1800.0,2026-06-30
2026-05-26,on,2026-05-26,ICICIBANK,0.8369,33443900,27988800,1300.0,1300.0,2026-06-30
2026-05-26,on,2026-05-26,ICICIGI,0.5931,947375,561925,1900.0,1640.0,2026-06-30
2026-05-26,on,2026-05-26,ICICIPRULI,0.8979,6987450,6274275,520.0,500.0,2026-06-30
2026-05-26,on,2026-05-26,IDEA,0.6747,1793164800,1209785850,14.0,12.0,2026-06-30
2026-05-26,on,2026-05-26,IDFCFIRSTB,0.888,117059775,103954200,70.0,65.0,2026-06-30
2026-05-26,on,2026-05-26,IEX,0.6687,33569550,22449150,130.0,140.0,2026-06-30
2026-05-26,on,2026-05-26,INDHOTEL,0.8865,6053000,5366000,660.0,660.0,2026-06-30
2026-05-26,on,2026-05-26,INDIANB,0.6929,6177000,4280000,850.0,850.0,2026-06-30
2026-05-26,on,2026-05-26,INDIGO,0.7302,4612950,3368550,4800.0,4500.0,2026-06-30
2026-05-26,on,2026-05-26,INDUSINDBK,0.8,6501600,5201000,1000.0,900.0,2026-06-30
2026-05-26,on,2026-05-26,INDUSTOWER,0.9554,31936200,30513300,440.0,420.0,2026-06-30
2026-05-26,on,2026-05-26,INFY,0.7131,35363600,25217600,1200.0,1200.0,2026-06-30
2026-05-26,on,2026-05-26,INOXWIND,0.4935,26643725,13148200,95.0,100.0,2026-06-30
2026-05-26,on,2026-05-26,IOC,0.8507,65734500,55921125,150.0,130.0,2026-06-30
2026-05-26,on,2026-05-26,IREDA,0.8082,24180375,19543525,130.0,130.0,2026-06-30
2026-05-26,on,2026-05-26,IRFC,0.7595,47655700,36196525,100.0,100.0,2026-06-30
2026-05-26,on,2026-05-26,ITC,0.3564,148675475,52992575,310.0,300.0,2026-06-30
2026-05-26,on,2026-05-26,JINDALSTEL,0.8013,3419375,2740000,1200.0,1200.0,2026-06-30
2026-05-26,on,2026-05-26,JIOFIN,0.7765,59353950,46088200,250.0,290.0,2026-06-30
2026-05-26,on,2026-05-26,JSWENERGY,0.7635,9371075,7155075,600.0,500.0,2026-06-30
2026-05-26,on,2026-05-26,JSWSTEEL,0.666,5515425,3673350,1300.0,1250.0,2026-06-30
2026-05-26,on,2026-05-26,JUBLFOOD,0.632,13046250,8245000,450.0,400.0,2026-06-30
2026-05-26,on,2026-05-26,KALYANKJIL,0.6181,20906825,12923350,400.0,350.0,2026-06-30
2026-05-26,on,2026-05-26,KAYNES,0.6194,2461400,1524500,3500.0,3000.0,2026-06-30
2026-05-26,on,2026-05-26,KEI,0.8146,679525,553525,5200.0,5200.0,2026-06-30
2026-05-26,on,2026-05-26,KFINTECH,0.6924,3858000,2671225,900.0,800.0,2026-06-30
2026-05-26,on,2026-05-26,KOTAKBANK,0.8645,40794000,35268000,405.0,370.0,2026-06-30
2026-05-26,on,2026-05-26,KPITTECH,0.7835,4643975,3638775,800.0,720.0,2026-06-30
2026-05-26,on,2026-05-26,LAURUSLABS,1.0008,7532700,7538650,1400.0,1300.0,2026-06-30
2026-05-26,on,2026-05-26,LICHSGFIN,0.7073,8805000,6228000,550.0,520.0,2026-06-30
2026-05-26,on,2026-05-26,LICI,0.7306,7337400,5360600,900.0,800.0,2026-06-30
2026-05-26,on,2026-05-26,LODHA,1.0502,2655000,2788200,900.0,900.0,2026-06-30
2026-05-26,on,2026-05-26,LT,0.8859,6263250,5548900,4000.0,4000.0,2026-06-30
2026-05-26,on,2026-05-26,LTF,0.7341,21269250,15612750,280.0,290.0,2026-06-30
2026-05-26,on,2026-05-26,LTM,0.6494,1539150,999450,4000.0,4000.0,2026-06-30
2026-05-26,on,2026-05-26,LUPIN,0.5648,6236025,3522400,2300.0,2300.0,2026-06-30
2026-05-26,on,2026-05-26,M&M,0.8579,5912600,5072400,3200.0,3100.0,2026-06-30
2026-05-26,on,2026-05-26,MANAPPURAM,0.8005,13491000,10800000,360.0,300.0,2026-06-30
2026-05-26,on,2026-05-26,MANKIND,0.6025,1167975,703725,2600.0,2400.0,2026-06-30
2026-05-26,on,2026-05-26,MARICO,0.7136,5446800,3886800,900.0,800.0,2026-06-30
2026-05-26,on,2026-05-26,MARUTI,0.4568,2313050,1056550,13500.0,12500.0,2026-06-30
2026-05-26,on,2026-05-26,MAXHEALTH,0.4262,7991025,3405675,1100.0,1000.0,2026-06-30
2026-05-26,on,2026-05-26,MAZDOCK,0.4929,4044800,1993800,2500.0,2500.0,2026-06-30
2026-05-26,on,2026-05-26,MCX,0.7779,6897550,5365425,3400.0,3000.0,2026-06-30
2026-05-26,on,2026-05-26,MFSL,0.7956,1140800,907600,1740.0,1700.0,2026-06-30
2026-05-26,on,2026-05-26,MOTHERSON,0.8291,49685850,41192700,140.0,120.0,2026-06-30
2026-05-26,on,2026-05-26,MOTILALOFS,0.6543,2242075,1467075,900.0,800.0,2026-06-30
2026-05-26,on,2026-05-26,MPHASIS,0.8726,1589225,1386825,2300.0,2280.0,2026-06-30
2026-05-26,on,2026-05-26,MUTHOOTFIN,0.6488,2599300,1686300,3500.0,3200.0,2026-06-30
2026-05-26,on,2026-05-26,NAM-INDIA,0.8419,1478750,1245000,1200.0,1000.0,2026-06-30
2026-05-26,on,2026-05-26,NATIONALUM,0.5904,25569375,15095625,410.0,400.0,2026-06-30
2026-05-26,on,2026-05-26,NAUKRI,0.6848,4541975,3110200,1000.0,900.0,2026-06-30
2026-05-26,on,2026-05-26,NBCC,0.6958,26838500,18674500,100.0,95.0,2026-06-30
2026-05-26,on,2026-05-26,NESTLEIND,0.7338,4425000,3247000,1500.0,1400.0,2026-06-30
2026-05-26,on,2026-05-26,NHPC,0.5317,54688550,29075750,80.0,75.0,2026-06-30
2026-05-26,on,2026-05-26,NMDC,0.5957,81378000,48478500,100.0,85.0,2026-06-30
2026-05-26,on,2026-05-26,NTPC,0.2777,86584500,24043500,400.0,390.0,2026-06-30
2026-05-26,on,2026-05-26,NUVAMA,0.6321,1457000,921000,1600.0,1500.0,2026-06-30
2026-05-26,on,2026-05-26,NYKAA,0.3193,35503125,11334375,300.0,270.0,2026-06-30
2026-05-26,on,2026-05-26,OBEROIRLTY,0.7545,1178800,889350,1700.0,1700.0,2026-06-30
2026-05-26,on,2026-05-26,OFSS,0.789,692775,546625,10000.0,9000.0,2026-06-30
2026-05-26,on,2026-05-26,OIL,0.6809,8946000,6091400,520.0,450.0,2026-06-30
2026-05-26,on,2026-05-26,ONGC,0.3417,81470250,27837000,300.0,280.0,2026-06-30
2026-05-26,on,2026-05-26,PAGEIND,0.4946,100740,49830,40000.0,38000.0,2026-06-30
2026-05-26,on,2026-05-26,PATANJALI,0.7882,5137200,4049100,500.0,510.0,2026-06-30
2026-05-26,on,2026-05-26,PAYTM,0.8081,7646575,6179175,1200.0,1100.0,2026-06-30
2026-05-26,on,2026-05-26,PERSISTENT,0.8712,1338800,1166425,5100.0,5000.0,2026-06-30
2026-05-26,on,2026-05-26,PETRONET,1.0058,12017500,12087800,300.0,280.0,2026-06-30
2026-05-26,on,2026-05-26,PFC,0.6342,22053200,13985400,450.0,440.0,2026-06-30
2026-05-26,on,2026-05-26,PGEL,0.7099,10415800,7393850,500.0,470.0,2026-06-30
2026-05-26,on,2026-05-26,PHOENIXLTD,0.6414,912450,585200,1900.0,1600.0,2026-06-30
2026-05-26,on,2026-05-26,PIDILITIND,0.5729,2828500,1620500,1500.0,1400.0,2026-06-30
2026-05-26,on,2026-05-26,PIIND,0.5402,2052575,1108800,3200.0,2800.0,2026-06-30
2026-05-26,on,2026-05-26,PNB,0.812,108408000,88024000,110.0,100.0,2026-06-30
2026-05-26,on,2026-05-26,PNBHOUSING,0.7351,2217800,1630200,1200.0,1100.0,2026-06-30
2026-05-26,on,2026-05-26,POLICYBZR,0.6573,3184650,2093350,1840.0,1800.0,2026-06-30
2026-05-26,on,2026-05-26,POLYCAB,1.1656,1229750,1433375,10000.0,9000.0,2026-06-30
2026-05-26,on,2026-05-26,POWERGRID,0.5008,36500900,18278000,300.0,300.0,2026-06-30
2026-05-26,on,2026-05-26,POWERINDIA,1.1081,332475,368400,40000.0,32000.0,2026-06-30
2026-05-26,on,2026-05-26,PREMIERENE,0.5158,3735425,1926825,1000.0,1000.0,2026-06-30
2026-05-26,on,2026-05-26,PRESTIGE,0.5863,1674000,981450,1400.0,1400.0,2026-06-30
2026-05-26,on,2026-05-26,RBLBANK,0.6949,21367750,14849475,350.0,310.0,2026-06-30
2026-05-26,on,2026-05-26,RECLTD,0.6753,29725500,20072150,360.0,340.0,2026-06-30
2026-05-26,on,2026-05-26,RELIANCE,0.654,66816500,43700000,1400.0,1360.0,2026-06-30
2026-05-26,on,2026-05-26,RVNL,0.61,24609375,15012400,280.0,230.0,2026-06-30
2026-05-26,on,2026-05-26,SAIL,0.626,8243800,5160600,200.0,180.0,2026-06-30
2026-05-26,on,2026-05-26,SAMMAANCAP,1.3387,25825800,34572000,170.0,160.0,2026-06-30
2026-05-26,on,2026-05-26,SBICARD,0.6713,10204000,6849600,640.0,620.0,2026-06-30
2026-05-26,on,2026-05-26,SBILIFE,0.5541,3936375,2181000,1900.0,1880.0,2026-06-30
2026-05-26,on,2026-05-26,SBIN,0.6185,84794250,52446750,1000.0,970.0,2026-06-30
2026-05-26,on,2026-05-26,SHREECEM,0.7086,58250,41275,26000.0,25000.0,2026-06-30
2026-05-26,on,2026-05-26,SHRIRAMFIN,0.6754,13616625,9197100,1000.0,900.0,2026-06-30
2026-05-26,on,2026-05-26,SIEMENS,0.8696,1523550,1324925,4000.0,3600.0,2026-06-30
2026-05-26,on,2026-05-26,SOLARINDS,0.8856,275350,243850,17000.0,17000.0,2026-06-30
2026-05-26,on,2026-05-26,SONACOMS,0.6896,4764025,3285450,600.0,600.0,2026-06-30
2026-05-26,on,2026-05-26,SRF,0.8556,1321000,1130200,2700.0,2700.0,2026-06-30
2026-05-26,on,2026-05-26,SUNPHARMA,0.5964,18115300,10803100,1900.0,1760.0,2026-06-30
2026-05-26,on,2026-05-26,SUPREMEIND,0.5271,814800,429450,3600.0,3600.0,2026-06-30
2026-05-26,on,2026-05-26,SUZLON,0.495,175693350,86975925,60.0,55.0,2026-06-30
2026-05-26,on,2026-05-26,SWIGGY,0.3722,16827725,6263425,300.0,250.0,2026-06-30
2026-05-26,on,2026-05-26,TATACONSUM,0.7172,4610650,3306600,1200.0,1200.0,2026-06-30
2026-05-26,on,2026-05-26,TATAELXSI,0.6221,873950,543725,4500.0,4300.0,2026-06-30
2026-05-26,on,2026-05-26,TATAPOWER,0.5845,39587900,23137650,420.0,420.0,2026-06-30
2026-05-26,on,2026-05-26,TATASTEEL,0.5823,114848250,66880000,220.0,210.0,2026-06-30
2026-05-26,on,2026-05-26,TCS,0.7302,17024875,12431900,2300.0,2300.0,2026-06-30
2026-05-26,on,2026-05-26,TECHM,0.6298,9684600,6099000,1600.0,1400.0,2026-06-30
2026-05-26,on,2026-05-26,TIINDIA,0.7199,603400,434400,3100.0,2800.0,2026-06-30
2026-05-26,on,2026-05-26,TITAN,0.59,5041225,2974300,4200.0,4100.0,2026-06-30
2026-05-26,on,2026-05-26,TMPV,0.7598,43190400,32816000,400.0,400.0,2026-06-30
2026-05-26,on,2026-05-26,TORNTPHARM,0.5894,842375,496500,4700.0,4500.0,2026-06-30
2026-05-26,on,2026-05-26,TRENT,0.5077,2563050,1301200,4300.0,4200.0,2026-06-30
2026-05-26,on,2026-05-26,TVSMOTOR,0.8435,2077950,1752800,3500.0,3500.0,2026-06-30
2026-05-26,on,2026-05-26,ULTRACEMCO,0.4562,1046350,477350,12000.0,11500.0,2026-06-30
2026-05-26,on,2026-05-26,UNIONBANK,0.5938,49719300,29523600,170.0,160.0,2026-06-30
2026-05-26,on,2026-05-26,UNITDSPR,0.8647,3781200,3269600,1300.0,1400.0,2026-06-30
2026-05-26,on,2026-05-26,UNOMINDA,0.794,1917300,1522400,1100.0,1100.0,2026-06-30
2026-05-26,on,2026-05-26,UPL,0.7906,8451135,6681505,650.0,650.0,2026-06-30
2026-05-26,on,2026-05-26,VBL,0.573,13092750,7502775,540.0,500.0,2026-06-30
2026-05-26,on,2026-05-26,VEDL,0.9259,32055100,29679200,350.0,320.0,2026-06-30
2026-05-26,on,2026-05-26,VMM,0.7763,6916100,5368950,125.0,125.0,2026-06-30
2026-05-26,on,2026-05-26,VOLTAS,0.6951,5801625,4032750,1300.0,1200.0,2026-06-30
2026-05-26,on,2026-05-26,WAAREEENER,0.6324,2927050,1851150,3100.0,3000.0,2026-06-30
2026-05-26,on,2026-05-26,WIPRO,0.7068,179739000,127035000,200.0,180.0,2026-06-30
2026-05-26,on,2026-05-26,YESBANK,0.7278,380975000,277256500,24.0,22.0,2026-06-30
2026-05-26,on,2026-05-26,ZYDUSLIFE,0.7299,6693300,4885200,1100.0,1000.0,2026-06-30
2026-05-26,wk,2026-05-19,360ONE,0.6841,927500,634500,,,
2026-05-26,wk,2026-05-19,ABB,0.4166,2389000,995375,,,
2026-05-26,wk,2026-05-19,ABCAPITAL,0.717,21045900,15090800,,,
2026-05-26,wk,2026-05-19,ADANIENSOL,0.5012,8152650,4085775,,,
2026-05-26,wk,2026-05-19,ADANIENT,0.6341,12566721,7968183,,,
2026-05-26,wk,2026-05-19,ADANIGREEN,0.6761,12160800,8221800,,,
2026-05-26,wk,2026-05-19,ADANIPORTS,0.7127,11240875,8010875,,,
2026-05-26,wk,2026-05-19,ADANIPOWER,0.4367,55639150,24296200,,,
2026-05-26,wk,2026-05-19,ALKEM,0.4718,448250,211500,,,
2026-05-26,wk,2026-05-19,AMBER,0.5386,3169600,1707000,,,
2026-05-26,wk,2026-05-19,AMBUJACEM,0.5942,21200550,12598050,,,
2026-05-26,wk,2026-05-19,ANGELONE,0.6618,26132500,17295000,,,
2026-05-26,wk,2026-05-19,APLAPOLLO,0.6319,1923600,1215550,,,
2026-05-26,wk,2026-05-19,APOLLOHOSP,0.6155,1364500,839875,,,
2026-05-26,wk,2026-05-19,ASHOKLEY,0.6124,127235000,77915000,,,
2026-05-26,wk,2026-05-19,ASIANPAINT,0.6135,7447000,4568500,,,
2026-05-26,wk,2026-05-19,ASTRAL,0.6172,5312500,3278875,,,
2026-05-26,wk,2026-05-19,AUBANK,0.669,8701000,5821000,,,
2026-05-26,wk,2026-05-19,AUROPHARMA,0.8201,3849450,3157000,,,
2026-05-26,wk,2026-05-19,AXISBANK,0.4989,23840625,11895000,,,
2026-05-26,wk,2026-05-19,BAJAJ-AUTO,0.787,1883475,1482375,,,
2026-05-26,wk,2026-05-19,BAJAJFINSV,0.5113,6794050,3473500,,,
2026-05-26,wk,2026-05-19,BAJAJHLDNG,0.4812,114600,55150,,,
2026-05-26,wk,2026-05-19,BAJFINANCE,0.6832,22433250,15327000,,,
2026-05-26,wk,2026-05-19,BANDHANBNK,0.6426,39596400,25444800,,,
2026-05-26,wk,2026-05-19,BANKBARODA,0.7539,48145500,36296325,,,
2026-05-26,wk,2026-05-19,BANKINDIA,0.6111,32962800,20144800,,,
2026-05-26,wk,2026-05-19,BDL,0.5163,3875700,2000950,,,
2026-05-26,wk,2026-05-19,BEL,0.4822,75761550,36532725,,,
2026-05-26,wk,2026-05-19,BHARATFORG,0.6667,4398500,2932500,,,
2026-05-26,wk,2026-05-19,BHARTIARTL,0.5839,27691075,16168050,,,
2026-05-26,wk,2026-05-19,BHEL,0.8041,60802875,48893250,,,
2026-05-26,wk,2026-05-19,BIOCON,0.9179,25712500,23602500,,,
2026-05-26,wk,2026-05-19,BLUESTARCO,0.5376,2730650,1468025,,,
2026-05-26,wk,2026-05-19,BOSCHLTD,0.492,146250,71950,,,
2026-05-26,wk,2026-05-19,BPCL,0.6487,39065500,25343200,,,
2026-05-26,wk,2026-05-19,BRITANNIA,0.4595,2611000,1199875,,,
2026-05-26,wk,2026-05-19,BSE,0.9444,9565150,9033750,,,
2026-05-26,wk,2026-05-19,CAMS,0.7738,4467000,3456750,,,
2026-05-26,wk,2026-05-19,CANBK,0.7119,119522250,85090500,,,
2026-05-26,wk,2026-05-19,CDSL,0.5921,8950900,5299575,,,
2026-05-26,wk,2026-05-19,CGPOWER,0.657,6953000,4567900,,,
2026-05-26,wk,2026-05-19,CHOLAFIN,0.7475,4066875,3040000,,,
2026-05-26,wk,2026-05-19,CIPLA,0.9988,9631050,9619125,,,
2026-05-26,wk,2026-05-19,COALINDIA,0.5709,45775800,26134650,,,
2026-05-26,wk,2026-05-19,COCHINSHIP,0.4882,2900400,1416000,,,
2026-05-26,wk,2026-05-19,COFORGE,0.8207,12342000,10128950,,,
2026-05-26,wk,2026-05-19,COLPAL,0.5524,2152350,1188900,,,
2026-05-26,wk,2026-05-19,CONCOR,0.6497,5631250,3658750,,,
2026-05-26,wk,2026-05-19,CROMPTON,0.5653,24307200,13741200,,,
2026-05-26,wk,2026-05-19,CUMMINSIND,0.6646,970200,644800,,,
2026-05-26,wk,2026-05-19,DABUR,0.6324,14246250,9010000,,,
2026-05-26,wk,2026-05-19,DALBHARAT,0.5948,1924000,1144325,,,
2026-05-26,wk,2026-05-19,DELHIVERY,0.3608,15147500,5465550,,,
2026-05-26,wk,2026-05-19,DIVISLAB,0.673,1101400,741200,,,
2026-05-26,wk,2026-05-19,DIXON,0.7258,2273950,1650400,,,
2026-05-26,wk,2026-05-19,DLF,0.814,10704375,8713650,,,
2026-05-26,wk,2026-05-19,DMART,0.3854,2058600,793350,,,
2026-05-26,wk,2026-05-19,DRREDDY,0.5347,12873125,6883750,,,
2026-05-26,wk,2026-05-19,EICHERMOT,0.6556,1616900,1060000,,,
2026-05-26,wk,2026-05-19,ETERNAL,0.4826,97460750,47030450,,,
2026-05-26,wk,2026-05-19,EXIDEIND,0.543,17690400,9606600,,,
2026-05-26,wk,2026-05-19,FEDERALBNK,0.5635,37662500,21222500,,,
2026-05-26,wk,2026-05-19,FORCEMOT,0.3576,181275,64825,,,
2026-05-26,wk,2026-05-19,FORTIS,0.4006,3584375,1436075,,,
2026-05-26,wk,2026-05-19,GAIL,0.8337,27934200,23287950,,,
2026-05-26,wk,2026-05-19,GLENMARK,0.5955,2803125,1669125,,,
2026-05-26,wk,2026-05-19,GMRAIRPORT,0.6525,58025025,37860300,,,
2026-05-26,wk,2026-05-19,GODFRYPHLP,0.5076,1840850,934450,,,
2026-05-26,wk,2026-05-19,GODREJCP,0.623,3985000,2482500,,,
2026-05-26,wk,2026-05-19,GODREJPROP,0.6087,3481475,2119150,,,
2026-05-26,wk,2026-05-19,GRASIM,0.7088,1864500,1321500,,,
2026-05-26,wk,2026-05-19,HAL,0.5335,5436450,2900550,,,
2026-05-26,wk,2026-05-19,HAVELLS,0.3807,5507500,2096500,,,
2026-05-26,wk,2026-05-19,HCLTECH,0.458,25522100,11690100,,,
2026-05-26,wk,2026-05-19,HDFCAMC,0.589,1623300,956100,,,
2026-05-26,wk,2026-05-19,HDFCBANK,0.5587,86813350,48499950,,,
2026-05-26,wk,2026-05-19,HDFCLIFE,0.5924,21750300,12885400,,,
2026-05-26,wk,2026-05-19,HEROMOTOCO,0.517,3392700,1754100,,,
2026-05-26,wk,2026-05-19,HINDALCO,0.8552,10268300,8781500,,,
2026-05-26,wk,2026-05-19,HINDPETRO,0.8224,20318850,16710300,,,
2026-05-26,wk,2026-05-19,HINDUNILVR,0.4432,11154300,4944000,,,
2026-05-26,wk,2026-05-19,HINDZINC,0.6416,27023500,17337425,,,
2026-05-26,wk,2026-05-19,HYUNDAI,0.5301,1825175,967450,,,
2026-05-26,wk,2026-05-19,ICICIBANK,0.6294,38079300,23968000,,,
2026-05-26,wk,2026-05-19,ICICIGI,0.457,1277900,584025,,,
2026-05-26,wk,2026-05-19,ICICIPRULI,0.8504,7897650,6716425,,,
2026-05-26,wk,2026-05-19,IDEA,0.5676,2157258450,1224438225,,,
2026-05-26,wk,2026-05-19,IDFCFIRSTB,0.8191,128922500,105595875,,,
2026-05-26,wk,2026-05-19,IEX,0.5187,50910000,26409150,,,
2026-05-26,wk,2026-05-19,INDHOTEL,0.8626,6957000,6001000,,,
2026-05-26,wk,2026-05-19,INDIANB,0.5949,7928000,4716000,,,
2026-05-26,wk,2026-05-19,INDIGO,0.474,5787600,2743350,,,
2026-05-26,wk,2026-05-19,INDUSINDBK,0.82,8024100,6580000,,,
2026-05-26,wk,2026-05-19,INDUSTOWER,0.7996,28245500,22584500,,,
2026-05-26,wk,2026-05-19,INFY,0.6644,40958800,27214800,,,
2026-05-26,wk,2026-05-19,INOXWIND,0.5367,29575225,15872300,,,
2026-05-26,wk,2026-05-19,IOC,0.6439,81266250,52328250,,,
2026-05-26,wk,2026-05-19,IREDA,0.5916,26773075,15840025,,,
2026-05-26,wk,2026-05-19,IRFC,0.513,64068025,32868775,,,
2026-05-26,wk,2026-05-19,ITC,0.3403,130054450,44251325,,,
2026-05-26,wk,2026-05-19,JINDALSTEL,0.588,4223750,2483750,,,
2026-05-26,wk,2026-05-19,JIOFIN,0.5443,80203150,43651250,,,
2026-05-26,wk,2026-05-19,JSWENERGY,0.5817,12717075,7397700,,,
2026-05-26,wk,2026-05-19,JSWSTEEL,0.53,8740575,4632525,,,
2026-05-26,wk,2026-05-19,JUBLFOOD,0.6322,7775000,4915000,,,
2026-05-26,wk,2026-05-19,KALYANKJIL,0.4746,29396025,13952000,,,
2026-05-26,wk,2026-05-19,KAYNES,0.4794,4564150,2188000,,,
2026-05-26,wk,2026-05-19,KEI,0.7952,811825,645575,,,
2026-05-26,wk,2026-05-19,KFINTECH,0.5788,4905500,2839150,,,
2026-05-26,wk,2026-05-19,KOTAKBANK,0.6385,46980000,29998000,,,
2026-05-26,wk,2026-05-19,KPITTECH,0.4622,7476600,3455600,,,
2026-05-26,wk,2026-05-19,LAURUSLABS,1.0771,7929650,8540800,,,
2026-05-26,wk,2026-05-19,LICHSGFIN,0.6231,9631000,6001000,,,
2026-05-26,wk,2026-05-19,LICI,0.424,8915200,3780000,,,
2026-05-26,wk,2026-05-19,LODHA,1.0234,3477150,3558600,,,
2026-05-26,wk,2026-05-19,LT,0.6211,9199225,5713225,,,
2026-05-26,wk,2026-05-19,LTF,0.6259,21208500,13275000,,,
2026-05-26,wk,2026-05-19,LTM,0.5521,1658250,915600,,,
2026-05-26,wk,2026-05-19,LUPIN,0.3706,10406550,3856875,,,
2026-05-26,wk,2026-05-19,M&M,0.8144,6142800,5002800,,,
2026-05-26,wk,2026-05-19,MANAPPURAM,0.8728,14316000,12495000,,,
2026-05-26,wk,2026-05-19,MANKIND,0.8344,1548000,1291725,,,
2026-05-26,wk,2026-05-19,MARICO,0.7535,7658400,5770800,,,
2026-05-26,wk,2026-05-19,MARUTI,0.3441,2963500,1019750,,,
2026-05-26,wk,2026-05-19,MAXHEALTH,0.6032,3399900,2050650,,,
2026-05-26,wk,2026-05-19,MAZDOCK,0.4089,5574400,2279400,,,
2026-05-26,wk,2026-05-19,MCX,0.9738,7606475,7407475,,,
2026-05-26,wk,2026-05-19,MFSL,0.3911,2317600,906400,,,
2026-05-26,wk,2026-05-19,MOTHERSON,0.8755,50682150,44372250,,,
2026-05-26,wk,2026-05-19,MOTILALOFS,0.5055,3076750,1555425,,,
2026-05-26,wk,2026-05-19,MPHASIS,0.7226,2014375,1455575,,,
2026-05-26,wk,2026-05-19,MUTHOOTFIN,0.4949,4637875,2295150,,,
2026-05-26,wk,2026-05-19,NAM-INDIA,0.7099,1656875,1176250,,,
2026-05-26,wk,2026-05-19,NATIONALUM,0.5614,32701875,18358125,,,
2026-05-26,wk,2026-05-19,NAUKRI,0.3228,3679125,1187800,,,
2026-05-26,wk,2026-05-19,NBCC,0.576,27625000,15912000,,,
2026-05-26,wk,2026-05-19,NESTLEIND,0.7342,4873000,3578000,,,
2026-05-26,wk,2026-05-19,NHPC,0.3877,78054400,30259750,,,
2026-05-26,wk,2026-05-19,NMDC,0.5048,95107500,48006000,,,
2026-05-26,wk,2026-05-19,NTPC,0.232,82443000,19123500,,,
2026-05-26,wk,2026-05-19,NUVAMA,0.5441,2383000,1296500,,,
2026-05-26,wk,2026-05-19,NYKAA,0.3765,11362500,4278125,,,
2026-05-26,wk,2026-05-19,OBEROIRLTY,0.5509,1595300,878850,,,
2026-05-26,wk,2026-05-19,OFSS,0.8078,869775,702625,,,
2026-05-26,wk,2026-05-19,OIL,0.671,11853800,7953400,,,
2026-05-26,wk,2026-05-19,ONGC,0.3732,72947250,27225000,,,
2026-05-26,wk,2026-05-19,PAGEIND,1.0486,39525,41445,,,
2026-05-26,wk,2026-05-19,PATANJALI,0.7765,5078700,3943800,,,
2026-05-26,wk,2026-05-19,PAYTM,0.8216,8597050,7063675,,,
2026-05-26,wk,2026-05-19,PERSISTENT,0.8405,1669600,1403225,,,
2026-05-26,wk,2026-05-19,PETRONET,1.0013,11493100,11508300,,,
2026-05-26,wk,2026-05-19,PFC,0.5472,24492000,13401700,,,
2026-05-26,wk,2026-05-19,PGEL,0.6762,11427550,7727300,,,
2026-05-26,wk,2026-05-19,PHOENIXLTD,0.6078,1101100,669200,,,
2026-05-26,wk,2026-05-19,PIDILITIND,0.4518,4704500,2125500,,,
2026-05-26,wk,2026-05-19,PIIND,0.7417,1459850,1082725,,,
2026-05-26,wk,2026-05-19,PNB,0.6484,148240000,96112000,,,
2026-05-26,wk,2026-05-19,PNBHOUSING,0.6624,2364050,1565850,,,
2026-05-26,wk,2026-05-19,POLICYBZR,0.6364,3613400,2299500,,,
2026-05-26,wk,2026-05-19,POLYCAB,0.8752,2061000,1803875,,,
2026-05-26,wk,2026-05-19,POWERGRID,0.4254,39413600,16767500,,,
2026-05-26,wk,2026-05-19,POWERINDIA,0.7954,241050,191725,,,
2026-05-26,wk,2026-05-19,PREMIERENE,0.4572,4904750,2242500,,,
2026-05-26,wk,2026-05-19,PRESTIGE,0.6724,2086650,1403100,,,
2026-05-26,wk,2026-05-19,RBLBANK,0.4145,34871025,14452600,,,
2026-05-26,wk,2026-05-19,RECLTD,0.5866,30766575,18047575,,,
2026-05-26,wk,2026-05-19,RELIANCE,0.5157,78695500,40586000,,,
2026-05-26,wk,2026-05-19,RVNL,0.618,19802125,12236950,,,
2026-05-26,wk,2026-05-19,SAIL,0.6867,9465800,6500100,,,
2026-05-26,wk,2026-05-19,SAMMAANCAP,0.5796,26531000,15376800,,,
2026-05-26,wk,2026-05-19,SBICARD,0.6324,9383200,5933600,,,
2026-05-26,wk,2026-05-19,SBILIFE,0.4398,4483125,1971750,,,
2026-05-26,wk,2026-05-19,SBIN,0.4191,132585750,55563000,,,
2026-05-26,wk,2026-05-19,SHREECEM,0.5262,86225,45375,,,
2026-05-26,wk,2026-05-19,SHRIRAMFIN,0.5215,17763900,9263100,,,
2026-05-26,wk,2026-05-19,SIEMENS,0.6703,1315125,881475,,,
2026-05-26,wk,2026-05-19,SOLARINDS,0.966,395100,381650,,,
2026-05-26,wk,2026-05-19,SONACOMS,0.592,5421850,3209500,,,
2026-05-26,wk,2026-05-19,SRF,0.7773,1689400,1313200,,,
2026-05-26,wk,2026-05-19,SUNPHARMA,0.5782,19059250,11019750,,,
2026-05-26,wk,2026-05-19,SUPREMEIND,0.2525,1382150,348950,,,
2026-05-26,wk,2026-05-19,SUZLON,0.4824,167305450,80710575,,,
2026-05-26,wk,2026-05-19,SWIGGY,0.4244,15822825,6714525,,,
2026-05-26,wk,2026-05-19,TATACONSUM,0.6055,5744200,3478200,,,
2026-05-26,wk,2026-05-19,TATAELXSI,0.3984,1414550,563500,,,
2026-05-26,wk,2026-05-19,TATAPOWER,0.5147,44349700,22827350,,,
2026-05-26,wk,2026-05-19,TATASTEEL,0.512,145037750,74263750,,,
2026-05-26,wk,2026-05-19,TCS,0.6336,19793375,12541500,,,
2026-05-26,wk,2026-05-19,TECHM,0.6893,10619400,7320000,,,
2026-05-26,wk,2026-05-19,TIINDIA,0.4011,968400,388400,,,
2026-05-26,wk,2026-05-19,TITAN,0.5126,7292250,3737825,,,
2026-05-26,wk,2026-05-19,TMPV,0.5191,47432000,24620800,,,
2026-05-26,wk,2026-05-19,TORNTPHARM,0.4896,777750,380750,,,
2026-05-26,wk,2026-05-19,TRENT,0.3497,4231600,1479850,,,
2026-05-26,wk,2026-05-19,TVSMOTOR,0.4896,4021150,1968750,,,
2026-05-26,wk,2026-05-19,ULTRACEMCO,0.4121,1428950,588800,,,
2026-05-26,wk,2026-05-19,UNIONBANK,0.4942,67255575,33236175,,,
2026-05-26,wk,2026-05-19,UNITDSPR,0.6369,5341200,3402000,,,
2026-05-26,wk,2026-05-19,UNOMINDA,0.4316,4384600,1892550,,,
2026-05-26,wk,2026-05-19,UPL,0.6239,11440265,7138140,,,
2026-05-26,wk,2026-05-19,VBL,0.4416,12712500,5613750,,,
2026-05-26,wk,2026-05-19,VEDL,0.7508,39325400,29523950,,,
2026-05-26,wk,2026-05-19,VMM,0.4738,10931900,5179800,,,
2026-05-26,wk,2026-05-19,VOLTAS,0.5972,7916250,4727625,,,
2026-05-26,wk,2026-05-19,WAAREEENER,0.4536,4737075,2148825,,,
2026-05-26,wk,2026-05-19,WIPRO,0.5697,145557000,82917000,,,
2026-05-26,wk,2026-05-19,YESBANK,0.7104,399106300,283507600,,,
2026-05-26,wk,2026-05-19,ZYDUSLIFE,0.5692,8794800,5005800,,,
2026-06-30,on,2026-06-30,360ONE,0.6101,2031500,1239500,1160.0,1100.0,2026-07-28
2026-06-30,on,2026-06-30,ABB,0.6347,1000625,635125,8000.0,7000.0,2026-07-28
2026-06-30,on,2026-06-30,ABCAPITAL,0.6929,21346600,14790100,430.0,380.0,2026-07-28
2026-06-30,on,2026-06-30,ADANIENSOL,0.5743,4577175,2628450,1500.0,1400.0,2026-07-28
2026-06-30,on,2026-06-30,ADANIENT,0.8336,8291706,6911712,3100.0,3000.0,2026-07-28
2026-06-30,on,2026-06-30,ADANIGREEN,0.8044,6241800,5020800,1500.0,1500.0,2026-07-28
2026-06-30,on,2026-06-30,ADANIPORTS,0.7344,7462725,5480550,1840.0,1700.0,2026-07-28
2026-06-30,on,2026-06-30,ADANIPOWER,0.5934,53306800,31634050,235.0,230.0,2026-07-28
2026-06-30,on,2026-06-30,ALKEM,0.8085,467375,377875,5500.0,5500.0,2026-07-28
2026-06-30,on,2026-06-30,AMBER,0.865,1257500,1087700,8000.0,7500.0,2026-07-28
2026-06-30,on,2026-06-30,AMBUJACEM,0.5887,19335150,11382900,450.0,510.0,2026-07-28
2026-06-30,on,2026-06-30,ANGELONE,0.5391,21530000,11607500,360.0,300.0,2026-07-28
2026-06-30,on,2026-06-30,APLAPOLLO,0.945,1112650,1051400,1800.0,1800.0,2026-07-28
2026-06-30,on,2026-06-30,APOLLOHOSP,1.1025,1043000,1149875,9200.0,8000.0,2026-07-28
2026-06-30,on,2026-06-30,ASHOKLEY,0.7153,122055000,87300000,160.0,160.0,2026-07-28
2026-06-30,on,2026-06-30,ASIANPAINT,0.4887,6749000,3298000,2800.0,2540.0,2026-07-28
2026-06-30,on,2026-06-30,ASTRAL,0.4763,5696275,2713200,1400.0,1200.0,2026-07-28
2026-06-30,on,2026-06-30,AUBANK,0.7002,6701000,4692000,1100.0,1000.0,2026-07-28
2026-06-30,on,2026-06-30,AUROPHARMA,0.9929,3632750,3606900,1600.0,1500.0,2026-07-28
2026-06-30,on,2026-06-30,AXISBANK,0.7083,23550625,16681250,1400.0,1300.0,2026-07-28
2026-06-30,on,2026-06-30,BAJAJ-AUTO,0.7147,1742925,1245600,10000.0,9200.0,2026-07-28
2026-06-30,on,2026-06-30,BAJAJFINSV,0.6604,7258100,4793600,1800.0,1700.0,2026-07-28
2026-06-30,on,2026-06-30,BAJAJHLDNG,1.1943,90950,108625,10500.0,10000.0,2026-07-28
2026-06-30,on,2026-06-30,BAJFINANCE,0.9377,16464000,15438000,1000.0,1000.0,2026-07-28
2026-06-30,on,2026-06-30,BANDHANBNK,0.6398,39769200,25444800,210.0,200.0,2026-07-28
2026-06-30,on,2026-06-30,BANKBARODA,0.9664,47077875,45495450,290.0,265.0,2026-07-28
2026-06-30,on,2026-06-30,BANKINDIA,0.7551,29286400,22115600,150.0,140.0,2026-07-28
2026-06-30,on,2026-06-30,BDL,0.6419,5268600,3381750,1400.0,1300.0,2026-07-28
2026-06-30,on,2026-06-30,BEL,0.6211,60437100,37537350,430.0,410.0,2026-07-28
2026-06-30,on,2026-06-30,BHARATFORG,0.99,2857000,2828500,2200.0,2100.0,2026-07-28
2026-06-30,on,2026-06-30,BHARTIARTL,0.5682,18333100,10416750,1900.0,1860.0,2026-07-28
2026-06-30,on,2026-06-30,BHEL,0.7673,30654750,23522625,420.0,390.0,2026-07-28
2026-06-30,on,2026-06-30,BIOCON,0.5743,21752500,12492500,430.0,390.0,2026-07-28
2026-06-30,on,2026-06-30,BLUESTARCO,0.9222,1470300,1355900,1700.0,1600.0,2026-07-28
2026-06-30,on,2026-06-30,BOSCHLTD,0.991,138725,137475,41000.0,41000.0,2026-07-28
2026-06-30,on,2026-06-30,BPCL,0.6204,26885675,16680850,320.0,300.0,2026-07-28
2026-06-30,on,2026-06-30,BRITANNIA,0.7518,1133750,852375,5300.0,5000.0,2026-07-28
2026-06-30,on,2026-06-30,BSE,0.6966,8750000,6095175,4000.0,3900.0,2026-07-28
2026-06-30,on,2026-06-30,CAMS,0.6026,3826950,2306025,900.0,800.0,2026-07-28
2026-06-30,on,2026-06-30,CANBK,0.7379,114189750,84260250,130.0,125.0,2026-07-28
2026-06-30,on,2026-06-30,CDSL,0.8665,6668525,5778375,1400.0,1300.0,2026-07-28
2026-06-30,on,2026-06-30,CGPOWER,0.943,5366050,5060050,1000.0,900.0,2026-07-28
2026-06-30,on,2026-06-30,CHOLAFIN,1.1167,4183750,4671875,1800.0,1800.0,2026-07-28
2026-06-30,on,2026-06-30,CIPLA,1.0158,6659550,6764925,1500.0,1400.0,2026-07-28
2026-06-30,on,2026-06-30,COALINDIA,0.7448,43830450,32643000,450.0,460.0,2026-07-28
2026-06-30,on,2026-06-30,COCHINSHIP,0.7375,2348400,1732000,1500.0,1400.0,2026-07-28
2026-06-30,on,2026-06-30,COFORGE,0.6369,7959400,5069375,1500.0,1400.0,2026-07-28
2026-06-30,on,2026-06-30,COLPAL,0.7749,1995325,1546250,2100.0,2000.0,2026-07-28
2026-06-30,on,2026-06-30,CONCOR,0.6612,9365000,6192500,500.0,500.0,2026-07-28
2026-06-30,on,2026-06-30,CROMPTON,0.523,12911050,6752500,300.0,250.0,2026-07-28
2026-06-30,on,2026-06-30,CUMMINSIND,0.8793,1151600,1012600,5800.0,5200.0,2026-07-28
2026-06-30,on,2026-06-30,DABUR,0.6084,12805000,7790000,450.0,400.0,2026-07-28
2026-06-30,on,2026-06-30,DALBHARAT,0.8124,1287000,1045525,1800.0,1700.0,2026-07-28
2026-06-30,on,2026-06-30,DELHIVERY,0.5395,14769850,7968000,500.0,470.0,2026-07-28
2026-06-30,on,2026-06-30,DIVISLAB,0.8166,1363100,1113100,7000.0,6600.0,2026-07-28
2026-06-30,on,2026-06-30,DIXON,0.741,1976600,1464650,13000.0,12000.0,2026-07-28
2026-06-30,on,2026-06-30,DLF,0.868,10022175,8698950,650.0,600.0,2026-07-28
2026-06-30,on,2026-06-30,DMART,0.9901,1073550,1062900,4500.0,4100.0,2026-07-28
2026-06-30,on,2026-06-30,DRREDDY,0.6213,12562500,7805625,1400.0,1300.0,2026-07-28
2026-06-30,on,2026-06-30,EICHERMOT,0.6961,2868200,1996600,8000.0,7000.0,2026-07-28
2026-06-30,on,2026-06-30,ETERNAL,0.8126,54252100,44084075,280.0,260.0,2026-07-28
2026-06-30,on,2026-06-30,EXIDEIND,0.5073,20341800,10319400,400.0,390.0,2026-07-28
2026-06-30,on,2026-06-30,FEDERALBNK,0.9804,28722500,28160000,330.0,330.0,2026-07-28
2026-06-30,on,2026-06-30,FORCEMOT,0.5757,152600,87850,20000.0,17000.0,2026-07-28
2026-06-30,on,2026-06-30,FORTIS,0.5574,3127125,1742975,1000.0,840.0,2026-07-28
2026-06-30,on,2026-06-30,GAIL,0.7522,30923850,23261850,190.0,190.0,2026-07-28
2026-06-30,on,2026-06-30,GLENMARK,0.7632,3102750,2368125,2200.0,2200.0,2026-07-28
2026-06-30,on,2026-06-30,GMRAIRPORT,0.6465,81230850,52514775,115.0,110.0,2026-07-28
2026-06-30,on,2026-06-30,GODFRYPHLP,0.6337,675675,428175,2300.0,2200.0,2026-07-28
2026-06-30,on,2026-06-30,GODREJCP,0.663,2486500,1648500,1100.0,960.0,2026-07-28
2026-06-30,on,2026-06-30,GODREJPROP,0.7763,3077775,2389400,2000.0,1700.0,2026-07-28
2026-06-30,on,2026-06-30,GRASIM,0.795,1510000,1200500,3100.0,3100.0,2026-07-28
2026-06-30,on,2026-06-30,GVT&D,0.5117,858125,439125,5500.0,5000.0,2026-07-28
2026-06-30,on,2026-06-30,HAL,0.9041,2952300,2669100,4500.0,4400.0,2026-07-28
2026-06-30,on,2026-06-30,HAVELLS,0.6549,3190000,2089000,1200.0,1150.0,2026-07-28
2026-06-30,on,2026-06-30,HCLTECH,0.5977,14359700,8582150,1100.0,1100.0,2026-07-28
2026-06-30,on,2026-06-30,HDFCAMC,0.8635,1700700,1468500,2700.0,2500.0,2026-07-28
2026-06-30,on,2026-06-30,HDFCBANK,0.8342,86415100,72087250,800.0,800.0,2026-07-28
2026-06-30,on,2026-06-30,HDFCLIFE,0.7735,21921900,16957600,610.0,570.0,2026-07-28
2026-06-30,on,2026-06-30,HEROMOTOCO,0.43,4655100,2001600,5000.0,5000.0,2026-07-28
2026-06-30,on,2026-06-30,HINDALCO,0.568,21572600,12254200,1000.0,960.0,2026-07-28
2026-06-30,on,2026-06-30,HINDPETRO,0.6231,22202100,13834800,400.0,400.0,2026-07-28
2026-06-30,on,2026-06-30,HINDUNILVR,0.5824,8459700,4927200,2200.0,2200.0,2026-07-28
2026-06-30,on,2026-06-30,HINDZINC,0.5914,27255025,16117325,600.0,500.0,2026-07-28
2026-06-30,on,2026-06-30,HYUNDAI,0.6745,1356025,914650,2000.0,1900.0,2026-07-28
2026-06-30,on,2026-06-30,ICICIBANK,0.907,36918000,33485900,1400.0,1400.0,2026-07-28
2026-06-30,on,2026-06-30,ICICIGI,0.7591,1059175,804050,1800.0,1700.0,2026-07-28
2026-06-30,on,2026-06-30,ICICIPRULI,0.7167,5962550,4273500,520.0,500.0,2026-07-28
2026-06-30,on,2026-06-30,IDEA,0.5245,1890370800,991572675,15.0,15.0,2026-07-28
2026-06-30,on,2026-06-30,IDFCFIRSTB,0.9263,102739175,95170775,80.0,80.0,2026-07-28
2026-06-30,on,2026-06-30,IEX,0.674,24339900,16404000,130.0,140.0,2026-07-28
2026-06-30,on,2026-06-30,INDHOTEL,0.9418,5846000,5506000,700.0,700.0,2026-07-28
2026-06-30,on,2026-06-30,INDIANB,0.8522,6664000,5679000,850.0,800.0,2026-07-28
2026-06-30,on,2026-06-30,INDIGO,0.8218,8459550,6952350,5600.0,5000.0,2026-07-28
2026-06-30,on,2026-06-30,INDUSINDBK,0.8248,7273700,5999000,950.0,900.0,2026-07-28
2026-06-30,on,2026-06-30,INDUSTOWER,0.8575,33802800,28985000,410.0,370.0,2026-07-28
2026-06-30,on,2026-06-30,INFY,0.591,77097200,45562800,1100.0,1000.0,2026-07-28
2026-06-30,on,2026-06-30,INOXWIND,0.507,51401825,26058425,100.0,90.0,2026-07-28
2026-06-30,on,2026-06-30,IOC,0.6473,70594875,45698250,150.0,140.0,2026-07-28
2026-06-30,on,2026-06-30,IREDA,0.7865,40375625,31755725,130.0,130.0,2026-07-28
2026-06-30,on,2026-06-30,IRFC,0.6667,82459900,54972850,100.0,90.0,2026-07-28
2026-06-30,on,2026-06-30,ITC,0.5966,134562925,80274225,300.0,290.0,2026-07-28
2026-06-30,on,2026-06-30,JINDALSTEL,0.6794,4940625,3356875,1100.0,1100.0,2026-07-28
2026-06-30,on,2026-06-30,JIOFIN,0.827,49596750,41016900,250.0,280.0,2026-07-28
2026-06-30,on,2026-06-30,JSWENERGY,0.5998,7891050,4732750,580.0,580.0,2026-07-28
2026-06-30,on,2026-06-30,JSWSTEEL,0.7246,4500225,3260925,1250.0,1240.0,2026-07-28
2026-06-30,on,2026-06-30,JUBLFOOD,0.8803,10918750,9611250,500.0,430.0,2026-07-28
2026-06-30,on,2026-06-30,KALYANKJIL,0.8103,13162200,10665275,400.0,380.0,2026-07-28
2026-06-30,on,2026-06-30,KAYNES,0.6419,1224500,785950,3300.0,3000.0,2026-07-28
2026-06-30,on,2026-06-30,KEI,0.8577,736400,631575,5500.0,5300.0,2026-07-28
2026-06-30,on,2026-06-30,KFINTECH,0.5701,4062475,2315850,950.0,800.0,2026-07-28
2026-06-30,on,2026-06-30,KOTAKBANK,0.7776,42830000,33306000,400.0,390.0,2026-07-28
2026-06-30,on,2026-06-30,KPITTECH,0.5999,6359025,3815000,800.0,640.0,2026-07-28
2026-06-30,on,2026-06-30,LAURUSLABS,0.8459,6890950,5829300,1500.0,1400.0,2026-07-28
2026-06-30,on,2026-06-30,LICHSGFIN,0.7117,5511000,3922000,560.0,500.0,2026-07-28
2026-06-30,on,2026-06-30,LICI,0.8996,16034200,14424200,440.0,430.0,2026-07-28
2026-06-30,on,2026-06-30,LODHA,0.7816,3537500,2764975,1000.0,980.0,2026-07-28
2026-06-30,on,2026-06-30,LT,0.7699,8470175,6521200,4300.0,4100.0,2026-07-28
2026-06-30,on,2026-06-30,LTF,0.8213,18587250,15266250,300.0,300.0,2026-07-28
2026-06-30,on,2026-06-30,LTM,0.5937,2269350,1347300,4000.0,3800.0,2026-07-28
2026-06-30,on,2026-06-30,LUPIN,0.9678,2336650,2261425,2400.0,2400.0,2026-07-28
2026-06-30,on,2026-06-30,M&M,0.842,7107600,5984600,3200.0,3100.0,2026-07-28
2026-06-30,on,2026-06-30,MANAPPURAM,0.7983,10707000,8547000,330.0,300.0,2026-07-28
2026-06-30,on,2026-06-30,MANKIND,0.6862,1251325,858700,2600.0,2500.0,2026-07-28
2026-06-30,on,2026-06-30,MARICO,0.5368,6254400,3357600,850.0,780.0,2026-07-28
2026-06-30,on,2026-06-30,MARUTI,0.9491,2632050,2498200,15000.0,13500.0,2026-07-28
2026-06-30,on,2026-06-30,MAXHEALTH,0.7291,6754125,4924500,1160.0,1100.0,2026-07-28
2026-06-30,on,2026-06-30,MAZDOCK,0.7071,2338650,1653700,2600.0,2500.0,2026-07-28
2026-06-30,on,2026-06-30,MCX,0.6447,8489150,5472675,2900.0,2900.0,2026-07-28
2026-06-30,on,2026-06-30,MFSL,0.5355,1488000,796800,1700.0,1420.0,2026-07-28
2026-06-30,on,2026-06-30,MOTHERSON,0.8057,44433750,35799150,150.0,140.0,2026-07-28
2026-06-30,on,2026-06-30,MOTILALOFS,1.0485,2267650,2377700,1000.0,900.0,2026-07-28
2026-06-30,on,2026-06-30,MPHASIS,0.6768,1587850,1074700,2300.0,2200.0,2026-07-28
2026-06-30,on,2026-06-30,MUTHOOTFIN,0.7336,2797850,2052600,3200.0,2850.0,2026-07-28
2026-06-30,on,2026-06-30,NAM-INDIA,1.0405,1590000,1654375,1200.0,1100.0,2026-07-28
2026-06-30,on,2026-06-30,NATIONALUM,0.5964,44600625,26600625,350.0,340.0,2026-07-28
2026-06-30,on,2026-06-30,NAUKRI,0.614,4356950,2674950,1000.0,1000.0,2026-07-28
2026-06-30,on,2026-06-30,NBCC,0.7727,32110000,24810500,110.0,100.0,2026-07-28
2026-06-30,on,2026-06-30,NESTLEIND,0.6789,4136000,2808000,1500.0,1410.0,2026-07-28
2026-06-30,on,2026-06-30,NHPC,1.041,86917750,90482600,88.0,80.0,2026-07-28
2026-06-30,on,2026-06-30,NMDC,0.4648,113258250,52643250,90.0,85.0,2026-07-28
2026-06-30,on,2026-06-30,NTPC,0.4664,62628000,29209500,360.0,360.0,2026-07-28
2026-06-30,on,2026-06-30,NUVAMA,0.9704,1299000,1260500,1800.0,1800.0,2026-07-28
2026-06-30,on,2026-06-30,NYKAA,0.8956,20296875,18178125,310.0,300.0,2026-07-28
2026-06-30,on,2026-06-30,OBEROIRLTY,0.7846,1418200,1112650,1800.0,1800.0,2026-07-28
2026-06-30,on,2026-06-30,OFSS,0.9117,809750,738275,11000.0,10000.0,2026-07-28
2026-06-30,on,2026-06-30,OIL,0.4787,12384400,5929000,450.0,420.0,2026-07-28
2026-06-30,on,2026-06-30,ONGC,0.4652,119274750,55487250,250.0,225.0,2026-07-28
2026-06-30,on,2026-06-30,PAGEIND,0.9921,44880,44525,41000.0,40000.0,2026-07-28
2026-06-30,on,2026-06-30,PATANJALI,0.8629,7190225,6204800,510.0,490.0,2026-07-28
2026-06-30,on,2026-06-30,PAYTM,0.8263,7799550,6444525,1200.0,1100.0,2026-07-28
2026-06-30,on,2026-06-30,PERSISTENT,0.5053,4887225,2469650,5000.0,4500.0,2026-07-28
2026-06-30,on,2026-06-30,PETRONET,0.9531,8781800,8369500,290.0,285.0,2026-07-28
2026-06-30,on,2026-06-30,PFC,0.7048,17953000,12652900,450.0,410.0,2026-07-28
2026-06-30,on,2026-06-30,PGEL,0.6193,9782150,6058150,580.0,500.0,2026-07-28
2026-06-30,on,2026-06-30,PHOENIXLTD,0.6604,1166550,770350,2000.0,1940.0,2026-07-28
2026-06-30,on,2026-06-30,PIDILITIND,0.6363,2124000,1351500,1700.0,1600.0,2026-07-28
2026-06-30,on,2026-06-30,PIIND,0.5587,1609125,898975,2800.0,2600.0,2026-07-28
2026-06-30,on,2026-06-30,PNB,0.8892,106400000,94608000,110.0,110.0,2026-07-28
2026-06-30,on,2026-06-30,PNBHOUSING,0.6522,2446600,1595750,1100.0,1000.0,2026-07-28
2026-06-30,on,2026-06-30,POLICYBZR,0.8357,3099600,2590350,1640.0,1600.0,2026-07-28
2026-06-30,on,2026-06-30,POLYCAB,1.0923,960625,1049250,10000.0,9000.0,2026-07-28
2026-06-30,on,2026-06-30,POWERGRID,0.5338,31971300,17067700,300.0,300.0,2026-07-28
2026-06-30,on,2026-06-30,POWERINDIA,0.7852,334825,262900,35000.0,35000.0,2026-07-28
2026-06-30,on,2026-06-30,PREMIERENE,0.5591,3550500,1985050,1000.0,1000.0,2026-07-28
2026-06-30,on,2026-06-30,PRESTIGE,0.659,2119050,1396350,1600.0,1500.0,2026-07-28
2026-06-30,on,2026-06-30,RADICO,0.9283,299100,277650,4000.0,3700.0,2026-07-28
2026-06-30,on,2026-06-30,RBLBANK,0.6681,20320000,13576300,400.0,350.0,2026-07-28
2026-06-30,on,2026-06-30,RECLTD,0.8937,20722625,18518850,400.0,400.0,2026-07-28
2026-06-30,on,2026-06-30,RELIANCE,0.6443,90305000,58185000,1400.0,1300.0,2026-07-28
2026-06-30,on,2026-06-30,RVNL,0.6156,28764900,17708050,250.0,240.0,2026-07-28
2026-06-30,on,2026-06-30,SAIL,0.5742,23641000,13573600,180.0,170.0,2026-07-28
2026-06-30,on,2026-06-30,SAMMAANCAP,0.5736,25662400,14718900,,,
2026-06-30,on,2026-06-30,SBICARD,0.5371,16241600,8723200,690.0,600.0,2026-07-28
2026-06-30,on,2026-06-30,SBILIFE,0.5467,2526375,1381125,1800.0,1700.0,2026-07-28
2026-06-30,on,2026-06-30,SBIN,0.9083,42278250,38402250,1100.0,1050.0,2026-07-28
2026-06-30,on,2026-06-30,SHREECEM,0.6241,79075,49350,27000.0,26000.0,2026-07-28
2026-06-30,on,2026-06-30,SHRIRAMFIN,0.9082,12954150,11765325,1050.0,1000.0,2026-07-28
2026-06-30,on,2026-06-30,SIEMENS,0.6332,1374975,870625,3800.0,3500.0,2026-07-28
2026-06-30,on,2026-06-30,SOLARINDS,0.8055,288200,232150,18000.0,17000.0,2026-07-28
2026-06-30,on,2026-06-30,SONACOMS,0.8063,5197675,4190725,630.0,620.0,2026-07-28
2026-06-30,on,2026-06-30,SRF,0.6871,1554000,1067800,2800.0,2600.0,2026-07-28
2026-06-30,on,2026-06-30,SUNPHARMA,0.5865,11292050,6623050,1900.0,1800.0,2026-07-28
2026-06-30,on,2026-06-30,SUPREMEIND,0.6932,1124900,779800,3600.0,3000.0,2026-07-28
2026-06-30,on,2026-06-30,SUZLON,0.4843,243882075,118117650,60.0,60.0,2026-07-28
2026-06-30,on,2026-06-30,SWIGGY,0.5821,18206000,10598150,260.0,240.0,2026-07-28
2026-06-30,on,2026-06-30,TATACONSUM,0.4768,6288150,2998050,1200.0,1100.0,2026-07-28
2026-06-30,on,2026-06-30,TATAELXSI,0.6272,1338825,839675,4000.0,4000.0,2026-07-28
2026-06-30,on,2026-06-30,TATAPOWER,0.6017,35899100,21599200,400.0,400.0,2026-07-28
2026-06-30,on,2026-06-30,TATASTEEL,0.5413,119058500,64443500,200.0,190.0,2026-07-28
2026-06-30,on,2026-06-30,TCS,0.6413,32239650,20675100,2200.0,2100.0,2026-07-28
2026-06-30,on,2026-06-30,TECHM,0.6102,10312200,6292200,1500.0,1400.0,2026-07-28
2026-06-30,on,2026-06-30,TIINDIA,0.6717,746800,501600,3300.0,3000.0,2026-07-28
2026-06-30,on,2026-06-30,TITAN,0.894,3621100,3237325,4400.0,4350.0,2026-07-28
2026-06-30,on,2026-06-30,TMPV,0.3802,84920000,32287200,400.0,350.0,2026-07-28
2026-06-30,on,2026-06-30,TORNTPHARM,0.5654,771750,436375,4800.0,4600.0,2026-07-28
2026-06-30,on,2026-06-30,TRENT,0.7619,6248925,4760850,3300.0,3200.0,2026-07-28
2026-06-30,on,2026-06-30,TVSMOTOR,0.7344,2114175,1552600,3600.0,3500.0,2026-07-28
2026-06-30,on,2026-06-30,ULTRACEMCO,0.6359,946400,601800,12000.0,11500.0,2026-07-28
2026-06-30,on,2026-06-30,UNIONBANK,0.7977,29311200,23381700,175.0,160.0,2026-07-28
2026-06-30,on,2026-06-30,UNITDSPR,0.8894,3631600,3230000,1400.0,1400.0,2026-07-28
2026-06-30,on,2026-06-30,UNOMINDA,0.4818,2218150,1068650,1200.0,1080.0,2026-07-28
2026-06-30,on,2026-06-30,UPL,0.5582,15171935,8468750,600.0,600.0,2026-07-28
2026-06-30,on,2026-06-30,VBL,0.3537,20441850,7229850,550.0,500.0,2026-07-28
2026-06-30,on,2026-06-30,VEDL,0.43,69619850,29936800,300.0,280.0,2026-07-28
2026-06-30,on,2026-06-30,VMM,0.5533,10141350,5611450,120.0,115.0,2026-07-28
2026-06-30,on,2026-06-30,VOLTAS,0.6915,4818000,3331875,1400.0,1200.0,2026-07-28
2026-06-30,on,2026-06-30,WAAREEENER,0.4369,2645125,1155700,3200.0,2800.0,2026-07-28
2026-06-30,on,2026-06-30,WIPRO,0.538,165900000,89256000,180.0,170.0,2026-07-28
2026-06-30,on,2026-06-30,YESBANK,0.7004,453686800,317748700,28.0,24.0,2026-07-28
2026-06-30,on,2026-06-30,ZYDUSLIFE,0.735,4347000,3195000,1200.0,1100.0,2026-07-28
2026-06-30,wk,2026-06-23,360ONE,0.7033,1889000,1328500,,,
2026-06-30,wk,2026-06-23,ABB,0.6515,1249375,814000,,,
2026-06-30,wk,2026-06-23,ABCAPITAL,0.8803,18600000,16374200,,,
2026-06-30,wk,2026-06-23,ADANIENSOL,0.4486,7098300,3184650,,,
2026-06-30,wk,2026-06-23,ADANIENT,0.6235,10100592,6298038,,,
2026-06-30,wk,2026-06-23,ADANIGREEN,0.7129,8786400,6263400,,,
2026-06-30,wk,2026-06-23,ADANIPORTS,0.5764,9492875,5471525,,,
2026-06-30,wk,2026-06-23,ADANIPOWER,0.5057,73367850,37101050,,,
2026-06-30,wk,2026-06-23,ALKEM,0.5048,736500,371750,,,
2026-06-30,wk,2026-06-23,AMBER,0.6816,1941600,1323400,,,
2026-06-30,wk,2026-06-23,AMBUJACEM,0.462,25021050,11560650,,,
2026-06-30,wk,2026-06-23,ANGELONE,0.4977,27970000,13920000,,,
2026-06-30,wk,2026-06-23,APLAPOLLO,0.7495,1447600,1085000,,,
2026-06-30,wk,2026-06-23,APOLLOHOSP,0.8211,1479500,1214750,,,
2026-06-30,wk,2026-06-23,ASHOKLEY,0.6278,159620000,100210000,,,
2026-06-30,wk,2026-06-23,ASIANPAINT,0.3794,8727000,3310750,,,
2026-06-30,wk,2026-06-23,ASTRAL,0.4773,3020475,1441600,,,
2026-06-30,wk,2026-06-23,AUBANK,0.6587,6721000,4427000,,,
2026-06-30,wk,2026-06-23,AUROPHARMA,0.707,5078150,3590400,,,
2026-06-30,wk,2026-06-23,AXISBANK,0.7363,24576875,18096250,,,
2026-06-30,wk,2026-06-23,BAJAJ-AUTO,0.5452,2606775,1421325,,,
2026-06-30,wk,2026-06-23,BAJAJFINSV,0.5705,6248600,3564650,,,
2026-06-30,wk,2026-06-23,BAJAJHLDNG,0.8455,128125,108325,,,
2026-06-30,wk,2026-06-23,BAJFINANCE,0.7963,19037250,15159000,,,
2026-06-30,wk,2026-06-23,BANDHANBNK,0.549,42652800,23418000,,,
2026-06-30,wk,2026-06-23,BANKBARODA,0.7928,53980875,42795675,,,
2026-06-30,wk,2026-06-23,BANKINDIA,0.6327,33706400,21325200,,,
2026-06-30,wk,2026-06-23,BDL,0.7495,5407100,4052375,,,
2026-06-30,wk,2026-06-23,BEL,0.5795,62393625,36157950,,,
2026-06-30,wk,2026-06-23,BHARATFORG,0.9699,3540000,3433500,,,
2026-06-30,wk,2026-06-23,BHARTIARTL,0.5854,19380000,11344900,,,
2026-06-30,wk,2026-06-23,BHEL,0.5299,45969000,24360000,,,
2026-06-30,wk,2026-06-23,BIOCON,0.4814,25720000,12382500,,,
2026-06-30,wk,2026-06-23,BLUESTARCO,0.7239,2057575,1489475,,,
2026-06-30,wk,2026-06-23,BOSCHLTD,1.2353,177025,218675,,,
2026-06-30,wk,2026-06-23,BPCL,0.6183,26662500,16485325,,,
2026-06-30,wk,2026-06-23,BRITANNIA,0.6184,1404000,868250,,,
2026-06-30,wk,2026-06-23,BSE,0.5264,14630475,7700825,,,
2026-06-30,wk,2026-06-23,CAMS,0.6691,3824100,2558775,,,
2026-06-30,wk,2026-06-23,CANBK,0.7192,117362250,84402000,,,
2026-06-30,wk,2026-06-23,CDSL,0.691,8353825,5772675,,,
2026-06-30,wk,2026-06-23,CGPOWER,0.7035,6774500,4765950,,,
2026-06-30,wk,2026-06-23,CHOLAFIN,1.2804,3971875,5085625,,,
2026-06-30,wk,2026-06-23,CIPLA,0.8766,7742525,6787425,,,
2026-06-30,wk,2026-06-23,COALINDIA,0.7066,55309500,39079800,,,
2026-06-30,wk,2026-06-23,COCHINSHIP,0.7969,2891600,2304400,,,
2026-06-30,wk,2026-06-23,COFORGE,0.6207,10927025,6782550,,,
2026-06-30,wk,2026-06-23,COLPAL,0.6059,2834425,1717250,,,
2026-06-30,wk,2026-06-23,CONCOR,0.6126,12225000,7488750,,,
2026-06-30,wk,2026-06-23,CROMPTON,0.4855,15627600,7587850,,,
2026-06-30,wk,2026-06-23,CUMMINSIND,0.6882,1673600,1151800,,,
2026-06-30,wk,2026-06-23,DABUR,0.5901,13800000,8143750,,,
2026-06-30,wk,2026-06-23,DALBHARAT,0.8258,1457300,1203475,,,
2026-06-30,wk,2026-06-23,DELHIVERY,0.4817,15778300,7600725,,,
2026-06-30,wk,2026-06-23,DIVISLAB,0.7571,1840300,1393200,,,
2026-06-30,wk,2026-06-23,DIXON,0.6092,2831050,1724650,,,
2026-06-30,wk,2026-06-23,DLF,0.7758,11644525,9033425,,,
2026-06-30,wk,2026-06-23,DMART,0.8525,1460550,1245150,,,
2026-06-30,wk,2026-06-23,DRREDDY,0.4968,10641250,5286250,,,
2026-06-30,wk,2026-06-23,EICHERMOT,0.8063,1980500,1596900,,,
2026-06-30,wk,2026-06-23,ETERNAL,0.6846,65957575,45155925,,,
2026-06-30,wk,2026-06-23,EXIDEIND,0.472,21614400,10202400,,,
2026-06-30,wk,2026-06-23,FEDERALBNK,0.8877,29420000,26115000,,,
2026-06-30,wk,2026-06-23,FORCEMOT,0.3476,291900,101475,,,
2026-06-30,wk,2026-06-23,FORTIS,0.5119,4054025,2075450,,,
2026-06-30,wk,2026-06-23,GAIL,0.6139,35603250,21857350,,,
2026-06-30,wk,2026-06-23,GLENMARK,0.6048,4423875,2675625,,,
2026-06-30,wk,2026-06-23,GMRAIRPORT,0.5551,85639050,47541600,,,
2026-06-30,wk,2026-06-23,GODFRYPHLP,0.376,1105225,415525,,,
2026-06-30,wk,2026-06-23,GODREJCP,0.819,2850500,2334500,,,
2026-06-30,wk,2026-06-23,GODREJPROP,0.6826,3502775,2390975,,,
2026-06-30,wk,2026-06-23,GRASIM,0.711,1818500,1293000,,,
2026-06-30,wk,2026-06-23,GVT&D,0.5792,643125,372500,,,
2026-06-30,wk,2026-06-23,HAL,0.7531,3896700,2934750,,,
2026-06-30,wk,2026-06-23,HAVELLS,0.4862,4508500,2192000,,,
2026-06-30,wk,2026-06-23,HCLTECH,0.5986,15643000,9364100,,,
2026-06-30,wk,2026-06-23,HDFCAMC,0.7487,1839600,1377300,,,
2026-06-30,wk,2026-06-23,HDFCBANK,0.6225,103905150,64677800,,,
2026-06-30,wk,2026-06-23,HDFCLIFE,0.6675,24288000,16212900,,,
2026-06-30,wk,2026-06-23,HEROMOTOCO,0.4588,2804850,1286850,,,
2026-06-30,wk,2026-06-23,HINDALCO,0.4518,26481000,11964400,,,
2026-06-30,wk,2026-06-23,HINDPETRO,0.5483,24510600,13439925,,,
2026-06-30,wk,2026-06-23,HINDUNILVR,0.4463,10240200,4570200,,,
2026-06-30,wk,2026-06-23,HINDZINC,0.547,28257075,15455825,,,
2026-06-30,wk,2026-06-23,HYUNDAI,0.684,1290575,882750,,,
2026-06-30,wk,2026-06-23,ICICIBANK,0.8875,36094800,32034800,,,
2026-06-30,wk,2026-06-23,ICICIGI,0.621,1378975,856375,,,
2026-06-30,wk,2026-06-23,ICICIPRULI,0.7645,6745100,5156875,,,
2026-06-30,wk,2026-06-23,IDEA,0.4742,2008090125,952261425,,,
2026-06-30,wk,2026-06-23,IDFCFIRSTB,0.922,110697125,102062100,,,
2026-06-30,wk,2026-06-23,IEX,0.5635,33297750,18764250,,,
2026-06-30,wk,2026-06-23,INDHOTEL,1.038,6287000,6526000,,,
2026-06-30,wk,2026-06-23,INDIANB,0.9042,6492000,5870000,,,
2026-06-30,wk,2026-06-23,INDIGO,0.8077,7944900,6417000,,,
2026-06-30,wk,2026-06-23,INDUSINDBK,0.7857,8579200,6741000,,,
2026-06-30,wk,2026-06-23,INDUSTOWER,0.7619,31526500,24021000,,,
2026-06-30,wk,2026-06-23,INFY,0.5773,82783200,47789600,,,
2026-06-30,wk,2026-06-23,INOXWIND,0.4256,67511100,28731100,,,
2026-06-30,wk,2026-06-23,IOC,0.602,70658250,42539250,,,
2026-06-30,wk,2026-06-23,IREDA,0.6674,46025475,30715525,,,
2026-06-30,wk,2026-06-23,IRFC,0.6508,49777300,32394800,,,
2026-06-30,wk,2026-06-23,ITC,0.4771,135521050,64652125,,,
2026-06-30,wk,2026-06-23,JINDALSTEL,0.5492,5698125,3129375,,,
2026-06-30,wk,2026-06-23,JIOFIN,0.7068,57591450,40706700,,,
2026-06-30,wk,2026-06-23,JSWENERGY,0.507,11637075,5899850,,,
2026-06-30,wk,2026-06-23,JSWSTEEL,0.613,5312250,3256200,,,
2026-06-30,wk,2026-06-23,JUBLFOOD,0.6793,13678750,9292500,,,
2026-06-30,wk,2026-06-23,KALYANKJIL,0.6987,14531950,10153500,,,
2026-06-30,wk,2026-06-23,KAYNES,0.65,1384650,900050,,,
2026-06-30,wk,2026-06-23,KEI,1.027,804125,825825,,,
2026-06-30,wk,2026-06-23,KFINTECH,0.5554,4246800,2358600,,,
2026-06-30,wk,2026-06-23,KOTAKBANK,0.7661,36574000,28018000,,,
2026-06-30,wk,2026-06-23,KPITTECH,0.811,5322600,4316425,,,
2026-06-30,wk,2026-06-23,LAURUSLABS,0.8441,8205050,6925800,,,
2026-06-30,wk,2026-06-23,LICHSGFIN,0.6199,7182000,4452000,,,
2026-06-30,wk,2026-06-23,LICI,0.7552,20906200,15789200,,,
2026-06-30,wk,2026-06-23,LODHA,0.6138,4817850,2957000,,,
2026-06-30,wk,2026-06-23,LT,0.7427,9108400,6764625,,,
2026-06-30,wk,2026-06-23,LTF,0.7182,22214250,15954750,,,
2026-06-30,wk,2026-06-23,LTM,0.5896,2503950,1476450,,,
2026-06-30,wk,2026-06-23,LUPIN,0.6667,2987325,1991550,,,
2026-06-30,wk,2026-06-23,M&M,0.569,8516000,4845400,,,
2026-06-30,wk,2026-06-23,MANAPPURAM,0.6231,16761000,10443000,,,
2026-06-30,wk,2026-06-23,MANKIND,0.6084,1790975,1089700,,,
2026-06-30,wk,2026-06-23,MARICO,0.527,6170400,3252000,,,
2026-06-30,wk,2026-06-23,MARUTI,0.4671,3077200,1437300,,,
2026-06-30,wk,2026-06-23,MAXHEALTH,0.7615,5984475,4557000,,,
2026-06-30,wk,2026-06-23,MAZDOCK,0.5784,2943500,1702500,,,
2026-06-30,wk,2026-06-23,MCX,0.4543,14750625,6700850,,,
2026-06-30,wk,2026-06-23,MFSL,0.6368,1582800,1008000,,,
2026-06-30,wk,2026-06-23,MOTHERSON,0.6105,47041350,28720500,,,
2026-06-30,wk,2026-06-23,MOTILALOFS,0.7656,3098450,2372275,,,
2026-06-30,wk,2026-06-23,MPHASIS,0.611,1747625,1067825,,,
2026-06-30,wk,2026-06-23,MUTHOOTFIN,0.6622,3398725,2250600,,,
2026-06-30,wk,2026-06-23,NAM-INDIA,0.6298,2007500,1264375,,,
2026-06-30,wk,2026-06-23,NATIONALUM,0.6195,44426250,27523125,,,
2026-06-30,wk,2026-06-23,NAUKRI,0.6393,4913375,3141300,,,
2026-06-30,wk,2026-06-23,NBCC,0.7347,39845000,29276000,,,
2026-06-30,wk,2026-06-23,NESTLEIND,0.6899,4055000,2797500,,,
2026-06-30,wk,2026-06-23,NHPC,0.6656,107117450,71299600,,,
2026-06-30,wk,2026-06-23,NMDC,0.4147,143687250,59589000,,,
2026-06-30,wk,2026-06-23,NTPC,0.3899,68158500,26577000,,,
2026-06-30,wk,2026-06-23,NUVAMA,0.7572,1377500,1043000,,,
2026-06-30,wk,2026-06-23,NYKAA,0.7232,26756250,19350000,,,
2026-06-30,wk,2026-06-23,OBEROIRLTY,0.3816,2102450,802200,,,
2026-06-30,wk,2026-06-23,OFSS,0.6886,871875,600400,,,
2026-06-30,wk,2026-06-23,OIL,0.3653,18659200,6816600,,,
2026-06-30,wk,2026-06-23,ONGC,0.3739,107514000,40203000,,,
2026-06-30,wk,2026-06-23,PAGEIND,0.6429,71740,46125,,,
2026-06-30,wk,2026-06-23,PATANJALI,0.5952,9620125,5726100,,,
2026-06-30,wk,2026-06-23,PAYTM,0.6688,10081850,6743225,,,
2026-06-30,wk,2026-06-23,PERSISTENT,0.5848,2200350,1286775,,,
2026-06-30,wk,2026-06-23,PETRONET,1.021,9946500,10155500,,,
2026-06-30,wk,2026-06-23,PFC,0.6275,19853600,12457900,,,
2026-06-30,wk,2026-06-23,PGEL,0.7486,11179600,8369500,,,
2026-06-30,wk,2026-06-23,PHOENIXLTD,0.4335,1338750,580300,,,
2026-06-30,wk,2026-06-23,PIDILITIND,0.578,2568500,1484500,,,
2026-06-30,wk,2026-06-23,PIIND,0.4563,1615775,737275,,,
2026-06-30,wk,2026-06-23,PNB,0.7439,117288000,87256000,,,
2026-06-30,wk,2026-06-23,PNBHOUSING,0.3755,3903250,1465750,,,
2026-06-30,wk,2026-06-23,POLICYBZR,0.7097,4201050,2981300,,,
2026-06-30,wk,2026-06-23,POLYCAB,1.142,1081875,1235500,,,
2026-06-30,wk,2026-06-23,POWERGRID,0.5309,35011300,18587700,,,
2026-06-30,wk,2026-06-23,POWERINDIA,0.634,550450,349000,,,
2026-06-30,wk,2026-06-23,PREMIERENE,0.4467,4591225,2050925,,,
2026-06-30,wk,2026-06-23,PRESTIGE,0.6948,2504700,1740150,,,
2026-06-30,wk,2026-06-23,RADICO,0.8947,344850,308550,,,
2026-06-30,wk,2026-06-23,RBLBANK,0.6795,22796500,15490825,,,
2026-06-30,wk,2026-06-23,RECLTD,0.7154,23301950,16669100,,,
2026-06-30,wk,2026-06-23,RELIANCE,0.5198,111088500,57744500,,,
2026-06-30,wk,2026-06-23,RVNL,0.431,42943425,18509050,,,
2026-06-30,wk,2026-06-23,SAIL,0.492,31574600,15533500,,,
2026-06-30,wk,2026-06-23,SAMMAANCAP,0.5357,43094600,23086700,,,
2026-06-30,wk,2026-06-23,SBICARD,0.5777,13297600,7682400,,,
2026-06-30,wk,2026-06-23,SBILIFE,0.6263,2833125,1774500,,,
2026-06-30,wk,2026-06-23,SBIN,0.7348,50893500,37395000,,,
2026-06-30,wk,2026-06-23,SHREECEM,0.5912,56075,33150,,,
2026-06-30,wk,2026-06-23,SHRIRAMFIN,0.7036,13737900,9665700,,,
2026-06-30,wk,2026-06-23,SIEMENS,0.6182,1526000,943425,,,
2026-06-30,wk,2026-06-23,SOLARINDS,0.6116,395300,241750,,,
2026-06-30,wk,2026-06-23,SONACOMS,0.6079,5720750,3477775,,,
2026-06-30,wk,2026-06-23,SRF,0.4469,2083000,930800,,,
2026-06-30,wk,2026-06-23,SUNPHARMA,0.5259,11967200,6293700,,,
2026-06-30,wk,2026-06-23,SUPREMEIND,0.4771,800800,382025,,,
2026-06-30,wk,2026-06-23,SUZLON,0.4139,265208675,109759500,,,
2026-06-30,wk,2026-06-23,SWIGGY,0.6067,18819150,11417375,,,
2026-06-30,wk,2026-06-23,TATACONSUM,0.4444,6746850,2998050,,,
2026-06-30,wk,2026-06-23,TATAELXSI,0.5144,1383550,711725,,,
2026-06-30,wk,2026-06-23,TATAPOWER,0.4984,38161100,19021100,,,
2026-06-30,wk,2026-06-23,TATASTEEL,0.4922,125647500,61847500,,,
2026-06-30,wk,2026-06-23,TCS,0.5524,38652900,21352775,,,
2026-06-30,wk,2026-06-23,TECHM,0.5464,12309600,6726000,,,
2026-06-30,wk,2026-06-23,TIINDIA,0.7955,636600,506400,,,
2026-06-30,wk,2026-06-23,TITAN,0.8768,4164825,3651900,,,
2026-06-30,wk,2026-06-23,TMPV,0.384,90169600,34627200,,,
2026-06-30,wk,2026-06-23,TORNTPHARM,0.4712,921875,434375,,,
2026-06-30,wk,2026-06-23,TRENT,0.7303,6965775,5086800,,,
2026-06-30,wk,2026-06-23,TVSMOTOR,0.7156,1993775,1426775,,,
2026-06-30,wk,2026-06-23,ULTRACEMCO,0.5213,1065500,555400,,,
2026-06-30,wk,2026-06-23,UNIONBANK,0.8865,33262725,29488200,,,
2026-06-30,wk,2026-06-23,UNITDSPR,0.8401,3814800,3204800,,,
2026-06-30,wk,2026-06-23,UNOMINDA,0.6229,1897500,1181950,,,
2026-06-30,wk,2026-06-23,UPL,0.4812,13146210,6326495,,,
2026-06-30,wk,2026-06-23,VBL,0.353,23207325,8193000,,,
2026-06-30,wk,2026-06-23,VEDL,0.4022,91057000,36621750,,,
2026-06-30,wk,2026-06-23,VMM,0.6476,10238350,6629950,,,
2026-06-30,wk,2026-06-23,VOLTAS,0.5442,7197750,3916875,,,
2026-06-30,wk,2026-06-23,WAAREEENER,0.3757,3923325,1473850,,,
2026-06-30,wk,2026-06-23,WIPRO,0.4264,218247000,93054000,,,
2026-06-30,wk,2026-06-23,YESBANK,0.7825,443890300,347355900,,,
2026-06-30,wk,2026-06-23,ZYDUSLIFE,0.5808,5034600,2924100,,,
2026-07-28,on,2026-07-28,360ONE,0.5984,2343000,1402000,1260.0,1100.0,2026-08-25
2026-07-28,on,2026-07-28,ABB,0.6847,1549125,1060750,8000.0,7200.0,2026-08-25
2026-07-28,on,2026-07-28,ABCAPITAL,0.7815,13292800,10388100,400.0,370.0,2026-08-25
2026-07-28,on,2026-07-28,ADANIENSOL,0.5036,7005825,3528225,1700.0,1600.0,2026-08-25
2026-07-28,on,2026-07-28,ADANIENT,0.7465,6534114,4877565,3200.0,3200.0,2026-08-25
2026-07-28,on,2026-07-28,ADANIGREEN,0.6091,11473200,6988800,1400.0,1400.0,2026-08-25
2026-07-28,on,2026-07-28,ADANIPORTS,0.7217,6620075,4778025,1840.0,1700.0,2026-08-25
2026-07-28,on,2026-07-28,ADANIPOWER,0.7029,56246200,39532800,220.0,210.0,2026-08-25
2026-07-28,on,2026-07-28,ALKEM,0.5008,245125,122750,6300.0,5600.0,2026-08-25
2026-07-28,on,2026-07-28,AMBER,0.857,1127600,966400,7500.0,6800.0,2026-08-25
2026-07-28,on,2026-07-28,AMBUJACEM,0.5886,18372000,10813200,430.0,500.0,2026-08-25
2026-07-28,on,2026-07-28,ANGELONE,0.5313,28210000,14987500,320.0,300.0,2026-08-25
2026-07-28,on,2026-07-28,APLAPOLLO,1.0128,1200500,1215900,1840.0,1720.0,2026-08-25
2026-07-28,on,2026-07-28,APOLLOHOSP,0.8938,740625,662000,9000.0,8500.0,2026-08-25
2026-07-28,on,2026-07-28,ASHOKLEY,0.8592,70565000,60630000,160.0,150.0,2026-08-25
2026-07-28,on,2026-07-28,ASIANPAINT,0.9571,3578000,3424500,2800.0,2560.0,2026-08-25
2026-07-28,on,2026-07-28,ASTRAL,0.7938,2691525,2136475,1500.0,1400.0,2026-08-25
2026-07-28,on,2026-07-28,AUBANK,0.9118,7461000,6803000,1100.0,1000.0,2026-08-25
2026-07-28,on,2026-07-28,AUROPHARMA,0.6954,3765300,2618550,1600.0,1500.0,2026-08-25
2026-07-28,on,2026-07-28,AXISBANK,0.6004,35322500,21208750,1300.0,1200.0,2026-08-25
2026-07-28,on,2026-07-28,BAJAJ-AUTO,1.5257,1572075,2398500,11500.0,10400.0,2026-08-25
2026-07-28,on,2026-07-28,BAJAJFINSV,0.8478,5241900,4443900,2000.0,1800.0,2026-08-25
2026-07-28,on,2026-07-28,BAJAJHLDNG,0.5373,110700,59475,11000.0,10500.0,2026-08-25
2026-07-28,on,2026-07-28,BAJFINANCE,0.94,16455000,15468000,1000.0,1000.0,2026-08-25
2026-07-28,on,2026-07-28,BANDHANBNK,0.5251,98110800,51519600,200.0,160.0,2026-08-25
2026-07-28,on,2026-07-28,BANKBARODA,0.7952,75137400,59751900,250.0,250.0,2026-08-25
2026-07-28,on,2026-07-28,BANKINDIA,0.8465,45848400,38812800,140.0,140.0,2026-08-25
2026-07-28,on,2026-07-28,BDL,0.738,4782100,3529200,1300.0,1200.0,2026-08-25
2026-07-28,on,2026-07-28,BEL,0.5719,68127825,38959500,410.0,400.0,2026-08-25
2026-07-28,on,2026-07-28,BHARATFORG,0.8461,2293500,1940500,2200.0,2100.0,2026-08-25
2026-07-28,on,2026-07-28,BHARTIARTL,0.5602,15336800,8591800,1900.0,1900.0,2026-08-25
2026-07-28,on,2026-07-28,BHEL,0.6714,48202875,32363625,420.0,400.0,2026-08-25
2026-07-28,on,2026-07-28,BIOCON,0.7767,25182500,19560000,450.0,410.0,2026-08-25
2026-07-28,on,2026-07-28,BLUESTARCO,0.7141,1544725,1103050,1700.0,1500.0,2026-08-25
2026-07-28,on,2026-07-28,BOSCHLTD,0.7409,110675,82000,42000.0,39000.0,2026-08-25
2026-07-28,on,2026-07-28,BPCL,1.0119,15598550,15784200,330.0,320.0,2026-08-25
2026-07-28,on,2026-07-28,BRITANNIA,0.9053,641500,580750,5400.0,5300.0,2026-08-25
2026-07-28,on,2026-07-28,BSE,0.7283,6261000,4560000,3800.0,3500.0,2026-08-25
2026-07-28,on,2026-07-28,CAMS,0.6799,4125825,2805000,900.0,700.0,2026-08-25
2026-07-28,on,2026-07-28,CANBK,0.6917,132408000,91584000,130.0,130.0,2026-08-25
2026-07-28,on,2026-07-28,CDSL,0.7902,6413925,5068250,1400.0,1300.0,2026-08-25
2026-07-28,on,2026-07-28,CGPOWER,0.4973,11688350,5812300,900.0,800.0,2026-08-25
2026-07-28,on,2026-07-28,CHOLAFIN,0.7029,4328750,3042500,1800.0,1700.0,2026-08-25
2026-07-28,on,2026-07-28,CIPLA,0.7149,7237750,5174375,1500.0,1350.0,2026-08-25
2026-07-28,on,2026-07-28,COALINDIA,0.6217,38584350,23989500,430.0,430.0,2026-08-25
2026-07-28,on,2026-07-28,COCHINSHIP,0.7067,3108000,2196400,1400.0,1400.0,2026-08-25
2026-07-28,on,2026-07-28,COFORGE,0.8063,9648675,7780025,1600.0,1500.0,2026-08-25
2026-07-28,on,2026-07-28,COLPAL,0.7927,1833700,1453650,2100.0,2100.0,2026-08-25
2026-07-28,on,2026-07-28,CONCOR,1.3622,6677500,9096250,500.0,500.0,2026-08-25
2026-07-28,on,2026-07-28,CROMPTON,0.4699,14362000,6748850,280.0,250.0,2026-08-25
2026-07-28,on,2026-07-28,CUMMINSIND,0.8058,848600,683800,6000.0,5200.0,2026-08-25
2026-07-28,on,2026-07-28,DABUR,0.625,13210000,8256250,450.0,430.0,2026-08-25
2026-07-28,on,2026-07-28,DALBHARAT,0.9389,761150,714675,1900.0,1800.0,2026-08-25
2026-07-28,on,2026-07-28,DELHIVERY,0.5833,21783350,12707300,500.0,500.0,2026-08-25
2026-07-28,on,2026-07-28,DIVISLAB,1.464,1211400,1773500,7500.0,7100.0,2026-08-25
2026-07-28,on,2026-07-28,DIXON,0.8764,1680750,1472950,14500.0,13000.0,2026-08-25
2026-07-28,on,2026-07-28,DLF,0.766,11499750,8809350,660.0,660.0,2026-08-25
2026-07-28,on,2026-07-28,DMART,0.6449,2823300,1820850,4000.0,3800.0,2026-08-25
2026-07-28,on,2026-07-28,DRREDDY,0.5358,22385625,11993125,1150.0,1150.0,2026-08-25
2026-07-28,on,2026-07-28,EICHERMOT,0.9928,2115800,2100500,8000.0,7000.0,2026-08-25
2026-07-28,on,2026-07-28,ETERNAL,0.8652,73341700,63457400,300.0,290.0,2026-08-25
2026-07-28,on,2026-07-28,EXIDEIND,0.5606,11962800,6706800,,,
2026-07-28,on,2026-07-28,FEDERALBNK,0.9044,30880000,27927500,355.0,350.0,2026-08-25
2026-07-28,on,2026-07-28,FORCEMOT,0.6501,212275,138000,18000.0,15000.0,2026-08-25
2026-07-28,on,2026-07-28,FORTIS,0.6937,2152950,1493425,1000.0,900.0,2026-08-25
2026-07-28,on,2026-07-28,GAIL,0.7735,27331450,21140250,180.0,190.0,2026-08-25
2026-07-28,on,2026-07-28,GLENMARK,0.8062,1977750,1594500,2300.0,2200.0,2026-08-25
2026-07-28,on,2026-07-28,GMRAIRPORT,0.6156,50024700,30794625,115.0,110.0,2026-08-25
2026-07-28,on,2026-07-28,GODFRYPHLP,0.6484,1523775,988075,2100.0,2100.0,2026-08-25
2026-07-28,on,2026-07-28,GODREJCP,0.5851,1803000,1055000,1100.0,1060.0,2026-08-25
2026-07-28,on,2026-07-28,GODREJPROP,0.8018,2805400,2249325,2300.0,2000.0,2026-08-25
2026-07-28,on,2026-07-28,GRASIM,0.6623,2072250,1372500,3200.0,3100.0,2026-08-25
2026-07-28,on,2026-07-28,GVT&D,0.9035,892375,806250,4500.0,3800.0,2026-08-25
2026-07-28,on,2026-07-28,HAL,0.8038,2464350,1980900,5000.0,4600.0,2026-08-25
2026-07-28,on,2026-07-28,HAVELLS,0.7168,3928500,2816000,1300.0,1200.0,2026-08-25
2026-07-28,on,2026-07-28,HCLTECH,0.8817,12888400,11363200,1300.0,1200.0,2026-08-25
2026-07-28,on,2026-07-28,HDFCAMC,0.7824,3132900,2451300,2600.0,2500.0,2026-08-25
2026-07-28,on,2026-07-28,HDFCBANK,0.475,177396050,84261450,800.0,750.0,2026-08-25
2026-07-28,on,2026-07-28,HDFCLIFE,0.6,22047300,13228600,600.0,520.0,2026-08-25
2026-07-28,on,2026-07-28,HEROMOTOCO,0.8057,2324400,1872750,5200.0,5000.0,2026-08-25
2026-07-28,on,2026-07-28,HINDALCO,0.6851,15465100,10595900,960.0,900.0,2026-08-25
2026-07-28,on,2026-07-28,HINDPETRO,1.0246,14383575,14737950,400.0,400.0,2026-08-25
2026-07-28,on,2026-07-28,HINDUNILVR,0.6366,15798300,10057800,2200.0,2100.0,2026-08-25
2026-07-28,on,2026-07-28,HINDZINC,0.7417,17196550,12754700,550.0,500.0,2026-08-25
2026-07-28,on,2026-07-28,HYUNDAI,0.8163,1817750,1483900,2000.0,1900.0,2026-08-25
2026-07-28,on,2026-07-28,ICICIBANK,0.7677,31222100,23968700,1450.0,1400.0,2026-08-25
2026-07-28,on,2026-07-28,ICICIGI,0.9253,2437500,2255500,1800.0,1600.0,2026-08-25
2026-07-28,on,2026-07-28,ICICIPRULI,0.8447,7178000,6063375,520.0,500.0,2026-08-25
2026-07-28,on,2026-07-28,IDEA,0.4653,1804314900,839545350,15.0,13.0,2026-08-25
2026-07-28,on,2026-07-28,IDFCFIRSTB,0.7701,143938725,110845525,90.0,85.0,2026-08-25
2026-07-28,on,2026-07-28,IEX,0.7884,29845350,23529150,130.0,140.0,2026-08-25
2026-07-28,on,2026-07-28,INDHOTEL,0.7732,5273000,4077000,750.0,700.0,2026-08-25
2026-07-28,on,2026-07-28,INDIANB,0.8006,8361000,6694000,900.0,820.0,2026-08-25
2026-07-28,on,2026-07-28,INDIGO,1.0103,3350550,3385200,5500.0,5000.0,2026-08-25
2026-07-28,on,2026-07-28,INDUSINDBK,0.8569,11122300,9530500,1000.0,1000.0,2026-08-25
2026-07-28,on,2026-07-28,INDUSTOWER,0.6136,28041500,17205700,400.0,400.0,2026-08-25
2026-07-28,on,2026-07-28,INFY,0.7905,59542000,47068000,1100.0,1100.0,2026-08-25
2026-07-28,on,2026-07-28,INOXWIND,0.6377,42982400,27411200,80.0,80.0,2026-08-25
2026-07-28,on,2026-07-28,IOC,0.8682,59036250,51255750,150.0,140.0,2026-08-25
2026-07-28,on,2026-07-28,IREDA,0.7747,35724875,27674900,120.0,120.0,2026-08-25
2026-07-28,on,2026-07-28,IRFC,0.7214,72651600,52410925,90.0,90.0,2026-08-25
2026-07-28,on,2026-07-28,ITC,0.7079,94902600,67180125,290.0,290.0,2026-08-25
2026-07-28,on,2026-07-28,JINDALSTEL,0.8764,3448125,3021875,1100.0,1100.0,2026-08-25
2026-07-28,on,2026-07-28,JIOFIN,0.6657,75033150,49949250,240.0,240.0,2026-08-25
2026-07-28,on,2026-07-28,JSWENERGY,0.6236,8488200,5293300,600.0,600.0,2026-08-25
2026-07-28,on,2026-07-28,JSWSTEEL,0.7488,5632875,4218075,1300.0,1200.0,2026-08-25
2026-07-28,on,2026-07-28,JUBLFOOD,0.9186,9121250,8378750,430.0,500.0,2026-08-25
2026-07-28,on,2026-07-28,KALYANKJIL,1.1956,31519800,37685250,600.0,500.0,2026-08-25
2026-07-28,on,2026-07-28,KAYNES,0.8687,792600,688500,3200.0,3200.0,2026-08-25
2026-07-28,on,2026-07-28,KEI,0.6551,653100,427875,4900.0,4900.0,2026-08-25
2026-07-28,on,2026-07-28,KFINTECH,1.0645,2984250,3176875,1000.0,900.0,2026-08-25
2026-07-28,on,2026-07-28,KOTAKBANK,0.6883,55288000,38052000,405.0,370.0,2026-08-25
2026-07-28,on,2026-07-28,KPITTECH,0.6954,11111175,7726750,600.0,600.0,2026-08-25
2026-07-28,on,2026-07-28,LAURUSLABS,0.9161,11775050,10787350,1800.0,1600.0,2026-08-25
2026-07-28,on,2026-07-28,LICHSGFIN,0.7752,6450000,5000000,600.0,500.0,2026-08-25
2026-07-28,on,2026-07-28,LICI,0.5695,13132000,7478800,450.0,420.0,2026-08-25
2026-07-28,on,2026-07-28,LODHA,0.8072,6198125,5003125,1300.0,1200.0,2026-08-25
2026-07-28,on,2026-07-28,LT,0.6506,11904550,7744800,4000.0,3800.0,2026-08-25
2026-07-28,on,2026-07-28,LTF,0.58,26232750,15214500,300.0,300.0,2026-08-25
2026-07-28,on,2026-07-28,LTM,0.9204,1248000,1148700,4500.0,4000.0,2026-08-25
2026-07-28,on,2026-07-28,LUPIN,0.8744,2186200,1911650,2500.0,2400.0,2026-08-25
2026-07-28,on,2026-07-28,M&M,0.8376,7188000,6020800,3200.0,3200.0,2026-08-25
2026-07-28,on,2026-07-28,MANAPPURAM,0.8431,12579000,10605000,360.0,350.0,2026-08-25
2026-07-28,on,2026-07-28,MANKIND,0.7574,781000,591500,2600.0,2500.0,2026-08-25
2026-07-28,on,2026-07-28,MARICO,0.6808,5300400,3608400,900.0,870.0,2026-08-25
2026-07-28,on,2026-07-28,MARUTI,0.5887,2328600,1370750,14000.0,13000.0,2026-08-25
2026-07-28,on,2026-07-28,MAXHEALTH,0.5473,4430475,2424975,1100.0,1100.0,2026-08-25
2026-07-28,on,2026-07-28,MAZDOCK,0.7958,2408175,1916325,2500.0,2200.0,2026-08-25
2026-07-28,on,2026-07-28,MCX,0.7725,5105250,3943800,2800.0,2800.0,2026-08-25
2026-07-28,on,2026-07-28,MFSL,0.5117,1586800,812000,1600.0,1460.0,2026-08-25
2026-07-28,on,2026-07-28,MOTHERSON,0.8504,40091850,34095600,150.0,140.0,2026-08-25
2026-07-28,on,2026-07-28,MOTILALOFS,0.4449,5024325,2235100,900.0,820.0,2026-08-25
2026-07-28,on,2026-07-28,MPHASIS,0.7667,1538350,1179475,2400.0,2200.0,2026-08-25
2026-07-28,on,2026-07-28,MUTHOOTFIN,0.6893,2466200,1700050,3100.0,2800.0,2026-08-25
2026-07-28,on,2026-07-28,NAM-INDIA,0.6476,1816250,1176250,1200.0,1100.0,2026-08-25
2026-07-28,on,2026-07-28,NATIONALUM,0.6636,25961250,17227500,350.0,340.0,2026-08-25
2026-07-28,on,2026-07-28,NAUKRI,0.7158,4519350,3235100,1300.0,1180.0,2026-08-25
2026-07-28,on,2026-07-28,NBCC,0.5132,34339500,17621500,100.0,100.0,2026-08-25
2026-07-28,on,2026-07-28,NESTLEIND,0.5976,5864000,3504500,1500.0,1470.0,2026-08-25
2026-07-28,on,2026-07-28,NHPC,0.5721,72919400,41713900,80.0,75.0,2026-08-25
2026-07-28,on,2026-07-28,NMDC,0.6834,63726750,43551000,90.0,80.0,2026-08-25
2026-07-28,on,2026-07-28,NTPC,0.4059,49668000,20161500,350.0,330.0,2026-08-25
2026-07-28,on,2026-07-28,NUVAMA,0.6103,1020000,622500,,,
2026-07-28,on,2026-07-28,NYKAA,1.0013,9981250,9993750,330.0,300.0,2026-08-25
2026-07-28,on,2026-07-28,OBEROIRLTY,0.5917,2751000,1627850,1900.0,1800.0,2026-08-25
2026-07-28,on,2026-07-28,OFSS,0.8324,1237100,1029800,12000.0,10500.0,2026-08-25
2026-07-28,on,2026-07-28,OIL,0.6205,8363600,5189800,450.0,450.0,2026-08-25
2026-07-28,on,2026-07-28,ONGC,0.5607,66568500,37327500,250.0,230.0,2026-08-25
2026-07-28,on,2026-07-28,PAGEIND,0.5181,82220,42600,41000.0,40000.0,2026-08-25
2026-07-28,on,2026-07-28,PATANJALI,0.712,12791425,9107400,350.0,350.0,2026-08-25
2026-07-28,on,2026-07-28,PAYTM,0.6006,16791000,10084025,1300.0,1200.0,2026-08-25
2026-07-28,on,2026-07-28,PERSISTENT,0.9182,1998125,1834625,5500.0,5000.0,2026-08-25
2026-07-28,on,2026-07-28,PETRONET,1.1026,10427200,11496900,280.0,275.0,2026-08-25
2026-07-28,on,2026-07-28,PFC,0.688,15018900,10333700,430.0,400.0,2026-08-25
2026-07-28,on,2026-07-28,PGEL,0.6042,7923950,4788000,640.0,600.0,2026-08-25
2026-07-28,on,2026-07-28,PHOENIXLTD,0.7194,862050,620200,2100.0,2000.0,2026-08-25
2026-07-28,on,2026-07-28,PIDILITIND,0.6199,1464000,907500,1700.0,1620.0,2026-08-25
2026-07-28,on,2026-07-28,PIIND,0.7752,1226050,950425,3000.0,2700.0,2026-08-25
2026-07-28,on,2026-07-28,PNB,0.8468,111664000,94552000,115.0,110.0,2026-08-25
2026-07-28,on,2026-07-28,PNBHOUSING,0.6487,2535000,1644500,1100.0,1040.0,2026-08-25
2026-07-28,on,2026-07-28,POLICYBZR,0.922,2154250,1986250,1600.0,1600.0,2026-08-25
2026-07-28,on,2026-07-28,POLYCAB,0.8356,1939375,1620500,9500.0,9000.0,2026-08-25
2026-07-28,on,2026-07-28,POWERGRID,0.6469,23651200,15298800,290.0,290.0,2026-08-25
2026-07-28,on,2026-07-28,POWERINDIA,0.8257,290050,239500,31000.0,28000.0,2026-08-25
2026-07-28,on,2026-07-28,PREMIERENE,0.7452,2941250,2191800,1000.0,1000.0,2026-08-25
2026-07-28,on,2026-07-28,PRESTIGE,0.6366,1484550,945000,1600.0,1600.0,2026-08-25
2026-07-28,on,2026-07-28,RADICO,0.6008,637200,382800,4300.0,4000.0,2026-08-25
2026-07-28,on,2026-07-28,RBLBANK,0.6461,17249775,11144250,370.0,330.0,2026-08-25
2026-07-28,on,2026-07-28,RECLTD,0.9389,15320025,14384475,380.0,360.0,2026-08-25
2026-07-28,on,2026-07-28,RELIANCE,0.6837,80531500,55057500,1300.0,1300.0,2026-08-25
2026-07-28,on,2026-07-28,RVNL,0.7454,20855450,15546300,250.0,220.0,2026-08-25
2026-07-28,on,2026-07-28,SAIL,0.5913,22837300,13503100,170.0,160.0,2026-08-25
2026-07-28,on,2026-07-28,SBICARD,0.8351,8808000,7356000,700.0,600.0,2026-08-25
2026-07-28,on,2026-07-28,SBILIFE,0.8177,2731125,2233125,1900.0,1800.0,2026-08-25
2026-07-28,on,2026-07-28,SBIN,0.927,43498500,40324500,1050.0,1000.0,2026-08-25
2026-07-28,on,2026-07-28,SHREECEM,0.7341,57250,42025,28000.0,26000.0,2026-08-25
2026-07-28,on,2026-07-28,SHRIRAMFIN,0.6438,11016225,7092525,1040.0,1000.0,2026-08-25
2026-07-28,on,2026-07-28,SIEMENS,0.6887,1159725,798700,4000.0,3600.0,2026-08-25
2026-07-28,on,2026-07-28,SOLARINDS,0.9675,225950,218600,19000.0,17000.0,2026-08-25
2026-07-28,on,2026-07-28,SONACOMS,0.8934,7656250,6840400,730.0,700.0,2026-08-25
2026-07-28,on,2026-07-28,SRF,0.4633,4184600,1938800,2900.0,2700.0,2026-08-25
2026-07-28,on,2026-07-28,SUNPHARMA,0.8034,8735650,7018550,2000.0,1860.0,2026-08-25
2026-07-28,on,2026-07-28,SUPREMEIND,0.7948,953400,757750,3500.0,3000.0,2026-08-25
2026-07-28,on,2026-07-28,SUZLON,0.361,320128900,115557300,60.0,50.0,2026-08-25
2026-07-28,on,2026-07-28,SWIGGY,0.9101,19589550,17828425,300.0,240.0,2026-08-25
2026-07-28,on,2026-07-28,TATACONSUM,0.6757,5854750,3956150,1100.0,1100.0,2026-08-25
2026-07-28,on,2026-07-28,TATAELXSI,0.573,2594625,1486625,4000.0,3500.0,2026-08-25
2026-07-28,on,2026-07-28,TATAPOWER,0.761,35140750,26743800,400.0,380.0,2026-08-25
2026-07-28,on,2026-07-28,TATASTEEL,0.7,89746250,62823750,200.0,200.0,2026-08-25
2026-07-28,on,2026-07-28,TCS,0.9265,21136500,19582200,2400.0,2800.0,2026-08-25
2026-07-28,on,2026-07-28,TECHM,0.7547,9445800,7128600,1600.0,1500.0,2026-08-25
2026-07-28,on,2026-07-28,TIINDIA,0.5427,527000,286000,3000.0,2700.0,2026-08-25
2026-07-28,on,2026-07-28,TITAN,0.9933,3857525,3831625,5000.0,4700.0,2026-08-25
2026-07-28,on,2026-07-28,TMPV,0.5469,66254400,36236800,330.0,330.0,2026-08-25
2026-07-28,on,2026-07-28,TORNTPHARM,0.774,853875,660875,5000.0,5000.0,2026-08-25
2026-07-28,on,2026-07-28,TRENT,0.6109,6522975,3985200,2900.0,2900.0,2026-08-25
2026-07-28,on,2026-07-28,TVSMOTOR,0.7757,2807700,2177875,4000.0,3900.0,2026-08-25
2026-07-28,on,2026-07-28,ULTRACEMCO,0.515,860050,442900,12000.0,12000.0,2026-08-25
2026-07-28,on,2026-07-28,UNIONBANK,0.7575,47356350,35873475,180.0,170.0,2026-08-25
2026-07-28,on,2026-07-28,UNITDSPR,1.2265,3190000,3912400,1500.0,1500.0,2026-08-25
2026-07-28,on,2026-07-28,UNOMINDA,0.7306,1717100,1254550,1200.0,1100.0,2026-08-25
2026-07-28,on,2026-07-28,UPL,0.7405,10120495,7494505,600.0,600.0,2026-08-25
2026-07-28,on,2026-07-28,VBL,0.4036,37426350,15104925,500.0,400.0,2026-08-25
2026-07-28,on,2026-07-28,VEDL,0.5728,37731500,21613100,260.0,260.0,2026-08-25
2026-07-28,on,2026-07-28,VMM,0.5591,15544250,8691200,110.0,110.0,2026-08-25
2026-07-28,on,2026-07-28,VOLTAS,0.967,2757375,2666250,1400.0,1300.0,2026-08-25
2026-07-28,on,2026-07-28,WAAREEENER,0.7007,2326275,1629950,3000.0,2700.0,2026-08-25
2026-07-28,on,2026-07-28,WIPRO,0.6985,84039000,58704000,180.0,170.0,2026-08-25
2026-07-28,on,2026-07-28,YESBANK,0.3903,737381000,287799400,24.0,23.0,2026-08-25
2026-07-28,on,2026-07-28,ZYDUSLIFE,0.6717,3276000,2200500,1200.0,1100.0,2026-08-25
2026-07-28,wk,2026-07-21,360ONE,0.7665,2848000,2183000,,,
2026-07-28,wk,2026-07-21,ABB,0.7216,2204625,1590750,,,
2026-07-28,wk,2026-07-21,ABCAPITAL,0.6921,15456600,10698100,,,
2026-07-28,wk,2026-07-21,ADANIENSOL,0.4404,8388225,3694275,,,
2026-07-28,wk,2026-07-21,ADANIENT,0.6597,7818009,5157210,,,
2026-07-28,wk,2026-07-21,ADANIGREEN,0.7034,8121000,5712000,,,
2026-07-28,wk,2026-07-21,ADANIPORTS,0.6514,7399075,4819825,,,
2026-07-28,wk,2026-07-21,ADANIPOWER,0.6359,68671200,43668550,,,
2026-07-28,wk,2026-07-21,ALKEM,0.4037,449625,181500,,,
2026-07-28,wk,2026-07-21,AMBER,0.8061,1348800,1087300,,,
2026-07-28,wk,2026-07-21,AMBUJACEM,0.5331,17200800,9170400,,,
2026-07-28,wk,2026-07-21,ANGELONE,0.4437,34175000,15165000,,,
2026-07-28,wk,2026-07-21,APLAPOLLO,0.7986,1452500,1159900,,,
2026-07-28,wk,2026-07-21,APOLLOHOSP,0.9151,1168625,1069375,,,
2026-07-28,wk,2026-07-21,ASHOKLEY,0.7002,97580000,68330000,,,
2026-07-28,wk,2026-07-21,ASIANPAINT,0.8598,4425500,3805250,,,
2026-07-28,wk,2026-07-21,ASTRAL,0.7203,3167100,2281400,,,
2026-07-28,wk,2026-07-21,AUBANK,0.7136,9193000,6560000,,,
2026-07-28,wk,2026-07-21,AUROPHARMA,0.563,4533650,2552550,,,
2026-07-28,wk,2026-07-21,AXISBANK,0.5177,39050625,20216875,,,
2026-07-28,wk,2026-07-21,BAJAJ-AUTO,0.6086,2709000,1648575,,,
2026-07-28,wk,2026-07-21,BAJAJFINSV,0.7685,6102000,4689300,,,
2026-07-28,wk,2026-07-21,BAJAJHLDNG,0.4873,133125,64875,,,
2026-07-28,wk,2026-07-21,BAJFINANCE,0.9186,18849000,17314500,,,
2026-07-28,wk,2026-07-21,BANDHANBNK,0.5932,59900400,35532000,,,
2026-07-28,wk,2026-07-21,BANKBARODA,0.7574,74254050,56238975,,,
2026-07-28,wk,2026-07-21,BANKINDIA,0.8581,42411200,36394800,,,
2026-07-28,wk,2026-07-21,BDL,0.4226,8295575,3505825,,,
2026-07-28,wk,2026-07-21,BEL,0.6414,55128975,35357100,,,
2026-07-28,wk,2026-07-21,BHARATFORG,0.7729,2802500,2166000,,,
2026-07-28,wk,2026-07-21,BHARTIARTL,0.4996,20858675,10420075,,,
2026-07-28,wk,2026-07-21,BHEL,0.596,71578500,42664125,,,
2026-07-28,wk,2026-07-21,BIOCON,0.821,35002500,28737500,,,
2026-07-28,wk,2026-07-21,BLUESTARCO,0.6901,2269800,1566500,,,
2026-07-28,wk,2026-07-21,BOSCHLTD,0.5966,177125,105675,,,
2026-07-28,wk,2026-07-21,BPCL,0.7669,23931075,18353675,,,
2026-07-28,wk,2026-07-21,BRITANNIA,0.7925,761500,603500,,,
2026-07-28,wk,2026-07-21,BSE,0.5922,8181600,4845400,,,
2026-07-28,wk,2026-07-21,CAMS,0.5023,5440050,2732400,,,
2026-07-28,wk,2026-07-21,CANBK,0.7468,122937750,91806750,,,
2026-07-28,wk,2026-07-21,CDSL,0.6143,9392650,5770300,,,
2026-07-28,wk,2026-07-21,CGPOWER,0.6337,10519600,6666550,,,
2026-07-28,wk,2026-07-21,CHOLAFIN,0.6745,4199375,2832500,,,
2026-07-28,wk,2026-07-21,CIPLA,0.6567,7265375,4771050,,,
2026-07-28,wk,2026-07-21,COALINDIA,0.6632,38673450,25648650,,,
2026-07-28,wk,2026-07-21,COCHINSHIP,0.617,4690000,2893600,,,
2026-07-28,wk,2026-07-21,COFORGE,0.506,9830125,4973725,,,
2026-07-28,wk,2026-07-21,COLPAL,0.685,2372700,1625250,,,
2026-07-28,wk,2026-07-21,CONCOR,0.7654,8745000,6693750,,,
2026-07-28,wk,2026-07-21,CROMPTON,0.3912,15168250,5934000,,,
2026-07-28,wk,2026-07-21,CUMMINSIND,0.6917,1250600,865000,,,
2026-07-28,wk,2026-07-21,DABUR,0.5865,15228750,8931250,,,
2026-07-28,wk,2026-07-21,DALBHARAT,0.7663,1364025,1045200,,,
2026-07-28,wk,2026-07-21,DELHIVERY,0.5618,26879550,15099775,,,
2026-07-28,wk,2026-07-21,DIVISLAB,1.0719,1764400,1891200,,,
2026-07-28,wk,2026-07-21,DIXON,0.7802,2443250,1906200,,,
2026-07-28,wk,2026-07-21,DLF,0.6373,15767150,10049100,,,
2026-07-28,wk,2026-07-21,DMART,0.3566,4486350,1600050,,,
2026-07-28,wk,2026-07-21,DRREDDY,0.4598,22550000,10367500,,,
2026-07-28,wk,2026-07-21,EICHERMOT,0.958,2063000,1976300,,,
2026-07-28,wk,2026-07-21,ETERNAL,0.5818,82425750,47954375,,,
2026-07-28,wk,2026-07-21,EXIDEIND,0.6309,20539800,12958200,,,
2026-07-28,wk,2026-07-21,FEDERALBNK,1.0639,38410000,40865000,,,
2026-07-28,wk,2026-07-21,FORCEMOT,0.4949,205550,101725,,,
2026-07-28,wk,2026-07-21,FORTIS,0.5445,2829525,1540700,,,
2026-07-28,wk,2026-07-21,GAIL,0.6389,33547500,21434900,,,
2026-07-28,wk,2026-07-21,GLENMARK,0.5924,2387625,1414500,,,
2026-07-28,wk,2026-07-21,GMRAIRPORT,0.5485,61170750,33549750,,,
2026-07-28,wk,2026-07-21,GODFRYPHLP,0.7675,735625,564575,,,
2026-07-28,wk,2026-07-21,GODREJCP,0.6474,2522500,1633000,,,
2026-07-28,wk,2026-07-21,GODREJPROP,0.8829,3600350,3178825,,,
2026-07-28,wk,2026-07-21,GRASIM,0.5091,2885000,1468750,,,
2026-07-28,wk,2026-07-21,GVT&D,0.6761,1199125,810750,,,
2026-07-28,wk,2026-07-21,HAL,0.6979,3270000,2282100,,,
2026-07-28,wk,2026-07-21,HAVELLS,0.7504,5972500,4481500,,,
2026-07-28,wk,2026-07-21,HCLTECH,0.7318,16266800,11904400,,,
2026-07-28,wk,2026-07-21,HDFCAMC,0.6061,4599300,2787600,,,
2026-07-28,wk,2026-07-21,HDFCBANK,0.4688,171172950,80250950,,,
2026-07-28,wk,2026-07-21,HDFCLIFE,0.6241,23085700,14406700,,,
2026-07-28,wk,2026-07-21,HEROMOTOCO,0.6039,3373050,2037000,,,
2026-07-28,wk,2026-07-21,HINDALCO,0.5614,19605600,11006800,,,
2026-07-28,wk,2026-07-21,HINDPETRO,0.8175,20381625,16661700,,,
2026-07-28,wk,2026-07-21,HINDUNILVR,0.7256,8437200,6122400,,,
2026-07-28,wk,2026-07-21,HINDZINC,0.5652,23311750,13176100,,,
2026-07-28,wk,2026-07-21,HYUNDAI,0.6007,2301475,1382425,,,
2026-07-28,wk,2026-07-21,ICICIBANK,0.8578,33047000,28347900,,,
2026-07-28,wk,2026-07-21,ICICIGI,0.6435,4177550,2688400,,,
2026-07-28,wk,2026-07-21,ICICIPRULI,0.5504,13139625,7231650,,,
2026-07-28,wk,2026-07-21,IDEA,0.4512,1882722975,849551850,,,
2026-07-28,wk,2026-07-21,IDFCFIRSTB,0.8621,97860525,84365400,,,
2026-07-28,wk,2026-07-21,IEX,0.6607,35643900,23550900,,,
2026-07-28,wk,2026-07-21,INDHOTEL,0.7224,8971000,6481000,,,
2026-07-28,wk,2026-07-21,INDIANB,0.728,10984000,7996000,,,
2026-07-28,wk,2026-07-21,INDIGO,0.8537,3522600,3007350,,,
2026-07-28,wk,2026-07-21,INDUSINDBK,1.0083,10299800,10385200,,,
2026-07-28,wk,2026-07-21,INDUSTOWER,0.7316,24837000,18169600,,,
2026-07-28,wk,2026-07-21,INFY,0.7228,62240800,44988400,,,
2026-07-28,wk,2026-07-21,INOXWIND,0.5643,49369600,27859200,,,
2026-07-28,wk,2026-07-21,IOC,0.7187,72189000,51879750,,,
2026-07-28,wk,2026-07-21,IREDA,0.6786,37901400,25720100,,,
2026-07-28,wk,2026-07-21,IRFC,0.6111,86306325,52741850,,,
2026-07-28,wk,2026-07-21,ITC,0.6023,101072925,60876975,,,
2026-07-28,wk,2026-07-21,JINDALSTEL,0.694,4780000,3317500,,,
2026-07-28,wk,2026-07-21,JIOFIN,0.4943,110398300,54574050,,,
2026-07-28,wk,2026-07-21,JSWENERGY,0.7207,9350350,6739175,,,
2026-07-28,wk,2026-07-21,JSWSTEEL,0.7801,7248825,5655150,,,
2026-07-28,wk,2026-07-21,JUBLFOOD,0.7478,11692500,8743750,,,
2026-07-28,wk,2026-07-21,KALYANKJIL,1.3991,42520950,59493150,,,
2026-07-28,wk,2026-07-21,KAYNES,0.5795,1249350,724050,,,
2026-07-28,wk,2026-07-21,KEI,0.4477,1084650,485625,,,
2026-07-28,wk,2026-07-21,KFINTECH,0.6792,3652975,2481125,,,
2026-07-28,wk,2026-07-21,KOTAKBANK,0.5535,70620000,39086000,,,
2026-07-28,wk,2026-07-21,KPITTECH,0.4408,18715475,8250650,,,
2026-07-28,wk,2026-07-21,LAURUSLABS,0.7342,8527200,6260250,,,
2026-07-28,wk,2026-07-21,LICHSGFIN,0.6031,7601000,4584000,,,
2026-07-28,wk,2026-07-21,LICI,0.609,13906200,8468600,,,
2026-07-28,wk,2026-07-21,LODHA,0.8657,5404375,4678750,,,
2026-07-28,wk,2026-07-21,LT,0.4531,14631400,6629700,,,
2026-07-28,wk,2026-07-21,LTF,0.4755,36972000,17581500,,,
2026-07-28,wk,2026-07-21,LTM,0.7598,1821300,1383900,,,
2026-07-28,wk,2026-07-21,LUPIN,0.8458,2439075,2062950,,,
2026-07-28,wk,2026-07-21,M&M,0.7125,7546800,5377000,,,
2026-07-28,wk,2026-07-21,MANAPPURAM,0.8262,15054000,12438000,,,
2026-07-28,wk,2026-07-21,MANKIND,0.6296,1383000,870750,,,
2026-07-28,wk,2026-07-21,MARICO,0.6571,6838800,4494000,,,
2026-07-28,wk,2026-07-21,MARUTI,0.4469,3663400,1637200,,,
2026-07-28,wk,2026-07-21,MAXHEALTH,0.487,5507775,2682225,,,
2026-07-28,wk,2026-07-21,MAZDOCK,0.5539,3631725,2011725,,,
2026-07-28,wk,2026-07-21,MCX,0.5822,7511175,4372875,,,
2026-07-28,wk,2026-07-21,MFSL,0.5684,1835200,1043200,,,
2026-07-28,wk,2026-07-21,MOTHERSON,0.6453,58923150,38025450,,,
2026-07-28,wk,2026-07-21,MOTILALOFS,0.4318,2640425,1140025,,,
2026-07-28,wk,2026-07-21,MPHASIS,0.6735,1676125,1128875,,,
2026-07-28,wk,2026-07-21,MUTHOOTFIN,0.5713,2938925,1678875,,,
2026-07-28,wk,2026-07-21,NAM-INDIA,0.6963,1806875,1258125,,,
2026-07-28,wk,2026-07-21,NATIONALUM,0.6522,29853750,19470000,,,
2026-07-28,wk,2026-07-21,NAUKRI,0.6165,8036600,4954950,,,
2026-07-28,wk,2026-07-21,NBCC,0.4528,49055500,22210500,,,
2026-07-28,wk,2026-07-21,NESTLEIND,0.6285,5815500,3655000,,,
2026-07-28,wk,2026-07-21,NHPC,0.5771,83830900,48378950,,,
2026-07-28,wk,2026-07-21,NMDC,0.6154,81486000,50145750,,,
2026-07-28,wk,2026-07-21,NTPC,0.3804,50286000,19129500,,,
2026-07-28,wk,2026-07-21,NUVAMA,0.5311,1494000,793500,,,
2026-07-28,wk,2026-07-21,NYKAA,0.9933,13450000,13359375,,,
2026-07-28,wk,2026-07-21,OBEROIRLTY,0.5853,3838800,2247000,,,
2026-07-28,wk,2026-07-21,OFSS,0.6526,1175400,767100,,,
2026-07-28,wk,2026-07-21,OIL,0.5861,9805600,5747000,,,
2026-07-28,wk,2026-07-21,ONGC,0.4876,68924250,33606000,,,
2026-07-28,wk,2026-07-21,PAGEIND,0.4243,140900,59780,,,
2026-07-28,wk,2026-07-21,PATANJALI,0.7312,20635700,15089775,,,
2026-07-28,wk,2026-07-21,PAYTM,0.4546,26843125,12202475,,,
2026-07-28,wk,2026-07-21,PERSISTENT,0.9657,2394750,2312625,,,
2026-07-28,wk,2026-07-21,PETRONET,0.857,10028200,8593700,,,
2026-07-28,wk,2026-07-21,PFC,0.5688,19432400,11052600,,,
2026-07-28,wk,2026-07-21,PGEL,0.8641,7199100,6220600,,,
2026-07-28,wk,2026-07-21,PHOENIXLTD,0.5276,1235850,652050,,,
2026-07-28,wk,2026-07-21,PIDILITIND,0.5903,1697500,1002000,,,
2026-07-28,wk,2026-07-21,PIIND,0.6458,1367975,883400,,,
2026-07-28,wk,2026-07-21,PNB,0.8273,142224000,117656000,,,
2026-07-28,wk,2026-07-21,PNBHOUSING,0.5407,2804750,1516450,,,
2026-07-28,wk,2026-07-21,POLICYBZR,0.7622,3168200,2414650,,,
2026-07-28,wk,2026-07-21,POLYCAB,0.5898,4300250,2536375,,,
2026-07-28,wk,2026-07-21,POWERGRID,0.5364,25465700,13659100,,,
2026-07-28,wk,2026-07-21,POWERINDIA,0.6868,543500,373300,,,
2026-07-28,wk,2026-07-21,PREMIERENE,0.5517,4474600,2468700,,,
2026-07-28,wk,2026-07-21,PRESTIGE,0.5135,2159100,1108800,,,
2026-07-28,wk,2026-07-21,RADICO,0.7078,445050,315000,,,
2026-07-28,wk,2026-07-21,RBLBANK,0.5593,25654000,14347825,,,
2026-07-28,wk,2026-07-21,RECLTD,0.7257,18704700,13574925,,,
2026-07-28,wk,2026-07-21,RELIANCE,0.5442,89356000,48630000,,,
2026-07-28,wk,2026-07-21,RVNL,0.5842,25677575,14999600,,,
2026-07-28,wk,2026-07-21,SAIL,0.5285,29125900,15392500,,,
2026-07-28,wk,2026-07-21,SBICARD,0.5766,14569600,8400800,,,
2026-07-28,wk,2026-07-21,SBILIFE,0.7444,3050250,2270625,,,
2026-07-28,wk,2026-07-21,SBIN,0.7594,49860000,37865250,,,
2026-07-28,wk,2026-07-21,SHREECEM,0.7388,70925,52400,,,
2026-07-28,wk,2026-07-21,SHRIRAMFIN,0.6602,11196900,7392000,,,
2026-07-28,wk,2026-07-21,SIEMENS,0.5386,1732500,933100,,,
2026-07-28,wk,2026-07-21,SOLARINDS,0.93,422050,392500,,,
2026-07-28,wk,2026-07-21,SONACOMS,0.8222,9178925,7547225,,,
2026-07-28,wk,2026-07-21,SRF,0.6457,2320600,1498400,,,
2026-07-28,wk,2026-07-21,SUNPHARMA,0.5347,11445000,6120100,,,
2026-07-28,wk,2026-07-21,SUPREMEIND,0.7057,1092875,771225,,,
2026-07-28,wk,2026-07-21,SUZLON,0.3457,294703500,101892100,,,
2026-07-28,wk,2026-07-21,SWIGGY,0.6143,21487550,13200225,,,
2026-07-28,wk,2026-07-21,TATACONSUM,0.7403,5603400,4148100,,,
2026-07-28,wk,2026-07-21,TATAELXSI,0.467,4174375,1949500,,,
2026-07-28,wk,2026-07-21,TATAPOWER,0.9164,27869000,25540300,,,
2026-07-28,wk,2026-07-21,TATASTEEL,0.5641,105349750,59427500,,,
2026-07-28,wk,2026-07-21,TCS,0.8357,25503300,21312000,,,
2026-07-28,wk,2026-07-21,TECHM,0.7479,12370800,9252600,,,
2026-07-28,wk,2026-07-21,TIINDIA,0.5246,597000,313200,,,
2026-07-28,wk,2026-07-21,TITAN,0.8989,4269650,3837925,,,
2026-07-28,wk,2026-07-21,TMPV,0.4721,78939200,37264000,,,
2026-07-28,wk,2026-07-21,TORNTPHARM,0.8801,995250,875875,,,
2026-07-28,wk,2026-07-21,TRENT,0.5658,9723825,5502150,,,
2026-07-28,wk,2026-07-21,TVSMOTOR,0.6315,4280325,2703050,,,
2026-07-28,wk,2026-07-21,ULTRACEMCO,0.4731,1697100,802850,,,
2026-07-28,wk,2026-07-21,UNIONBANK,0.7143,61923450,44232300,,,
2026-07-28,wk,2026-07-21,UNITDSPR,0.9124,2881200,2628800,,,
2026-07-28,wk,2026-07-21,UNOMINDA,0.5396,2069100,1116500,,,
2026-07-28,wk,2026-07-21,UPL,0.6347,12934830,8209945,,,
2026-07-28,wk,2026-07-21,VBL,0.4541,25443900,11555325,,,
2026-07-28,wk,2026-07-21,VEDL,0.4903,52640100,25810600,,,
2026-07-28,wk,2026-07-21,VMM,0.472,13696400,6465050,,,
2026-07-28,wk,2026-07-21,VOLTAS,0.8335,3721500,3102000,,,
2026-07-28,wk,2026-07-21,WAAREEENER,0.5322,3342325,1778875,,,
2026-07-28,wk,2026-07-21,WIPRO,0.6177,124953000,77181000,,,
2026-07-28,wk,2026-07-21,YESBANK,0.4115,761576800,313394700,,,
2026-07-28,wk,2026-07-21,ZYDUSLIFE,0.5788,4363200,2525400,,,
2026-08-25,on,2026-08-25,360ONE,0.8091,1964000,1589000,1200.0,1200.0,2026-09-29
2026-08-25,on,2026-08-25,ABB,0.6168,1106125,682250,8000.0,7500.0,2026-09-29
2026-08-25,on,2026-08-25,ABCAPITAL,0.8153,18634100,15193100,420.0,400.0,2026-09-29
2026-08-25,on,2026-08-25,ADANIENSOL,0.5255,5156325,2709450,1600.0,1600.0,2026-09-29
2026-08-25,on,2026-08-25,ADANIENT,0.8085,4588959,3710163,3100.0,3000.0,2026-09-29
2026-08-25,on,2026-08-25,ADANIGREEN,0.6835,7936200,5424000,1400.0,1500.0,2026-09-29
2026-08-25,on,2026-08-25,ADANIPORTS,0.7051,9073450,6397300,1700.0,1600.0,2026-09-29
2026-08-25,on,2026-08-25,ADANIPOWER,0.6502,43838950,28502950,210.0,210.0,2026-09-29
2026-08-25,on,2026-08-25,ALKEM,0.4613,608000,280500,6000.0,5300.0,2026-09-29
2026-08-25,on,2026-08-25,AMBER,0.7389,891900,659000,7500.0,7500.0,2026-09-29
2026-08-25,on,2026-08-25,AMBUJACEM,0.5898,20115600,11864400,410.0,500.0,2026-09-29
2026-08-25,on,2026-08-25,ANGELONE,0.772,22252500,17180000,300.0,280.0,2026-09-29
2026-08-25,on,2026-08-25,APLAPOLLO,0.5673,2007600,1138900,2200.0,2100.0,2026-09-29
2026-08-25,on,2026-08-25,APOLLOHOSP,0.6563,1306375,857375,9000.0,8500.0,2026-09-29
2026-08-25,on,2026-08-25,ASHOKLEY,0.8035,80395000,64595000,180.0,165.0,2026-09-29
2026-08-25,on,2026-08-25,ASIANPAINT,0.6619,4450000,2945500,3000.0,2700.0,2026-09-29
2026-08-25,on,2026-08-25,ASTRAL,0.6002,2889150,1734000,1600.0,1500.0,2026-09-29
2026-08-25,on,2026-08-25,AUBANK,0.8408,6683000,5619000,1140.0,1100.0,2026-09-29
2026-08-25,on,2026-08-25,AUROPHARMA,0.6639,3550800,2357300,1660.0,1660.0,2026-09-29
2026-08-25,on,2026-08-25,AXISBANK,0.737,20782500,15316250,1240.0,1240.0,2026-09-29
2026-08-25,on,2026-08-25,BAJAJ-AUTO,1.0449,1017150,1062825,12000.0,11500.0,2026-09-29
2026-08-25,on,2026-08-25,BAJAJFINSV,0.4808,7896900,3796800,2100.0,1900.0,2026-09-29
2026-08-25,on,2026-08-25,BAJAJHLDNG,0.962,102675,98775,11500.0,11500.0,2026-09-29
2026-08-25,on,2026-08-25,BAJFINANCE,0.705,21196500,14943000,1100.0,1100.0,2026-09-29
2026-08-25,on,2026-08-25,BANDHANBNK,0.6823,32407200,22111200,180.0,180.0,2026-09-29
2026-08-25,on,2026-08-25,BANKBARODA,0.9855,51585300,50836500,250.0,240.0,2026-09-29
2026-08-25,on,2026-08-25,BANKINDIA,0.8471,28423200,24076000,145.0,140.0,2026-09-29
2026-08-25,on,2026-08-25,BDL,0.7562,6201175,4689450,1400.0,1300.0,2026-09-29
2026-08-25,on,2026-08-25,BEL,0.8128,46236975,37580100,420.0,410.0,2026-09-29
2026-08-25,on,2026-08-25,BHARATFORG,0.6312,5979500,3774000,2100.0,1900.0,2026-09-29
2026-08-25,on,2026-08-25,BHARTIARTL,0.5208,17214950,8965625,2000.0,2000.0,2026-09-29
2026-08-25,on,2026-08-25,BHEL,0.6853,31140375,21341250,420.0,400.0,2026-09-29
2026-08-25,on,2026-08-25,BIOCON,0.7961,24750000,19702500,420.0,420.0,2026-09-29
2026-08-25,on,2026-08-25,BLUESTARCO,0.8077,1840800,1486875,1500.0,1500.0,2026-09-29
2026-08-25,on,2026-08-25,BOSCHLTD,0.8659,315975,273600,50000.0,48000.0,2026-09-29
2026-08-25,on,2026-08-25,BPCL,0.8241,11443150,9430625,320.0,315.0,2026-09-29
2026-08-25,on,2026-08-25,BRITANNIA,0.6643,1313250,872375,5400.0,5300.0,2026-09-29
2026-08-25,on,2026-08-25,BSE,0.6178,11351800,7012800,3500.0,3300.0,2026-09-29
2026-08-25,on,2026-08-25,CAMS,0.6492,6327750,4107675,800.0,750.0,2026-09-29
2026-08-25,on,2026-08-25,CANBK,0.8993,75660750,68040000,140.0,130.0,2026-09-29
2026-08-25,on,2026-08-25,CDSL,0.7498,6873250,5153275,1400.0,1400.0,2026-09-29
2026-08-25,on,2026-08-25,CGPOWER,0.7064,6970850,4924050,840.0,840.0,2026-09-29
2026-08-25,on,2026-08-25,CHOLAFIN,0.6904,3241875,2238125,1800.0,1800.0,2026-09-29
2026-08-25,on,2026-08-25,CIPLA,0.6537,5753650,3761250,1480.0,1360.0,2026-09-29
2026-08-25,on,2026-08-25,COALINDIA,0.702,37592100,26391150,400.0,400.0,2026-09-29
2026-08-25,on,2026-08-25,COCHINSHIP,0.6826,3178800,2170000,1600.0,1500.0,2026-09-29
2026-08-25,on,2026-08-25,COFORGE,0.9304,6465225,6014925,1900.0,1800.0,2026-09-29
2026-08-25,on,2026-08-25,COLPAL,0.7753,3421000,2652375,1900.0,1900.0,2026-09-29
2026-08-25,on,2026-08-25,CONCOR,0.5976,8591250,5133750,530.0,550.0,2026-09-29
2026-08-25,on,2026-08-25,CROMPTON,0.6131,25339900,15535900,250.0,250.0,2026-09-29
2026-08-25,on,2026-08-25,CUMMINSIND,0.6465,1458400,942800,5200.0,5200.0,2026-09-29
2026-08-25,on,2026-08-25,DABUR,0.5794,19266250,11163750,400.0,400.0,2026-09-29
2026-08-25,on,2026-08-25,DALBHARAT,0.6563,702650,461175,,,
2026-08-25,on,2026-08-25,DELHIVERY,0.5572,16751475,9333350,500.0,420.0,2026-09-29
2026-08-25,on,2026-08-25,DIVISLAB,1.0224,1125700,1150900,9000.0,8000.0,2026-09-29
2026-08-25,on,2026-08-25,DIXON,0.6949,2029450,1410200,15000.0,13000.0,2026-09-29
2026-08-25,on,2026-08-25,DLF,0.6519,11169150,7280800,700.0,650.0,2026-09-29
2026-08-25,on,2026-08-25,DMART,0.7492,1353450,1014000,4000.0,4000.0,2026-09-29
2026-08-25,on,2026-08-25,DRREDDY,0.7865,8991875,7072500,1200.0,1200.0,2026-09-29
2026-08-25,on,2026-08-25,EICHERMOT,0.766,1758900,1347300,9000.0,7500.0,2026-09-29
2026-08-25,on,2026-08-25,ETERNAL,0.7171,66525025,47704600,340.0,330.0,2026-09-29
2026-08-25,on,2026-08-25,FEDERALBNK,0.83,23177500,19237500,360.0,350.0,2026-09-29
2026-08-25,on,2026-08-25,FORCEMOT,0.4964,180600,89650,19000.0,17000.0,2026-09-29
2026-08-25,on,2026-08-25,FORTIS,1.2386,3258100,4035425,950.0,900.0,2026-09-29
2026-08-25,on,2026-08-25,GAIL,0.538,44776150,24090300,175.0,190.0,2026-09-29
2026-08-25,on,2026-08-25,GLENMARK,0.7555,2449500,1850625,2400.0,2200.0,2026-09-29
2026-08-25,on,2026-08-25,GMRAIRPORT,0.6702,60717375,40692150,105.0,95.0,2026-09-29
2026-08-25,on,2026-08-25,GODFRYPHLP,0.641,1082400,693825,2200.0,2200.0,2026-09-29
2026-08-25,on,2026-08-25,GODREJCP,0.7849,8755000,6872000,1000.0,930.0,2026-09-29
2026-08-25,on,2026-08-25,GODREJPROP,0.7076,2440425,1726725,2200.0,2000.0,2026-09-29
2026-08-25,on,2026-08-25,GRASIM,0.6028,3478500,2097000,3300.0,3300.0,2026-09-29
2026-08-25,on,2026-08-25,GVT&D,0.4391,1099000,482625,4200.0,4000.0,2026-09-29
2026-08-25,on,2026-08-25,HAL,0.7143,4014000,2867250,5000.0,5000.0,2026-09-29
2026-08-25,on,2026-08-25,HAVELLS,0.6725,2616500,1759500,1300.0,1200.0,2026-09-29
2026-08-25,on,2026-08-25,HCLTECH,0.7319,6083200,4452000,1360.0,1300.0,2026-09-29
2026-08-25,on,2026-08-25,HDFCAMC,1.0359,1347000,1395300,2600.0,2600.0,2026-09-29
2026-08-25,on,2026-08-25,HDFCBANK,0.5982,163766200,97971250,730.0,730.0,2026-09-29
2026-08-25,on,2026-08-25,HDFCLIFE,0.7787,20394000,15881800,550.0,550.0,2026-09-29
2026-08-25,on,2026-08-25,HEROMOTOCO,0.7989,1888200,1508400,5800.0,5700.0,2026-09-29
2026-08-25,on,2026-08-25,HINDALCO,0.7971,12761000,10172400,1100.0,1000.0,2026-09-29
2026-08-25,on,2026-08-25,HINDPETRO,0.825,12893175,10637325,370.0,370.0,2026-09-29
2026-08-25,on,2026-08-25,HINDUNILVR,0.6229,10876800,6775200,2100.0,2100.0,2026-09-29
2026-08-25,on,2026-08-25,HINDZINC,0.6787,26915700,18268425,600.0,600.0,2026-09-29
2026-08-25,on,2026-08-25,HYUNDAI,0.7012,1849100,1296625,2300.0,2100.0,2026-09-29
2026-08-25,on,2026-08-25,ICICIBANK,0.7288,28072800,20458200,1440.0,1400.0,2026-09-29
2026-08-25,on,2026-08-25,ICICIGI,0.6825,1961375,1338675,1700.0,1640.0,2026-09-29
2026-08-25,on,2026-08-25,ICICIPRULI,0.8777,5285450,4638875,520.0,500.0,2026-09-29
2026-08-25,on,2026-08-25,IDEA,0.7746,1438077000,1113937875,15.0,14.0,2026-09-29
2026-08-25,on,2026-08-25,IDFCFIRSTB,0.7807,132317150,103295675,90.0,85.0,2026-09-29
2026-08-25,on,2026-08-25,IEX,0.6186,26896050,16638750,125.0,125.0,2026-09-29
2026-08-25,on,2026-08-25,INDHOTEL,0.7811,5405000,4222000,730.0,730.0,2026-09-29
2026-08-25,on,2026-08-25,INDIANB,0.9761,4947000,4829000,900.0,850.0,2026-09-29
2026-08-25,on,2026-08-25,INDIGO,0.5696,3389100,1930350,5500.0,5200.0,2026-09-29
2026-08-25,on,2026-08-25,INDUSINDBK,0.7337,5196800,3812900,1020.0,1000.0,2026-09-29
2026-08-25,on,2026-08-25,INDUSTOWER,0.7675,21273800,16326800,400.0,380.0,2026-09-29
2026-08-25,on,2026-08-25,INFY,0.6788,33382400,22661200,1200.0,1100.0,2026-09-29
2026-08-25,on,2026-08-25,INOXWIND,0.616,55212800,34009600,75.0,75.0,2026-09-29
2026-08-25,on,2026-08-25,IOC,0.8385,44001750,36894000,140.0,140.0,2026-09-29
2026-08-25,on,2026-08-25,IREDA,0.8342,38000950,31702150,120.0,100.0,2026-09-29
2026-08-25,on,2026-08-25,IRFC,0.7586,65496025,49682150,90.0,90.0,2026-09-29
2026-08-25,on,2026-08-25,ITC,0.5336,146650875,78252900,270.0,270.0,2026-09-29
2026-08-25,on,2026-08-25,JINDALSTEL,0.9755,3723125,3631875,1160.0,1100.0,2026-09-29
2026-08-25,on,2026-08-25,JIOFIN,0.5709,129896250,74163650,250.0,240.0,2026-09-29
2026-08-25,on,2026-08-25,JSWENERGY,0.7823,6912250,5407250,560.0,600.0,2026-09-29
2026-08-25,on,2026-08-25,JSWSTEEL,0.835,5294700,4421250,1320.0,1300.0,2026-09-29
2026-08-25,on,2026-08-25,JUBLFOOD,0.7096,12046250,8547500,520.0,500.0,2026-09-29
2026-08-25,on,2026-08-25,KALYANKJIL,0.6726,24972300,16796700,600.0,600.0,2026-09-29
2026-08-25,on,2026-08-25,KAYNES,0.813,1520250,1236000,4000.0,3700.0,2026-09-29
2026-08-25,on,2026-08-25,KEI,0.8441,834925,704725,5600.0,5000.0,2026-09-29
2026-08-25,on,2026-08-25,KFINTECH,0.5223,5462500,2853150,1000.0,900.0,2026-09-29
2026-08-25,on,2026-08-25,KOTAKBANK,0.7987,40526000,32368000,420.0,380.0,2026-09-29
2026-08-25,on,2026-08-25,KPITTECH,0.5127,11311125,5799325,600.0,600.0,2026-09-29
2026-08-25,on,2026-08-25,LAURUSLABS,0.8434,9546350,8051200,2000.0,1800.0,2026-09-29
2026-08-25,on,2026-08-25,LICHSGFIN,0.9034,12325000,11135000,500.0,500.0,2026-09-29
2026-08-25,on,2026-08-25,LICI,0.9617,23597000,22692600,420.0,400.0,2026-09-29
2026-08-25,on,2026-08-25,LODHA,0.9084,4265000,3874375,1300.0,1100.0,2026-09-29
2026-08-25,on,2026-08-25,LT,0.8324,5819450,4844175,4100.0,4100.0,2026-09-29
2026-08-25,on,2026-08-25,LTF,0.9427,23249250,21917250,330.0,300.0,2026-09-29
2026-08-25,on,2026-08-25,LTM,0.7322,1154400,845250,4500.0,4500.0,2026-09-29
2026-08-25,on,2026-08-25,LUPIN,0.4967,7100050,3526650,2200.0,2200.0,2026-09-29
2026-08-25,on,2026-08-25,M&M,0.5677,6353200,3606800,3600.0,3200.0,2026-09-29
2026-08-25,on,2026-08-25,MANAPPURAM,0.8535,14787000,12621000,370.0,360.0,2026-09-29
2026-08-25,on,2026-08-25,MANKIND,0.89,1113250,990750,2400.0,2200.0,2026-09-29
2026-08-25,on,2026-08-25,MARICO,0.6378,6438000,4106400,850.0,860.0,2026-09-29
2026-08-25,on,2026-08-25,MARUTI,0.4417,2071300,914850,14000.0,13500.0,2026-09-29
2026-08-25,on,2026-08-25,MAXHEALTH,0.6169,5945625,3667650,1000.0,1000.0,2026-09-29
2026-08-25,on,2026-08-25,MAZDOCK,0.7063,2749050,1941525,2600.0,2500.0,2026-09-29
2026-08-25,on,2026-08-25,MCX,1.0112,5519250,5580900,3300.0,3000.0,2026-09-29
2026-08-25,on,2026-08-25,MFSL,0.5816,1969600,1145600,1600.0,1600.0,2026-09-29
2026-08-25,on,2026-08-25,MOTHERSON,0.8732,46118850,40270200,180.0,160.0,2026-09-29
2026-08-25,on,2026-08-25,MOTILALOFS,0.7897,3737050,2951200,1000.0,1000.0,2026-09-29
2026-08-25,on,2026-08-25,MPHASIS,0.6392,1179750,754050,2500.0,2400.0,2026-09-29
2026-08-25,on,2026-08-25,MUTHOOTFIN,0.8969,4397250,3944050,3200.0,3000.0,2026-09-29
2026-08-25,on,2026-08-25,NAM-INDIA,0.8637,1746875,1508750,1300.0,1200.0,2026-09-29
2026-08-25,on,2026-08-25,NATIONALUM,0.7505,30708750,23045625,420.0,360.0,2026-09-29
2026-08-25,on,2026-08-25,NAUKRI,0.6393,3853300,2463450,1460.0,1300.0,2026-09-29
2026-08-25,on,2026-08-25,NBCC,0.4573,41671500,19058000,90.0,90.0,2026-09-29
2026-08-25,on,2026-08-25,NESTLEIND,0.5956,4111000,2448500,1500.0,1400.0,2026-09-29
2026-08-25,on,2026-08-25,NHPC,0.6653,48921050,32546850,80.0,75.0,2026-09-29
2026-08-25,on,2026-08-25,NMDC,0.6928,63875250,44253000,90.0,85.0,2026-09-29
2026-08-25,on,2026-08-25,NTPC,0.4693,44412000,20841000,340.0,340.0,2026-09-29
2026-08-25,on,2026-08-25,NYKAA,0.4979,13125000,6534375,350.0,330.0,2026-09-29
2026-08-25,on,2026-08-25,OBEROIRLTY,0.7326,2566900,1880550,2000.0,1900.0,2026-09-29
2026-08-25,on,2026-08-25,OFSS,0.6818,832300,567500,12000.0,10500.0,2026-09-29
2026-08-25,on,2026-08-25,OIL,0.6167,5957000,3673600,500.0,490.0,2026-09-29
2026-08-25,on,2026-08-25,ONGC,0.5762,52503750,30253500,240.0,240.0,2026-09-29
2026-08-25,on,2026-08-25,PAGEIND,0.5073,192460,97640,40000.0,34000.0,2026-09-29
2026-08-25,on,2026-08-25,PATANJALI,0.6897,9554600,6589750,350.0,350.0,2026-09-29
2026-08-25,on,2026-08-25,PAYTM,0.8338,16687325,13914200,1700.0,1600.0,2026-09-29
2026-08-25,on,2026-08-25,PERSISTENT,0.6873,1359500,934375,5700.0,5700.0,2026-09-29
2026-08-25,on,2026-08-25,PETRONET,0.9834,10204900,10035800,300.0,290.0,2026-09-29
2026-08-25,on,2026-08-25,PFC,0.6231,37874200,23600200,400.0,360.0,2026-09-29
2026-08-25,on,2026-08-25,PGEL,0.6048,6415350,3879800,600.0,600.0,2026-09-29
2026-08-25,on,2026-08-25,PHOENIXLTD,0.6933,997500,691600,2240.0,1800.0,2026-09-29
2026-08-25,on,2026-08-25,PIDILITIND,0.8147,1772500,1444000,1700.0,1600.0,2026-09-29
2026-08-25,on,2026-08-25,PIIND,0.7621,1582000,1205575,2500.0,2500.0,2026-09-29
2026-08-25,on,2026-08-25,PNB,0.9409,69072000,64992000,120.0,115.0,2026-09-29
2026-08-25,on,2026-08-25,PNBHOUSING,0.6844,3097250,2119650,1200.0,1160.0,2026-09-29
2026-08-25,on,2026-08-25,POLICYBZR,0.5576,2544850,1418900,1800.0,1800.0,2026-09-29
2026-08-25,on,2026-08-25,POLYCAB,0.707,1336500,944875,9200.0,9000.0,2026-09-29
2026-08-25,on,2026-08-25,POWERGRID,0.6352,35550900,22583400,270.0,270.0,2026-09-29
2026-08-25,on,2026-08-25,POWERINDIA,0.7171,490975,352075,34000.0,33000.0,2026-09-29
2026-08-25,on,2026-08-25,PREMIERENE,0.5655,2878200,1627600,1100.0,1000.0,2026-09-29
2026-08-25,on,2026-08-25,PRESTIGE,0.8611,2056950,1771200,1600.0,1600.0,2026-09-29
2026-08-25,on,2026-08-25,RADICO,0.6376,623700,397650,4400.0,4500.0,2026-09-29
2026-08-25,on,2026-08-25,RBLBANK,0.7383,14071600,10388600,400.0,370.0,2026-09-29
2026-08-25,on,2026-08-25,RECLTD,0.7125,29258775,20846700,330.0,330.0,2026-09-29
2026-08-25,on,2026-08-25,RELIANCE,0.6572,71717000,47130500,1300.0,1300.0,2026-09-29
2026-08-25,on,2026-08-25,RVNL,0.6961,25003825,17405850,230.0,200.0,2026-09-29
2026-08-25,on,2026-08-25,SAIL,0.9366,22837300,21389700,190.0,170.0,2026-09-29
2026-08-25,on,2026-08-25,SBICARD,0.7819,8027200,6276800,650.0,600.0,2026-09-29
2026-08-25,on,2026-08-25,SBILIFE,0.4743,3542250,1680000,1800.0,1800.0,2026-09-29
2026-08-25,on,2026-08-25,SBIN,0.6903,63459000,43805250,1100.0,1050.0,2026-09-29
2026-08-25,on,2026-08-25,SHREECEM,0.7587,83625,63450,25000.0,24000.0,2026-09-29
2026-08-25,on,2026-08-25,SHRIRAMFIN,0.6434,9240000,5944950,1100.0,1100.0,2026-09-29
2026-08-25,on,2026-08-25,SIEMENS,0.6695,1801625,1206275,4200.0,4100.0,2026-09-29
2026-08-25,on,2026-08-25,SOLARINDS,0.8155,550000,448500,20000.0,20000.0,2026-09-29
2026-08-25,on,2026-08-25,SONACOMS,0.76,7553350,5740350,920.0,780.0,2026-09-29
2026-08-25,on,2026-08-25,SRF,0.7189,1844600,1326000,2600.0,2600.0,2026-09-29
2026-08-25,on,2026-08-25,SUNPHARMA,0.5393,8207500,4426100,1980.0,1860.0,2026-09-29
2026-08-25,on,2026-08-25,SUPREMEIND,0.7114,774375,550900,3700.0,3600.0,2026-09-29
2026-08-25,on,2026-08-25,SUZLON,0.4221,262966200,110985300,50.0,47.0,2026-09-29
2026-08-25,on,2026-08-25,SWIGGY,0.6295,28466350,17919675,300.0,280.0,2026-09-29
2026-08-25,on,2026-08-25,TATACONSUM,0.6713,4813600,3231250,1100.0,1100.0,2026-09-29
2026-08-25,on,2026-08-25,TATAELXSI,0.6245,1222125,763250,3800.0,3800.0,2026-09-29
2026-08-25,on,2026-08-25,TATAPOWER,0.7291,29804750,21731150,400.0,380.0,2026-09-29
2026-08-25,on,2026-08-25,TATASTEEL,0.737,91393500,67355750,190.0,185.0,2026-09-29
2026-08-25,on,2026-08-25,TCS,0.7436,15804225,11752200,2300.0,2300.0,2026-09-29
2026-08-25,on,2026-08-25,TECHM,0.5513,5233800,2885400,1640.0,1600.0,2026-09-29
2026-08-25,on,2026-08-25,TIINDIA,0.7346,909600,668200,2900.0,2900.0,2026-09-29
2026-08-25,on,2026-08-25,TITAN,0.7893,3483025,2749075,5100.0,4800.0,2026-09-29
2026-08-25,on,2026-08-25,TMPV,0.6305,62115200,39164800,320.0,320.0,2026-09-29
2026-08-25,on,2026-08-25,TORNTPHARM,1.0073,648000,652750,5000.0,4900.0,2026-09-29
2026-08-25,on,2026-08-25,TRENT,0.5787,4702500,2721150,3000.0,3000.0,2026-09-29
2026-08-25,on,2026-08-25,TVSMOTOR,0.8108,2183300,1770125,4400.0,4400.0,2026-09-29
2026-08-25,on,2026-08-25,ULTRACEMCO,0.4562,763950,348550,11800.0,11500.0,2026-09-29
2026-08-25,on,2026-08-25,UNIONBANK,0.8096,35643375,28855425,200.0,185.0,2026-09-29
2026-08-25,on,2026-08-25,UNITDSPR,0.7233,2246400,1624800,1600.0,1680.0,2026-09-29
2026-08-25,on,2026-08-25,UNOMINDA,0.4583,1801250,825550,1300.0,1200.0,2026-09-29
2026-08-25,on,2026-08-25,UPL,0.8369,12892825,10789865,600.0,570.0,2026-09-29
2026-08-25,on,2026-08-25,VBL,0.4397,23030325,10126050,430.0,430.0,2026-09-29
2026-08-25,on,2026-08-25,VEDL,0.6674,30226600,20173300,300.0,270.0,2026-09-29
2026-08-25,on,2026-08-25,VMM,0.5803,26742900,15520000,120.0,110.0,2026-09-29
2026-08-25,on,2026-08-25,VOLTAS,0.7826,6182250,4838250,1300.0,1260.0,2026-09-29
2026-08-25,on,2026-08-25,WAAREEENER,0.6691,2607675,1744925,2700.0,2700.0,2026-09-29
2026-08-25,on,2026-08-25,WIPRO,0.7638,64884000,49560000,180.0,180.0,2026-09-29
2026-08-25,on,2026-08-25,YESBANK,0.5033,417268700,210018300,23.0,23.0,2026-09-29
2026-08-25,on,2026-08-25,ZYDUSLIFE,0.7647,5105700,3904200,1200.0,1100.0,2026-09-29
2026-08-25,wk,2026-08-18,360ONE,0.556,2147500,1194000,,,
2026-08-25,wk,2026-08-18,ABB,0.5202,2196625,1142750,,,
2026-08-25,wk,2026-08-18,ABCAPITAL,0.7667,24207900,18559700,,,
2026-08-25,wk,2026-08-18,ADANIENSOL,0.4648,6716925,3121875,,,
2026-08-25,wk,2026-08-18,ADANIENT,0.6648,5526774,3674319,,,
2026-08-25,wk,2026-08-18,ADANIGREEN,0.4779,11404800,5450400,,,
2026-08-25,wk,2026-08-18,ADANIPORTS,0.5299,14776300,7829900,,,
2026-08-25,wk,2026-08-18,ADANIPOWER,0.5134,66076150,33920250,,,
2026-08-25,wk,2026-08-18,ALKEM,0.4468,1420125,634500,,,
2026-08-25,wk,2026-08-18,AMBER,0.6115,2139200,1308100,,,
2026-08-25,wk,2026-08-18,AMBUJACEM,0.5517,18980400,10471200,,,
2026-08-25,wk,2026-08-18,ANGELONE,0.5048,31320000,15810000,,,
2026-08-25,wk,2026-08-18,APLAPOLLO,0.6746,2420950,1633100,,,
2026-08-25,wk,2026-08-18,APOLLOHOSP,0.7227,2380500,1720500,,,
2026-08-25,wk,2026-08-18,ASHOKLEY,0.698,121240000,84625000,,,
2026-08-25,wk,2026-08-18,ASIANPAINT,0.5441,6119000,3329250,,,
2026-08-25,wk,2026-08-18,ASTRAL,0.5957,3910425,2329425,,,
2026-08-25,wk,2026-08-18,AUBANK,0.7381,7442000,5493000,,,
2026-08-25,wk,2026-08-18,AUROPHARMA,0.5763,4676650,2695000,,,
2026-08-25,wk,2026-08-18,AXISBANK,0.588,24915000,14649375,,,
2026-08-25,wk,2026-08-18,BAJAJ-AUTO,1.1328,1460100,1654050,,,
2026-08-25,wk,2026-08-18,BAJAJFINSV,0.5197,8838000,4592700,,,
2026-08-25,wk,2026-08-18,BAJAJHLDNG,0.6985,135825,94875,,,
2026-08-25,wk,2026-08-18,BAJFINANCE,0.7958,25119750,19989750,,,
2026-08-25,wk,2026-08-18,BANDHANBNK,0.5348,50169600,26830800,,,
2026-08-25,wk,2026-08-18,BANKBARODA,0.824,55589625,45805500,,,
2026-08-25,wk,2026-08-18,BANKINDIA,0.7955,36446800,28995200,,,
2026-08-25,wk,2026-08-18,BDL,0.6041,8225875,4969100,,,
2026-08-25,wk,2026-08-18,BEL,0.7513,56193450,42217050,,,
2026-08-25,wk,2026-08-18,BHARATFORG,0.5627,10766000,6058000,,,
2026-08-25,wk,2026-08-18,BHARTIARTL,0.4675,23103525,10800075,,,
2026-08-25,wk,2026-08-18,BHEL,0.5735,42913500,24612000,,,
2026-08-25,wk,2026-08-18,BIOCON,0.7422,25127500,18650000,,,
2026-08-25,wk,2026-08-18,BLUESTARCO,0.4585,3548350,1626950,,,
2026-08-25,wk,2026-08-18,BOSCHLTD,1.1284,573800,647450,,,
2026-08-25,wk,2026-08-18,BPCL,0.6172,13588000,8385850,,,
2026-08-25,wk,2026-08-18,BRITANNIA,0.522,1494125,780000,,,
2026-08-25,wk,2026-08-18,BSE,0.4744,17594800,8346800,,,
2026-08-25,wk,2026-08-18,CAMS,0.4616,7717875,3562350,,,
2026-08-25,wk,2026-08-18,CANBK,0.7748,91071000,70557750,,,
2026-08-25,wk,2026-08-18,CDSL,0.6042,7976200,4818875,,,
2026-08-25,wk,2026-08-18,CGPOWER,0.5157,11621200,5993350,,,
2026-08-25,wk,2026-08-18,CHOLAFIN,0.6334,5133125,3251250,,,
2026-08-25,wk,2026-08-18,CIPLA,0.5441,6673350,3631200,,,
2026-08-25,wk,2026-08-18,COALINDIA,0.7022,35019000,24591600,,,
2026-08-25,wk,2026-08-18,COCHINSHIP,0.6393,3297200,2108000,,,
2026-08-25,wk,2026-08-18,COFORGE,0.9407,7250875,6821000,,,
2026-08-25,wk,2026-08-18,COLPAL,0.5695,4509725,2568500,,,
2026-08-25,wk,2026-08-18,CONCOR,0.5125,10882500,5577500,,,
2026-08-25,wk,2026-08-18,CROMPTON,0.6169,26548200,16378700,,,
2026-08-25,wk,2026-08-18,CUMMINSIND,0.6346,1977800,1255200,,,
2026-08-25,wk,2026-08-18,DABUR,0.5291,21742500,11505000,,,
2026-08-25,wk,2026-08-18,DALBHARAT,0.5826,991900,577850,,,
2026-08-25,wk,2026-08-18,DELHIVERY,0.5547,19384650,10752650,,,
2026-08-25,wk,2026-08-18,DIVISLAB,0.8675,1925400,1670200,,,
2026-08-25,wk,2026-08-18,DIXON,0.5311,2500150,1327800,,,
2026-08-25,wk,2026-08-18,DLF,0.6763,15460300,10455700,,,
2026-08-25,wk,2026-08-18,DMART,0.623,1902750,1185450,,,
2026-08-25,wk,2026-08-18,DRREDDY,0.5752,12230625,7035000,,,
2026-08-25,wk,2026-08-18,EICHERMOT,0.8765,1938200,1698900,,,
2026-08-25,wk,2026-08-18,ETERNAL,0.6347,72364425,45929500,,,
2026-08-25,wk,2026-08-18,FEDERALBNK,0.7147,22932500,16390000,,,
2026-08-25,wk,2026-08-18,FORCEMOT,0.4658,291275,135675,,,
2026-08-25,wk,2026-08-18,FORTIS,0.7914,5707875,4517475,,,
2026-08-25,wk,2026-08-18,GAIL,0.3561,73612800,26213200,,,
2026-08-25,wk,2026-08-18,GLENMARK,0.5857,2830125,1657500,,,
2026-08-25,wk,2026-08-18,GMRAIRPORT,0.64,69519825,44493525,,,
2026-08-25,wk,2026-08-18,GODFRYPHLP,0.4077,1918400,782100,,,
2026-08-25,wk,2026-08-18,GODREJCP,0.5918,13021000,7706000,,,
2026-08-25,wk,2026-08-18,GODREJPROP,0.5718,3836300,2193750,,,
2026-08-25,wk,2026-08-18,GRASIM,0.503,6388500,3213250,,,
2026-08-25,wk,2026-08-18,GVT&D,0.5849,1405875,822250,,,
2026-08-25,wk,2026-08-18,HAL,0.7362,5670000,4174200,,,
2026-08-25,wk,2026-08-18,HAVELLS,0.4753,3647000,1733500,,,
2026-08-25,wk,2026-08-18,HCLTECH,0.6725,7917600,5324800,,,
2026-08-25,wk,2026-08-18,HDFCAMC,0.7053,2640300,1862100,,,
2026-08-25,wk,2026-08-18,HDFCBANK,0.5473,178019400,97422000,,,
2026-08-25,wk,2026-08-18,HDFCLIFE,0.5259,29264400,15391200,,,
2026-08-25,wk,2026-08-18,HEROMOTOCO,0.8861,2465850,2185050,,,
2026-08-25,wk,2026-08-18,HINDALCO,0.6588,19187700,12640600,,,
2026-08-25,wk,2026-08-18,HINDPETRO,0.5841,14946525,8729775,,,
2026-08-25,wk,2026-08-18,HINDUNILVR,0.5726,11811900,6763200,,,
2026-08-25,wk,2026-08-18,HINDZINC,0.5384,32036200,17248000,,,
2026-08-25,wk,2026-08-18,HYUNDAI,0.9096,2151600,1957175,,,
2026-08-25,wk,2026-08-18,ICICIBANK,0.6299,34062000,21454300,,,
2026-08-25,wk,2026-08-18,ICICIGI,0.5921,2668575,1580150,,,
2026-08-25,wk,2026-08-18,ICICIPRULI,0.6992,5545375,3877600,,,
2026-08-25,wk,2026-08-18,IDEA,0.6042,1598109525,965555775,,,
2026-08-25,wk,2026-08-18,IDFCFIRSTB,0.7099,146238925,103815075,,,
2026-08-25,wk,2026-08-18,IEX,0.5809,31024200,18022050,,,
2026-08-25,wk,2026-08-18,INDHOTEL,0.6564,5724000,3757000,,,
2026-08-25,wk,2026-08-18,INDIANB,0.7452,7944000,5920000,,,
2026-08-25,wk,2026-08-18,INDIGO,0.6114,3697800,2260800,,,
2026-08-25,wk,2026-08-18,INDUSINDBK,0.5316,7963900,4233600,,,
2026-08-25,wk,2026-08-18,INDUSTOWER,0.6224,26576100,16541000,,,
2026-08-25,wk,2026-08-18,INFY,0.8162,37310000,30451200,,,
2026-08-25,wk,2026-08-18,INOXWIND,0.5323,68108800,36256000,,,
2026-08-25,wk,2026-08-18,IOC,0.8131,42256500,34359000,,,
2026-08-25,wk,2026-08-18,IREDA,0.6737,46820175,31543775,,,
2026-08-25,wk,2026-08-18,IRFC,0.6012,86035075,51727375,,,
2026-08-25,wk,2026-08-18,ITC,0.5009,145226025,72746700,,,
2026-08-25,wk,2026-08-18,JINDALSTEL,0.6769,4456250,3016250,,,
2026-08-25,wk,2026-08-18,JIOFIN,0.4721,155633450,73468050,,,
2026-08-25,wk,2026-08-18,JSWENERGY,0.665,8702125,5786725,,,
2026-08-25,wk,2026-08-18,JSWSTEEL,0.7288,6490800,4730400,,,
2026-08-25,wk,2026-08-18,JUBLFOOD,0.6456,17946250,11586250,,,
2026-08-25,wk,2026-08-18,KALYANKJIL,0.6898,35904600,24765750,,,
2026-08-25,wk,2026-08-18,KAYNES,0.7405,2088600,1546650,,,
2026-08-25,wk,2026-08-18,KEI,0.8706,1219750,1061900,,,
2026-08-25,wk,2026-08-18,KFINTECH,0.5625,3578800,2013075,,,
2026-08-25,wk,2026-08-18,KOTAKBANK,0.576,43348000,24970000,,,
2026-08-25,wk,2026-08-18,KPITTECH,0.4916,13438500,6606100,,,
2026-08-25,wk,2026-08-18,LAURUSLABS,0.7778,13132500,10214450,,,
2026-08-25,wk,2026-08-18,LICHSGFIN,0.7491,17199000,12883000,,,
2026-08-25,wk,2026-08-18,LICI,0.7278,26516000,19297600,,,
2026-08-25,wk,2026-08-18,LODHA,0.657,6074375,3990625,,,
2026-08-25,wk,2026-08-18,LT,0.6874,6186950,4253200,,,
2026-08-25,wk,2026-08-18,LTF,0.8242,22974750,18936000,,,
2026-08-25,wk,2026-08-18,LTM,0.5481,1510050,827700,,,
2026-08-25,wk,2026-08-18,LUPIN,0.4435,9977725,4425100,,,
2026-08-25,wk,2026-08-18,M&M,0.726,7231600,5250400,,,
2026-08-25,wk,2026-08-18,MANAPPURAM,0.4781,29124000,13923000,,,
2026-08-25,wk,2026-08-18,MANKIND,0.608,2435750,1481000,,,
2026-08-25,wk,2026-08-18,MARICO,0.5918,9722400,5754000,,,
2026-08-25,wk,2026-08-18,MARUTI,0.3802,2668150,1014300,,,
2026-08-25,wk,2026-08-18,MAXHEALTH,0.5465,7158375,3912300,,,
2026-08-25,wk,2026-08-18,MAZDOCK,0.5252,4143375,2175975,,,
2026-08-25,wk,2026-08-18,MCX,0.9213,6770025,6237450,,,
2026-08-25,wk,2026-08-18,MFSL,0.5162,2716800,1402400,,,
2026-08-25,wk,2026-08-18,MOTHERSON,1.0344,63498750,65682000,,,
2026-08-25,wk,2026-08-18,MOTILALOFS,0.7014,3656450,2564475,,,
2026-08-25,wk,2026-08-18,MPHASIS,0.5166,1699225,877800,,,
2026-08-25,wk,2026-08-18,MUTHOOTFIN,0.5239,5617700,2943050,,,
2026-08-25,wk,2026-08-18,NAM-INDIA,0.4553,2160625,983750,,,
2026-08-25,wk,2026-08-18,NATIONALUM,0.6162,38921250,23985000,,,
2026-08-25,wk,2026-08-18,NAUKRI,0.6742,4840000,3263150,,,
2026-08-25,wk,2026-08-18,NBCC,0.4223,47528000,20072000,,,
2026-08-25,wk,2026-08-18,NESTLEIND,0.5506,5870000,3232000,,,
2026-08-25,wk,2026-08-18,NHPC,0.6869,65288300,44848350,,,
2026-08-25,wk,2026-08-18,NMDC,0.5206,94203000,49038750,,,
2026-08-25,wk,2026-08-18,NTPC,0.492,43825500,21564000,,,
2026-08-25,wk,2026-08-18,NYKAA,0.4017,23775000,9550000,,,
2026-08-25,wk,2026-08-18,OBEROIRLTY,0.426,5417300,2307900,,,
2026-08-25,wk,2026-08-18,OFSS,0.7904,1134300,896500,,,
2026-08-25,wk,2026-08-18,OIL,0.5679,8058400,4576600,,,
2026-08-25,wk,2026-08-18,ONGC,0.3932,63006750,24774750,,,
2026-08-25,wk,2026-08-18,PAGEIND,0.314,387160,121580,,,
2026-08-25,wk,2026-08-18,PATANJALI,0.4926,15930425,7847500,,,
2026-08-25,wk,2026-08-18,PAYTM,0.7967,19534400,15563575,,,
2026-08-25,wk,2026-08-18,PERSISTENT,0.546,2017750,1101625,,,
2026-08-25,wk,2026-08-18,PETRONET,0.9192,10982000,10094700,,,
2026-08-25,wk,2026-08-18,PFC,0.5492,40710800,22358700,,,
2026-08-25,wk,2026-08-18,PGEL,0.5958,10556400,6289950,,,
2026-08-25,wk,2026-08-18,PHOENIXLTD,0.5735,1242500,712600,,,
2026-08-25,wk,2026-08-18,PIDILITIND,0.6115,2714500,1660000,,,
2026-08-25,wk,2026-08-18,PIIND,0.5327,2708650,1442875,,,
2026-08-25,wk,2026-08-18,PNB,0.9209,83928000,77288000,,,
2026-08-25,wk,2026-08-18,PNBHOUSING,0.5887,4102800,2415400,,,
2026-08-25,wk,2026-08-18,POLICYBZR,0.7281,2749950,2002350,,,
2026-08-25,wk,2026-08-18,POLYCAB,0.6218,1970250,1225125,,,
2026-08-25,wk,2026-08-18,POWERGRID,0.6455,37228600,24029300,,,
2026-08-25,wk,2026-08-18,POWERINDIA,0.9034,595750,538200,,,
2026-08-25,wk,2026-08-18,PREMIERENE,0.3342,3761550,1257100,,,
2026-08-25,wk,2026-08-18,PRESTIGE,0.8579,2270700,1948050,,,
2026-08-25,wk,2026-08-18,RADICO,0.6211,713400,443100,,,
2026-08-25,wk,2026-08-18,RBLBANK,0.6389,16176625,10334625,,,
2026-08-25,wk,2026-08-18,RECLTD,0.7057,24785775,17490375,,,
2026-08-25,wk,2026-08-18,RELIANCE,0.5783,73829000,42697000,,,
2026-08-25,wk,2026-08-18,RVNL,0.5349,29159900,15598275,,,
2026-08-25,wk,2026-08-18,SAIL,0.6966,27697100,19293500,,,
2026-08-25,wk,2026-08-18,SBICARD,0.6032,10400000,6272800,,,
2026-08-25,wk,2026-08-18,SBILIFE,0.5187,2947500,1528875,,,
2026-08-25,wk,2026-08-18,SBIN,0.525,85362750,44813250,,,
2026-08-25,wk,2026-08-18,SHREECEM,0.4716,133900,63150,,,
2026-08-25,wk,2026-08-18,SHRIRAMFIN,0.5753,12634875,7269075,,,
2026-08-25,wk,2026-08-18,SIEMENS,0.5912,2730000,1613850,,,
2026-08-25,wk,2026-08-18,SOLARINDS,0.7878,1024800,807350,,,
2026-08-25,wk,2026-08-18,SONACOMS,0.6592,8187900,5397350,,,
2026-08-25,wk,2026-08-18,SRF,0.4434,3154000,1398400,,,
2026-08-25,wk,2026-08-18,SUNPHARMA,0.5226,9545200,4988550,,,
2026-08-25,wk,2026-08-18,SUPREMEIND,0.6723,1058925,711900,,,
2026-08-25,wk,2026-08-18,SUZLON,0.3992,293331900,117094000,,,
2026-08-25,wk,2026-08-18,SWIGGY,0.4789,46334925,22192000,,,
2026-08-25,wk,2026-08-18,TATACONSUM,0.6309,5460950,3445200,,,
2026-08-25,wk,2026-08-18,TATAELXSI,0.4802,1488000,714500,,,
2026-08-25,wk,2026-08-18,TATAPOWER,0.678,30995200,21014850,,,
2026-08-25,wk,2026-08-18,TATASTEEL,0.6385,103356000,65994500,,,
2026-08-25,wk,2026-08-18,TCS,0.6285,17876475,11234925,,,
2026-08-25,wk,2026-08-18,TECHM,0.4857,7525200,3655200,,,
2026-08-25,wk,2026-08-18,TIINDIA,1.0384,1972400,2048200,,,
2026-08-25,wk,2026-08-18,TITAN,0.665,5291125,3518725,,,
2026-08-25,wk,2026-08-18,TMPV,0.5915,65873600,38963200,,,
2026-08-25,wk,2026-08-18,TORNTPHARM,0.6193,1060500,656750,,,
2026-08-25,wk,2026-08-18,TRENT,0.405,7901550,3199950,,,
2026-08-25,wk,2026-08-18,TVSMOTOR,0.8786,2873150,2524375,,,
2026-08-25,wk,2026-08-18,ULTRACEMCO,0.4239,956600,405550,,,
2026-08-25,wk,2026-08-18,UNIONBANK,0.8939,45342975,40533000,,,
2026-08-25,wk,2026-08-18,UNITDSPR,0.5949,2907200,1729600,,,
2026-08-25,wk,2026-08-18,UNOMINDA,0.5634,2472800,1393150,,,
2026-08-25,wk,2026-08-18,UPL,0.5206,20968625,10917235,,,
2026-08-25,wk,2026-08-18,VBL,0.4083,25814925,10540425,,,
2026-08-25,wk,2026-08-18,VEDL,0.5167,37883300,19575300,,,
2026-08-25,wk,2026-08-18,VMM,0.4036,18255400,7367150,,,
2026-08-25,wk,2026-08-18,VOLTAS,0.493,11222625,5532750,,,
2026-08-25,wk,2026-08-18,WAAREEENER,0.541,3412675,1846250,,,
2026-08-25,wk,2026-08-18,WIPRO,0.674,82503000,55611000,,,
2026-08-25,wk,2026-08-18,YESBANK,0.5023,426505400,214216800,,,
2026-08-25,wk,2026-08-18,ZYDUSLIFE,0.5451,8317800,4534200,,,
