asof,symbol,pcr,ce,pe
2026-04-02,360ONE,0.4654,209500,97500
2026-04-02,ABB,1.0489,404000,423750
2026-04-02,ABCAPITAL,0.8966,7374900,6612300
2026-04-02,ADANIENSOL,0.7121,1045575,744525
2026-04-02,ADANIENT,0.9832,4657557,4579380
2026-04-02,ADANIGREEN,0.9848,3085800,3039000
2026-04-02,ADANIPORTS,1.4262,4349575,6203500
2026-04-02,ADANIPOWER,0.4212,4458800,1877950
2026-04-02,ALKEM,1.1742,63875,75000
2026-04-02,AMBER,0.5533,377200,208700
2026-04-02,AMBUJACEM,1.0357,8242500,8536500
2026-04-02,ANGELONE,0.7405,7177500,5315000
2026-04-02,APLAPOLLO,0.9112,567700,517300
2026-04-02,APOLLOHOSP,1.2424,442500,549750
2026-04-02,ASHOKLEY,0.6118,74620000,45650000
2026-04-02,ASIANPAINT,1.3018,2126750,2768500
2026-04-02,ASTRAL,0.8371,1306875,1093950
2026-04-02,AUBANK,0.7731,3751000,2900000
2026-04-02,AUROPHARMA,0.9302,2570150,2390850
2026-04-02,AXISBANK,0.9345,7903750,7386250
2026-04-02,BAJAJ-AUTO,0.7285,612375,446100
2026-04-02,BAJAJFINSV,1.016,2224000,2259500
2026-04-02,BAJAJHLDNG,0.7595,36800,27950
2026-04-02,BAJFINANCE,0.9187,13398000,12308250
2026-04-02,BANDHANBNK,0.8138,16797600,13669200
2026-04-02,BANKBARODA,0.9202,29756025,27380925
2026-04-02,BANKINDIA,1.2112,9822800,11897600
2026-04-02,BDL,0.8138,2200800,1790950
2026-04-02,BEL,0.6471,34586175,22379625
2026-04-02,BHARATFORG,0.4713,2659500,1253500
2026-04-02,BHARTIARTL,0.8555,7438975,6364050
2026-04-02,BHEL,0.7114,25331250,18020625
2026-04-02,BIOCON,0.7997,11655000,9320000
2026-04-02,BLUESTARCO,0.4499,994825,447525
2026-04-02,BOSCHLTD,0.6864,116950,80275
2026-04-02,BPCL,0.7053,16244375,11456975
2026-04-02,BRITANNIA,1.3567,249875,339000
2026-04-02,BSE,0.9686,3405750,3298875
2026-04-02,CAMS,0.8159,1218000,993750
2026-04-02,CANBK,0.8458,52913250,44752500
2026-04-02,CDSL,1.048,2849525,2986325
2026-04-02,CGPOWER,0.6794,1819000,1235900
2026-04-02,CHOLAFIN,0.838,1732500,1451875
2026-04-02,CIPLA,0.9701,2862375,2776875
2026-04-02,COALINDIA,0.7538,18801450,14172300
2026-04-02,COCHINSHIP,0.5958,363200,216400
2026-04-02,COFORGE,0.6659,4992000,3324375
2026-04-02,COLPAL,0.7926,1190025,943200
2026-04-02,CONCOR,1.1731,3581250,4201250
2026-04-02,CROMPTON,0.7678,4968000,3814200
2026-04-02,CUMMINSIND,0.8236,523800,431400
2026-04-02,DABUR,0.8429,4862500,4098750
2026-04-02,DALBHARAT,1.0534,322725,339950
2026-04-02,DELHIVERY,0.5086,3749525,1906925
2026-04-02,DIVISLAB,1.0964,414900,454900
2026-04-02,DIXON,0.5485,1891450,1037400
2026-04-02,DLF,1.0045,7186575,7218750
2026-04-02,DMART,0.9227,1300800,1200300
2026-04-02,DRREDDY,0.9327,2988750,2787500
2026-04-02,EICHERMOT,0.8605,840600,723300
2026-04-02,ETERNAL,0.8235,39449900,32485300
2026-04-02,EXIDEIND,0.8583,7801200,6696000
2026-04-02,FEDERALBNK,1.0077,15490000,15610000
2026-04-02,FORCEMOT,0.1221,9825,1200
2026-04-02,FORTIS,0.6396,1107475,708350
2026-04-02,GAIL,1.0363,24765300,25663050
2026-04-02,GLENMARK,0.5672,1191375,675750
2026-04-02,GMRAIRPORT,0.9408,23191875,21817800
2026-04-02,GODFRYPHLP,0.3,27500,8250
2026-04-02,GODREJCP,0.8418,761500,641000
2026-04-02,GODREJPROP,0.8534,1671725,1426700
2026-04-02,GRASIM,0.651,1099000,715500
2026-04-02,HAL,0.9616,2590650,2491200
2026-04-02,HAVELLS,0.8122,1219500,990500
2026-04-02,HCLTECH,0.8915,3457300,3082100
2026-04-02,HDFCAMC,0.711,678900,482700
2026-04-02,HDFCBANK,0.5271,67867800,35774200
2026-04-02,HDFCLIFE,0.6258,9474300,5929000
2026-04-02,HEROMOTOCO,0.8375,852900,714300
2026-04-02,HINDALCO,0.7389,8600900,6355300
2026-04-02,HINDPETRO,0.9313,13316400,12401100
2026-04-02,HINDUNILVR,0.9169,3250500,2980500
2026-04-02,HINDZINC,0.7278,14927850,10864525
2026-04-02,HUDCO,0.9617,5863575,5638800
2026-04-02,HYUNDAI,0.8146,229900,187275
2026-04-02,ICICIBANK,0.9109,15323700,13958700
2026-04-02,ICICIGI,1.1196,301600,337675
2026-04-02,ICICIPRULI,0.9886,1381025,1365300
2026-04-02,IDEA,0.558,1186485000,662001450
2026-04-02,IDFCFIRSTB,0.8378,101746750,85246525
2026-04-02,IEX,0.8002,27255000,21810000
2026-04-02,INDHOTEL,1.056,4288000,4528000
2026-04-02,INDIANB,0.8305,2319000,1926000
2026-04-02,INDIGO,0.7353,3225000,2371200
2026-04-02,INDUSINDBK,1.2343,4107600,5070100
2026-04-02,INDUSTOWER,0.885,5543700,4906200
2026-04-02,INFY,0.8681,16208400,14070000
2026-04-02,INOXWIND,1.0379,17063475,17710550
2026-04-02,IOC,0.7784,41028000,31936125
2026-04-02,IREDA,0.9407,15004050,14113950
2026-04-02,IRFC,0.8949,23698000,21207500
2026-04-02,ITC,0.6275,70451200,44211200
2026-04-02,JINDALSTEL,1.095,1810000,1981875
2026-04-02,JIOFIN,0.924,30568800,28244650
2026-04-02,JSWENERGY,0.5714,4538000,2593000
2026-04-02,JSWSTEEL,0.8558,4371300,3740850
2026-04-02,JUBLFOOD,0.7283,6298750,4587500
2026-04-02,KALYANKJIL,0.8662,3302925,2861125
2026-04-02,KAYNES,0.6777,1131100,766500
2026-04-02,KEI,0.9456,305725,289100
2026-04-02,KFINTECH,1.0035,283500,284500
2026-04-02,KOTAKBANK,1.1768,19822000,23326000
2026-04-02,KPITTECH,0.8319,1991975,1657075
2026-04-02,LAURUSLABS,0.9397,3990750,3750200
2026-04-02,LICHSGFIN,1.2998,4026000,5233000
2026-04-02,LICI,0.7501,2515100,1886500
2026-04-02,LODHA,0.5943,6097050,3623400
2026-04-02,LT,0.9252,5717600,5289900
2026-04-02,LTF,0.6167,19323000,11916000
2026-04-02,LTM,1.052,637800,670950
2026-04-02,LUPIN,1.0044,1644750,1651975
2026-04-02,M&M,0.9023,3110400,2806400
2026-04-02,MANAPPURAM,0.8342,10656000,8889000
2026-04-02,MANKIND,0.6387,330075,210825
2026-04-02,MARICO,1.1202,2584800,2895600
2026-04-02,MARUTI,0.6431,949950,610950
2026-04-02,MAXHEALTH,0.8444,1272075,1074150
2026-04-02,MAZDOCK,0.7537,2279600,1718200
2026-04-02,MCX,0.7044,4319375,3042500
2026-04-02,MFSL,0.7865,446000,350800
2026-04-02,MOTHERSON,0.8622,22004700,18972750
2026-04-02,MOTILALOFS,1.1206,462675,518475
2026-04-02,MPHASIS,0.8049,468050,376750
2026-04-02,MUTHOOTFIN,0.9016,1153900,1040325
2026-04-02,NAM-INDIA,0.9706,21250,20625
2026-04-02,NATIONALUM,1.032,20718750,21382500
2026-04-02,NAUKRI,0.5168,1602750,828375
2026-04-02,NBCC,0.8915,12395500,11050000
2026-04-02,NESTLEIND,0.9612,1199500,1153000
2026-04-02,NHPC,0.7675,23622400,18131200
2026-04-02,NMDC,0.6031,43159500,26028000
2026-04-02,NTPC,0.4595,28884000,13272000
2026-04-02,NUVAMA,0.8618,492000,424000
2026-04-02,NYKAA,0.8692,2843750,2471875
2026-04-02,OBEROIRLTY,1.0232,558250,571200
2026-04-02,OFSS,0.7622,318225,242550
2026-04-02,OIL,0.487,7963200,3878000
2026-04-02,ONGC,0.5412,51979500,28131750
2026-04-02,PAGEIND,0.8037,49140,39495
2026-04-02,PATANJALI,1.0108,1835100,1854900
2026-04-02,PAYTM,0.8154,3063125,2497625
2026-04-02,PERSISTENT,0.9361,651500,609900
2026-04-02,PETRONET,0.7305,10940200,7991400
2026-04-02,PFC,0.8211,13071500,10732800
2026-04-02,PGEL,0.5245,8537650,4478300
2026-04-02,PHOENIXLTD,1.2537,213850,268100
2026-04-02,PIDILITIND,0.8325,633000,527000
2026-04-02,PIIND,1.2297,261275,321300
2026-04-02,PNB,0.8756,59168000,51808000
2026-04-02,PNBHOUSING,1.3547,577200,781950
2026-04-02,POLICYBZR,0.8254,705600,582400
2026-04-02,POLYCAB,0.7666,621750,476625
2026-04-02,POWERGRID,0.5802,24903300,14449500
2026-04-02,POWERINDIA,0.8667,85550,74150
2026-04-02,PPLPHARMA,0.8222,2436000,2002875
2026-04-02,PREMIERENE,0.8503,1340900,1140225
2026-04-02,PRESTIGE,1.0639,612900,652050
2026-04-02,RBLBANK,1.2504,19973925,24974550
2026-04-02,RECLTD,1.082,15635200,16917600
2026-04-02,RELIANCE,0.6755,36865000,24902000
2026-04-02,RVNL,0.8371,11646425,9749325
2026-04-02,SAIL,0.5946,6434300,3825800
2026-04-02,SAMMAANCAP,0.9788,21753700,21293600
2026-04-02,SBICARD,1.044,4694400,4900800
2026-04-02,SBILIFE,1.7081,610125,1042125
2026-04-02,SBIN,0.7908,29257500,23136750
2026-04-02,SHREECEM,0.7455,24750,18450
2026-04-02,SHRIRAMFIN,0.8075,8943000,7221225
2026-04-02,SIEMENS,0.6483,407050,263900
2026-04-02,SOLARINDS,0.8677,161350,140000
2026-04-02,SONACOMS,0.8661,1738275,1505525
2026-04-02,SRF,0.8326,854200,711200
2026-04-02,SUNPHARMA,1.0428,3617600,3772300
2026-04-02,SUPREMEIND,0.7748,336525,260750
2026-04-02,SUZLON,0.5109,83255625,42534825
2026-04-02,SWIGGY,0.9661,3341000,3227900
2026-04-02,TATACONSUM,1.791,855250,1531750
2026-04-02,TATAELXSI,0.7789,391700,305100
2026-04-02,TATAPOWER,0.7752,24616650,19082000
2026-04-02,TATASTEEL,0.8186,67435500,55203500
2026-04-02,TATATECH,0.988,1464800,1447200
2026-04-02,TCS,0.9954,7753200,7717500
2026-04-02,TECHM,0.9866,3593400,3545400
2026-04-02,TIINDIA,0.7758,218600,169600
2026-04-02,TITAN,0.8048,1584975,1275575
2026-04-02,TMPV,0.7655,23624800,18084000
2026-04-02,TORNTPHARM,1.0554,388250,409750
2026-04-02,TORNTPOWER,1.181,455600,538050
2026-04-02,TRENT,0.9731,1426400,1388100
2026-04-02,TVSMOTOR,0.7145,961275,686875
2026-04-02,ULTRACEMCO,0.6238,361750,225650
2026-04-02,UNIONBANK,0.8205,17177850,14093625
2026-04-02,UNITDSPR,0.7828,2655200,2078400
2026-04-02,UNOMINDA,0.9054,459250,415800
2026-04-02,UPL,0.6576,7739760,5089380
2026-04-02,VBL,0.6551,8542125,5595750
2026-04-02,VEDL,0.7847,21348600,16752050
2026-04-02,VMM,0.9241,1789650,1653850
2026-04-02,VOLTAS,0.5705,3637875,2075250
2026-04-02,WAAREEENER,0.6013,1011850,608475
2026-04-02,WIPRO,0.8354,34584000,28893000
2026-04-02,YESBANK,0.8555,241864700,206908300
2026-04-02,ZYDUSLIFE,0.9239,2128500,1966500
2026-04-10,360ONE,0.9898,883500,874500
2026-04-10,ABB,1.155,729000,842000
2026-04-10,ABCAPITAL,1.0419,8370000,8720300
2026-04-10,ADANIENSOL,0.6789,3430350,2328750
2026-04-10,ADANIENT,0.9045,6196995,5605260
2026-04-10,ADANIGREEN,0.8877,6159000,5467200
2026-04-10,ADANIPORTS,0.6804,8880600,6042475
2026-04-10,ADANIPOWER,0.4207,15737150,6620750
2026-04-10,ALKEM,0.7944,175125,139125
2026-04-10,AMBER,0.6811,587700,400300
2026-04-10,AMBUJACEM,0.9227,10534650,9719850
2026-04-10,ANGELONE,0.8597,14027500,12060000
2026-04-10,APLAPOLLO,0.7354,948500,697550
2026-04-10,APOLLOHOSP,0.8606,785375,675875
2026-04-10,ASHOKLEY,0.7948,80285000,63810000
2026-04-10,ASIANPAINT,1.0979,3939250,4325000
2026-04-10,ASTRAL,0.6046,2217225,1340450
2026-04-10,AUBANK,0.9023,5917000,5339000
2026-04-10,AUROPHARMA,0.7416,3528800,2616900
2026-04-10,AXISBANK,0.9298,13524375,12574375
2026-04-10,BAJAJ-AUTO,1.1351,840900,954525
2026-04-10,BAJAJFINSV,1.0757,3146000,3384250
2026-04-10,BAJAJHLDNG,0.6425,53700,34500
2026-04-10,BAJFINANCE,0.8605,18135750,15606000
2026-04-10,BANDHANBNK,0.7258,25171200,18270000
2026-04-10,BANKBARODA,0.9242,36568350,33795450
2026-04-10,BANKINDIA,1.0855,19832800,21528000
2026-04-10,BDL,0.7944,2779350,2207800
2026-04-10,BEL,0.6518,40090950,26131650
2026-04-10,BHARATFORG,0.5729,2984000,1709500
2026-04-10,BHARTIARTL,0.8903,8636925,7689775
2026-04-10,BHEL,0.8908,30200625,26903625
2026-04-10,BIOCON,0.6811,21042500,14332500
2026-04-10,BLUESTARCO,0.6483,1105975,716950
2026-04-10,BOSCHLTD,0.7502,262100,196625
2026-04-10,BPCL,0.8331,20184500,16815150
2026-04-10,BRITANNIA,0.9612,602250,578875
2026-04-10,BSE,1.0864,6419250,6973875
2026-04-10,CAMS,0.8492,2187750,1857750
2026-04-10,CANBK,0.9338,65218500,60898500
2026-04-10,CDSL,0.8298,4377600,3632325
2026-04-10,CGPOWER,0.7536,2932500,2210000
2026-04-10,CHOLAFIN,0.8824,3790625,3345000
2026-04-10,CIPLA,0.8286,4169625,3454875
2026-04-10,COALINDIA,0.5436,38381850,20862900
2026-04-10,COCHINSHIP,0.6493,928400,602800
2026-04-10,COFORGE,0.589,7639125,4499625
2026-04-10,COLPAL,0.6791,1536750,1043550
2026-04-10,CONCOR,0.7761,5560000,4315000
2026-04-10,CROMPTON,0.7308,7808400,5706000
2026-04-10,CUMMINSIND,0.7944,1047600,832200
2026-04-10,DABUR,0.7232,8723750,6308750
2026-04-10,DALBHARAT,1.2494,787150,983450
2026-04-10,DELHIVERY,0.4968,8156825,4052475
2026-04-10,DIVISLAB,1.1015,616500,679100
2026-04-10,DIXON,0.7159,1814150,1298700
2026-04-10,DLF,0.9568,9999825,9567525
2026-04-10,DMART,0.7642,1791150,1368750
2026-04-10,DRREDDY,0.7669,5832500,4473125
2026-04-10,EICHERMOT,0.9556,1489700,1423500
2026-04-10,ETERNAL,0.7027,57327000,40286525
2026-04-10,EXIDEIND,0.8922,13442400,11993400
2026-04-10,FEDERALBNK,1.0943,24720000,27050000
2026-04-10,FORCEMOT,0.554,40250,22300
2026-04-10,FORTIS,0.6703,1840625,1233800
2026-04-10,GAIL,1.1118,27055350,30079350
2026-04-10,GLENMARK,0.5221,1632000,852000
2026-04-10,GMRAIRPORT,0.7938,30955050,24572925
2026-04-10,GODFRYPHLP,0.4596,241725,111100
2026-04-10,GODREJCP,0.8685,1304500,1133000
2026-04-10,GODREJPROP,0.9006,2633125,2371325
2026-04-10,GRASIM,0.8204,1542000,1265000
2026-04-10,HAL,0.9127,3133200,2859750
2026-04-10,HAVELLS,0.8186,2009000,1644500
2026-04-10,HCLTECH,1.0186,5057850,5152000
2026-04-10,HDFCAMC,0.7844,1104900,866700
2026-04-10,HDFCBANK,0.6315,68522300,43274000
2026-04-10,HDFCLIFE,0.7019,11025300,7738500
2026-04-10,HEROMOTOCO,0.9605,1221750,1173450
2026-04-10,HINDALCO,0.707,13090000,9254700
2026-04-10,HINDPETRO,0.8923,18028575,16086600
2026-04-10,HINDUNILVR,0.764,4637700,3543300
2026-04-10,HINDZINC,0.8485,15989925,13566875
2026-04-10,HUDCO,0.7895,9018750,7120650
2026-04-10,HYUNDAI,0.6293,893200,562100
2026-04-10,ICICIBANK,0.944,18316200,17290000
2026-04-10,ICICIGI,0.7099,959075,680875
2026-04-10,ICICIPRULI,0.8463,2112700,1788025
2026-04-10,IDEA,0.5589,1409487000,787725975
2026-04-10,IDFCFIRSTB,0.8761,113776425,99678425
2026-04-10,IEX,0.7439,37057500,27566250
2026-04-10,INDHOTEL,1.0385,5223000,5424000
2026-04-10,INDIANB,0.8008,3108000,2489000
2026-04-10,INDIGO,0.6254,5590950,3496800
2026-04-10,INDUSINDBK,0.9943,6155100,6120100
2026-04-10,INDUSTOWER,0.7011,13270200,9304100
2026-04-10,INFY,0.7326,24682400,18082400
2026-04-10,INOXWIND,1.0839,18021575,19533800
2026-04-10,IOC,0.6721,62614500,42085875
2026-04-10,IREDA,0.8724,17815800,15542250
2026-04-10,IRFC,0.6986,39576000,27646250
2026-04-10,ITC,0.5628,89702400,50481600
2026-04-10,JINDALSTEL,1.0283,2765000,2843125
2026-04-10,JIOFIN,0.8671,39487050,34239500
2026-04-10,JSWENERGY,0.5575,7121000,3970000
2026-04-10,JSWSTEEL,0.8573,6453000,5532300
2026-04-10,JUBLFOOD,0.6773,14505000,9823750
2026-04-10,KALYANKJIL,0.9254,6189900,5728125
2026-04-10,KAYNES,0.758,1317100,998400
2026-04-10,KEI,0.8232,522725,430325
2026-04-10,KFINTECH,0.4857,1429000,694000
2026-04-10,KOTAKBANK,1.1201,23272000,26068000
2026-04-10,KPITTECH,0.7867,2979250,2343875
2026-04-10,LAURUSLABS,0.8446,4998000,4221100
2026-04-10,LICHSGFIN,1.1137,4554000,5072000
2026-04-10,LICI,0.6644,4620700,3070200
2026-04-10,LODHA,0.7887,6408000,5053950
2026-04-10,LT,0.7958,8019725,6381725
2026-04-10,LTF,0.8011,18612000,14910750
2026-04-10,LTM,0.9138,884100,807900
2026-04-10,LUPIN,0.8369,1962650,1642625
2026-04-10,M&M,0.8531,3943200,3363800
2026-04-10,MANAPPURAM,0.6811,13734000,9354000
2026-04-10,MANKIND,0.4963,515475,255825
2026-04-10,MARICO,1.1629,3632400,4224000
2026-04-10,MARUTI,0.6538,1542800,1008700
2026-04-10,MAXHEALTH,0.5303,3962700,2101575
2026-04-10,MAZDOCK,0.7417,3057600,2267800
2026-04-10,MCX,0.9105,6270625,5709375
2026-04-10,MFSL,0.8363,772000,645600
2026-04-10,MOTHERSON,0.9871,31475700,31069800
2026-04-10,MOTILALOFS,0.9017,961775,867225
2026-04-10,MPHASIS,0.9404,978725,920425
2026-04-10,MUTHOOTFIN,0.7176,1870000,1342000
2026-04-10,NAM-INDIA,1.4189,377500,535625
2026-04-10,NATIONALUM,0.8386,35246250,29557500
2026-04-10,NAUKRI,0.4445,2595000,1153500
2026-04-10,NBCC,0.8047,16107000,12961000
2026-04-10,NESTLEIND,0.723,2314000,1673000
2026-04-10,NHPC,0.5801,44793600,25984000
2026-04-10,NMDC,0.6161,67243500,41431500
2026-04-10,NTPC,0.4499,40618500,18274500
2026-04-10,NUVAMA,0.7911,739500,585000
2026-04-10,NYKAA,0.6115,7150000,4371875
2026-04-10,OBEROIRLTY,0.7732,1143450,884100
2026-04-10,OFSS,0.8895,464175,412875
2026-04-10,OIL,0.4733,9284800,4394600
2026-04-10,ONGC,0.4685,77346000,36238500
2026-04-10,PAGEIND,0.8924,61500,54885
2026-04-10,PATANJALI,0.7389,2995200,2213100
2026-04-10,PAYTM,0.8347,5915275,4937250
2026-04-10,PERSISTENT,0.9639,909000,876200
2026-04-10,PETRONET,0.6133,14601500,8954700
2026-04-10,PFC,0.7257,20244900,14691300
2026-04-10,PGEL,0.615,9213100,5665800
2026-04-10,PHOENIXLTD,1.0063,551250,554750
2026-04-10,PIDILITIND,0.8602,955000,821500
2026-04-10,PIIND,0.9051,731850,662375
2026-04-10,PNB,0.7707,84592000,65192000
2026-04-10,PNBHOUSING,0.9209,1265550,1165450
2026-04-10,POLICYBZR,0.828,1123150,929950
2026-04-10,POLYCAB,1.1527,840000,968250
2026-04-10,POWERGRID,0.534,28716600,15334900
2026-04-10,POWERINDIA,1.0516,202350,212800
2026-04-10,PPLPHARMA,0.495,5536125,2740500
2026-04-10,PREMIERENE,0.8964,2008475,1800325
2026-04-10,PRESTIGE,0.6248,1817100,1135350
2026-04-10,RBLBANK,0.9926,28905200,28692475
2026-04-10,RECLTD,0.9113,21459200,19555200
2026-04-10,RELIANCE,0.4705,77162000,36302500
2026-04-10,RVNL,0.703,16395275,11525950
2026-04-10,SAIL,0.7354,11618400,8544600
2026-04-10,SAMMAANCAP,1.0293,18928600,19483300
2026-04-10,SBICARD,0.7296,6322400,4612800
2026-04-10,SBILIFE,1.325,984375,1304250
2026-04-10,SBIN,0.721,40565250,29249250
2026-04-10,SHREECEM,0.6248,68300,42675
2026-04-10,SHRIRAMFIN,0.7247,12978075,9405000
2026-04-10,SIEMENS,0.6149,945700,581525
2026-04-10,SOLARINDS,0.7973,229600,183050
2026-04-10,SONACOMS,0.7804,3982475,3107825
2026-04-10,SRF,0.7027,1519800,1068000
2026-04-10,SUNPHARMA,0.6911,8113700,5607700
2026-04-10,SUPREMEIND,0.6354,555800,353150
2026-04-10,SUZLON,0.5388,126196575,67994350
2026-04-10,SWIGGY,0.5648,7897500,4460300
2026-04-10,TATACONSUM,1.4558,1538350,2239600
2026-04-10,TATAELXSI,0.7163,634500,454500
2026-04-10,TATAPOWER,0.7017,31872450,22364800
2026-04-10,TATASTEEL,0.7998,105105000,84062000
2026-04-10,TATATECH,0.7356,2127200,1564800
2026-04-10,TCS,0.559,21241325,11873225
2026-04-10,TECHM,0.8219,4918800,4042800
2026-04-10,TIINDIA,0.5333,402800,214800
2026-04-10,TITAN,0.798,3401300,2714075
2026-04-10,TMPV,0.8853,26416800,23386400
2026-04-10,TORNTPHARM,0.7706,554750,427500
2026-04-10,TORNTPOWER,0.8175,770950,630275
2026-04-10,TRENT,0.9653,2302800,2223000
2026-04-10,TVSMOTOR,0.7777,1313725,1021650
2026-04-10,ULTRACEMCO,0.7757,454250,352350
2026-04-10,UNIONBANK,0.9119,26306625,23987925
2026-04-10,UNITDSPR,0.6427,3683200,2367200
2026-04-10,UNOMINDA,0.4935,1305150,644050
2026-04-10,UPL,0.7242,9505325,6883400
2026-04-10,VBL,0.7569,10423125,7889625
2026-04-10,VEDL,0.934,24932000,23287500
2026-04-10,VMM,0.6438,5800600,3734500
2026-04-10,VOLTAS,0.6238,5017500,3129750
2026-04-10,WAAREEENER,0.6504,1677550,1091125
2026-04-10,WIPRO,0.5748,79086000,45459000
2026-04-10,YESBANK,0.8862,280397600,248489000
2026-04-10,ZYDUSLIFE,0.8066,2587500,2087100
2026-04-17,360ONE,1.2255,1780500,2182000
2026-04-17,ABB,1.1321,999500,1131500
2026-04-17,ABCAPITAL,0.6146,16433100,10099800
2026-04-17,ADANIENSOL,0.6865,3996675,2743875
2026-04-17,ADANIENT,0.9361,7272315,6807270
2026-04-17,ADANIGREEN,0.8423,8115600,6835800
2026-04-17,ADANIPORTS,0.8405,9410225,7909225
2026-04-17,ADANIPOWER,0.7415,29564400,21921250
2026-04-17,ALKEM,0.5429,280000,152000
2026-04-17,AMBER,0.7785,1005300,782600
2026-04-17,AMBUJACEM,0.9425,10616550,10006500
2026-04-17,ANGELONE,1.2262,32425000,39760000
2026-04-17,APLAPOLLO,0.6743,1288350,868700
2026-04-17,APOLLOHOSP,0.913,872625,796750
2026-04-17,ASHOKLEY,0.7371,92395000,68100000
2026-04-17,ASIANPAINT,1.1538,4461750,5148000
2026-04-17,ASTRAL,0.5876,4231725,2486675
2026-04-17,AUBANK,0.7986,6799000,5430000
2026-04-17,AUROPHARMA,0.701,3853300,2701050
2026-04-17,AXISBANK,0.8374,16693125,13978750
2026-04-17,BAJAJ-AUTO,0.8881,1282500,1139025
2026-04-17,BAJAJFINSV,1.0228,3498750,3578500
2026-04-17,BAJAJHLDNG,0.5498,85300,46900
2026-04-17,BAJFINANCE,0.7788,21938250,17085750
2026-04-17,BANDHANBNK,0.769,26262000,20196000
2026-04-17,BANKBARODA,0.9537,41283450,39373425
2026-04-17,BANKINDIA,0.8738,25625600,22391200
2026-04-17,BDL,0.8035,3315550,2664200
2026-04-17,BEL,0.7519,41927775,31526700
2026-04-17,BHARATFORG,0.613,3239000,1985500
2026-04-17,BHARTIARTL,0.6094,13701850,8349550
2026-04-17,BHEL,0.8846,43795500,38739750
2026-04-17,BIOCON,0.6395,24287500,15532500
2026-04-17,BLUESTARCO,0.6281,1554475,976300
2026-04-17,BOSCHLTD,0.8886,253925,225650
2026-04-17,BPCL,0.877,22821125,20014650
2026-04-17,BRITANNIA,1.0592,569875,603625
2026-04-17,BSE,1.3248,8000250,10598625
2026-04-17,CAMS,0.853,2984250,2545500
2026-04-17,CANBK,0.9274,75303000,69835500
2026-04-17,CDSL,0.9127,4859725,4435550
2026-04-17,CGPOWER,0.6425,4134400,2656250
2026-04-17,CHOLAFIN,0.8555,4740625,4055625
2026-04-17,CIPLA,0.8932,4284375,3826875
2026-04-17,COALINDIA,0.6412,44246250,28370250
2026-04-17,COCHINSHIP,0.6824,1083200,739200
2026-04-17,COFORGE,0.6474,7639500,4945500
2026-04-17,COLPAL,0.7341,2685825,1971675
2026-04-17,CONCOR,0.8139,6151250,5006250
2026-04-17,CROMPTON,0.7019,12141000,8521200
2026-04-17,CUMMINSIND,0.6944,1282000,890200
2026-04-17,DABUR,0.6396,13088750,8371250
2026-04-17,DALBHARAT,0.9872,1019525,1006525
2026-04-17,DELHIVERY,0.3858,14435775,5569300
2026-04-17,DIVISLAB,1.0489,704900,739400
2026-04-17,DIXON,0.7435,2089600,1553600
2026-04-17,DLF,1.0767,10480800,11284350
2026-04-17,DMART,0.9642,1949100,1879350
2026-04-17,DRREDDY,0.7127,7251250,5168125
2026-04-17,EICHERMOT,0.6803,2321600,1579400
2026-04-17,ETERNAL,0.7814,64820250,50653400
2026-04-17,EXIDEIND,0.9736,12963600,12621600
2026-04-17,FEDERALBNK,0.8395,36580000,30710000
2026-04-17,FORCEMOT,0.3361,78550,26400
2026-04-17,FORTIS,0.635,2492400,1582550
2026-04-17,GAIL,1.1758,27653850,32514300
2026-04-17,GLENMARK,0.5068,2390625,1211625
2026-04-17,GMRAIRPORT,0.7475,39011175,29162475
2026-04-17,GODFRYPHLP,0.4288,920975,394900
2026-04-17,GODREJCP,0.7637,1684500,1286500
2026-04-17,GODREJPROP,0.9373,2893000,2711500
2026-04-17,GRASIM,0.7256,1701000,1234250
2026-04-17,HAL,0.9492,3505350,3327150
2026-04-17,HAVELLS,0.7396,3176000,2349000
2026-04-17,HCLTECH,0.8316,7123550,5924100
2026-04-17,HDFCAMC,0.9689,2534400,2455500
2026-04-17,HDFCBANK,0.5678,97987450,55635250
2026-04-17,HDFCLIFE,0.6643,19886900,13211000
2026-04-17,HEROMOTOCO,0.5976,2450250,1464300
2026-04-17,HINDALCO,0.7906,15120000,11953900
2026-04-17,HINDPETRO,0.8441,19812600,16724475
2026-04-17,HINDUNILVR,0.704,7044000,4959000
2026-04-17,HINDZINC,0.7985,20903400,16691850
2026-04-17,HUDCO,0.8851,11161050,9879000
2026-04-17,HYUNDAI,0.6585,1046925,689425
2026-04-17,ICICIBANK,0.8278,30629200,25355400
2026-04-17,ICICIGI,0.8846,1501175,1327950
2026-04-17,ICICIPRULI,0.7106,7217775,5129125
2026-04-17,IDEA,0.5247,1430071800,750416025
2026-04-17,IDFCFIRSTB,0.9316,126075075,117449325
2026-04-17,IEX,0.9309,35103750,32677500
2026-04-17,INDHOTEL,0.9679,6080000,5885000
2026-04-17,INDIANB,0.5337,6358000,3393000
2026-04-17,INDIGO,0.6915,6302100,4357800
2026-04-17,INDUSINDBK,0.7659,7996100,6124300
2026-04-17,INDUSTOWER,0.5796,25369100,14703300
2026-04-17,INFY,0.7129,28466400,20294800
2026-04-17,INOXWIND,0.8247,27977950,23073050
2026-04-17,IOC,0.732,64652250,47326500
2026-04-17,IREDA,0.7895,24960750,19706400
2026-04-17,IRFC,0.7154,42334250,30285500
2026-04-17,ITC,0.4978,114555200,57020800
2026-04-17,JINDALSTEL,1.0876,3788125,4120000
2026-04-17,JIOFIN,0.6724,69118200,46475950
2026-04-17,JSWENERGY,0.687,6911000,4748000
2026-04-17,JSWSTEEL,0.9621,5775300,5556600
2026-04-17,JUBLFOOD,0.6438,15147500,9751250
2026-04-17,KALYANKJIL,0.5318,13987200,7438925
2026-04-17,KAYNES,0.7983,1513300,1208000
2026-04-17,KEI,0.6966,694575,483875
2026-04-17,KFINTECH,0.4998,2499000,1249000
2026-04-17,KOTAKBANK,0.8993,30824000,27720000
2026-04-17,KPITTECH,0.6352,3639700,2312000
2026-04-17,LAURUSLABS,0.8849,5406000,4783800
2026-04-17,LICHSGFIN,0.9717,5866000,5700000
2026-04-17,LICI,0.5901,7314300,4316200
2026-04-17,LODHA,0.842,6134850,5165550
2026-04-17,LT,0.8889,9248225,8221150
2026-04-17,LTF,0.8691,18911250,16436250
2026-04-17,LTM,0.8678,1049550,910800
2026-04-17,LUPIN,0.6399,2481150,1587800
2026-04-17,M&M,0.6484,5522800,3581000
2026-04-17,MANAPPURAM,0.6468,17436000,11277000
2026-04-17,MANKIND,0.3331,801225,266850
2026-04-17,MARICO,0.856,4700400,4023600
2026-04-17,MARUTI,0.5923,2103200,1245750
2026-04-17,MAXHEALTH,0.5573,4379550,2440725
2026-04-17,MAZDOCK,0.733,3566200,2614000
2026-04-17,MCX,0.9098,8761875,7971250
2026-04-17,MFSL,0.6106,1005600,614000
2026-04-17,MOTHERSON,0.8855,38462100,34058700
2026-04-17,MOTILALOFS,0.782,1578675,1234575
2026-04-17,MPHASIS,0.7783,1187175,924000
2026-04-17,MUTHOOTFIN,0.6098,2358950,1438525
2026-04-17,NAM-INDIA,0.7252,730000,529375
2026-04-17,NATIONALUM,0.9985,34098750,34046250
2026-04-17,NAUKRI,0.4332,3109500,1347000
2026-04-17,NBCC,0.6748,20007000,13500500
2026-04-17,NESTLEIND,0.562,4183500,2351000
2026-04-17,NHPC,0.8037,37728000,30323200
2026-04-17,NMDC,0.6865,80115750,54999000
2026-04-17,NTPC,0.5279,59341500,31327500
2026-04-17,NUVAMA,0.846,964000,815500
2026-04-17,NYKAA,0.706,7662500,5409375
2026-04-17,OBEROIRLTY,0.9296,1188950,1105300
2026-04-17,OFSS,1.1296,531075,599925
2026-04-17,OIL,0.4373,11179000,4888800
2026-04-17,ONGC,0.3724,97166250,36182250
2026-04-17,PAGEIND,1.0916,67620,73815
2026-04-17,PATANJALI,0.585,5181300,3031200
2026-04-17,PAYTM,0.9601,6360425,6106675
2026-04-17,PERSISTENT,0.9558,1207600,1154200
2026-04-17,PETRONET,0.6434,15821300,10180200
2026-04-17,PFC,0.7315,27141400,19854900
2026-04-17,PGEL,1.1819,8536700,10089950
2026-04-17,PHOENIXLTD,0.8552,737450,630700
2026-04-17,PIDILITIND,0.6553,1761000,1154000
2026-04-17,PIIND,1.0076,668500,673575
2026-04-17,PNB,0.8784,82656000,72608000
2026-04-17,PNBHOUSING,0.9982,2565550,2561000
2026-04-17,POLICYBZR,0.6623,2404150,1592150
2026-04-17,POLYCAB,1.2425,1155125,1435250
2026-04-17,POWERGRID,0.631,37433800,23620800
2026-04-17,POWERINDIA,1.0525,250250,263400
2026-04-17,PPLPHARMA,0.601,5525625,3320625
2026-04-17,PREMIERENE,0.8134,2212025,1799175
2026-04-17,PRESTIGE,0.7443,2209050,1644300
2026-04-17,RBLBANK,0.9007,30740350,27689175
2026-04-17,RECLTD,0.919,27228600,25022200
2026-04-17,RELIANCE,0.4836,79750000,38565000
2026-04-17,RVNL,0.6606,24621125,16265650
2026-04-17,SAIL,0.744,10631400,7910100
2026-04-17,SAMMAANCAP,1.0801,17505300,18907100
2026-04-17,SBICARD,0.7442,7652800,5695200
2026-04-17,SBILIFE,0.6059,3708375,2247000
2026-04-17,SBIN,0.8056,44845500,36129000
2026-04-17,SHREECEM,0.8498,56275,47825
2026-04-17,SHRIRAMFIN,0.7252,14006850,10157400
2026-04-17,SIEMENS,0.9533,1396500,1331225
2026-04-17,SOLARINDS,0.7644,302000,230850
2026-04-17,SONACOMS,0.7853,4523925,3552500
2026-04-17,SRF,0.5852,2055600,1203000
2026-04-17,SUNPHARMA,0.7122,8200500,5840800
2026-04-17,SUPREMEIND,0.5225,785750,410550
2026-04-17,SUZLON,0.9724,177341250,172449700
2026-04-17,SWIGGY,0.5551,11849500,6578000
2026-04-17,TATACONSUM,1.0025,2451350,2457400
2026-04-17,TATAELXSI,0.5496,915200,503000
2026-04-17,TATAPOWER,0.8556,36669050,31375100
2026-04-17,TATASTEEL,0.8578,116435000,99880000
2026-04-17,TATATECH,0.6641,2736800,1817600
2026-04-17,TCS,0.6542,18088175,11833675
2026-04-17,TECHM,0.841,4977000,4185600
2026-04-17,TIINDIA,0.4354,552600,240600
2026-04-17,TITAN,0.8138,3935925,3203025
2026-04-17,TMPV,0.8045,35904000,28884800
2026-04-17,TORNTPHARM,0.7024,668750,469750
2026-04-17,TORNTPOWER,0.7273,1126675,819400
2026-04-17,TRENT,0.8589,2923600,2511000
2026-04-17,TVSMOTOR,0.7008,1636600,1146950
2026-04-17,ULTRACEMCO,0.6164,696500,429300
2026-04-17,UNIONBANK,0.789,36028350,28426200
2026-04-17,UNITDSPR,0.6546,4622000,3025600
2026-04-17,UNOMINDA,0.406,1764950,716650
2026-04-17,UPL,0.7465,9867110,7365780
2026-04-17,VBL,0.6198,16292250,10098000
2026-04-17,VEDL,0.9837,31131650,30624500
2026-04-17,VMM,0.6126,6523250,3996400
2026-04-17,VOLTAS,0.9456,4279500,4046625
2026-04-17,WAAREEENER,0.7361,2144100,1578325
2026-04-17,WIPRO,0.4907,170253000,83544000
2026-04-17,YESBANK,0.6315,488176700,308263200
2026-04-17,ZYDUSLIFE,0.7662,2948400,2259000
2026-04-24,360ONE,0.4345,4920000,2137500
2026-04-24,ABB,0.7344,2004625,1472125
2026-04-24,ABCAPITAL,0.7322,12607700,9231800
2026-04-24,ADANIENSOL,0.7865,7532325,5923800
2026-04-24,ADANIENT,0.7981,9493098,7576062
2026-04-24,ADANIGREEN,0.6671,13996800,9336600
2026-04-24,ADANIPORTS,0.8101,10156450,8227950
2026-04-24,ADANIPOWER,0.6689,42642600,28524250
2026-04-24,ALKEM,0.835,354625,296125
2026-04-24,AMBER,0.8043,853400,686400
2026-04-24,AMBUJACEM,0.8389,10874850,9123450
2026-04-24,ANGELONE,0.9513,28667500,27270000
2026-04-24,APLAPOLLO,0.8077,1213800,980350
2026-04-24,APOLLOHOSP,0.9682,901000,872375
2026-04-24,ASHOKLEY,0.6343,108860000,69050000
2026-04-24,ASIANPAINT,1.0567,5128000,5418750
2026-04-24,ASTRAL,0.6936,2877250,1995800
2026-04-24,AUBANK,0.7672,10873000,8342000
2026-04-24,AUROPHARMA,0.7151,4091450,2926000
2026-04-24,AXISBANK,0.7919,19447500,15400625
2026-04-24,BAJAJ-AUTO,0.8796,1357200,1193775
2026-04-24,BAJAJFINSV,0.8074,4074000,3289250
2026-04-24,BAJAJHLDNG,0.6199,83400,51700
2026-04-24,BAJFINANCE,0.7447,20896500,15561750
2026-04-24,BANDHANBNK,0.6882,32695200,22500000
2026-04-24,BANKBARODA,0.7702,56943900,43857450
2026-04-24,BANKINDIA,0.7937,26624000,21132800
2026-04-24,BDL,0.7932,3727850,2956800
2026-04-24,BEL,0.6757,48053850,32468625
2026-04-24,BHARATFORG,0.6625,3767500,2496000
2026-04-24,BHARTIARTL,0.6477,13577400,8794625
2026-04-24,BHEL,0.9367,49216125,46100250
2026-04-24,BIOCON,0.5858,23245000,13617500
2026-04-24,BLUESTARCO,0.7009,1658150,1162200
2026-04-24,BOSCHLTD,1.0975,193800,212700
2026-04-24,BPCL,0.7236,28838950,20867850
2026-04-24,BRITANNIA,0.8492,823750,699500
2026-04-24,BSE,1.0739,7597875,8159250
2026-04-24,CAMS,0.8382,3462750,2902500
2026-04-24,CANBK,0.8678,91570500,79461000
2026-04-24,CDSL,0.8077,6226775,5029300
2026-04-24,CGPOWER,0.6846,6168450,4222800
2026-04-24,CHOLAFIN,0.7573,4712500,3568750
2026-04-24,CIPLA,1.0903,4489875,4895250
2026-04-24,COALINDIA,0.6559,41472000,27199800
2026-04-24,COCHINSHIP,0.6306,2248000,1417600
2026-04-24,COFORGE,0.5685,10413000,5919750
2026-04-24,COLPAL,0.7523,2483775,1868625
2026-04-24,CONCOR,0.7196,7853750,5651250
2026-04-24,CROMPTON,0.6166,11464200,7068600
2026-04-24,CUMMINSIND,0.7358,1351400,994400
2026-04-24,DABUR,0.8143,9705000,7902500
2026-04-24,DALBHARAT,0.6158,1160575,714675
2026-04-24,DELHIVERY,0.4035,14045675,5666825
2026-04-24,DIVISLAB,1.046,833500,871800
2026-04-24,DIXON,0.6623,2259150,1496150
2026-04-24,DLF,0.9584,11743050,11254650
2026-04-24,DMART,0.8052,1943100,1564650
2026-04-24,DRREDDY,0.6706,11963125,8021875
2026-04-24,EICHERMOT,0.7347,1969100,1446700
2026-04-24,ETERNAL,0.8487,59924175,50857100
2026-04-24,EXIDEIND,0.8425,19333800,16288200
2026-04-24,FEDERALBNK,0.8698,36475000,31725000
2026-04-24,FORCEMOT,0.274,101450,27800
2026-04-24,FORTIS,0.7881,2666000,2101025
2026-04-24,GAIL,1.3867,28501200,39523050
2026-04-24,GLENMARK,0.6737,2850000,1920000
2026-04-24,GMRAIRPORT,0.6654,55116450,36674550
2026-04-24,GODFRYPHLP,0.3965,971025,385000
2026-04-24,GODREJCP,0.9059,1924500,1743500
2026-04-24,GODREJPROP,0.7966,3333550,2655400
2026-04-24,GRASIM,0.8406,1642250,1380500
2026-04-24,HAL,0.864,3485700,3011550
2026-04-24,HAVELLS,0.4137,12266000,5074000
2026-04-24,HCLTECH,0.4527,40757150,18449900
2026-04-24,HDFCAMC,0.7929,1910700,1515000
2026-04-24,HDFCBANK,0.4986,104013800,51863350
2026-04-24,HDFCLIFE,0.5349,19477700,10418100
2026-04-24,HEROMOTOCO,0.4705,2839200,1335750
2026-04-24,HINDALCO,0.8069,14345100,11575200
2026-04-24,HINDPETRO,0.9577,18441675,17662050
2026-04-24,HINDUNILVR,0.7086,9271200,6570000
2026-04-24,HINDZINC,0.5869,28644175,16810675
2026-04-24,HUDCO,0.8909,16733250,14907300
2026-04-24,HYUNDAI,0.5844,929775,543400
2026-04-24,ICICIBANK,0.7003,30900800,21640500
2026-04-24,ICICIGI,0.7274,1154075,839475
2026-04-24,ICICIPRULI,0.6122,7569275,4634250
2026-04-24,IDEA,0.4883,1506049725,735477750
2026-04-24,IDFCFIRSTB,0.9148,131352550,120157625
2026-04-24,IEX,0.6871,55680000,38257500
2026-04-24,INDHOTEL,0.9566,6242000,5971000
2026-04-24,INDIANB,0.5311,6737000,3578000
2026-04-24,INDIGO,0.6349,6460950,4102350
2026-04-24,INDUSINDBK,0.8267,8360100,6911100
2026-04-24,INDUSTOWER,0.5451,27665800,15080700
2026-04-24,INFY,0.5343,63183200,33757200
2026-04-24,INOXWIND,0.8791,28260375,24842675
2026-04-24,IOC,0.7553,64086750,48403875
2026-04-24,IREDA,0.8367,34158450,28579800
2026-04-24,IRFC,0.5798,55024750,31904750
2026-04-24,ITC,0.5254,121649600,63912000
2026-04-24,JINDALSTEL,1.0056,3824375,3845625
2026-04-24,JIOFIN,0.6567,74008550,48602700
2026-04-24,JSWENERGY,0.688,8305000,5714000
2026-04-24,JSWSTEEL,0.9288,6891750,6401025
2026-04-24,JUBLFOOD,0.9029,12328750,11131250
2026-04-24,KALYANKJIL,0.447,14471300,6468375
2026-04-24,KAYNES,0.7419,1863200,1382300
2026-04-24,KEI,0.7791,703500,548100
2026-04-24,KFINTECH,0.6063,2287500,1387000
2026-04-24,KOTAKBANK,0.8051,38874000,31296000
2026-04-24,KPITTECH,0.5778,3464175,2001750
2026-04-24,LAURUSLABS,0.7398,6141250,4543250
2026-04-24,LICHSGFIN,0.7707,8553000,6592000
2026-04-24,LICI,0.6971,6839700,4767700
2026-04-24,LODHA,0.8308,6397650,5314950
2026-04-24,LT,0.7899,9845500,7776825
2026-04-24,LTF,0.8108,23969250,19433250
2026-04-24,LTM,0.6992,1487850,1040250
2026-04-24,LUPIN,0.612,2880650,1762900
2026-04-24,M&M,0.6189,6317000,3909600
2026-04-24,MANAPPURAM,0.7772,17130000,13314000
2026-04-24,MANKIND,0.905,880875,797175
2026-04-24,MARICO,1.0352,3853200,3988800
2026-04-24,MARUTI,0.4906,2189800,1074250
2026-04-24,MAXHEALTH,0.6107,4087650,2496375
2026-04-24,MAZDOCK,0.8557,3755800,3214000
2026-04-24,MCX,0.7036,9483125,6672500
2026-04-24,MFSL,0.762,885600,674800
2026-04-24,MOTHERSON,0.8263,50417700,41660100
2026-04-24,MOTILALOFS,1.0488,1366325,1432975
2026-04-24,MPHASIS,0.7494,1481150,1109900
2026-04-24,MUTHOOTFIN,0.5919,2288550,1354650
2026-04-24,NAM-INDIA,0.6109,1177500,719375
2026-04-24,NATIONALUM,0.7971,39060000,31136250
2026-04-24,NAUKRI,0.6596,3230250,2130750
2026-04-24,NBCC,0.5811,21755500,12642500
2026-04-24,NESTLEIND,0.6953,9993000,6948000
2026-04-24,NHPC,0.6599,37715200,24889600
2026-04-24,NMDC,0.6432,82849500,53291250
2026-04-24,NTPC,0.5572,77038500,42927000
2026-04-24,NUVAMA,0.7168,1146000,821500
2026-04-24,NYKAA,0.4759,11203125,5331250
2026-04-24,OBEROIRLTY,0.5932,1744750,1034950
2026-04-24,OFSS,0.9687,1344750,1302675
2026-04-24,OIL,0.4126,11403000,4705400
2026-04-24,ONGC,0.3314,96804000,32085000
2026-04-24,PAGEIND,0.9298,62610,58215
2026-04-24,PATANJALI,0.6463,5419800,3502800
2026-04-24,PAYTM,0.7751,6097250,4726275
2026-04-24,PERSISTENT,0.43,2961200,1273200
2026-04-24,PETRONET,0.7155,14210100,10166900
2026-04-24,PFC,0.7321,26529100,19422000
2026-04-24,PGEL,0.856,8743800,7485050
2026-04-24,PHOENIXLTD,0.7038,1214850,855050
2026-04-24,PIDILITIND,0.7642,1582000,1209000
2026-04-24,PIIND,0.6101,1241625,757575
2026-04-24,PNB,0.892,84192000,75096000
2026-04-24,PNBHOUSING,0.9866,5562700,5487950
2026-04-24,POLICYBZR,0.9463,1994300,1887200
2026-04-24,POLYCAB,0.7784,1413875,1100625
2026-04-24,POWERGRID,0.6652,38668800,25724100
2026-04-24,POWERINDIA,1.2264,368750,452250
2026-04-24,PPLPHARMA,0.913,7630875,6966750
2026-04-24,PREMIERENE,0.7164,2749075,1969375
2026-04-24,PRESTIGE,0.6946,2108250,1464300
2026-04-24,RBLBANK,0.9488,32969200,31280100
2026-04-24,RECLTD,0.8157,28267400,23058000
2026-04-24,RELIANCE,0.5321,85063500,45261000
2026-04-24,RVNL,0.7316,23939450,17513100
2026-04-24,SAIL,0.8586,9404700,8074600
2026-04-24,SAMMAANCAP,0.7919,19853100,15720800
2026-04-24,SBICARD,0.7829,8031200,6288000
2026-04-24,SBILIFE,0.3926,8142000,3196500
2026-04-24,SBIN,0.806,47592000,38358750
2026-04-24,SHREECEM,0.7874,64675,50925
2026-04-24,SHRIRAMFIN,0.5527,20204250,11166375
2026-04-24,SIEMENS,0.7672,1791475,1374450
2026-04-24,SOLARINDS,0.6786,430900,292400
2026-04-24,SONACOMS,0.788,4107425,3236450
2026-04-24,SRF,0.6027,2080400,1253800
2026-04-24,SUNPHARMA,0.7287,9241400,6734000
2026-04-24,SUPREMEIND,0.4294,986650,423675
2026-04-24,SUZLON,0.8092,207836725,168171850
2026-04-24,SWIGGY,0.6369,9558900,6087900
2026-04-24,TATACONSUM,1.0853,3185050,3456750
2026-04-24,TATAELXSI,0.3495,2818000,984900
2026-04-24,TATAPOWER,0.7988,34320050,27415150
2026-04-24,TATASTEEL,0.8082,118838500,96041000
2026-04-24,TATATECH,0.814,2653600,2160000
2026-04-24,TCS,0.5638,20681150,11659025
2026-04-24,TECHM,0.4363,14500200,6325800
2026-04-24,TIINDIA,0.6458,1067200,689200
2026-04-24,TITAN,0.7008,3814825,2673475
2026-04-24,TMPV,0.7169,37361600,26784800
2026-04-24,TORNTPHARM,0.7222,614750,444000
2026-04-24,TORNTPOWER,1.1945,1405050,1678325
2026-04-24,TRENT,0.5566,6345600,3531700
2026-04-24,TVSMOTOR,0.5646,2426025,1369725
2026-04-24,ULTRACEMCO,0.5749,1060700,609800
2026-04-24,UNIONBANK,0.5447,66516600,36231900
2026-04-24,UNITDSPR,0.8166,4806000,3924400
2026-04-24,UNOMINDA,0.4484,1784750,800250
2026-04-24,UPL,0.8187,8505335,6963345
2026-04-24,VBL,0.5857,22366125,13099500
2026-04-24,VEDL,0.6019,57667900,34708150
2026-04-24,VMM,0.4678,8274100,3870300
2026-04-24,VOLTAS,0.8509,4419750,3760875
2026-04-24,WAAREEENER,0.6107,2944025,1797775
2026-04-24,WIPRO,0.4745,177981000,84453000
2026-04-24,YESBANK,0.5508,628842000,346360700
2026-04-24,ZYDUSLIFE,0.7212,3644100,2628000
2026-04-30,360ONE,0.4939,1023500,505500
2026-04-30,ABB,0.6489,633375,411000
2026-04-30,ABCAPITAL,1.059,6773500,7173400
2026-04-30,ADANIENSOL,0.646,5620725,3630825
2026-04-30,ADANIENT,0.7498,6538131,4901976
2026-04-30,ADANIGREEN,0.7436,5634600,4189800
2026-04-30,ADANIPORTS,0.8042,6005425,4829800
2026-04-30,ADANIPOWER,0.6417,31431700,20171100
2026-04-30,ALKEM,0.8625,130875,112875
2026-04-30,AMBER,0.5282,375600,198400
2026-04-30,AMBUJACEM,0.8077,11313750,9138150
2026-04-30,ANGELONE,0.681,10110000,6885000
2026-04-30,APLAPOLLO,0.7635,812350,620200
2026-04-30,APOLLOHOSP,0.6527,559375,365125
2026-04-30,ASHOKLEY,0.6459,70750000,45695000
2026-04-30,ASIANPAINT,1.0413,2638000,2747000
2026-04-30,ASTRAL,0.717,1280950,918425
2026-04-30,AUBANK,0.5416,7683000,4161000
2026-04-30,AUROPHARMA,0.601,2444200,1469050
2026-04-30,AXISBANK,0.7011,12561875,8807500
2026-04-30,BAJAJ-AUTO,0.886,1086525,962625
2026-04-30,BAJAJFINSV,1.0081,2630000,2651250
2026-04-30,BAJAJHLDNG,0.4476,36750,16450
2026-04-30,BAJFINANCE,0.7067,17623500,12453750
2026-04-30,BANDHANBNK,0.622,42300000,26312400
2026-04-30,BANKBARODA,0.8396,29840850,25055550
2026-04-30,BANKINDIA,0.8937,14778400,13208000
2026-04-30,BDL,0.5649,1788150,1010100
2026-04-30,BEL,0.6549,33574425,21986325
2026-04-30,BHARATFORG,0.7825,1761000,1378000
2026-04-30,BHARTIARTL,0.8278,6701300,5547525
2026-04-30,BHEL,0.935,24436125,22848000
2026-04-30,BIOCON,0.4689,23175000,10867500
2026-04-30,BLUESTARCO,0.6597,927225,611650
2026-04-30,BOSCHLTD,0.8017,32775,26275
2026-04-30,BPCL,0.5899,16670975,9833525
2026-04-30,BRITANNIA,0.7632,536875,409750
2026-04-30,BSE,0.9087,4190250,3807750
2026-04-30,CAMS,0.8464,1596750,1351500
2026-04-30,CANBK,1.0365,55073250,57084750
2026-04-30,CDSL,0.9242,4484950,4144850
2026-04-30,CGPOWER,0.8256,2266100,1870850
2026-04-30,CHOLAFIN,0.7167,2616250,1875000
2026-04-30,CIPLA,0.6898,3540000,2442000
2026-04-30,COALINDIA,0.7132,25308450,18049500
2026-04-30,COCHINSHIP,0.6852,1110400,760800
2026-04-30,COFORGE,0.6341,5484750,3477750
2026-04-30,COLPAL,0.6916,1107450,765900
2026-04-30,CONCOR,0.7523,4577500,3443750
2026-04-30,CROMPTON,0.4581,12704400,5819400
2026-04-30,CUMMINSIND,0.8656,461400,399400
2026-04-30,DABUR,0.6844,5465000,3740000
2026-04-30,DALBHARAT,0.6308,749125,472550
2026-04-30,DELHIVERY,0.3896,5214475,2031425
2026-04-30,DIVISLAB,0.7458,452400,337400
2026-04-30,DIXON,0.9172,926500,849800
2026-04-30,DLF,0.8764,6162750,5401275
2026-04-30,DMART,0.6934,716250,496650
2026-04-30,DRREDDY,0.5798,6848750,3970625
2026-04-30,EICHERMOT,0.8662,837800,725700
2026-04-30,ETERNAL,0.5341,92571950,49443325
2026-04-30,EXIDEIND,0.6747,9545400,6440400
2026-04-30,FEDERALBNK,0.5109,38312500,19575000
2026-04-30,FORCEMOT,0.3976,121425,48275
2026-04-30,FORTIS,0.5634,1143125,644025
2026-04-30,GAIL,1.0687,16420950,17548650
2026-04-30,GLENMARK,0.573,1558125,892875
2026-04-30,GMRAIRPORT,0.6048,50171175,30341250
2026-04-30,GODFRYPHLP,0.4059,542025,220000
2026-04-30,GODREJCP,0.9386,846500,794500
2026-04-30,GODREJPROP,0.8149,1332375,1085700
2026-04-30,GRASIM,0.8133,932000,758000
2026-04-30,HAL,0.8747,1748400,1529250
2026-04-30,HAVELLS,0.4918,4671500,2297500
2026-04-30,HCLTECH,0.5387,20802600,11207000
2026-04-30,HDFCAMC,0.7356,741000,545100
2026-04-30,HDFCBANK,0.5527,61985900,34261300
2026-04-30,HDFCLIFE,0.6257,12441000,7784700
2026-04-30,HEROMOTOCO,0.6454,1157850,747300
2026-04-30,HINDALCO,0.756,5434100,4108300
2026-04-30,HINDPETRO,1.0486,8581950,8999100
2026-04-30,HINDUNILVR,0.5381,7194300,3871200
2026-04-30,HINDZINC,0.6294,15974000,10054800
2026-04-30,HYUNDAI,0.9894,729850,722150
2026-04-30,ICICIBANK,0.6457,29024100,18740400
2026-04-30,ICICIGI,0.6171,428675,264550
2026-04-30,ICICIPRULI,0.6795,3166275,2151550
2026-04-30,IDEA,0.5086,1324574700,673723350
2026-04-30,IDFCFIRSTB,0.9233,83308050,76917575
2026-04-30,IEX,0.6116,39772500,24326250
2026-04-30,INDHOTEL,1.3065,3638000,4753000
2026-04-30,INDIANB,0.585,5821000,3405000
2026-04-30,INDIGO,0.7959,2368350,1885050
2026-04-30,INDUSINDBK,1.0371,5188400,5380900
2026-04-30,INDUSTOWER,0.7812,22713700,17744600
2026-04-30,INFY,0.6141,32055600,19684000
2026-04-30,INOXWIND,0.6971,15082925,10514075
2026-04-30,IOC,0.8079,34636875,27982500
2026-04-30,IREDA,0.754,14893650,11229750
2026-04-30,IRFC,0.7883,24709500,19477750
2026-04-30,ITC,0.563,68892800,38784000
2026-04-30,JINDALSTEL,0.9545,2334375,2228125
2026-04-30,JIOFIN,0.6625,54785550,36293400
2026-04-30,JSWENERGY,0.6902,5122000,3535000
2026-04-30,JSWSTEEL,0.8826,3869775,3415500
2026-04-30,JUBLFOOD,0.7837,5032500,3943750
2026-04-30,KALYANKJIL,0.6673,4597775,3067925
2026-04-30,KAYNES,0.7331,874600,641200
2026-04-30,KEI,0.8176,317625,259700
2026-04-30,KFINTECH,0.5152,4259500,2194500
2026-04-30,KOTAKBANK,0.9825,30964000,30422000
2026-04-30,KPITTECH,0.8113,1723375,1398250
2026-04-30,LAURUSLABS,0.5859,5096600,2986050
2026-04-30,LICHSGFIN,0.664,5000000,3320000
2026-04-30,LICI,0.6548,5126800,3357200
2026-04-30,LODHA,0.5954,2590650,1542600
2026-04-30,LT,0.9773,3796100,3709825
2026-04-30,LTF,0.8229,12375000,10183500
2026-04-30,LTM,0.693,815400,565050
2026-04-30,LUPIN,0.8009,1827500,1463700
2026-04-30,M&M,0.8906,3557000,3168000
2026-04-30,MANAPPURAM,0.5368,10122000,5433000
2026-04-30,MANKIND,1.1258,341550,384525
2026-04-30,MARICO,0.7855,2568000,2017200
2026-04-30,MARUTI,0.4724,1620100,765300
2026-04-30,MAXHEALTH,0.5556,1875825,1042125
2026-04-30,MAZDOCK,0.4946,2737000,1353600
2026-04-30,MCX,0.7581,4010625,3040625
2026-04-30,MFSL,1.1896,223600,266000
2026-04-30,MOTHERSON,0.7154,24071100,17220000
2026-04-30,MOTILALOFS,0.7383,1856900,1370975
2026-04-30,MPHASIS,0.6794,1511400,1026850
2026-04-30,MUTHOOTFIN,0.7682,771100,592350
2026-04-30,NAM-INDIA,0.5451,990625,540000
2026-04-30,NATIONALUM,0.5769,26113125,15063750
2026-04-30,NAUKRI,0.4637,2109750,978375
2026-04-30,NBCC,0.7877,12551500,9886500
2026-04-30,NESTLEIND,0.9029,3407500,3076500
2026-04-30,NHPC,0.5681,33619200,19097600
2026-04-30,NMDC,0.5141,59784750,30732750
2026-04-30,NTPC,0.436,29782500,12984000
2026-04-30,NUVAMA,0.5762,436500,251500
2026-04-30,NYKAA,0.8219,4000000,3287500
2026-04-30,OBEROIRLTY,0.3465,889000,308000
2026-04-30,OFSS,0.9702,608775,590625
2026-04-30,OIL,0.5242,7924000,4153800
2026-04-30,ONGC,0.517,37278000,19271250
2026-04-30,PAGEIND,0.5617,20535,11535
2026-04-30,PATANJALI,0.8043,3560400,2863800
2026-04-30,PAYTM,1.1051,4626950,5113425
2026-04-30,PERSISTENT,0.6154,1408000,866500
2026-04-30,PETRONET,1.1622,6066700,7050900
2026-04-30,PFC,0.5633,17845100,10052900
2026-04-30,PGEL,0.9747,3339250,3254700
2026-04-30,PHOENIXLTD,0.7332,919450,674100
2026-04-30,PIDILITIND,0.6952,735000,511000
2026-04-30,PIIND,0.5576,827050,461125
2026-04-30,PNB,0.831,62872000,52248000
2026-04-30,PNBHOUSING,0.7757,1486550,1153100
2026-04-30,POLICYBZR,0.7328,783300,574000
2026-04-30,POLYCAB,1.4455,664375,960375
2026-04-30,POWERGRID,0.6984,16245000,11344900
2026-04-30,POWERINDIA,0.8705,208625,181600
2026-04-30,PREMIERENE,0.8905,1328825,1183350
2026-04-30,PRESTIGE,1.1452,629100,720450
2026-04-30,RBLBANK,0.7856,16751300,13160375
2026-04-30,RECLTD,0.6181,24659600,15243200
2026-04-30,RELIANCE,0.8538,40413500,34506500
2026-04-30,RVNL,0.6879,10720750,7374900
2026-04-30,SAIL,0.5548,6641100,3684800
2026-04-30,SAMMAANCAP,0.6736,19719800,13282700
2026-04-30,SBICARD,0.621,8273600,5137600
2026-04-30,SBILIFE,0.6896,2560125,1765500
2026-04-30,SBIN,0.7547,27549750,20792250
2026-04-30,SHREECEM,0.8616,37200,32050
2026-04-30,SHRIRAMFIN,0.4786,18428850,8820900
2026-04-30,SIEMENS,0.6112,741300,453075
2026-04-30,SOLARINDS,0.7307,97850,71500
2026-04-30,SONACOMS,0.7625,2759925,2104550
2026-04-30,SRF,0.9067,921800,835800
2026-04-30,SUNPHARMA,0.7553,8057700,6085800
2026-04-30,SUPREMEIND,0.4628,816025,377650
2026-04-30,SUZLON,0.4513,120411550,54339525
2026-04-30,SWIGGY,0.6958,7710300,5365100
2026-04-30,TATACONSUM,0.6164,1984400,1223200
2026-04-30,TATAELXSI,0.4544,1208600,549200
2026-04-30,TATAPOWER,0.6974,20102800,14020050
2026-04-30,TATASTEEL,0.613,78028500,47833500
2026-04-30,TCS,0.8073,10179775,8218500
2026-04-30,TECHM,0.7756,5868600,4551600
2026-04-30,TIINDIA,1.025,208000,213200
2026-04-30,TITAN,0.7804,1361150,1062250
2026-04-30,TMPV,0.8597,17818400,15317600
2026-04-30,TORNTPHARM,0.7862,243250,191250
2026-04-30,TRENT,0.4196,3151000,1322200
2026-04-30,TVSMOTOR,0.6869,1197875,822850
2026-04-30,ULTRACEMCO,0.4229,1101100,465650
2026-04-30,UNIONBANK,0.5711,54573525,31165275
2026-04-30,UNITDSPR,0.7171,2683200,1924000
2026-04-30,UNOMINDA,0.4696,814000,382250
2026-04-30,UPL,0.7869,4043320,3181540
2026-04-30,VBL,0.5379,10838250,5829750
2026-04-30,VEDL,0.4306,16281700,7010400
2026-04-30,VMM,0.5705,2337700,1333750
2026-04-30,VOLTAS,0.7258,2325000,1687500
2026-04-30,WAAREEENER,0.5017,4033750,2023700
2026-04-30,WIPRO,0.5509,120318000,66285000
2026-04-30,YESBANK,0.4716,356561500,168157700
2026-04-30,ZYDUSLIFE,0.7777,2664000,2071800
2026-05-08,360ONE,0.7199,901500,649000
2026-05-08,ABB,0.4875,1719375,838250
2026-05-08,ABCAPITAL,0.7331,16141700,11832700
2026-05-08,ADANIENSOL,0.5806,7703775,4472550
2026-05-08,ADANIENT,0.7593,7896186,5995527
2026-05-08,ADANIGREEN,0.6843,8841600,6050400
2026-05-08,ADANIPORTS,0.8081,9305725,7519725
2026-05-08,ADANIPOWER,0.6649,35251500,23437100
2026-05-08,ALKEM,0.5008,311500,156000
2026-05-08,AMBER,0.5409,1097100,593400
2026-05-08,AMBUJACEM,0.6573,19786200,13005450
2026-05-08,ANGELONE,0.5999,19307500,11582500
2026-05-08,APLAPOLLO,0.6395,1865150,1192800
2026-05-08,APOLLOHOSP,0.7885,1017375,802250
2026-05-08,ASHOKLEY,0.5875,91485000,53745000
2026-05-08,ASIANPAINT,0.7327,5418500,3970250
2026-05-08,ASTRAL,0.5732,2076125,1190000
2026-05-08,AUBANK,0.6195,7747000,4799000
2026-05-08,AUROPHARMA,0.7996,3281850,2624050
2026-05-08,AXISBANK,0.6735,17484375,11776250
2026-05-08,BAJAJ-AUTO,0.9375,1940025,1818750
2026-05-08,BAJAJFINSV,0.7808,3726800,2910000
2026-05-08,BAJAJHLDNG,0.4601,132700,61050
2026-05-08,BAJFINANCE,0.7988,17553750,14021250
2026-05-08,BANDHANBNK,0.7316,41659200,30477600
2026-05-08,BANKBARODA,0.7117,44313750,31537350
2026-05-08,BANKINDIA,0.7238,26452400,19146400
2026-05-08,BDL,0.5886,2940075,1730400
2026-05-08,BEL,0.5679,50345250,28591200
2026-05-08,BHARATFORG,0.7365,4354500,3207000
2026-05-08,BHARTIARTL,0.5256,14886500,7824200
2026-05-08,BHEL,1.0922,53437125,58364250
2026-05-08,BIOCON,0.632,22410000,14162500
2026-05-08,BLUESTARCO,0.5307,2389075,1267825
2026-05-08,BOSCHLTD,0.6738,92650,62425
2026-05-08,BPCL,0.6632,27343875,18134450
2026-05-08,BRITANNIA,0.4696,2902625,1363125
2026-05-08,BSE,0.665,11132075,7402500
2026-05-08,CAMS,1.0402,4640250,4827000
2026-05-08,CANBK,0.8879,81789750,72623250
2026-05-08,CDSL,0.7127,6853300,4884425
2026-05-08,CGPOWER,0.7285,7219900,5259800
2026-05-08,CHOLAFIN,0.8629,3022500,2608125
2026-05-08,CIPLA,0.6977,5746325,4009125
2026-05-08,COALINDIA,0.4541,38684250,17566200
2026-05-08,COCHINSHIP,0.7124,1567200,1116400
2026-05-08,COFORGE,0.8135,10133625,8243725
2026-05-08,COLPAL,0.6771,1443150,977175
2026-05-08,CONCOR,0.6861,5340000,3663750
2026-05-08,CROMPTON,0.5787,17845200,10326600
2026-05-08,CUMMINSIND,0.7715,700200,540200
2026-05-08,DABUR,0.8906,12218750,10882500
2026-05-08,DALBHARAT,0.677,1866475,1263600
2026-05-08,DELHIVERY,0.448,10991275,4923975
2026-05-08,DIVISLAB,0.694,791800,549500
2026-05-08,DIXON,0.7742,1644450,1273150
2026-05-08,DLF,0.7122,8980125,6395400
2026-05-08,DMART,0.4873,1662750,810300
2026-05-08,DRREDDY,0.473,12074375,5711250
2026-05-08,EICHERMOT,0.7044,1260200,887700
2026-05-08,ETERNAL,0.5896,84959875,50088375
2026-05-08,EXIDEIND,0.6637,15453000,10256400
2026-05-08,FEDERALBNK,0.5583,34927500,19500000
2026-05-08,FORCEMOT,0.5174,129725,67125
2026-05-08,FORTIS,0.3601,2387000,859475
2026-05-08,GAIL,0.9032,21861000,19744200
2026-05-08,GLENMARK,0.444,2399250,1065375
2026-05-08,GMRAIRPORT,0.6903,56560275,39046050
2026-05-08,GODFRYPHLP,0.609,858000,522500
2026-05-08,GODREJCP,0.537,5310500,2852000
2026-05-08,GODREJPROP,0.5855,2848000,1667600
2026-05-08,GRASIM,0.6807,1363250,928000
2026-05-08,HAL,0.7759,2979600,2311800
2026-05-08,HAVELLS,0.4037,5873000,2371000
2026-05-08,HCLTECH,0.4883,23940750,11689350
2026-05-08,HDFCAMC,0.6939,1236900,858300
2026-05-08,HDFCBANK,0.5442,83711950,45558950
2026-05-08,HDFCLIFE,0.6985,18477800,12907400
2026-05-08,HEROMOTOCO,0.7163,2431500,1741650
2026-05-08,HINDALCO,0.7258,7409500,5378100
2026-05-08,HINDPETRO,0.9881,14606325,14432175
2026-05-08,HINDUNILVR,0.5108,9397200,4800000
2026-05-08,HINDZINC,0.706,18996075,13411300
2026-05-08,HYUNDAI,0.6691,2017950,1350250
2026-05-08,ICICIBANK,0.5777,39057900,22564500
2026-05-08,ICICIGI,0.5398,882050,476125
2026-05-08,ICICIPRULI,1.0622,4685125,4976500
2026-05-08,IDEA,0.5391,1644997125,886861800
2026-05-08,IDFCFIRSTB,0.8717,107812600,93983575
2026-05-08,IEX,0.5358,50418750,27016800
2026-05-08,INDHOTEL,0.9395,5865000,5510000
2026-05-08,INDIANB,0.5544,7119000,3947000
2026-05-08,INDIGO,0.5964,4323450,2578650
2026-05-08,INDUSINDBK,0.8859,6737500,5968900
2026-05-08,INDUSTOWER,0.5896,32249000,19014500
2026-05-08,INFY,0.5878,40067200,23550800
2026-05-08,INOXWIND,0.4898,28449100,13935350
2026-05-08,IOC,0.7038,52372125,36859875
2026-05-08,IREDA,0.6636,19209600,12747750
2026-05-08,IRFC,0.6719,41379175,27802775
2026-05-08,ITC,0.3306,118696525,39238400
2026-05-08,JINDALSTEL,0.6798,3816250,2594375
2026-05-08,JIOFIN,0.6067,67430900,40908800
2026-05-08,JSWENERGY,0.7003,6633000,4645000
2026-05-08,JSWSTEEL,0.6719,4676400,3142125
2026-05-08,JUBLFOOD,0.7117,7137500,5080000
2026-05-08,KALYANKJIL,0.4523,17820050,8059325
2026-05-08,KAYNES,0.6155,1321200,813200
2026-05-08,KEI,1.2362,726775,898450
2026-05-08,KFINTECH,0.7487,3210500,2403650
2026-05-08,KOTAKBANK,0.6117,46340000,28346000
2026-05-08,KPITTECH,0.4573,7693775,3518500
2026-05-08,LAURUSLABS,0.6954,6932600,4821200
2026-05-08,LICHSGFIN,0.7227,6366000,4601000
2026-05-08,LICI,0.494,7141400,3528000
2026-05-08,LODHA,0.6802,2928600,1992150
2026-05-08,LT,0.5493,9391025,5158475
2026-05-08,LTF,0.7714,14647500,11299500
2026-05-08,LTM,0.5221,1267500,661800
2026-05-08,LUPIN,0.4925,8114950,3996275
2026-05-08,M&M,0.9654,5443200,5254800
2026-05-08,MANAPPURAM,0.7633,11181000,8535000
2026-05-08,MANKIND,0.8363,1041975,871425
2026-05-08,MARICO,0.8221,7203600,5922000
2026-05-08,MARUTI,0.4697,2188500,1027950
2026-05-08,MAXHEALTH,0.4704,2820300,1326675
2026-05-08,MAZDOCK,0.4494,4360200,1959400
2026-05-08,MCX,0.8878,5568750,4943750
2026-05-08,MFSL,0.6342,1572400,997200
2026-05-08,MOTHERSON,0.8732,35122650,30670050
2026-05-08,MOTILALOFS,0.7127,2408700,1716625
2026-05-08,MPHASIS,0.6113,1620850,990825
2026-05-08,MUTHOOTFIN,0.5993,1590325,953150
2026-05-08,NAM-INDIA,0.5927,1216875,721250
2026-05-08,NATIONALUM,0.5164,30961875,15988125
2026-05-08,NAUKRI,0.3915,3022125,1183125
2026-05-08,NBCC,0.7137,20800000,14846000
2026-05-08,NESTLEIND,1.0347,4051000,4191500
2026-05-08,NHPC,0.4566,52006400,23744000
2026-05-08,NMDC,0.5124,77625000,39777750
2026-05-08,NTPC,0.3545,49276500,17467500
2026-05-08,NUVAMA,0.7618,1973500,1503500
2026-05-08,NYKAA,0.3961,9293750,3681250
2026-05-08,OBEROIRLTY,0.3681,1683150,619500
2026-05-08,OFSS,1.0946,680400,744775
2026-05-08,OIL,0.4807,13199200,6344800
2026-05-08,ONGC,0.3272,55656000,18209250
2026-05-08,PAGEIND,0.818,21840,17865
2026-05-08,PATANJALI,0.646,5138100,3319200
2026-05-08,PAYTM,0.9623,8801500,8469450
2026-05-08,PERSISTENT,0.6233,1357900,846400
2026-05-08,PETRONET,0.9768,12203700,11920600
2026-05-08,PFC,0.5631,21164000,11917100
2026-05-08,PGEL,0.7831,4966600,3889300
2026-05-08,PHOENIXLTD,0.6102,1108800,676550
2026-05-08,PIDILITIND,0.4642,6498500,3016500
2026-05-08,PIIND,0.5721,1012550,579250
2026-05-08,PNB,0.6407,126272000,80904000
2026-05-08,PNBHOUSING,0.6636,2299050,1525550
2026-05-08,POLICYBZR,0.5014,2602950,1305150
2026-05-08,POLYCAB,1.2298,1794125,2206375
2026-05-08,POWERGRID,0.4854,26733000,12975100
2026-05-08,POWERINDIA,0.8678,268375,232900
2026-05-08,PREMIERENE,0.7569,2765175,2093000
2026-05-08,PRESTIGE,0.7321,1286550,941850
2026-05-08,RBLBANK,0.5566,32438975,18056225
2026-05-08,RECLTD,0.568,30584575,17372775
2026-05-08,RELIANCE,0.6709,51807000,34756000
2026-05-08,RVNL,0.5926,15898125,9420850
2026-05-08,SAIL,0.611,11284700,6894900
2026-05-08,SAMMAANCAP,0.6052,21237700,12852700
2026-05-08,SBICARD,0.6452,9462400,6104800
2026-05-08,SBILIFE,0.5149,4068750,2095125
2026-05-08,SBIN,0.4386,115450500,50632500
2026-05-08,SHREECEM,0.4974,110575,55000
2026-05-08,SHRIRAMFIN,0.5567,15388725,8567625
2026-05-08,SIEMENS,0.5964,1089550,649775
2026-05-08,SOLARINDS,0.7253,143250,103900
2026-05-08,SONACOMS,0.5813,5222175,3035550
2026-05-08,SRF,1.0315,1696600,1750000
2026-05-08,SUNPHARMA,0.6811,10875550,7407050
2026-05-08,SUPREMEIND,0.3332,1038275,345975
2026-05-08,SUZLON,0.4001,156412275,62579350
2026-05-08,SWIGGY,0.6378,13883225,8854825
2026-05-08,TATACONSUM,0.4993,4722300,2357850
2026-05-08,TATAELXSI,0.4301,1374700,591325
2026-05-08,TATAPOWER,0.5708,30970550,17678400
2026-05-08,TATASTEEL,0.716,87881750,62925500
2026-05-08,TCS,0.6093,16550875,10083775
2026-05-08,TECHM,0.7054,6862200,4840800
2026-05-08,TIINDIA,0.5681,458000,260200
2026-05-08,TITAN,0.7798,4231850,3299975
2026-05-08,TMPV,0.5972,29941600,17882400
2026-05-08,TORNTPHARM,0.5303,437250,231875
2026-05-08,TRENT,0.4026,3359400,1352500
2026-05-08,TVSMOTOR,0.6623,1636075,1083600
2026-05-08,ULTRACEMCO,0.4121,1238300,510300
2026-05-08,UNIONBANK,0.4478,73419600,32877750
2026-05-08,UNITDSPR,0.6272,4292400,2692000
2026-05-08,UNOMINDA,0.5891,1422850,838200
2026-05-08,UPL,0.6636,6154410,4083970
2026-05-08,VBL,0.5621,11554875,6494625
2026-05-08,VEDL,0.4818,49346500,23773950
2026-05-08,VMM,0.6655,4074000,2711150
2026-05-08,VOLTAS,0.6287,5671125,3565500
2026-05-08,WAAREEENER,0.557,4145050,2308950
2026-05-08,WIPRO,0.514,138168000,71025000
2026-05-08,YESBANK,0.8693,350248200,304469000
2026-05-08,ZYDUSLIFE,0.6743,3302100,2226600
2026-05-15,360ONE,0.6513,1022500,666000
2026-05-15,ABB,0.3795,2595000,984750
2026-05-15,ABCAPITAL,0.7374,20943600,15444200
2026-05-15,ADANIENSOL,0.5199,8317350,4324050
2026-05-15,ADANIENT,0.6588,11914731,7849527
2026-05-15,ADANIGREEN,0.6602,12263400,8096400
2026-05-15,ADANIPORTS,0.7783,10695100,8324375
2026-05-15,ADANIPOWER,0.512,47761700,24452400
2026-05-15,ALKEM,0.3679,452250,166375
2026-05-15,AMBER,0.6026,1602800,965900
2026-05-15,AMBUJACEM,0.58,20806800,12067800
2026-05-15,ANGELONE,0.4971,23935000,11897500
2026-05-15,APLAPOLLO,0.6567,1901200,1248450
2026-05-15,APOLLOHOSP,0.6596,1214250,800875
2026-05-15,ASHOKLEY,0.5825,126585000,73735000
2026-05-15,ASIANPAINT,0.6601,7159000,4725750
2026-05-15,ASTRAL,0.5114,2370225,1212100
2026-05-15,AUBANK,0.5942,9198000,5465000
2026-05-15,AUROPHARMA,0.73,3735600,2726900
2026-05-15,AXISBANK,0.4984,21973750,10951250
2026-05-15,BAJAJ-AUTO,0.799,1937475,1548075
2026-05-15,BAJAJFINSV,0.5323,5944300,3164250
2026-05-15,BAJAJHLDNG,0.4892,120800,59100
2026-05-15,BAJFINANCE,0.6922,22714500,15723000
2026-05-15,BANDHANBNK,0.6433,41238000,26528400
2026-05-15,BANKBARODA,0.7407,46653750,34555950
2026-05-15,BANKINDIA,0.6007,34039200,20446400
2026-05-15,BDL,0.5137,3762300,1932700
2026-05-15,BEL,0.5211,59285700,30894000
2026-05-15,BHARATFORG,0.7114,4389500,3122500
2026-05-15,BHARTIARTL,0.7029,22058525,15505425
2026-05-15,BHEL,0.945,58356375,55148625
2026-05-15,BIOCON,0.8453,25310000,21395000
2026-05-15,BLUESTARCO,0.4961,2679300,1329250
2026-05-15,BOSCHLTD,0.6903,91050,62850
2026-05-15,BPCL,0.594,37933825,22532775
2026-05-15,BRITANNIA,0.4045,2849750,1152625
2026-05-15,BSE,0.7442,9046900,6732375
2026-05-15,CAMS,0.7977,4449000,3549000
2026-05-15,CANBK,0.6906,115998750,80109000
2026-05-15,CDSL,0.5689,9185550,5225475
2026-05-15,CGPOWER,0.6568,7390750,4854350
2026-05-15,CHOLAFIN,0.7045,3380000,2381250
2026-05-15,CIPLA,1.1952,9737875,11638875
2026-05-15,COALINDIA,0.5491,45366750,24912900
2026-05-15,COCHINSHIP,0.5707,2404000,1372000
2026-05-15,COFORGE,0.6942,11794500,8187200
2026-05-15,COLPAL,0.5759,2042325,1176075
2026-05-15,CONCOR,0.623,5712500,3558750
2026-05-15,CROMPTON,0.7588,23274000,17659800
2026-05-15,CUMMINSIND,0.6906,918000,634000
2026-05-15,DABUR,0.6767,13062500,8838750
2026-05-15,DALBHARAT,0.852,1968200,1677000
2026-05-15,DELHIVERY,0.3536,16010700,5660600
2026-05-15,DIVISLAB,0.654,1085100,709700
2026-05-15,DIXON,0.7769,2163300,1680600
2026-05-15,DLF,0.7879,11252175,8865450
2026-05-15,DMART,0.4229,1692900,715950
2026-05-15,DRREDDY,0.6585,12812500,8436875
2026-05-15,EICHERMOT,0.7003,1434900,1004800
2026-05-15,ETERNAL,0.5459,92026325,50241150
2026-05-15,EXIDEIND,0.5264,18061200,9507600
2026-05-15,FEDERALBNK,0.5449,38847500,21167500
2026-05-15,FORCEMOT,0.4112,148825,61200
2026-05-15,FORTIS,0.3545,3611500,1280300
2026-05-15,GAIL,0.8112,25511850,20695500
2026-05-15,GLENMARK,0.4868,2937375,1429875
2026-05-15,GMRAIRPORT,0.6544,59127075,38690325
2026-05-15,GODFRYPHLP,0.4956,1257300,623150
2026-05-15,GODREJCP,0.6118,4297000,2629000
2026-05-15,GODREJPROP,0.5832,3222000,1879075
2026-05-15,GRASIM,0.7417,1649000,1223000
2026-05-15,HAL,0.482,5830800,2810700
2026-05-15,HAVELLS,0.3966,5925000,2350000
2026-05-15,HCLTECH,0.4111,27531750,11317250
2026-05-15,HDFCAMC,0.6205,1464000,908400
2026-05-15,HDFCBANK,0.5614,82589150,46364350
2026-05-15,HDFCLIFE,0.5902,20587600,12151700
2026-05-15,HEROMOTOCO,0.5543,3174600,1759800
2026-05-15,HINDALCO,0.882,9554300,8426600
2026-05-15,HINDPETRO,0.7962,21094425,16795350
2026-05-15,HINDUNILVR,0.4769,10003500,4770900
2026-05-15,HINDZINC,0.6705,26985525,18094475
2026-05-15,HYUNDAI,0.636,1606000,1021350
2026-05-15,ICICIBANK,0.5827,38771600,22591100
2026-05-15,ICICIGI,0.4164,1424475,593125
2026-05-15,ICICIPRULI,0.8599,5161500,4438150
2026-05-15,IDEA,0.5465,2019883500,1103859900
2026-05-15,IDFCFIRSTB,0.8195,127132425,104186075
2026-05-15,IEX,0.5199,54626250,28402650
2026-05-15,INDHOTEL,0.8712,7617000,6636000
2026-05-15,INDIANB,0.6073,8180000,4968000
2026-05-15,INDIGO,0.5069,5417250,2746050
2026-05-15,INDUSINDBK,0.8534,7422800,6334300
2026-05-15,INDUSTOWER,0.8208,26632200,21860300
2026-05-15,INFY,0.581,44836000,26050000
2026-05-15,INOXWIND,0.4773,27848500,13291850
2026-05-15,IOC,0.6823,66373125,45288750
2026-05-15,IREDA,0.5456,27083575,14777425
2026-05-15,IRFC,0.5649,57761025,32630775
2026-05-15,ITC,0.3385,124957425,42296000
2026-05-15,JINDALSTEL,0.55,4455625,2450625
2026-05-15,JIOFIN,0.5519,78114000,43108400
2026-05-15,JSWENERGY,0.5235,13009075,6809650
2026-05-15,JSWSTEEL,0.4634,10270125,4759425
2026-05-15,JUBLFOOD,0.6952,7288750,5067500
2026-05-15,KALYANKJIL,0.4872,30249075,14736900
2026-05-15,KAYNES,0.4231,5416350,2291800
2026-05-15,KEI,0.8143,878150,715050
2026-05-15,KFINTECH,0.5197,4784000,2486150
2026-05-15,KOTAKBANK,0.6988,42962000,30020000
2026-05-15,KPITTECH,0.3676,8797925,3233750
2026-05-15,LAURUSLABS,0.9837,8126000,7993400
2026-05-15,LICHSGFIN,0.561,9328000,5233000
2026-05-15,LICI,0.4392,8407700,3692500
2026-05-15,LODHA,1.0989,3302100,3628800
2026-05-15,LT,0.6154,9421475,5797750
2026-05-15,LTF,0.6666,19422000,12946500
2026-05-15,LTM,0.4069,1929450,785100
2026-05-15,LUPIN,0.3524,10945450,3857300
2026-05-15,M&M,0.819,6110800,5004800
2026-05-15,MANAPPURAM,0.8796,13353000,11745000
2026-05-15,MANKIND,0.8032,1199025,963000
2026-05-15,MARICO,0.8031,7270800,5839200
2026-05-15,MARUTI,0.3915,2616000,1024200
2026-05-15,MAXHEALTH,0.4898,3541125,1734600
2026-05-15,MAZDOCK,0.4042,5429800,2194800
2026-05-15,MCX,1.1132,6920225,7703675
2026-05-15,MFSL,0.4045,2385200,964800
2026-05-15,MOTHERSON,0.854,40694550,34753650
2026-05-15,MOTILALOFS,0.6195,2360650,1462425
2026-05-15,MPHASIS,0.5498,2025100,1113475
2026-05-15,MUTHOOTFIN,0.47,5305575,2493425
2026-05-15,NAM-INDIA,0.7421,1626250,1206875
2026-05-15,NATIONALUM,0.543,32686875,17748750
2026-05-15,NAUKRI,0.3268,3515250,1148625
2026-05-15,NBCC,0.6162,26825500,16529500
2026-05-15,NESTLEIND,0.8523,4493500,3830000
2026-05-15,NHPC,0.3703,84537600,31302950
2026-05-15,NMDC,0.5272,91266750,48114000
2026-05-15,NTPC,0.2726,67887000,18505500
2026-05-15,NUVAMA,0.595,2205000,1312000
2026-05-15,NYKAA,0.4102,9950000,4081250
2026-05-15,OBEROIRLTY,0.5723,1698900,972300
2026-05-15,OFSS,0.7021,829275,582250
2026-05-15,OIL,0.7581,12163200,9220400
2026-05-15,ONGC,0.4272,70362000,30057750
2026-05-15,PAGEIND,0.7861,37455,29445
2026-05-15,PATANJALI,0.6927,5218200,3614400
2026-05-15,PAYTM,0.9124,8425225,7687175
2026-05-15,PERSISTENT,0.6646,1802700,1198125
2026-05-15,PETRONET,1.0253,11658400,11952900
2026-05-15,PFC,0.5044,27251900,13746200
2026-05-15,PGEL,0.7049,6785850,4783250
2026-05-15,PHOENIXLTD,0.5657,1153250,652400
2026-05-15,PIDILITIND,0.4665,4782000,2231000
2026-05-15,PIIND,0.6243,1057000,659925
2026-05-15,PNB,0.6433,145352000,93512000
2026-05-15,PNBHOUSING,0.5868,2481050,1456000
2026-05-15,POLICYBZR,0.4818,2993900,1442350
2026-05-15,POLYCAB,1.1622,1673625,1945125
2026-05-15,POWERGRID,0.4201,37131700,15599000
2026-05-15,POWERINDIA,0.812,239250,194275
2026-05-15,PREMIERENE,0.6356,3559825,2262625
2026-05-15,PRESTIGE,0.5859,1977750,1158750
2026-05-15,RBLBANK,0.4731,34229675,16192500
2026-05-15,RECLTD,0.6016,29685775,17859975
2026-05-15,RELIANCE,0.5046,74137000,37408500
2026-05-15,RVNL,0.6134,18719375,11483200
2026-05-15,SAIL,0.6799,9677300,6580000
2026-05-15,SAMMAANCAP,0.5925,24927100,14770500
2026-05-15,SBICARD,0.5675,10706400,6076000
2026-05-15,SBILIFE,0.4496,4017000,1806000
2026-05-15,SBIN,0.3982,137786250,54860250
2026-05-15,SHREECEM,0.5553,80400,44650
2026-05-15,SHRIRAMFIN,0.4939,18787725,9278775
2026-05-15,SIEMENS,0.6221,1316525,819000
2026-05-15,SOLARINDS,0.8314,307150,255350
2026-05-15,SONACOMS,0.5936,5639900,3347925
2026-05-15,SRF,0.8049,1744600,1404200
2026-05-15,SUNPHARMA,0.6211,16258200,10097500
2026-05-15,SUPREMEIND,0.2515,1323350,332850
2026-05-15,SUZLON,0.4493,175743825,78959725
2026-05-15,SWIGGY,0.4753,16293425,7744900
2026-05-15,TATACONSUM,0.5838,6325550,3692700
2026-05-15,TATAELXSI,0.3779,1532675,579175
2026-05-15,TATAPOWER,0.4853,46034600,22340150
2026-05-15,TATASTEEL,0.6254,120733250,75509500
2026-05-15,TCS,0.5858,20679300,12114950
2026-05-15,TECHM,0.5224,10248000,5353200
2026-05-15,TIINDIA,0.4385,936000,410400
2026-05-15,TITAN,0.5242,7301175,3827600
2026-05-15,TMPV,0.5256,45214400,23766400
2026-05-15,TORNTPHARM,0.4873,716750,349250
2026-05-15,TRENT,0.3563,3863100,1376550
2026-05-15,TVSMOTOR,0.4959,3256400,1614725
2026-05-15,ULTRACEMCO,0.3797,1373100,521300
2026-05-15,UNIONBANK,0.4327,79694250,34484025
2026-05-15,UNITDSPR,0.5972,5887200,3515600
2026-05-15,UNOMINDA,0.5418,2097150,1136300
2026-05-15,UPL,0.6138,11741075,7207245
2026-05-15,VBL,0.4588,13318875,6111000
2026-05-15,VEDL,0.7177,40041850,28737350
2026-05-15,VMM,0.5629,8055850,4534750
2026-05-15,VOLTAS,0.5334,8943750,4770750
2026-05-15,WAAREEENER,0.4821,4728500,2279375
2026-05-15,WIPRO,0.4707,166434000,78348000
2026-05-15,YESBANK,0.6819,418108400,285093700
2026-05-15,ZYDUSLIFE,0.7499,4673700,3504600
2026-05-22,360ONE,1.0314,795000,820000
2026-05-22,ABB,0.5935,1964250,1165750
2026-05-22,ABCAPITAL,0.7665,17515000,13426100
2026-05-22,ADANIENSOL,0.5269,7057800,3718575
2026-05-22,ADANIENT,0.7285,10720446,7810284
2026-05-22,ADANIGREEN,0.7384,10526400,7772400
2026-05-22,ADANIPORTS,0.7524,10078075,7582900
2026-05-22,ADANIPOWER,0.462,44801000,20700050
2026-05-22,ALKEM,0.4933,445000,219500
2026-05-22,AMBER,0.4966,3701200,1838200
2026-05-22,AMBUJACEM,0.5994,19467000,11667750
2026-05-22,ANGELONE,0.8512,22945000,19530000
2026-05-22,APLAPOLLO,0.6496,1821750,1183350
2026-05-22,APOLLOHOSP,1.0503,1556625,1635000
2026-05-22,ASHOKLEY,0.6701,114050000,76430000
2026-05-22,ASIANPAINT,0.634,7467000,4734000
2026-05-22,ASTRAL,0.8073,3444200,2780350
2026-05-22,AUBANK,0.7765,8317000,6458000
2026-05-22,AUROPHARMA,0.6254,5539600,3464450
2026-05-22,AXISBANK,0.7058,19865625,14021250
2026-05-22,BAJAJ-AUTO,0.7906,2006400,1586325
2026-05-22,BAJAJFINSV,0.5366,6661250,3574250
2026-05-22,BAJAJHLDNG,0.5443,98750,53750
2026-05-22,BAJFINANCE,0.7297,20207250,14744250
2026-05-22,BANDHANBNK,0.618,41144400,25426800
2026-05-22,BANKBARODA,0.7887,48745125,38446200
2026-05-22,BANKINDIA,0.6244,31428800,19624800
2026-05-22,BDL,0.5613,3717150,2086350
2026-05-22,BEL,0.5448,66967875,36481425
2026-05-22,BHARATFORG,0.7121,3892000,2771500
2026-05-22,BHARTIARTL,0.5017,26575300,13333725
2026-05-22,BHEL,0.78,55461000,43260000
2026-05-22,BIOCON,0.8288,23560000,19527500
2026-05-22,BLUESTARCO,0.5612,2646475,1485250
2026-05-22,BOSCHLTD,0.425,374500,159175
2026-05-22,BPCL,0.7058,30164175,21290500
2026-05-22,BRITANNIA,0.4946,2286250,1130750
2026-05-22,BSE,0.9786,8690650,8504625
2026-05-22,CAMS,0.7702,4171500,3213000
2026-05-22,CANBK,0.7777,109066500,84820500
2026-05-22,CDSL,0.6206,10106100,6271900
2026-05-22,CGPOWER,0.7318,6766850,4952100
2026-05-22,CHOLAFIN,0.6561,4536250,2976250
2026-05-22,CIPLA,0.8683,9000300,7814625
2026-05-22,COALINDIA,0.5971,39286350,23458950
2026-05-22,COCHINSHIP,0.5339,2368400,1264400
2026-05-22,COFORGE,0.8421,11278875,9497450
2026-05-22,COLPAL,0.6072,1998900,1213650
2026-05-22,CONCOR,0.7692,4603750,3541250
2026-05-22,CROMPTON,0.577,20818800,12013200
2026-05-22,CUMMINSIND,0.6862,962400,660400
2026-05-22,DABUR,0.6687,12735000,8516250
2026-05-22,DALBHARAT,0.63,2075775,1307800
2026-05-22,DELHIVERY,0.3736,13070425,4882475
2026-05-22,DIVISLAB,0.9002,1134000,1020800
2026-05-22,DIXON,0.7855,2134400,1676550
2026-05-22,DLF,0.6943,11063250,7681575
2026-05-22,DMART,0.4141,2140200,886350
2026-05-22,DRREDDY,0.5908,10004375,5910625
2026-05-22,EICHERMOT,0.6574,2142500,1408400
2026-05-22,ETERNAL,0.5283,89688625,47384500
2026-05-22,EXIDEIND,0.6055,16286400,9862200
2026-05-22,FEDERALBNK,0.6048,33062500,19995000
2026-05-22,FORCEMOT,0.3415,164850,56300
2026-05-22,FORTIS,0.6536,3949400,2581525
2026-05-22,GAIL,0.8992,31749650,28549250
2026-05-22,GLENMARK,0.575,3103125,1784250
2026-05-22,GMRAIRPORT,0.6685,50736150,33919425
2026-05-22,GODFRYPHLP,0.5576,1533400,854975
2026-05-22,GODREJCP,0.7175,3253000,2334000
2026-05-22,GODREJPROP,0.7046,3309875,2332000
2026-05-22,GRASIM,1.1188,2831500,3168000
2026-05-22,HAL,0.6393,4509300,2882850
2026-05-22,HAVELLS,0.4425,4535500,2007000
2026-05-22,HCLTECH,0.4237,26241350,11117500
2026-05-22,HDFCAMC,0.6612,1531800,1012800
2026-05-22,HDFCBANK,0.6026,84130200,50695150
2026-05-22,HDFCLIFE,0.6749,21731600,14667400
2026-05-22,HEROMOTOCO,0.5975,2886600,1724850
2026-05-22,HINDALCO,1.0512,11856600,12463500
2026-05-22,HINDPETRO,0.8169,18356625,14995125
2026-05-22,HINDUNILVR,0.4906,11083500,5438100
2026-05-22,HINDZINC,0.7019,24083500,16905000
2026-05-22,HYUNDAI,0.6506,1445950,940775
2026-05-22,ICICIBANK,0.7253,37834300,27441400
2026-05-22,ICICIGI,0.4016,1263925,507650
2026-05-22,ICICIPRULI,0.81,7877300,6380650
2026-05-22,IDEA,0.5691,1932398100,1099642875
2026-05-22,IDFCFIRSTB,0.8456,121799300,102998875
2026-05-22,IEX,0.5527,40157250,22194150
2026-05-22,INDHOTEL,0.8734,6310000,5511000
2026-05-22,INDIANB,0.6614,6634000,4388000
2026-05-22,INDIGO,0.6084,5735400,3489450
2026-05-22,INDUSINDBK,0.7889,7193900,5675600
2026-05-22,INDUSTOWER,0.8112,32606000,26448600
2026-05-22,INFY,0.7129,39492400,28153200
2026-05-22,INOXWIND,0.5954,27233600,16215500
2026-05-22,IOC,0.7595,67055625,50929125
2026-05-22,IREDA,0.6484,25765450,16705975
2026-05-22,IRFC,0.5732,54981525,31517275
2026-05-22,ITC,0.3507,143988375,50490375
2026-05-22,JINDALSTEL,0.6729,4183125,2815000
2026-05-22,JIOFIN,0.593,76436100,45326800
2026-05-22,JSWENERGY,0.7285,11504075,8381200
2026-05-22,JSWSTEEL,0.6217,6776325,4212675
2026-05-22,JUBLFOOD,0.5543,14710000,8153750
2026-05-22,KALYANKJIL,0.5467,24401275,13339825
2026-05-22,KAYNES,0.499,3639950,1816300
2026-05-22,KEI,0.7331,900200,659925
2026-05-22,KFINTECH,0.6023,4624000,2785225
2026-05-22,KOTAKBANK,0.6716,45532000,30578000
2026-05-22,KPITTECH,0.5374,5819950,3127500
2026-05-22,LAURUSLABS,1.0703,7662750,8201650
2026-05-22,LICHSGFIN,0.6583,9317000,6133000
2026-05-22,LICI,0.4499,12439700,5597200
2026-05-22,LODHA,0.8818,3474450,3063600
2026-05-22,LT,0.7051,8363250,5896975
2026-05-22,LTF,0.6128,23042250,14121000
2026-05-22,LTM,0.4863,1904400,926100
2026-05-22,LUPIN,0.4419,8746925,3865375
2026-05-22,M&M,0.9191,5562000,5111800
2026-05-22,MANAPPURAM,0.8373,13479000,11286000
2026-05-22,MANKIND,0.6751,1415925,955950
2026-05-22,MARICO,0.7267,6301200,4579200
2026-05-22,MARUTI,0.3928,2683150,1053950
2026-05-22,MAXHEALTH,0.481,8031975,3863475
2026-05-22,MAZDOCK,0.4301,4988600,2145600
2026-05-22,MCX,0.7646,8506475,6504175
2026-05-22,MFSL,0.4552,1835600,835600
2026-05-22,MOTHERSON,0.8139,56936700,46340250
2026-05-22,MOTILALOFS,0.622,2454425,1526750
2026-05-22,MPHASIS,0.8347,1760550,1469600
2026-05-22,MUTHOOTFIN,0.594,3339875,1983850
2026-05-22,NAM-INDIA,0.6764,1736250,1174375
2026-05-22,NATIONALUM,0.6172,27251250,16818750
2026-05-22,NAUKRI,0.5208,5362300,2792800
2026-05-22,NBCC,0.6298,23055500,14521000
2026-05-22,NESTLEIND,0.7323,4608000,3374500
2026-05-22,NHPC,0.4596,62784000,28858150
2026-05-22,NMDC,0.4692,95850000,44975250
2026-05-22,NTPC,0.276,82861500,22867500
2026-05-22,NUVAMA,0.6177,1826000,1128000
2026-05-22,NYKAA,0.3483,29965625,10437500
2026-05-22,OBEROIRLTY,0.5451,1344000,732550
2026-05-22,OFSS,0.8244,802575,661675
2026-05-22,OIL,0.7251,10173800,7376600
2026-05-22,ONGC,0.335,78374250,26255250
2026-05-22,PAGEIND,0.5429,154320,83775
2026-05-22,PATANJALI,0.8016,5139900,4120200
2026-05-22,PAYTM,0.7705,9229250,7110800
2026-05-22,PERSISTENT,0.7999,1540000,1231825
2026-05-22,PETRONET,0.9673,10214400,9880000
2026-05-22,PFC,0.6096,22714900,13846300
2026-05-22,PGEL,0.5939,10261900,6094250
2026-05-22,PHOENIXLTD,0.6085,1020950,621250
2026-05-22,PIDILITIND,0.5185,3607500,1870500
2026-05-22,PIIND,0.5062,2730875,1382325
2026-05-22,PNB,0.6801,135488000,92144000
2026-05-22,PNBHOUSING,0.6428,2212600,1422200
2026-05-22,POLICYBZR,0.7625,3260250,2486050
2026-05-22,POLYCAB,0.8493,1989625,1689750
2026-05-22,POWERGRID,0.4856,35936600,17449600
2026-05-22,POWERINDIA,0.9228,304875,281325
2026-05-22,PREMIERENE,0.4044,4248825,1718100
2026-05-22,PRESTIGE,0.5781,2261250,1307250
2026-05-22,RBLBANK,0.5414,26654125,14430375
2026-05-22,RECLTD,0.6502,29824375,19392275
2026-05-22,RELIANCE,0.6003,72838500,43724500
2026-05-22,RVNL,0.6677,19299100,12886675
2026-05-22,SAIL,0.6521,9254300,6034800
2026-05-22,SAMMAANCAP,1.0193,29020700,29579700
2026-05-22,SBICARD,0.6501,9768000,6350400
2026-05-22,SBILIFE,0.4441,4505250,2000625
2026-05-22,SBIN,0.5168,110911500,57315000
2026-05-22,SHREECEM,0.5366,82325,44175
2026-05-22,SHRIRAMFIN,0.5876,17311800,10172250
2026-05-22,SIEMENS,0.847,1219575,1033025
2026-05-22,SOLARINDS,0.8505,374700,318700
2026-05-22,SONACOMS,0.6386,5511275,3519425
2026-05-22,SRF,0.7169,1710800,1226400
2026-05-22,SUNPHARMA,0.6341,19461050,12339950
2026-05-22,SUPREMEIND,0.3433,1169525,401450
2026-05-22,SUZLON,0.5475,163190050,89338475
2026-05-22,SWIGGY,0.3947,16185525,6388225
2026-05-22,TATACONSUM,0.6442,5049000,3252700
2026-05-22,TATAELXSI,0.4667,1150150,536825
2026-05-22,TATAPOWER,0.5427,41036450,22272000
2026-05-22,TATASTEEL,0.5985,132759000,79455750
2026-05-22,TCS,0.6541,19559375,12794225
2026-05-22,TECHM,0.6083,10066200,6123000
2026-05-22,TIINDIA,0.5753,819800,471600
2026-05-22,TITAN,0.5507,6151600,3387825
2026-05-22,TMPV,0.5653,46953600,26540800
2026-05-22,TORNTPHARM,0.6551,744750,487875
2026-05-22,TRENT,0.5727,3310900,1896200
2026-05-22,TVSMOTOR,0.7066,2677325,1891750
2026-05-22,ULTRACEMCO,0.4612,1186650,547250
2026-05-22,UNIONBANK,0.6059,51330000,31098900
2026-05-22,UNITDSPR,0.7563,4288400,3243200
2026-05-22,UNOMINDA,0.5375,3001350,1613150
2026-05-22,UPL,0.6307,10697725,6746545
2026-05-22,VBL,0.6138,14443875,8865000
2026-05-22,VEDL,0.6975,40216650,28050800
2026-05-22,VMM,0.6866,8991900,6174050
2026-05-22,VOLTAS,0.5788,7569750,4381500
2026-05-22,WAAREEENER,0.4721,4633650,2187500
2026-05-22,WIPRO,0.6451,149763000,96615000
2026-05-22,YESBANK,0.5944,434031600,258005600
2026-05-22,ZYDUSLIFE,0.5172,10312200,5333400
2026-05-29,360ONE,0.6008,481000,289000
2026-05-29,ABB,0.691,892750,616875
2026-05-29,ABCAPITAL,0.8057,7306700,5886900
2026-05-29,ADANIENSOL,0.5083,4916025,2498850
2026-05-29,ADANIENT,0.7723,6039096,4663737
2026-05-29,ADANIGREEN,0.6379,5827800,3717600
2026-05-29,ADANIPORTS,0.5474,4639325,2539350
2026-05-29,ADANIPOWER,0.7451,29859050,22247850
2026-05-29,ALKEM,0.5285,569500,301000
2026-05-29,AMBER,0.7707,1524100,1174600
2026-05-29,AMBUJACEM,0.7672,11119650,8531400
2026-05-29,ANGELONE,0.7155,13472500,9640000
2026-05-29,APLAPOLLO,0.7968,883400,703850
2026-05-29,APOLLOHOSP,0.6822,876250,597750
2026-05-29,ASHOKLEY,0.6354,105995000,67345000
2026-05-29,ASIANPAINT,0.6574,4194000,2757250
2026-05-29,ASTRAL,0.7277,1479850,1076950
2026-05-29,AUBANK,0.8597,3057000,2628000
2026-05-29,AUROPHARMA,0.6118,3212000,1965150
2026-05-29,AXISBANK,0.8494,7745000,6578750
2026-05-29,BAJAJ-AUTO,0.5177,1324725,685875
2026-05-29,BAJAJFINSV,1.0062,2469950,2485250
2026-05-29,BAJAJHLDNG,0.9584,32450,31100
2026-05-29,BAJFINANCE,0.8713,11647500,10148250
2026-05-29,BANDHANBNK,0.5627,22960800,12920400
2026-05-29,BANKBARODA,1.1161,21370050,23850450
2026-05-29,BANKINDIA,0.9482,13546000,12844000
2026-05-29,BDL,0.5811,5615775,3263325
2026-05-29,BEL,0.7615,34170075,26021925
2026-05-29,BHARATFORG,0.7666,1306500,1001500
2026-05-29,BHARTIARTL,0.5934,10568275,6271425
2026-05-29,BHEL,0.6602,24908625,16445625
2026-05-29,BIOCON,0.6629,11207500,7430000
2026-05-29,BLUESTARCO,0.7012,753675,528450
2026-05-29,BOSCHLTD,0.6445,133675,86150
2026-05-29,BPCL,0.6823,10923725,7453650
2026-05-29,BRITANNIA,0.8447,740500,625500
2026-05-29,BSE,0.8644,5353675,4627625
2026-05-29,CAMS,0.6191,1641900,1016475
2026-05-29,CANBK,1.0042,46845000,47040750
2026-05-29,CDSL,0.6783,5691450,3860325
2026-05-29,CGPOWER,0.6184,5348200,3307350
2026-05-29,CHOLAFIN,0.7163,1722500,1233750
2026-05-29,CIPLA,0.7457,3365000,2509225
2026-05-29,COALINDIA,0.9477,42350850,40135500
2026-05-29,COCHINSHIP,0.6222,777200,483600
2026-05-29,COFORGE,0.5978,4737850,2832375
2026-05-29,COLPAL,0.6508,1528425,994725
2026-05-29,CONCOR,0.606,10276250,6227500
2026-05-29,CROMPTON,0.4132,6847200,2829600
2026-05-29,CUMMINSIND,0.9354,1117000,1044800
2026-05-29,DABUR,0.7556,5580000,4216250
2026-05-29,DALBHARAT,1.0836,412100,446550
2026-05-29,DELHIVERY,0.5195,5652300,2936125
2026-05-29,DIVISLAB,0.6319,754100,476500
2026-05-29,DIXON,0.7606,1001450,761700
2026-05-29,DLF,0.7233,6231600,4507075
2026-05-29,DMART,0.6573,866250,569400
2026-05-29,DRREDDY,0.7428,4050625,3008750
2026-05-29,EICHERMOT,0.7547,1275500,962600
2026-05-29,ETERNAL,0.8863,34066400,30193675
2026-05-29,EXIDEIND,0.6727,13530600,9102600
2026-05-29,FEDERALBNK,0.6829,16192500,11057500
2026-05-29,FORCEMOT,0.3477,50475,17550
2026-05-29,FORTIS,0.507,1930525,978825
2026-05-29,GAIL,0.8459,20428700,17280950
2026-05-29,GLENMARK,0.6914,2287875,1581750
2026-05-29,GMRAIRPORT,0.4598,69380325,31903650
2026-05-29,GODFRYPHLP,0.3466,709225,245850
2026-05-29,GODREJCP,0.7173,1011500,725500
2026-05-29,GODREJPROP,0.6292,1940025,1220625
2026-05-29,GRASIM,0.9298,1047000,973500
2026-05-29,GVT&D,0.597,125000,74625
2026-05-29,HAL,0.7656,1877550,1437450
2026-05-29,HAVELLS,0.6666,2141500,1427500
2026-05-29,HCLTECH,0.7198,6033950,4343150
2026-05-29,HDFCAMC,0.6771,797100,539700
2026-05-29,HDFCBANK,0.5807,86904100,50465050
2026-05-29,HDFCLIFE,0.8322,10446700,8693300
2026-05-29,HEROMOTOCO,0.5921,1656750,981000
2026-05-29,HINDALCO,0.7411,8925000,6614300
2026-05-29,HINDPETRO,0.6352,11747025,7462125
2026-05-29,HINDUNILVR,0.559,5759700,3219600
2026-05-29,HINDZINC,0.6659,13034000,8679125
2026-05-29,HYUNDAI,1.0127,673750,682275
2026-05-29,ICICIBANK,0.8956,18304300,16393300
2026-05-29,ICICIGI,0.8357,381875,319150
2026-05-29,ICICIPRULI,0.7014,2243125,1573425
2026-05-29,IDEA,0.4655,1455445425,677440050
2026-05-29,IDFCFIRSTB,0.8842,75952975,67160275
2026-05-29,IEX,0.6898,22702950,15661050
2026-05-29,INDHOTEL,1.0066,3180000,3201000
2026-05-29,INDIANB,0.8062,3029000,2442000
2026-05-29,INDIGO,0.8568,2254500,1931700
2026-05-29,INDUSINDBK,0.9589,3424400,3283700
2026-05-29,INDUSTOWER,1.0511,17574600,18472200
2026-05-29,INFY,0.7818,19060400,14901200
2026-05-29,INOXWIND,0.6787,24273325,16474275
2026-05-29,IOC,0.9665,35699625,34505250
2026-05-29,IREDA,0.6622,26102150,17283950
2026-05-29,IRFC,0.8535,28676550,24474300
2026-05-29,ITC,0.6207,69840400,43352225
2026-05-29,JINDALSTEL,1.0364,1805000,1870625
2026-05-29,JIOFIN,0.8331,34843450,29027200
2026-05-29,JSWENERGY,0.6758,6181300,4177600
2026-05-29,JSWSTEEL,0.6885,3610575,2486025
2026-05-29,JUBLFOOD,0.7725,6993750,5402500
2026-05-29,KALYANKJIL,0.5145,9191425,4729175
2026-05-29,KAYNES,0.6106,1435100,876300
2026-05-29,KEI,0.7138,340025,242725
2026-05-29,KFINTECH,0.8048,1179575,949300
2026-05-29,KOTAKBANK,0.7781,25518000,19856000
2026-05-29,KPITTECH,0.7326,2636625,1931550
2026-05-29,LAURUSLABS,1.009,3678800,3711950
2026-05-29,LICHSGFIN,0.7275,5758000,4189000
2026-05-29,LICI,0.7394,13717200,10143000
2026-05-29,LODHA,0.6672,1603350,1069800
2026-05-29,LT,1.1007,3118675,3432625
2026-05-29,LTF,0.9317,9983250,9301500
2026-05-29,LTM,0.7843,730950,573300
2026-05-29,LUPIN,0.7821,1756950,1374025
2026-05-29,M&M,0.8022,3967000,3182400
2026-05-29,MANAPPURAM,0.5424,7881000,4275000
2026-05-29,MANKIND,0.5681,454575,258225
2026-05-29,MARICO,0.5363,3468000,1860000
2026-05-29,MARUTI,0.6554,887750,581850
2026-05-29,MAXHEALTH,0.4519,6256950,2827650
2026-05-29,MAZDOCK,0.5716,1658850,948250
2026-05-29,MCX,0.5812,8694550,5053150
2026-05-29,MFSL,0.7154,494800,354000
2026-05-29,MOTHERSON,0.7553,31943100,24126450
2026-05-29,MOTILALOFS,0.4688,1415150,663400
2026-05-29,MPHASIS,0.7495,718025,538175
2026-05-29,MUTHOOTFIN,0.6086,1445400,879725
2026-05-29,NAM-INDIA,0.5514,766250,422500
2026-05-29,NATIONALUM,0.8783,16063125,14107500
2026-05-29,NAUKRI,0.8256,2565150,2117750
2026-05-29,NBCC,0.5396,22477000,12129000
2026-05-29,NESTLEIND,0.8737,1192000,1041500
2026-05-29,NHPC,0.6756,31331300,21168100
2026-05-29,NMDC,0.4885,80453250,39298500
2026-05-29,NTPC,0.536,24751500,13266000
2026-05-29,NUVAMA,0.5495,510500,280500
2026-05-29,NYKAA,0.3557,28506250,10140625
2026-05-29,OBEROIRLTY,0.6962,446950,311150
2026-05-29,OFSS,0.691,463700,320400
2026-05-29,OIL,0.6369,2842000,1810200
2026-05-29,ONGC,0.467,47637000,22245750
2026-05-29,PAGEIND,0.5091,45495,23160
2026-05-29,PATANJALI,0.7788,3724350,2900700
2026-05-29,PAYTM,0.5891,4107125,2419325
2026-05-29,PERSISTENT,0.6653,642050,427150
2026-05-29,PETRONET,1.0078,7776700,7837500
2026-05-29,PFC,0.8448,10632700,8983000
2026-05-29,PGEL,0.9118,6915050,6305150
2026-05-29,PHOENIXLTD,0.5916,257950,152600
2026-05-29,PIDILITIND,0.6297,819500,516000
2026-05-29,PIIND,0.4392,1364650,599375
2026-05-29,PNB,0.8985,53928000,48456000
2026-05-29,PNBHOUSING,0.6274,1219400,765050
2026-05-29,POLICYBZR,0.7708,1538950,1186150
2026-05-29,POLYCAB,1.1699,542250,634375
2026-05-29,POWERGRID,0.7378,17502800,12914300
2026-05-29,POWERINDIA,1.2585,217975,274325
2026-05-29,PREMIERENE,0.5439,2762250,1502475
2026-05-29,PRESTIGE,0.7162,599400,429300
2026-05-29,RADICO,0.3366,45450,15300
2026-05-29,RBLBANK,0.6327,12715875,8045450
2026-05-29,RECLTD,0.7657,17752525,13593125
2026-05-29,RELIANCE,0.7102,47802000,33949500
2026-05-29,RVNL,0.6086,21117250,12853000
2026-05-29,SAIL,0.5475,7957100,4356900
2026-05-29,SAMMAANCAP,0.8042,26638500,21422600
2026-05-29,SBICARD,0.7168,7899200,5662400
2026-05-29,SBILIFE,0.9126,1145250,1045125
2026-05-29,SBIN,0.7732,39137250,30260250
2026-05-29,SHREECEM,0.5146,31775,16350
2026-05-29,SHRIRAMFIN,0.7023,6482025,4552350
2026-05-29,SIEMENS,0.8386,1475950,1237775
2026-05-29,SOLARINDS,0.7351,165700,121800
2026-05-29,SONACOMS,0.7101,2755025,1956325
2026-05-29,SRF,0.6603,672400,444000
2026-05-29,SUNPHARMA,0.7922,6566000,5201350
2026-05-29,SUPREMEIND,0.821,218050,179025
2026-05-29,SUZLON,0.5417,116641175,63182700
2026-05-29,SWIGGY,0.4663,9491800,4426100
2026-05-29,TATACONSUM,0.6072,3364350,2042700
2026-05-29,TATAELXSI,0.6868,410225,281750
2026-05-29,TATAPOWER,0.6971,21212050,14787100
2026-05-29,TATASTEEL,0.5863,69225750,40584500
2026-05-29,TCS,0.8493,9718275,8253600
2026-05-29,TECHM,0.7656,3616800,2769000
2026-05-29,TIINDIA,0.6891,318400,219400
2026-05-29,TITAN,0.6412,2158625,1384075
2026-05-29,TMPV,0.7565,20196000,15278400
2026-05-29,TORNTPHARM,0.5482,577375,316500
2026-05-29,TRENT,0.5988,1272300,761900
2026-05-29,TVSMOTOR,0.893,976675,872200
2026-05-29,ULTRACEMCO,0.7809,304450,237750
2026-05-29,UNIONBANK,0.8414,22213500,18691200
2026-05-29,UNITDSPR,0.8154,1944000,1585200
2026-05-29,UNOMINDA,0.7731,523600,404800
2026-05-29,UPL,0.7461,3970150,2962030
2026-05-29,VBL,0.5054,7266375,3672450
2026-05-29,VEDL,0.6718,20219300,13583800
2026-05-29,VMM,0.9402,2512300,2361950
2026-05-29,VOLTAS,0.7428,2859375,2124000
2026-05-29,WAAREEENER,0.703,1690850,1188600
2026-05-29,WIPRO,0.6126,163230000,99996000
2026-05-29,YESBANK,0.6905,245254600,169339500
2026-05-29,ZYDUSLIFE,0.6744,3698100,2493900
2026-06-05,360ONE,0.3968,1029500,408500
2026-06-05,ABB,0.5577,1057750,589875
2026-06-05,ABCAPITAL,0.7626,10877900,8295600
2026-06-05,ADANIENSOL,0.5115,5878575,3007125
2026-06-05,ADANIENT,0.8335,6700047,5584557
2026-06-05,ADANIGREEN,0.7179,7419600,5326800
2026-06-05,ADANIPORTS,0.5903,6287575,3711650
2026-06-05,ADANIPOWER,0.6023,41123200,24768350
2026-06-05,ALKEM,0.5389,759375,409250
2026-06-05,AMBER,0.6852,1776400,1217200
2026-06-05,AMBUJACEM,0.5876,17141550,10072650
2026-06-05,ANGELONE,0.6769,19545000,13230000
2026-06-05,APLAPOLLO,0.7982,1136100,906850
2026-06-05,APOLLOHOSP,0.7296,1157625,844625
2026-06-05,ASHOKLEY,0.5425,156700000,85005000
2026-06-05,ASIANPAINT,0.5373,5759500,3094500
2026-06-05,ASTRAL,0.7373,1960950,1445850
2026-06-05,AUBANK,0.7343,4588000,3369000
2026-06-05,AUROPHARMA,0.627,3577200,2242900
2026-06-05,AXISBANK,0.6685,14196875,9490000
2026-06-05,BAJAJ-AUTO,0.5765,1610700,928575
2026-06-05,BAJAJFINSV,0.525,5888400,3091500
2026-06-05,BAJAJHLDNG,0.612,73525,45000
2026-06-05,BAJFINANCE,0.6991,20703000,14474250
2026-06-05,BANDHANBNK,0.5329,29811600,15886800
2026-06-05,BANKBARODA,0.6596,48862125,32227650
2026-06-05,BANKINDIA,0.8188,22495200,18418400
2026-06-05,BDL,0.6687,4255125,2845525
2026-06-05,BEL,0.631,46396575,29278050
2026-06-05,BHARATFORG,0.7538,1965500,1481500
2026-06-05,BHARTIARTL,0.5607,14595800,8183300
2026-06-05,BHEL,0.651,36513750,23772000
2026-06-05,BIOCON,0.6177,15210000,9395000
2026-06-05,BLUESTARCO,0.6945,1344525,933725
2026-06-05,BOSCHLTD,0.8673,178450,154775
2026-06-05,BPCL,0.6706,15237125,10218650
2026-06-05,BRITANNIA,0.673,1344875,905125
2026-06-05,BSE,0.5841,10589450,6184875
2026-06-05,CAMS,0.6181,2094150,1294350
2026-06-05,CANBK,0.6587,98604000,64955250
2026-06-05,CDSL,0.672,6967775,4682550
2026-06-05,CGPOWER,0.5924,6643600,3935500
2026-06-05,CHOLAFIN,0.7482,3105000,2323125
2026-06-05,CIPLA,0.6802,4593850,3124725
2026-06-05,COALINDIA,1.0178,44788950,45588150
2026-06-05,COCHINSHIP,0.5503,1500400,825600
2026-06-05,COFORGE,0.5901,7384300,4357500
2026-06-05,COLPAL,0.6105,1946725,1188550
2026-06-05,CONCOR,0.5486,13142500,7210000
2026-06-05,CROMPTON,0.3904,9684350,3780950
2026-06-05,CUMMINSIND,0.6601,1540000,1016600
2026-06-05,DABUR,0.7354,9911250,7288750
2026-06-05,DALBHARAT,0.9143,758225,693225
2026-06-05,DELHIVERY,0.487,8490900,4135475
2026-06-05,DIVISLAB,1.0623,1157300,1229400
2026-06-05,DIXON,0.7787,1207300,940150
2026-06-05,DLF,0.6296,9201950,5793725
2026-06-05,DMART,0.5866,1174500,688950
2026-06-05,DRREDDY,0.4653,7160625,3331875
2026-06-05,EICHERMOT,0.7106,1602900,1139000
2026-06-05,ETERNAL,0.7796,46315075,36105825
2026-06-05,EXIDEIND,0.6726,16041600,10789200
2026-06-05,FEDERALBNK,0.6089,34057500,20737500
2026-06-05,FORCEMOT,0.4582,142200,65150
2026-06-05,FORTIS,0.7077,2142100,1515900
2026-06-05,GAIL,0.7984,25558250,20406550
2026-06-05,GLENMARK,0.6862,3770250,2587125
2026-06-05,GMRAIRPORT,0.5172,75811275,39206475
2026-06-05,GODFRYPHLP,0.5695,799700,455400
2026-06-05,GODREJCP,1.0503,1789000,1879000
2026-06-05,GODREJPROP,0.6378,2449950,1562500
2026-06-05,GRASIM,0.8223,1334000,1097000
2026-06-05,GVT&D,0.5597,511000,286000
2026-06-05,HAL,0.7047,2574450,1814250
2026-06-05,HAVELLS,0.512,3478500,1781000
2026-06-05,HCLTECH,0.602,9509900,5724950
2026-06-05,HDFCAMC,0.7729,1272000,983100
2026-06-05,HDFCBANK,0.5774,106931000,61738350
2026-06-05,HDFCLIFE,0.6468,18588900,12023000
2026-06-05,HEROMOTOCO,0.5158,2446350,1261800
2026-06-05,HINDALCO,0.6712,10695300,7179200
2026-06-05,HINDPETRO,0.6215,13745700,8543475
2026-06-05,HINDUNILVR,0.4728,9748200,4608600
2026-06-05,HINDZINC,0.5005,27136200,13580350
2026-06-05,HYUNDAI,0.8071,859650,693825
2026-06-05,ICICIBANK,0.7431,27402900,20363700
2026-06-05,ICICIGI,0.4528,928850,420550
2026-06-05,ICICIPRULI,0.6343,5274350,3345725
2026-06-05,IDEA,0.5542,1525705350,845549250
2026-06-05,IDFCFIRSTB,0.8413,94113425,79180675
2026-06-05,IEX,0.5394,32404950,17478450
2026-06-05,INDHOTEL,0.9194,4083000,3754000
2026-06-05,INDIANB,0.7853,4508000,3540000
2026-06-05,INDIGO,0.4871,3889200,1894500
2026-06-05,INDUSINDBK,1.0865,4683700,5089000
2026-06-05,INDUSTOWER,0.9088,20457800,18591200
2026-06-05,INFY,0.5322,36115200,19221200
2026-06-05,INOXWIND,0.5221,49654000,25922175
2026-06-05,IOC,0.7943,44869500,35641125
2026-06-05,IREDA,0.5805,39631600,23007425
2026-06-05,IRFC,0.6776,39595925,26828500
2026-06-05,ITC,0.453,124487975,56390725
2026-06-05,JINDALSTEL,0.7443,2918750,2172500
2026-06-05,JIOFIN,0.7861,42636050,33515700
2026-06-05,JSWENERGY,0.4915,9646950,4741325
2026-06-05,JSWSTEEL,0.7176,4312575,3094875
2026-06-05,JUBLFOOD,0.6916,9161250,6336250
2026-06-05,KALYANKJIL,0.5388,12048050,6491600
2026-06-05,KAYNES,0.5894,1645950,970100
2026-06-05,KEI,0.6652,482475,320950
2026-06-05,KFINTECH,0.674,1630825,1099250
2026-06-05,KOTAKBANK,0.7376,31770000,23432000
2026-06-05,KPITTECH,0.8262,3645100,3011550
2026-06-05,LAURUSLABS,1.2797,4789750,6129350
2026-06-05,LICHSGFIN,0.7971,5368000,4279000
2026-06-05,LICI,0.6951,17414600,12104400
2026-06-05,LODHA,0.6909,3177550,2195400
2026-06-05,LT,0.8659,4936400,4274375
2026-06-05,LTF,0.6744,17826750,12021750
2026-06-05,LTM,0.7918,1339650,1060800
2026-06-05,LUPIN,0.6115,2805850,1715725
2026-06-05,M&M,0.6857,6058600,4154600
2026-06-05,MANAPPURAM,0.5785,11445000,6621000
2026-06-05,MANKIND,0.4383,903575,396075
2026-06-05,MARICO,0.6045,4266000,2578800
2026-06-05,MARUTI,0.5353,1558050,834100
2026-06-05,MAXHEALTH,0.3775,8530725,3220350
2026-06-05,MAZDOCK,0.5698,1962200,1118150
2026-06-05,MCX,0.4642,14589825,6772925
2026-06-05,MFSL,0.6716,869600,584000
2026-06-05,MOTHERSON,0.658,39692100,26119050
2026-06-05,MOTILALOFS,0.3622,2280825,826150
2026-06-05,MPHASIS,0.7318,1134925,830500
2026-06-05,MUTHOOTFIN,0.6631,1861200,1234200
2026-06-05,NAM-INDIA,0.5567,1223750,681250
2026-06-05,NATIONALUM,0.6709,28276875,18971250
2026-06-05,NAUKRI,0.7779,2872425,2234575
2026-06-05,NBCC,0.6182,37524500,23198500
2026-06-05,NESTLEIND,0.6747,1969000,1328500
2026-06-05,NHPC,0.6546,105445000,69024850
2026-06-05,NMDC,0.4467,111861000,49970250
2026-06-05,NTPC,0.3871,50577000,19578000
2026-06-05,NUVAMA,0.6419,713500,458000
2026-06-05,NYKAA,0.4037,28943750,11684375
2026-06-05,OBEROIRLTY,0.5846,910000,532000
2026-06-05,OFSS,0.769,470225,361600
2026-06-05,OIL,0.5636,4369400,2462600
2026-06-05,ONGC,0.4293,58394250,25067250
2026-06-05,PAGEIND,0.4844,56270,27260
2026-06-05,PATANJALI,0.8354,7106525,5936875
2026-06-05,PAYTM,0.5536,6518475,3608325
2026-06-05,PERSISTENT,0.7048,1069700,753900
2026-06-05,PETRONET,0.9435,9076300,8563300
2026-06-05,PFC,0.7177,15161900,10881000
2026-06-05,PGEL,0.8086,7751050,6267150
2026-06-05,PHOENIXLTD,0.5471,457450,250250
2026-06-05,PIDILITIND,0.456,1141500,520500
2026-06-05,PIIND,0.4402,1780625,783825
2026-06-05,PNB,0.6521,111248000,72544000
2026-06-05,PNBHOUSING,0.5402,1769950,956150
2026-06-05,POLICYBZR,0.8636,2928100,2528750
2026-06-05,POLYCAB,1.1261,701750,790250
2026-06-05,POWERGRID,0.4839,29744500,14392500
2026-06-05,POWERINDIA,0.949,349850,332025
2026-06-05,PREMIERENE,0.4391,3800300,1668600
2026-06-05,PRESTIGE,0.6751,905850,611550
2026-06-05,RADICO,0.804,97200,78150
2026-06-05,RBLBANK,0.6304,15462250,9747250
2026-06-05,RECLTD,0.687,23314725,16018275
2026-06-05,RELIANCE,0.6157,72994500,44944500
2026-06-05,RVNL,0.5131,31161675,15990550
2026-06-05,SAIL,0.484,15867200,7679800
2026-06-05,SAMMAANCAP,0.6141,33359400,20485200
2026-06-05,SBICARD,0.5931,11251200,6673600
2026-06-05,SBILIFE,0.7091,1807125,1281375
2026-06-05,SBIN,0.7156,52068000,37258500
2026-06-05,SHREECEM,0.6281,41075,25800
2026-06-05,SHRIRAMFIN,0.638,10234125,6529875
2026-06-05,SIEMENS,0.6454,1709575,1103375
2026-06-05,SOLARINDS,0.7547,236200,178250
2026-06-05,SONACOMS,0.5984,3879575,2321375
2026-06-05,SRF,0.568,951400,540400
2026-06-05,SUNPHARMA,0.5676,10219300,5800550
2026-06-05,SUPREMEIND,0.7443,403725,300475
2026-06-05,SUZLON,0.4586,161097950,73872000
2026-06-05,SWIGGY,0.4129,12692625,5240550
2026-06-05,TATACONSUM,0.5644,4525400,2554200
2026-06-05,TATAELXSI,0.6401,825800,528575
2026-06-05,TATAPOWER,0.5429,28044450,15226450
2026-06-05,TATASTEEL,0.5013,94630250,47440250
2026-06-05,TCS,0.5971,25287275,15098875
2026-06-05,TECHM,0.6088,8589000,5229000
2026-06-05,TIINDIA,0.6202,366000,227000
2026-06-05,TITAN,0.6903,2828525,1952475
2026-06-05,TMPV,0.6038,31754400,19174400
2026-06-05,TORNTPHARM,0.509,659875,335875
2026-06-05,TRENT,0.4902,3256200,1596300
2026-06-05,TVSMOTOR,0.8535,1265425,1080100
2026-06-05,ULTRACEMCO,0.5918,743500,440000
2026-06-05,UNIONBANK,0.7935,29147475,23129475
2026-06-05,UNITDSPR,0.7862,2720800,2139200
2026-06-05,UNOMINDA,0.7267,736450,535150
2026-06-05,UPL,0.7403,5124610,3794000
2026-06-05,VBL,0.4009,10033875,4022925
2026-06-05,VEDL,0.4649,39284000,18263150
2026-06-05,VMM,0.7808,5398050,4214650
2026-06-05,VOLTAS,0.6802,3879375,2638875
2026-06-05,WAAREEENER,0.5563,2040150,1134875
2026-06-05,WIPRO,0.5849,197292000,115392000
2026-06-05,YESBANK,0.5944,347200400,206379600
2026-06-05,ZYDUSLIFE,0.683,4111200,2808000
2026-06-12,360ONE,0.4877,1384000,675000
2026-06-12,ABB,0.5084,1360250,691500
2026-06-12,ABCAPITAL,0.8267,12806100,10586500
2026-06-12,ADANIENSOL,0.4542,7086825,3219075
2026-06-12,ADANIENT,0.6797,8502444,5779227
2026-06-12,ADANIGREEN,0.6341,8810400,5586600
2026-06-12,ADANIPORTS,0.5975,7155400,4275475
2026-06-12,ADANIPOWER,0.575,52238250,30036550
2026-06-12,ALKEM,0.5434,781000,424375
2026-06-12,AMBER,0.8801,1681400,1479800
2026-06-12,AMBUJACEM,0.5651,19245300,10874700
2026-06-12,ANGELONE,0.6891,19290000,13292500
2026-06-12,APLAPOLLO,0.9204,1306550,1202600
2026-06-12,APOLLOHOSP,0.9088,1315750,1195750
2026-06-12,ASHOKLEY,0.6423,163345000,104920000
2026-06-12,ASIANPAINT,0.5158,6487250,3346000
2026-06-12,ASTRAL,0.671,2212975,1484950
2026-06-12,AUBANK,0.7484,5906000,4420000
2026-06-12,AUROPHARMA,0.5418,3998500,2166450
2026-06-12,AXISBANK,0.7681,21691875,16661250
2026-06-12,BAJAJ-AUTO,0.5373,1968825,1057800
2026-06-12,BAJAJFINSV,0.4797,6967250,3341900
2026-06-12,BAJAJHLDNG,0.5565,113525,63175
2026-06-12,BAJFINANCE,0.7819,18798000,14697750
2026-06-12,BANDHANBNK,0.5964,33627600,20055600
2026-06-12,BANKBARODA,0.7307,51497550,37627200
2026-06-12,BANKINDIA,0.6786,32505200,22058400
2026-06-12,BDL,0.6119,4558975,2789575
2026-06-12,BEL,0.5696,53185275,30296925
2026-06-12,BHARATFORG,0.6627,2644500,1752500
2026-06-12,BHARTIARTL,0.5078,17157950,8712450
2026-06-12,BHEL,0.6132,41908125,25696125
2026-06-12,BIOCON,0.5696,17547500,9995000
2026-06-12,BLUESTARCO,0.6334,1469000,930475
2026-06-12,BOSCHLTD,1.3112,156325,204975
2026-06-12,BPCL,0.6832,20666400,14119275
2026-06-12,BRITANNIA,0.6474,1410250,913000
2026-06-12,BSE,0.6358,10065425,6399725
2026-06-12,CAMS,0.7397,2633775,1948125
2026-06-12,CANBK,0.7525,96396750,72535500
2026-06-12,CDSL,0.6508,6826700,4442675
2026-06-12,CGPOWER,0.576,8205900,4726850
2026-06-12,CHOLAFIN,0.8847,3365000,2976875
2026-06-12,CIPLA,0.6446,5153400,3321950
2026-06-12,COALINDIA,0.7373,55404000,40851000
2026-06-12,COCHINSHIP,0.5529,1562800,864000
2026-06-12,COFORGE,0.4975,7868100,3914650
2026-06-12,COLPAL,0.6367,1862025,1185575
2026-06-12,CONCOR,0.5762,13123750,7562500
2026-06-12,CROMPTON,0.3253,13806600,4491750
2026-06-12,CUMMINSIND,0.6777,1723600,1168000
2026-06-12,DABUR,0.651,11673750,7600000
2026-06-12,DALBHARAT,0.7623,1113125,848575
2026-06-12,DELHIVERY,0.4351,10443475,4544250
2026-06-12,DIVISLAB,0.906,1589100,1439700
2026-06-12,DIXON,0.6973,1444250,1007050
2026-06-12,DLF,0.6668,9953175,6636775
2026-06-12,DMART,0.4628,1759350,814200
2026-06-12,DRREDDY,0.43,8762500,3767500
2026-06-12,EICHERMOT,0.8102,1653300,1339500
2026-06-12,ETERNAL,0.6438,61888425,39845175
2026-06-12,EXIDEIND,0.5948,17026200,10126800
2026-06-12,FEDERALBNK,0.8452,30995000,26197500
2026-06-12,FORCEMOT,0.4297,167625,72025
2026-06-12,FORTIS,0.5644,3854075,2175425
2026-06-12,GAIL,0.7922,28375350,22478400
2026-06-12,GLENMARK,0.6859,4039500,2770875
2026-06-12,GMRAIRPORT,0.5189,79089525,41040900
2026-06-12,GODFRYPHLP,0.5106,842325,430100
2026-06-12,GODREJCP,0.9581,2241500,2147500
2026-06-12,GODREJPROP,0.6898,2700975,1863025
2026-06-12,GRASIM,0.714,1767500,1262000
2026-06-12,GVT&D,0.7038,473875,333500
2026-06-12,HAL,0.6745,2878950,1941750
2026-06-12,HAVELLS,0.4717,4140000,1953000
2026-06-12,HCLTECH,0.5739,11396950,6540650
2026-06-12,HDFCAMC,0.73,1603500,1170600
2026-06-12,HDFCBANK,0.6058,102597950,62156450
2026-06-12,HDFCLIFE,0.6303,26077700,16436200
2026-06-12,HEROMOTOCO,0.5524,2241900,1238400
2026-06-12,HINDALCO,0.4753,19480300,9258900
2026-06-12,HINDPETRO,0.6994,17232750,12052800
2026-06-12,HINDUNILVR,0.4485,9381900,4207500
2026-06-12,HINDZINC,0.5279,29969625,15819650
2026-06-12,HYUNDAI,0.8653,1051050,909425
2026-06-12,ICICIBANK,0.9803,33126800,32473000
2026-06-12,ICICIGI,0.4579,1494025,684125
2026-06-12,ICICIPRULI,0.6368,6285375,4002475
2026-06-12,IDEA,0.5618,1767362325,992930700
2026-06-12,IDFCFIRSTB,1.0777,97693575,105280525
2026-06-12,IEX,0.5402,36286050,19602900
2026-06-12,INDHOTEL,0.8862,5028000,4456000
2026-06-12,INDIANB,0.7559,5519000,4172000
2026-06-12,INDIGO,0.6303,6919050,4360950
2026-06-12,INDUSINDBK,1.0913,5944400,6486900
2026-06-12,INDUSTOWER,0.8537,23106400,19725100
2026-06-12,INFY,0.5101,45005600,22956800
2026-06-12,INOXWIND,0.535,54478200,29145800
2026-06-12,IOC,0.7717,55794375,43056000
2026-06-12,IREDA,0.5417,44248500,23967725
2026-06-12,IRFC,0.6085,47979275,29194250
2026-06-12,ITC,0.4386,130184300,57099825
2026-06-12,JINDALSTEL,0.6319,4151875,2623750
2026-06-12,JIOFIN,0.7913,45373800,35903300
2026-06-12,JSWENERGY,0.4354,10834650,4717850
2026-06-12,JSWSTEEL,0.6902,4804650,3316275
2026-06-12,JUBLFOOD,0.6387,11712500,7481250
2026-06-12,KALYANKJIL,0.3989,15377600,6134425
2026-06-12,KAYNES,0.6092,1573350,958500
2026-06-12,KEI,0.5922,652750,386575
2026-06-12,KFINTECH,0.4712,2482775,1169825
2026-06-12,KOTAKBANK,0.8941,31566000,28224000
2026-06-12,KPITTECH,0.815,4142125,3375650
2026-06-12,LAURUSLABS,1.0496,5621050,5899850
2026-06-12,LICHSGFIN,0.6832,6074000,4150000
2026-06-12,LICI,0.7344,17805200,13076000
2026-06-12,LODHA,0.6076,3448825,2095500
2026-06-12,LT,0.7259,7534975,5469275
2026-06-12,LTF,0.7613,19977750,15210000
2026-06-12,LTM,0.6846,1701900,1165050
2026-06-12,LUPIN,0.5729,2994125,1715300
2026-06-12,M&M,0.5893,6978600,4112600
2026-06-12,MANAPPURAM,0.5391,16293000,8784000
2026-06-12,MANKIND,0.3654,1353675,494625
2026-06-12,MARICO,0.5753,4918800,2829600
2026-06-12,MARUTI,0.4902,2026900,993550
2026-06-12,MAXHEALTH,0.5533,6190800,3425625
2026-06-12,MAZDOCK,0.5161,2651575,1368525
2026-06-12,MCX,0.4461,14787675,6596375
2026-06-12,MFSL,0.6771,1342800,909200
2026-06-12,MOTHERSON,0.6351,44144700,28037850
2026-06-12,MOTILALOFS,0.6318,3169750,2002600
2026-06-12,MPHASIS,0.6284,1352725,850025
2026-06-12,MUTHOOTFIN,0.7056,3169925,2236850
2026-06-12,NAM-INDIA,0.6699,1482500,993125
2026-06-12,NATIONALUM,0.5862,37966875,22256250
2026-06-12,NAUKRI,0.7534,3197825,2409125
2026-06-12,NBCC,0.6317,43166500,27267500
2026-06-12,NESTLEIND,0.6198,4423500,2741500
2026-06-12,NHPC,0.5572,114460850,63774400
2026-06-12,NMDC,0.4102,123052500,50476500
2026-06-12,NTPC,0.3569,66012000,23557500
2026-06-12,NUVAMA,0.7064,943500,666500
2026-06-12,NYKAA,0.4503,25571875,11515625
2026-06-12,OBEROIRLTY,0.7059,977200,689850
2026-06-12,OFSS,0.6925,755525,523175
2026-06-12,OIL,0.4445,15366400,6830600
2026-06-12,ONGC,0.3344,105725250,35352000
2026-06-12,PAGEIND,0.5125,59145,30310
2026-06-12,PATANJALI,0.6499,8217025,5340150
2026-06-12,PAYTM,0.5316,10173200,5407775
2026-06-12,PERSISTENT,0.5921,1496300,885925
2026-06-12,PETRONET,0.9633,9690000,9334700
2026-06-12,PFC,0.5601,21266700,11911900
2026-06-12,PGEL,0.8033,9364150,7522100
2026-06-12,PHOENIXLTD,0.4542,752850,341950
2026-06-12,PIDILITIND,0.6558,2231000,1463000
2026-06-12,PIIND,0.4234,1860250,787675
2026-06-12,PNB,0.7803,102176000,79728000
2026-06-12,PNBHOUSING,0.544,2354950,1281150
2026-06-12,POLICYBZR,0.5914,4022900,2378950
2026-06-12,POLYCAB,1.0949,844000,924125
2026-06-12,POWERGRID,0.5303,37464200,19868300
2026-06-12,POWERINDIA,0.6263,632900,396400
2026-06-12,PREMIERENE,0.4548,4489350,2041625
2026-06-12,PRESTIGE,0.6351,1662300,1055700
2026-06-12,RADICO,0.6706,200850,134700
2026-06-12,RBLBANK,0.5829,23552150,13728700
2026-06-12,RECLTD,0.7176,22803725,16363900
2026-06-12,RELIANCE,0.5812,92632000,53839000
2026-06-12,RVNL,0.5122,35169000,18013350
2026-06-12,SAIL,0.5825,19124300,11139000
2026-06-12,SAMMAANCAP,0.5572,41043500,22867400
2026-06-12,SBICARD,0.6124,12380000,7581600
2026-06-12,SBILIFE,0.4558,3546750,1616625
2026-06-12,SBIN,0.8249,44583750,36779250
2026-06-12,SHREECEM,0.5105,65475,33425
2026-06-12,SHRIRAMFIN,0.7636,12218250,9329925
2026-06-12,SIEMENS,0.5674,1748775,992250
2026-06-12,SOLARINDS,0.6939,296300,205600
2026-06-12,SONACOMS,0.6523,4041275,2636200
2026-06-12,SRF,0.5042,1295000,653000
2026-06-12,SUNPHARMA,0.4092,13263600,5427800
2026-06-12,SUPREMEIND,0.5455,632975,345275
2026-06-12,SUZLON,0.4588,174431100,80034300
2026-06-12,SWIGGY,0.5444,13792575,7508325
2026-06-12,TATACONSUM,0.4516,6078050,2745050
2026-06-12,TATAELXSI,0.5347,1038875,555525
2026-06-12,TATAPOWER,0.5138,34108350,17523250
2026-06-12,TATASTEEL,0.4662,118827500,55401500
2026-06-12,TCS,0.5686,30250250,17199675
2026-06-12,TECHM,0.5768,10440000,6021600
2026-06-12,TIINDIA,0.5612,551000,309200
2026-06-12,TITAN,0.661,3995250,2640750
2026-06-12,TMPV,0.4937,39072000,19288800
2026-06-12,TORNTPHARM,0.601,709250,426250
2026-06-12,TRENT,0.4704,3839400,1806075
2026-06-12,TVSMOTOR,0.6889,1767500,1217650
2026-06-12,ULTRACEMCO,0.5625,880250,495100
2026-06-12,UNIONBANK,0.7478,34404375,25726950
2026-06-12,UNITDSPR,0.7296,3310400,2415200
2026-06-12,UNOMINDA,0.6116,1271600,777700
2026-06-12,UPL,0.7488,7987725,5980970
2026-06-12,VBL,0.3808,12491700,4756650
2026-06-12,VEDL,0.4434,47948100,21261200
2026-06-12,VMM,0.8015,5669650,4544450
2026-06-12,VOLTAS,0.6754,3956625,2672250
2026-06-12,WAAREEENER,0.4715,2826775,1332800
2026-06-12,WIPRO,0.4904,214347000,105114000
2026-06-12,YESBANK,0.545,414749600,226034800
2026-06-12,ZYDUSLIFE,0.6799,4419900,3005100
2026-06-19,360ONE,0.7177,1978500,1420000
2026-06-19,ABB,0.6231,1305250,813250
2026-06-19,ABCAPITAL,0.7407,17146100,12700700
2026-06-19,ADANIENSOL,0.4979,7125300,3547800
2026-06-19,ADANIENT,0.6705,9196149,6165786
2026-06-19,ADANIGREEN,0.6983,8749200,6109800
2026-06-19,ADANIPORTS,0.6235,8189475,5106250
2026-06-19,ADANIPOWER,0.5536,70037950,38769550
2026-06-19,ALKEM,0.5088,714250,363375
2026-06-19,AMBER,0.6748,2151800,1452000
2026-06-19,AMBUJACEM,0.4793,23474400,11251800
2026-06-19,ANGELONE,0.6108,28157500,17200000
2026-06-19,APLAPOLLO,0.8392,1368850,1148700
2026-06-19,APOLLOHOSP,0.8616,1447750,1247375
2026-06-19,ASHOKLEY,0.6924,154360000,106880000
2026-06-19,ASIANPAINT,0.3801,8733500,3319500
2026-06-19,ASTRAL,0.4822,2753150,1327700
2026-06-19,AUBANK,0.6119,7117000,4355000
2026-06-19,AUROPHARMA,0.6328,4919750,3113000
2026-06-19,AXISBANK,0.7434,24548750,18249375
2026-06-19,BAJAJ-AUTO,0.4652,3073275,1429800
2026-06-19,BAJAJFINSV,0.578,6343800,3666450
2026-06-19,BAJAJHLDNG,0.7605,135400,102975
2026-06-19,BAJFINANCE,0.8009,19162500,15348000
2026-06-19,BANDHANBNK,0.5252,46108800,24217200
2026-06-19,BANKBARODA,0.7653,56007900,42862950
2026-06-19,BANKINDIA,0.5929,36706800,21762000
2026-06-19,BDL,0.7997,4674800,3738600
2026-06-19,BEL,0.646,56353050,36404475
2026-06-19,BHARATFORG,0.602,3533500,2127000
2026-06-19,BHARTIARTL,0.5689,19990375,11372925
2026-06-19,BHEL,0.6165,41535375,25606875
2026-06-19,BIOCON,0.5031,22525000,11332500
2026-06-19,BLUESTARCO,0.7218,1910025,1378650
2026-06-19,BOSCHLTD,1.3807,175250,241975
2026-06-19,BPCL,0.6296,25969275,16351025
2026-06-19,BRITANNIA,0.647,1444750,934750
2026-06-19,BSE,0.5526,14290450,7896800
2026-06-19,CAMS,0.6703,4235550,2839050
2026-06-19,CANBK,0.7432,110686500,82262250
2026-06-19,CDSL,0.6802,8763275,5960775
2026-06-19,CGPOWER,0.6841,7144250,4887500
2026-06-19,CHOLAFIN,1.1906,3898125,4641250
2026-06-19,CIPLA,0.592,6967525,4124525
2026-06-19,COALINDIA,0.7194,55414800,39865500
2026-06-19,COCHINSHIP,0.5764,2506000,1444400
2026-06-19,COFORGE,0.5811,11387925,6617175
2026-06-19,COLPAL,0.5535,2949050,1632175
2026-06-19,CONCOR,0.5904,12743750,7523750
2026-06-19,CROMPTON,0.5161,14795750,7635900
2026-06-19,CUMMINSIND,0.7239,1606600,1163000
2026-06-19,DABUR,0.5767,13607500,7847500
2026-06-19,DALBHARAT,0.8745,1274000,1114100
2026-06-19,DELHIVERY,0.3433,11157275,3830450
2026-06-19,DIVISLAB,0.8063,1982700,1598600
2026-06-19,DIXON,0.8041,2179900,1752900
2026-06-19,DLF,0.7496,11835400,8872300
2026-06-19,DMART,0.8423,1450500,1221750
2026-06-19,DRREDDY,0.4134,11228750,4641875
2026-06-19,EICHERMOT,0.8003,1963700,1571500
2026-06-19,ETERNAL,0.775,62126075,48145950
2026-06-19,EXIDEIND,0.4867,20511000,9982800
2026-06-19,FEDERALBNK,0.9732,28982500,28205000
2026-06-19,FORCEMOT,0.4394,233800,102725
2026-06-19,FORTIS,0.4922,4470200,2200225
2026-06-19,GAIL,0.6505,34459000,22414500
2026-06-19,GLENMARK,0.677,4001250,2709000
2026-06-19,GMRAIRPORT,0.5438,84934575,46188450
2026-06-19,GODFRYPHLP,0.4666,974325,454575
2026-06-19,GODREJCP,0.7308,3293000,2406500
2026-06-19,GODREJPROP,0.7271,3354675,2439175
2026-06-19,GRASIM,0.6324,2085000,1318500
2026-06-19,GVT&D,0.6543,644000,421375
2026-06-19,HAL,0.7022,3926700,2757450
2026-06-19,HAVELLS,0.4679,4531000,2120000
2026-06-19,HCLTECH,0.6124,14645050,8968300
2026-06-19,HDFCAMC,0.8107,1881000,1524900
2026-06-19,HDFCBANK,0.6382,103670900,66165150
2026-06-19,HDFCLIFE,0.6475,25373700,16428500
2026-06-19,HEROMOTOCO,0.4735,2723400,1289400
2026-06-19,HINDALCO,0.4522,26294100,11889500
2026-06-19,HINDPETRO,0.5485,24073200,13205025
2026-06-19,HINDUNILVR,0.4267,10463100,4464300
2026-06-19,HINDZINC,0.5358,29303225,15700825
2026-06-19,HYUNDAI,0.6428,1373350,882750
2026-06-19,ICICIBANK,0.9213,35819000,32998700
2026-06-19,ICICIGI,0.7823,1301950,1018550
2026-06-19,ICICIPRULI,0.751,7110475,5340025
2026-06-19,IDEA,0.5302,1986433200,1053184125
2026-06-19,IDFCFIRSTB,0.955,107775500,102924675
2026-06-19,IEX,0.4754,41191200,19583550
2026-06-19,INDHOTEL,0.9388,6943000,6518000
2026-06-19,INDIANB,0.9534,6133000,5847000
2026-06-19,INDIGO,0.8122,7862400,6385500
2026-06-19,INDUSINDBK,0.93,7066500,6571600
2026-06-19,INDUSTOWER,0.7594,30336500,23038400
2026-06-19,INFY,0.5213,78982000,41170400
2026-06-19,INOXWIND,0.4253,68692150,29216950
2026-06-19,IOC,0.6358,68761875,43719000
2026-06-19,IREDA,0.6007,43964950,26408125
2026-06-19,IRFC,0.6687,48036200,32121375
2026-06-19,ITC,0.4415,138731150,61252625
2026-06-19,JINDALSTEL,0.6015,4831875,2906250
2026-06-19,JIOFIN,0.6959,58684200,40835950
2026-06-19,JSWENERGY,0.5594,11138625,6231425
2026-06-19,JSWSTEEL,0.7048,4882275,3441150
2026-06-19,JUBLFOOD,0.5159,15686250,8092500
2026-06-19,KALYANKJIL,0.7336,14355875,10531950
2026-06-19,KAYNES,0.6253,1456450,910750
2026-06-19,KEI,0.9072,784875,712075
2026-06-19,KFINTECH,0.6337,3453600,2188700
2026-06-19,KOTAKBANK,0.7797,36210000,28232000
2026-06-19,KPITTECH,0.8603,5463400,4700325
2026-06-19,LAURUSLABS,0.9636,6686100,6443000
2026-06-19,LICHSGFIN,0.5557,7857000,4366000
2026-06-19,LICI,0.7386,22528800,16640400
2026-06-19,LODHA,0.631,3995975,2521450
2026-06-19,LT,0.7385,9196425,6791750
2026-06-19,LTF,0.7275,22446000,16330500
2026-06-19,LTM,0.5657,2496150,1412100
2026-06-19,LUPIN,0.685,2857275,1957125
2026-06-19,M&M,0.5603,7687000,4307200
2026-06-19,MANAPPURAM,0.6617,16059000,10626000
2026-06-19,MANKIND,0.3592,1663350,597475
2026-06-19,MARICO,0.5319,6080400,3234000
2026-06-19,MARUTI,0.4352,3075700,1338550
2026-06-19,MAXHEALTH,0.8522,6018075,5128725
2026-06-19,MAZDOCK,0.6339,2944250,1866375
2026-06-19,MCX,0.4085,16839450,6879125
2026-06-19,MFSL,0.5702,1629600,929200
2026-06-19,MOTHERSON,0.6429,47391900,30467100
2026-06-19,MOTILALOFS,0.7342,3172075,2328875
2026-06-19,MPHASIS,0.5969,1766050,1054075
2026-06-19,MUTHOOTFIN,0.7563,3068175,2320450
2026-06-19,NAM-INDIA,0.8056,1864375,1501875
2026-06-19,NATIONALUM,0.575,43650000,25098750
2026-06-19,NAUKRI,0.6798,3913350,2660125
2026-06-19,NBCC,0.8069,38415000,30998500
2026-06-19,NESTLEIND,0.6678,4379500,2924500
2026-06-19,NHPC,0.5969,102409750,61128150
2026-06-19,NMDC,0.4092,145793250,59663250
2026-06-19,NTPC,0.3874,69702000,27006000
2026-06-19,NUVAMA,0.6157,1487000,915500
2026-06-19,NYKAA,0.78,26603125,20750000
2026-06-19,OBEROIRLTY,0.4219,1973650,832650
2026-06-19,OFSS,0.6616,908000,600750
2026-06-19,OIL,0.379,18523400,7021000
2026-06-19,ONGC,0.3539,113208750,40061250
2026-06-19,PAGEIND,0.6914,57820,39975
2026-06-19,PATANJALI,0.5661,12330750,6980175
2026-06-19,PAYTM,0.7089,9754875,6915050
2026-06-19,PERSISTENT,0.5671,2248650,1275225
2026-06-19,PETRONET,1.0132,10252400,10387300
2026-06-19,PFC,0.6251,19930300,12457900
2026-06-19,PGEL,0.8745,9812550,8581350
2026-06-19,PHOENIXLTD,0.5734,1344700,771050
2026-06-19,PIDILITIND,0.5682,2464000,1400000
2026-06-19,PIIND,0.3728,1970500,734650
2026-06-19,PNB,0.8049,109304000,87976000
2026-06-19,PNBHOUSING,0.4845,3114150,1508650
2026-06-19,POLICYBZR,0.6824,3598350,2455600
2026-06-19,POLYCAB,1.7936,1103375,1979000
2026-06-19,POWERGRID,0.5407,34234200,18511700
2026-06-19,POWERINDIA,0.833,488600,407025
2026-06-19,PREMIERENE,0.6213,4070125,2528725
2026-06-19,PRESTIGE,0.7762,2376900,1845000
2026-06-19,RADICO,0.6135,370200,227100
2026-06-19,RBLBANK,0.7543,23044150,17383125
2026-06-19,RECLTD,0.6942,22526350,15638175
2026-06-19,RELIANCE,0.5216,115215000,60094000
2026-06-19,RVNL,0.4435,41112100,18234125
2026-06-19,SAIL,0.4776,26916900,12854500
2026-06-19,SAMMAANCAP,0.5251,45446700,23865000
2026-06-19,SBICARD,0.6102,12826400,7826400
2026-06-19,SBILIFE,0.6232,2903250,1809375
2026-06-19,SBIN,0.7579,50346750,38156250
2026-06-19,SHREECEM,0.5742,63175,36275
2026-06-19,SHRIRAMFIN,0.7249,13305600,9645075
2026-06-19,SIEMENS,0.6523,1531775,999250
2026-06-19,SOLARINDS,0.6304,384900,242650
2026-06-19,SONACOMS,0.6631,5195225,3444700
2026-06-19,SRF,0.4872,2022000,985200
2026-06-19,SUNPHARMA,0.4992,11687550,5834500
2026-06-19,SUPREMEIND,0.5063,849625,430150
2026-06-19,SUZLON,0.4247,257434550,109336625
2026-06-19,SWIGGY,0.6264,18376700,11511975
2026-06-19,TATACONSUM,0.429,6915150,2966700
2026-06-19,TATAELXSI,0.5295,1472950,780000
2026-06-19,TATAPOWER,0.4926,39438550,19425650
2026-06-19,TATASTEEL,0.4704,127993250,60214000
2026-06-19,TCS,0.5569,35239700,19624225
2026-06-19,TECHM,0.5185,12847800,6661800
2026-06-19,TIINDIA,0.7845,652400,511800
2026-06-19,TITAN,1.0338,3957450,4091150
2026-06-19,TMPV,0.3764,89692800,33760800
2026-06-19,TORNTPHARM,0.4532,954500,432625
2026-06-19,TRENT,0.865,6593475,5703150
2026-06-19,TVSMOTOR,0.7263,1969800,1430625
2026-06-19,ULTRACEMCO,0.5059,1003750,507750
2026-06-19,UNIONBANK,0.8014,37205400,29815650
2026-06-19,UNITDSPR,0.8215,4139600,3400800
2026-06-19,UNOMINDA,0.5971,1991550,1189100
2026-06-19,UPL,0.5966,10079845,6013490
2026-06-19,VBL,0.3523,18651600,6570600
2026-06-19,VEDL,0.3901,61165050,23859050
2026-06-19,VMM,0.7065,9617550,6794850
2026-06-19,VOLTAS,0.7234,4266375,3086250
2026-06-19,WAAREEENER,0.4102,3736775,1532825
2026-06-19,WIPRO,0.437,216357000,94539000
2026-06-19,YESBANK,0.8575,415962500,356685900
2026-06-19,ZYDUSLIFE,0.6009,4704300,2826900
2026-06-25,360ONE,0.6743,1923500,1297000
2026-06-25,ABB,0.591,1272000,751750
2026-06-25,ABCAPITAL,0.8742,17741300,15509300
2026-06-25,ADANIENSOL,0.4717,6148575,2900475
2026-06-25,ADANIENT,0.8088,9481665,7668453
2026-06-25,ADANIGREEN,0.715,7497000,5360400
2026-06-25,ADANIPORTS,0.6414,8144350,5224050
2026-06-25,ADANIPOWER,0.5121,78320100,40111450
2026-06-25,ALKEM,0.5373,666250,358000
2026-06-25,AMBER,0.6886,1632200,1124000
2026-06-25,AMBUJACEM,0.5413,21010650,11373300
2026-06-25,ANGELONE,0.5064,26415000,13377500
2026-06-25,APLAPOLLO,0.8762,1116500,978250
2026-06-25,APOLLOHOSP,1.0391,1252375,1301375
2026-06-25,ASHOKLEY,0.6819,134315000,91590000
2026-06-25,ASIANPAINT,0.418,8084500,3379250
2026-06-25,ASTRAL,0.4325,3379600,1461575
2026-06-25,AUBANK,0.6588,7957000,5242000
2026-06-25,AUROPHARMA,0.8261,4556200,3763650
2026-06-25,AXISBANK,0.7859,24175000,18999375
2026-06-25,BAJAJ-AUTO,0.5534,2327325,1287900
2026-06-25,BAJAJFINSV,0.5832,6387100,3725050
2026-06-25,BAJAJHLDNG,1.2312,117100,144175
2026-06-25,BAJFINANCE,0.7995,19388250,15501750
2026-06-25,BANDHANBNK,0.5096,51246000,26114400
2026-06-25,BANKBARODA,0.972,47148075,45828900
2026-06-25,BANKINDIA,0.6556,29733600,19494800
2026-06-25,BDL,0.6804,5324475,3622875
2026-06-25,BEL,0.5465,65145300,35605050
2026-06-25,BHARATFORG,0.9861,3235000,3190000
2026-06-25,BHARTIARTL,0.4888,21845250,10678950
2026-06-25,BHEL,0.5661,40936875,23173500
2026-06-25,BIOCON,0.5216,23770000,12397500
2026-06-25,BLUESTARCO,0.7675,1693900,1300000
2026-06-25,BOSCHLTD,1.1082,163150,180800
2026-06-25,BPCL,0.6132,28457775,17451100
2026-06-25,BRITANNIA,0.6325,1415250,895125
2026-06-25,BSE,0.5354,13773575,7374225
2026-06-25,CAMS,0.7077,3449850,2441550
2026-06-25,CANBK,0.7368,117180000,86339250
2026-06-25,CDSL,0.8006,7657000,6129875
2026-06-25,CGPOWER,0.7556,6695450,5059200
2026-06-25,CHOLAFIN,1.3421,4222500,5666875
2026-06-25,CIPLA,0.9764,6463550,6311175
2026-06-25,COALINDIA,0.6704,54006750,36204300
2026-06-25,COCHINSHIP,0.6825,3079200,2101600
2026-06-25,COFORGE,0.6228,9911050,6172825
2026-06-25,COLPAL,0.6552,2449125,1604625
2026-06-25,CONCOR,0.5952,10516250,6258750
2026-06-25,CROMPTON,0.5023,13917650,6990250
2026-06-25,CUMMINSIND,0.6678,1582000,1056400
2026-06-25,DABUR,0.5962,13117500,7821250
2026-06-25,DALBHARAT,0.6782,1506700,1021800
2026-06-25,DELHIVERY,0.4815,18156250,8741975
2026-06-25,DIVISLAB,0.7625,1748500,1333200
2026-06-25,DIXON,0.6409,2644300,1694850
2026-06-25,DLF,0.756,11078900,8375850
2026-06-25,DMART,0.8469,1278450,1082700
2026-06-25,DRREDDY,0.8518,8668750,7383750
2026-06-25,EICHERMOT,0.8181,2043300,1671600
2026-06-25,ETERNAL,0.6869,66491075,45674875
2026-06-25,EXIDEIND,0.498,19056600,9489600
2026-06-25,FEDERALBNK,0.8789,28832500,25340000
2026-06-25,FORCEMOT,0.4485,270350,121250
2026-06-25,FORTIS,0.5202,3695975,1922775
2026-06-25,GAIL,0.6754,33421200,22571300
2026-06-25,GLENMARK,0.6661,3857250,2569500
2026-06-25,GMRAIRPORT,0.552,82165500,45351450
2026-06-25,GODFRYPHLP,0.4044,1049400,424325
2026-06-25,GODREJCP,0.7806,2345500,1831000
2026-06-25,GODREJPROP,0.8209,3229125,2650875
2026-06-25,GRASIM,0.696,1728500,1203000
2026-06-25,GVT&D,0.5034,1069875,538625
2026-06-25,HAL,0.6655,4437450,2953200
2026-06-25,HAVELLS,0.5761,3473500,2001000
2026-06-25,HCLTECH,0.6092,16390700,9985300
2026-06-25,HDFCAMC,0.7453,1837200,1369200
2026-06-25,HDFCBANK,0.785,94903450,74500200
2026-06-25,HDFCLIFE,0.7503,22441100,16837700
2026-06-25,HEROMOTOCO,0.4227,4161900,1759200
2026-06-25,HINDALCO,0.4759,25825800,12291300
2026-06-25,HINDPETRO,0.6044,22530150,13616100
2026-06-25,HINDUNILVR,0.5189,8560500,4442100
2026-06-25,HINDZINC,0.5541,29297100,16233700
2026-06-25,HYUNDAI,0.6539,1438250,940500
2026-06-25,ICICIBANK,0.975,40087600,39085200
2026-06-25,ICICIGI,0.562,1265875,711425
2026-06-25,ICICIPRULI,0.7911,6102225,4827575
2026-06-25,IDEA,0.4748,2011449450,955048950
2026-06-25,IDFCFIRSTB,0.8933,113683675,101551975
2026-06-25,IEX,0.6092,27964500,17037150
2026-06-25,INDHOTEL,0.9698,5893000,5715000
2026-06-25,INDIANB,0.862,6690000,5767000
2026-06-25,INDIGO,0.8763,9455550,8285700
2026-06-25,INDUSINDBK,0.8068,8031800,6479900
2026-06-25,INDUSTOWER,0.816,31298700,25540800
2026-06-25,INFY,0.5755,82737200,47618800
2026-06-25,INOXWIND,0.448,60562650,27129325
2026-06-25,IOC,0.6475,71204250,46102875
2026-06-25,IREDA,0.6465,46515300,30071850
2026-06-25,IRFC,0.5993,93792400,56213300
2026-06-25,ITC,0.5343,132206150,70637925
2026-06-25,JINDALSTEL,0.5602,5886250,3297500
2026-06-25,JIOFIN,0.7185,53662250,38556450
2026-06-25,JSWENERGY,0.5032,10643250,5356075
2026-06-25,JSWSTEEL,0.672,5213025,3503250
2026-06-25,JUBLFOOD,0.7893,11980000,9456250
2026-06-25,KALYANKJIL,0.7362,14334900,10553525
2026-06-25,KAYNES,0.5038,1446000,728450
2026-06-25,KEI,0.535,1131725,605500
2026-06-25,KFINTECH,0.4896,4446350,2176950
2026-06-25,KOTAKBANK,0.9121,36526000,33316000
2026-06-25,KPITTECH,0.6417,5315275,3410900
2026-06-25,LAURUSLABS,0.714,8383550,5985700
2026-06-25,LICHSGFIN,0.6658,6137000,4086000
2026-06-25,LICI,0.7201,21274400,15318800
2026-06-25,LODHA,0.6731,4564475,3072450
2026-06-25,LT,0.7661,9365125,7174300
2026-06-25,LTF,0.7335,19624500,14395500
2026-06-25,LTM,0.6149,2404950,1478700
2026-06-25,LUPIN,0.6514,3215125,2094400
2026-06-25,M&M,0.8723,7370000,6429000
2026-06-25,MANAPPURAM,0.6481,16341000,10590000
2026-06-25,MANKIND,0.5199,1694475,881000
2026-06-25,MARICO,0.5447,6816000,3712800
2026-06-25,MARUTI,0.6544,3058450,2001550
2026-06-25,MAXHEALTH,0.8299,6117825,5077275
2026-06-25,MAZDOCK,0.5656,2924775,1654125
2026-06-25,MCX,0.4876,12768950,6226100
2026-06-25,MFSL,0.5938,1518400,901600
2026-06-25,MOTHERSON,0.7378,51912150,38302200
2026-06-25,MOTILALOFS,0.9034,2745050,2480000
2026-06-25,MPHASIS,0.6544,1575475,1030975
2026-06-25,MUTHOOTFIN,0.6379,3505975,2236575
2026-06-25,NAM-INDIA,1.1665,1745000,2035625
2026-06-25,NATIONALUM,0.6264,46136250,28901250
2026-06-25,NAUKRI,0.5604,5386450,3018525
2026-06-25,NBCC,0.7703,35451000,27306500
2026-06-25,NESTLEIND,0.6579,3667500,2413000
2026-06-25,NHPC,0.7889,101164000,79806200
2026-06-25,NMDC,0.4465,128108250,57206250
2026-06-25,NTPC,0.4243,63436500,26916000
2026-06-25,NUVAMA,0.8513,1287500,1096000
2026-06-25,NYKAA,0.8052,22653125,18240625
2026-06-25,OBEROIRLTY,0.6574,1415750,930650
2026-06-25,OFSS,0.8957,1059925,949350
2026-06-25,OIL,0.4774,13911800,6641600
2026-06-25,ONGC,0.3736,113701500,42480000
2026-06-25,PAGEIND,0.851,58135,49475
2026-06-25,PATANJALI,0.7085,7911475,5605125
2026-06-25,PAYTM,0.6818,9606975,6549650
2026-06-25,PERSISTENT,0.6172,2209150,1363500
2026-06-25,PETRONET,0.9754,9108600,8884400
2026-06-25,PFC,0.7363,20151300,14838200
2026-06-25,PGEL,0.7423,10983900,8152900
2026-06-25,PHOENIXLTD,0.5969,1150450,686700
2026-06-25,PIDILITIND,0.6272,2516000,1578000
2026-06-25,PIIND,0.488,1487150,725725
2026-06-25,PNB,0.8217,111760000,91832000
2026-06-25,PNBHOUSING,0.6361,2650700,1686100
2026-06-25,POLICYBZR,0.7131,4065600,2899050
2026-06-25,POLYCAB,0.6355,1535750,976000
2026-06-25,POWERGRID,0.5323,34382400,18302700
2026-06-25,POWERINDIA,0.525,656275,344525
2026-06-25,PREMIERENE,0.6301,4123450,2598225
2026-06-25,PRESTIGE,0.6855,2264850,1552500
2026-06-25,RADICO,1.1966,325800,389850
2026-06-25,RBLBANK,0.6899,21463000,14808200
2026-06-25,RECLTD,0.875,23340100,20422500
2026-06-25,RELIANCE,0.5719,102286000,58501500
2026-06-25,RVNL,0.4784,37972200,18165250
2026-06-25,SAIL,0.5481,27250600,14936600
2026-06-25,SAMMAANCAP,0.5305,40493100,21482800
2026-06-25,SBICARD,0.5598,15068000,8434400
2026-06-25,SBILIFE,0.501,2840625,1423125
2026-06-25,SBIN,0.8837,48954000,43259250
2026-06-25,SHREECEM,0.6219,90575,56325
2026-06-25,SHRIRAMFIN,0.764,15368925,11742225
2026-06-25,SIEMENS,0.5419,1792875,971600
2026-06-25,SOLARINDS,0.5563,410950,228600
2026-06-25,SONACOMS,0.6921,5458600,3777900
2026-06-25,SRF,0.4744,1916000,909000
2026-06-25,SUNPHARMA,0.5333,11648350,6212500
2026-06-25,SUPREMEIND,0.5538,903175,500150
2026-06-25,SUZLON,0.4161,270187400,112429725
2026-06-25,SWIGGY,0.5813,18986750,11036175
2026-06-25,TATACONSUM,0.469,5737600,2691150
2026-06-25,TATAELXSI,0.5297,1363775,722400
2026-06-25,TATAPOWER,0.5193,39321100,20418900
2026-06-25,TATASTEEL,0.4808,130647000,62821000
2026-06-25,TCS,0.6137,36174775,22201400
2026-06-25,TECHM,0.5769,12099600,6979800
2026-06-25,TIINDIA,0.4935,1162600,573800
2026-06-25,TITAN,0.7876,4535825,3572450
2026-06-25,TMPV,0.3885,88512000,34384800
2026-06-25,TORNTPHARM,0.4703,800000,376250
2026-06-25,TRENT,0.7532,7521675,5665275
2026-06-25,TVSMOTOR,0.8848,1888950,1671250
2026-06-25,ULTRACEMCO,0.5707,1020050,582100
2026-06-25,UNIONBANK,0.8618,31851150,27448275
2026-06-25,UNITDSPR,0.8235,3854400,3174000
2026-06-25,UNOMINDA,0.6195,1990450,1233100
2026-06-25,UPL,0.5435,13199055,7173370
2026-06-25,VBL,0.3796,21459525,8145225
2026-06-25,VEDL,0.4087,84024750,34341300
2026-06-25,VMM,0.5298,13977700,7405950
2026-06-25,VOLTAS,0.5944,6134625,3646125
2026-06-25,WAAREEENER,0.4049,3558975,1441125
2026-06-25,WIPRO,0.4727,205089000,96945000
2026-06-25,YESBANK,0.7212,456205900,329006900
2026-06-25,ZYDUSLIFE,0.6514,4453200,2900700
2026-07-03,360ONE,0.4453,1056500,470500
2026-07-03,ABB,0.5758,806500,464375
2026-07-03,ABCAPITAL,0.6569,12539500,8236700
2026-07-03,ADANIENSOL,0.5412,3183975,1723275
2026-07-03,ADANIENT,0.7071,6742071,4767252
2026-07-03,ADANIGREEN,0.7953,3915600,3114000
2026-07-03,ADANIPORTS,0.63,7143525,4500150
2026-07-03,ADANIPOWER,0.6312,39905550,25187250
2026-07-03,ALKEM,0.5345,241125,128875
2026-07-03,AMBER,0.6024,807500,486400
2026-07-03,AMBUJACEM,0.6462,13866000,8960400
2026-07-03,ANGELONE,0.6182,12472500,7710000
2026-07-03,APLAPOLLO,0.9699,872200,845950
2026-07-03,APOLLOHOSP,1.1012,782875,862125
2026-07-03,ASHOKLEY,0.7484,68540000,51295000
2026-07-03,ASIANPAINT,0.7474,2991500,2235750
2026-07-03,ASTRAL,0.636,3526225,2242725
2026-07-03,AUBANK,0.6992,4272000,2987000
2026-07-03,AUROPHARMA,0.8897,2786300,2478850
2026-07-03,AXISBANK,0.6863,10751250,7378125
2026-07-03,BAJAJ-AUTO,0.7721,1184250,914325
2026-07-03,BAJAJFINSV,0.9469,3958500,3748500
2026-07-03,BAJAJHLDNG,0.6478,62175,40275
2026-07-03,BAJFINANCE,0.9182,11379000,10448250
2026-07-03,BANDHANBNK,0.5895,30906000,18219600
2026-07-03,BANKBARODA,0.7079,60810750,43047225
2026-07-03,BANKINDIA,0.8025,22750000,18257200
2026-07-03,BDL,0.5385,3493075,1881050
2026-07-03,BEL,0.6425,42550500,27340050
2026-07-03,BHARATFORG,0.8579,1889500,1621000
2026-07-03,BHARTIARTL,0.7587,9415450,7143050
2026-07-03,BHEL,0.5377,39566625,21273000
2026-07-03,BIOCON,0.6699,13495000,9040000
2026-07-03,BLUESTARCO,0.7246,869700,630175
2026-07-03,BOSCHLTD,0.9023,87225,78700
2026-07-03,BPCL,0.6036,15094925,9110675
2026-07-03,BRITANNIA,0.8743,607375,531000
2026-07-03,BSE,0.726,5311200,3855800
2026-07-03,CAMS,0.5072,3077250,1560900
2026-07-03,CANBK,0.7764,88722000,68883750
2026-07-03,CDSL,0.7969,4527225,3607625
2026-07-03,CGPOWER,0.4775,11240400,5367750
2026-07-03,CHOLAFIN,0.867,2147500,1861875
2026-07-03,CIPLA,0.6113,5550925,3393200
2026-07-03,COALINDIA,0.7943,25026300,19877400
2026-07-03,COCHINSHIP,0.6956,1754000,1220000
2026-07-03,COFORGE,0.5815,6208250,3610000
2026-07-03,COLPAL,0.8686,1151150,999900
2026-07-03,CONCOR,0.6241,5966250,3723750
2026-07-03,CROMPTON,0.5661,6209200,3515250
2026-07-03,CUMMINSIND,0.5945,1017600,605000
2026-07-03,DABUR,0.6321,11695000,7392500
2026-07-03,DALBHARAT,0.7114,844675,600925
2026-07-03,DELHIVERY,0.5534,16054275,8885150
2026-07-03,DIVISLAB,0.7664,775100,594000
2026-07-03,DIXON,0.7407,1308100,968950
2026-07-03,DLF,0.8153,9014550,7349200
2026-07-03,DMART,0.6836,2046600,1399050
2026-07-03,DRREDDY,0.4666,9343750,4359375
2026-07-03,EICHERMOT,0.8544,1758900,1502800
2026-07-03,ETERNAL,0.7384,49421500,36493825
2026-07-03,EXIDEIND,0.555,15953400,8854200
2026-07-03,FEDERALBNK,0.922,14905000,13742500
2026-07-03,FORCEMOT,0.4541,137700,62525
2026-07-03,FORTIS,0.6229,1911150,1190400
2026-07-03,GAIL,0.7041,20877550,14700550
2026-07-03,GLENMARK,0.6301,1771125,1116000
2026-07-03,GMRAIRPORT,0.4523,56260350,25444800
2026-07-03,GODFRYPHLP,0.5324,262900,139975
2026-07-03,GODREJCP,0.7662,2158000,1653500
2026-07-03,GODREJPROP,0.7568,2210000,1672450
2026-07-03,GRASIM,0.7026,1181750,830250
2026-07-03,GVT&D,0.4668,1101000,514000
2026-07-03,HAL,0.7798,2064300,1609800
2026-07-03,HAVELLS,0.7386,2089000,1543000
2026-07-03,HCLTECH,0.6546,11489600,7521200
2026-07-03,HDFCAMC,0.9124,842700,768900
2026-07-03,HDFCBANK,0.6575,62335650,40984450
2026-07-03,HDFCLIFE,0.6922,13160400,9109100
2026-07-03,HEROMOTOCO,0.4414,4431000,1955700
2026-07-03,HINDALCO,0.6499,13459600,8747900
2026-07-03,HINDPETRO,0.6585,15197625,10007550
2026-07-03,HINDUNILVR,0.7693,5337000,4105800
2026-07-03,HINDZINC,0.5462,18736375,10233650
2026-07-03,HYUNDAI,0.7848,728475,571725
2026-07-03,ICICIBANK,1.0534,16957500,17862600
2026-07-03,ICICIGI,0.4798,844025,404950
2026-07-03,ICICIPRULI,0.6755,3708325,2504900
2026-07-03,IDEA,0.4284,1462664400,626621325
2026-07-03,IDFCFIRSTB,0.731,79690800,58256275
2026-07-03,IEX,0.7907,16686600,13193550
2026-07-03,INDHOTEL,0.8191,3737000,3061000
2026-07-03,INDIANB,0.6501,5405000,3514000
2026-07-03,INDIGO,0.8221,2257800,1856250
2026-07-03,INDUSINDBK,0.7667,8048600,6170500
2026-07-03,INDUSTOWER,0.7851,20632900,16199300
2026-07-03,INFY,0.697,43065200,30015200
2026-07-03,INOXWIND,0.444,42521600,18880000
2026-07-03,IOC,0.5717,55141125,31526625
2026-07-03,IREDA,0.8364,21186050,17719900
2026-07-03,IRFC,0.6665,70101850,46720100
2026-07-03,ITC,0.7542,62150025,46873425
2026-07-03,JINDALSTEL,0.8617,3182500,2742500
2026-07-03,JIOFIN,0.8053,36084250,29060100
2026-07-03,JSWENERGY,0.6155,6605875,4065650
2026-07-03,JSWSTEEL,0.7596,3804975,2890350
2026-07-03,JUBLFOOD,0.8283,6688750,5540000
2026-07-03,KALYANKJIL,0.7062,10473300,7396650
2026-07-03,KAYNES,0.5794,1114800,645900
2026-07-03,KEI,0.5797,544600,315700
2026-07-03,KFINTECH,0.7535,2491475,1877375
2026-07-03,KOTAKBANK,0.7501,30906000,23182000
2026-07-03,KPITTECH,0.5265,21886775,11523475
2026-07-03,LAURUSLABS,0.6723,5731550,3853050
2026-07-03,LICHSGFIN,0.594,5350000,3178000
2026-07-03,LICI,0.6138,8486800,5209400
2026-07-03,LODHA,0.7583,2875000,2180000
2026-07-03,LT,0.4908,8051750,3952200
2026-07-03,LTF,0.8024,13695750,10989000
2026-07-03,LTM,0.7824,1193700,933900
2026-07-03,LUPIN,0.8942,1727200,1544450
2026-07-03,M&M,0.7064,5901400,4168600
2026-07-03,MANAPPURAM,0.8971,7758000,6960000
2026-07-03,MANKIND,0.5186,835000,433000
2026-07-03,MARICO,0.5082,10930800,5554800
2026-07-03,MARUTI,0.9166,1885200,1727950
2026-07-03,MAXHEALTH,0.6166,4065600,2506875
2026-07-03,MAZDOCK,0.7403,1478700,1094625
2026-07-03,MCX,0.6193,6832125,4230900
2026-07-03,MFSL,0.6214,603200,374800
2026-07-03,MOTHERSON,0.6046,41168100,24889050
2026-07-03,MOTILALOFS,0.4281,1288825,551800
2026-07-03,MPHASIS,0.904,779075,704275
2026-07-03,MUTHOOTFIN,0.7008,2033900,1425325
2026-07-03,NAM-INDIA,0.7337,640625,470000
2026-07-03,NATIONALUM,0.5925,26583750,15751875
2026-07-03,NAUKRI,0.45,3605250,1622500
2026-07-03,NBCC,0.4345,25369500,11024000
2026-07-03,NESTLEIND,0.8705,2776000,2416500
2026-07-03,NHPC,0.6594,61243400,40386450
2026-07-03,NMDC,0.5956,70686000,42099750
2026-07-03,NTPC,0.4667,34084500,15906000
2026-07-03,NUVAMA,0.6429,962000,618500
2026-07-03,NYKAA,0.7677,9350000,7178125
2026-07-03,OBEROIRLTY,0.7413,1101450,816550
2026-07-03,OFSS,0.9375,502000,470600
2026-07-03,OIL,0.4949,5524400,2734200
2026-07-03,ONGC,0.6209,44736750,27776250
2026-07-03,PAGEIND,0.9959,48960,48760
2026-07-03,PATANJALI,0.8298,5072925,4209700
2026-07-03,PAYTM,0.6095,5552775,3384300
2026-07-03,PERSISTENT,0.7935,2230125,1769625
2026-07-03,PETRONET,0.7342,5711400,4193300
2026-07-03,PFC,0.7513,11572600,8694400
2026-07-03,PGEL,0.8221,4117300,3384850
2026-07-03,PHOENIXLTD,0.8893,512400,455700
2026-07-03,PIDILITIND,0.6439,1098000,707000
2026-07-03,PIIND,0.6604,906850,598850
2026-07-03,PNB,0.7806,75056000,58592000
2026-07-03,PNBHOUSING,0.549,1041950,572000
2026-07-03,POLICYBZR,0.8274,2261350,1871100
2026-07-03,POLYCAB,0.79,906625,716250
2026-07-03,POWERGRID,0.5609,19364800,10862300
2026-07-03,POWERINDIA,0.4495,548825,246675
2026-07-03,PREMIERENE,0.5284,1579500,834600
2026-07-03,PRESTIGE,0.803,925200,742950
2026-07-03,RADICO,0.7146,290100,207300
2026-07-03,RBLBANK,0.5653,15249525,8620125
2026-07-03,RECLTD,0.6903,14324625,9887850
2026-07-03,RELIANCE,0.657,60328500,39635500
2026-07-03,RVNL,0.683,18354875,12535600
2026-07-03,SAIL,0.6698,18005700,12060200
2026-07-03,SBICARD,0.4645,14295200,6640000
2026-07-03,SBILIFE,0.8575,1487250,1275375
2026-07-03,SBIN,0.8676,29801250,25857000
2026-07-03,SHREECEM,0.6123,62800,38450
2026-07-03,SHRIRAMFIN,0.6893,8121300,5597625
2026-07-03,SIEMENS,0.6236,885325,552125
2026-07-03,SOLARINDS,0.6327,197800,125150
2026-07-03,SONACOMS,0.596,6410425,3820775
2026-07-03,SRF,0.6387,1426400,911000
2026-07-03,SUNPHARMA,0.5042,7437850,3749900
2026-07-03,SUPREMEIND,0.8545,748125,639275
2026-07-03,SUZLON,0.3756,192608200,72351900
2026-07-03,SWIGGY,0.5782,10971900,6343700
2026-07-03,TATACONSUM,0.8044,4319700,3474900
2026-07-03,TATAELXSI,0.6374,1789375,1140625
2026-07-03,TATAPOWER,0.7214,27502150,19840350
2026-07-03,TATASTEEL,0.5545,87593000,48573250
2026-07-03,TCS,0.6797,21989475,14945850
2026-07-03,TECHM,0.7791,4816200,3752400
2026-07-03,TIINDIA,0.427,465600,198800
2026-07-03,TITAN,0.8417,2961350,2492525
2026-07-03,TMPV,0.5101,57979200,29574400
2026-07-03,TORNTPHARM,0.5595,503375,281625
2026-07-03,TRENT,0.6593,3220200,2123100
2026-07-03,TVSMOTOR,0.8222,1649375,1356075
2026-07-03,ULTRACEMCO,0.6365,514400,327400
2026-07-03,UNIONBANK,0.6747,31036950,20939100
2026-07-03,UNITDSPR,0.8868,2114000,1874800
2026-07-03,UNOMINDA,0.599,1067000,639100
2026-07-03,UPL,0.7374,7971465,5877990
2026-07-03,VBL,0.4649,9327900,4336275
2026-07-03,VEDL,0.5787,37286450,21576300
2026-07-03,VMM,0.3878,8080100,3133100
2026-07-03,VOLTAS,0.6988,2796750,1954500
2026-07-03,WAAREEENER,0.6052,1972600,1193850
2026-07-03,WIPRO,0.6894,96042000,66216000
2026-07-03,YESBANK,0.4286,518468100,222209500
2026-07-03,ZYDUSLIFE,0.609,2884500,1756800
2026-07-10,360ONE,0.5353,1438500,770000
2026-07-10,ABB,0.5934,1114375,661250
2026-07-10,ABCAPITAL,0.8464,12409300,10502800
2026-07-10,ADANIENSOL,0.4682,6036525,2826225
2026-07-10,ADANIENT,0.6414,7971891,5113023
2026-07-10,ADANIGREEN,0.7389,5752800,4251000
2026-07-10,ADANIPORTS,0.6616,6602025,4368100
2026-07-10,ADANIPOWER,0.5624,62558100,35180500
2026-07-10,ALKEM,0.4798,324375,155625
2026-07-10,AMBER,0.6129,854300,523600
2026-07-10,AMBUJACEM,0.642,13266000,8516400
2026-07-10,ANGELONE,0.6339,16087500,10197500
2026-07-10,APLAPOLLO,0.7803,1309350,1021650
2026-07-10,APOLLOHOSP,0.9418,889000,837250
2026-07-10,ASHOKLEY,0.6612,89365000,59085000
2026-07-10,ASIANPAINT,0.7725,3651250,2820750
2026-07-10,ASTRAL,0.5625,4479500,2519825
2026-07-10,AUBANK,0.7686,5194000,3992000
2026-07-10,AUROPHARMA,0.6269,3942950,2471700
2026-07-10,AXISBANK,0.6001,18781250,11271250
2026-07-10,BAJAJ-AUTO,0.8532,1082925,924000
2026-07-10,BAJAJFINSV,0.9205,4492800,4135500
2026-07-10,BAJAJHLDNG,0.4779,102000,48750
2026-07-10,BAJFINANCE,0.9404,14816250,13933500
2026-07-10,BANDHANBNK,0.7914,30938400,24483600
2026-07-10,BANKBARODA,0.7281,71533800,52082550
2026-07-10,BANKINDIA,0.8181,34954400,28594800
2026-07-10,BDL,0.4764,5736225,2732750
2026-07-10,BEL,0.6037,50725725,30621825
2026-07-10,BHARATFORG,0.6819,2373500,1618500
2026-07-10,BHARTIARTL,0.4937,17734600,8754725
2026-07-10,BHEL,0.6538,41023500,26822250
2026-07-10,BIOCON,0.7709,19742500,15220000
2026-07-10,BLUESTARCO,0.7057,1128725,796575
2026-07-10,BOSCHLTD,0.7681,133875,102825
2026-07-10,BPCL,0.8227,17417525,14328625
2026-07-10,BRITANNIA,0.869,698625,607125
2026-07-10,BSE,0.7531,6441600,4851400
2026-07-10,CAMS,0.5479,4366725,2392500
2026-07-10,CANBK,0.8341,104793750,87405750
2026-07-10,CDSL,0.7154,7763400,5553700
2026-07-10,CGPOWER,0.6315,8928400,5638050
2026-07-10,CHOLAFIN,0.868,3068750,2663750
2026-07-10,CIPLA,0.6244,6648700,4151400
2026-07-10,COALINDIA,0.7024,34407450,24167700
2026-07-10,COCHINSHIP,0.7004,4584000,3210800
2026-07-10,COFORGE,0.516,7783825,4016125
2026-07-10,COLPAL,0.7406,1502325,1112650
2026-07-10,CONCOR,0.6351,7526250,4780000
2026-07-10,CROMPTON,0.4122,11147750,4594550
2026-07-10,CUMMINSIND,0.6836,1057400,722800
2026-07-10,DABUR,0.61,13755000,8390000
2026-07-10,DALBHARAT,0.6166,1137500,701350
2026-07-10,DELHIVERY,0.6305,17241175,10870925
2026-07-10,DIVISLAB,0.9152,1323100,1210900
2026-07-10,DIXON,0.7569,2256400,1707900
2026-07-10,DLF,0.813,10884150,8849250
2026-07-10,DMART,0.702,2661450,1868400
2026-07-10,DRREDDY,0.4714,19999375,9427500
2026-07-10,EICHERMOT,0.8238,1985600,1635800
2026-07-10,ETERNAL,0.7189,67039125,48196875
2026-07-10,EXIDEIND,0.5969,18853200,11253600
2026-07-10,FEDERALBNK,0.8578,20252500,17372500
2026-07-10,FORCEMOT,0.5462,174675,95400
2026-07-10,FORTIS,0.5753,2520300,1450025
2026-07-10,GAIL,0.7142,28236700,20167550
2026-07-10,GLENMARK,0.6568,1919625,1260750
2026-07-10,GMRAIRPORT,0.5521,59643225,32928975
2026-07-10,GODFRYPHLP,0.5612,514525,288750
2026-07-10,GODREJCP,0.6529,2740000,1789000
2026-07-10,GODREJPROP,0.8356,3430050,2866175
2026-07-10,GRASIM,0.8438,1722000,1453000
2026-07-10,GVT&D,0.5019,998500,501125
2026-07-10,HAL,0.7333,2634000,1931550
2026-07-10,HAVELLS,0.61,4503500,2747000
2026-07-10,HCLTECH,0.7116,11658800,8296000
2026-07-10,HDFCAMC,0.9217,1398300,1288800
2026-07-10,HDFCBANK,0.5813,94038100,54665000
2026-07-10,HDFCLIFE,0.7445,16638600,12388200
2026-07-10,HEROMOTOCO,0.549,3315150,1819950
2026-07-10,HINDALCO,0.5545,16715300,9268700
2026-07-10,HINDPETRO,0.704,19079550,13431825
2026-07-10,HINDUNILVR,0.7499,7101000,5325000
2026-07-10,HINDZINC,0.4919,22789900,11211200
2026-07-10,HYUNDAI,0.6207,1049125,651200
2026-07-10,ICICIBANK,0.9117,21144900,19277300
2026-07-10,ICICIGI,0.6776,1099800,745225
2026-07-10,ICICIPRULI,0.8047,5177225,4166200
2026-07-10,IDEA,0.4361,1651215450,720039150
2026-07-10,IDFCFIRSTB,0.8338,85144500,70990850
2026-07-10,IEX,0.7507,29188500,21910950
2026-07-10,INDHOTEL,0.7629,5163000,3939000
2026-07-10,INDIANB,0.7622,13370000,10191000
2026-07-10,INDIGO,0.8873,2807850,2491500
2026-07-10,INDUSINDBK,0.7808,8834700,6897800
2026-07-10,INDUSTOWER,0.8098,22217300,17991100
2026-07-10,INFY,0.642,52392000,33636000
2026-07-10,INOXWIND,0.3964,56390400,22355200
2026-07-10,IOC,0.6643,69541875,46195500
2026-07-10,IREDA,0.7447,25873950,19267450
2026-07-10,IRFC,0.6484,76725775,49752675
2026-07-10,ITC,0.6418,84217950,54047700
2026-07-10,JINDALSTEL,0.7482,4101250,3068750
2026-07-10,JIOFIN,0.8033,49700150,39921800
2026-07-10,JSWENERGY,0.6563,9007425,5911425
2026-07-10,JSWSTEEL,0.8947,4205250,3762450
2026-07-10,JUBLFOOD,0.6584,11755000,7740000
2026-07-10,KALYANKJIL,1.1672,32270400,37665000
2026-07-10,KAYNES,0.57,1368150,779850
2026-07-10,KEI,0.4717,800625,377650
2026-07-10,KFINTECH,0.6514,3333275,2171200
2026-07-10,KOTAKBANK,0.5589,68762000,38428000
2026-07-10,KPITTECH,0.509,19969425,10164900
2026-07-10,LAURUSLABS,0.6852,7344000,5032000
2026-07-10,LICHSGFIN,0.6175,6909000,4266000
2026-07-10,LICI,0.6445,10518200,6778800
2026-07-10,LODHA,0.7811,5525625,4316250
2026-07-10,LT,0.4708,11072425,5212375
2026-07-10,LTF,0.6098,27882000,17003250
2026-07-10,LTM,0.6986,2366400,1653150
2026-07-10,LUPIN,0.8048,2272475,1828775
2026-07-10,M&M,0.6884,6902000,4751000
2026-07-10,MANAPPURAM,0.8048,8607000,6927000
2026-07-10,MANKIND,0.5148,1189250,612250
2026-07-10,MARICO,0.6486,8461200,5487600
2026-07-10,MARUTI,0.6159,2458200,1513950
2026-07-10,MAXHEALTH,0.4645,5092500,2365650
2026-07-10,MAZDOCK,0.7554,2500875,1889100
2026-07-10,MCX,0.7127,7780950,5545575
2026-07-10,MFSL,0.5785,1357200,785200
2026-07-10,MOTHERSON,0.6194,57244200,35454750
2026-07-10,MOTILALOFS,0.4526,1780950,806000
2026-07-10,MPHASIS,0.812,1070575,869275
2026-07-10,MUTHOOTFIN,0.662,2064425,1366750
2026-07-10,NAM-INDIA,0.5959,1339375,798125
2026-07-10,NATIONALUM,0.8016,25899375,20760000
2026-07-10,NAUKRI,0.8984,6362950,5716700
2026-07-10,NBCC,0.4763,42620500,20299500
2026-07-10,NESTLEIND,0.8477,3771500,3197000
2026-07-10,NHPC,0.6111,70354850,42992700
2026-07-10,NMDC,0.5261,80541000,42369750
2026-07-10,NTPC,0.4022,43729500,17589000
2026-07-10,NUVAMA,0.8041,1059000,851500
2026-07-10,NYKAA,1.1734,13534375,15881250
2026-07-10,OBEROIRLTY,0.4849,2642500,1281350
2026-07-10,OFSS,0.9555,638400,610000
2026-07-10,OIL,0.5326,9150400,4873400
2026-07-10,ONGC,0.5272,53694000,28307250
2026-07-10,PAGEIND,0.3757,165040,62000
2026-07-10,PATANJALI,0.8428,5400800,4551550
2026-07-10,PAYTM,0.7269,10431300,7582775
2026-07-10,PERSISTENT,0.9593,2183500,2094625
2026-07-10,PETRONET,0.9364,8130100,7613300
2026-07-10,PFC,0.6934,16854500,11687000
2026-07-10,PGEL,0.9034,5744650,5189850
2026-07-10,PHOENIXLTD,0.8947,757750,677950
2026-07-10,PIDILITIND,0.5945,1524000,906000
2026-07-10,PIIND,0.5038,1277150,643475
2026-07-10,PNB,0.8499,101144000,85960000
2026-07-10,PNBHOUSING,0.4396,2016950,886600
2026-07-10,POLICYBZR,0.7416,2808750,2082850
2026-07-10,POLYCAB,0.7143,1450750,1036250
2026-07-10,POWERGRID,0.5187,24730400,12828800
2026-07-10,POWERINDIA,0.5675,422850,239975
2026-07-10,PREMIERENE,0.7225,2801500,2024100
2026-07-10,PRESTIGE,0.6636,1701450,1129050
2026-07-10,RADICO,0.9655,382350,369150
2026-07-10,RBLBANK,0.7764,17297400,13430250
2026-07-10,RECLTD,0.6296,19544175,12305475
2026-07-10,RELIANCE,0.6634,66015000,43794000
2026-07-10,RVNL,0.6189,21931525,13573175
2026-07-10,SAIL,0.6306,21972500,13855600
2026-07-10,SBICARD,0.4443,15406400,6845600
2026-07-10,SBILIFE,0.6879,2393250,1646250
2026-07-10,SBIN,0.834,36700500,30609750
2026-07-10,SHREECEM,0.7057,55225,38975
2026-07-10,SHRIRAMFIN,0.6936,9255675,6420150
2026-07-10,SIEMENS,0.5193,1159900,602350
2026-07-10,SOLARINDS,0.6808,399850,272200
2026-07-10,SONACOMS,0.7212,6652975,4798325
2026-07-10,SRF,0.6198,1582200,980600
2026-07-10,SUNPHARMA,0.6054,9381750,5679450
2026-07-10,SUPREMEIND,0.8198,784525,643125
2026-07-10,SUZLON,0.3614,258279900,93332300
2026-07-10,SWIGGY,0.5796,22527800,13056050
2026-07-10,TATACONSUM,0.7157,5096850,3647600
2026-07-10,TATAELXSI,0.5835,2021875,1179750
2026-07-10,TATAPOWER,0.857,27615250,23665450
2026-07-10,TATASTEEL,0.5862,88797500,52049250
2026-07-10,TCS,0.5438,36708975,19961550
2026-07-10,TECHM,0.7743,6388200,4946400
2026-07-10,TIINDIA,0.3776,544000,205400
2026-07-10,TITAN,0.7383,4400200,3248875
2026-07-10,TMPV,0.4826,69888000,33728000
2026-07-10,TORNTPHARM,0.8436,656875,554125
2026-07-10,TRENT,0.4515,10858275,4902525
2026-07-10,TVSMOTOR,0.7584,2251375,1707475
2026-07-10,ULTRACEMCO,0.5939,640650,380500
2026-07-10,UNIONBANK,0.6677,48281175,32236125
2026-07-10,UNITDSPR,0.9822,2335200,2293600
2026-07-10,UNOMINDA,0.6981,1468500,1025200
2026-07-10,UPL,0.6795,9713995,6600205
2026-07-10,VBL,0.4441,21694125,9633900
2026-07-10,VEDL,0.5202,43107750,22425000
2026-07-10,VMM,0.4456,9578750,4268000
2026-07-10,VOLTAS,0.6528,3817500,2491875
2026-07-10,WAAREEENER,0.5499,2261700,1243725
2026-07-10,WIPRO,0.701,96006000,67302000
2026-07-10,YESBANK,0.4454,578024600,257445800
2026-07-10,ZYDUSLIFE,0.6,4232700,2539800
2026-07-17,360ONE,0.8935,2726500,2436000
2026-07-17,ABB,0.819,2190625,1794125
2026-07-17,ABCAPITAL,0.6808,14588600,9932400
2026-07-17,ADANIENSOL,0.5108,7118550,3636225
2026-07-17,ADANIENT,0.6397,8092401,5176986
2026-07-17,ADANIGREEN,0.6639,8373600,5559600
2026-07-17,ADANIPORTS,0.6333,7170125,4541000
2026-07-17,ADANIPOWER,0.6238,71092300,44346600
2026-07-17,ALKEM,0.3414,567125,193625
2026-07-17,AMBER,0.8435,1227900,1035700
2026-07-17,AMBUJACEM,0.539,16053600,8653200
2026-07-17,ANGELONE,0.4228,36392500,15387500
2026-07-17,APLAPOLLO,0.9115,1593200,1452150
2026-07-17,APOLLOHOSP,0.821,1259750,1034250
2026-07-17,ASHOKLEY,0.6926,94680000,65580000
2026-07-17,ASIANPAINT,0.8983,4166750,3743000
2026-07-17,ASTRAL,0.6611,3780800,2499425
2026-07-17,AUBANK,0.6843,7044000,4820000
2026-07-17,AUROPHARMA,0.5705,4784450,2729650
2026-07-17,AXISBANK,0.7224,23544375,17008750
2026-07-17,BAJAJ-AUTO,0.7945,1434975,1140150
2026-07-17,BAJAJFINSV,0.607,7222800,4384200
2026-07-17,BAJAJHLDNG,0.5246,115650,60675
2026-07-17,BAJFINANCE,0.8948,17124750,15322500
2026-07-17,BANDHANBNK,0.6692,42778800,28627200
2026-07-17,BANKBARODA,0.7206,76678875,55253250
2026-07-17,BANKINDIA,0.7925,39894400,31616000
2026-07-17,BDL,0.4436,8155325,3618025
2026-07-17,BEL,0.6207,54965100,34117350
2026-07-17,BHARATFORG,0.8045,2647000,2129500
2026-07-17,BHARTIARTL,0.4414,22509300,9936050
2026-07-17,BHEL,0.6667,68100375,45399375
2026-07-17,BIOCON,0.8497,35005000,29745000
2026-07-17,BLUESTARCO,0.6081,2498600,1519375
2026-07-17,BOSCHLTD,0.5689,173925,98950
2026-07-17,BPCL,0.8054,22149625,17840175
2026-07-17,BRITANNIA,0.8901,722500,643125
2026-07-17,BSE,0.5472,8811000,4821400
2026-07-17,CAMS,0.4937,5659500,2794275
2026-07-17,CANBK,0.7906,117267750,92711250
2026-07-17,CDSL,0.63,8418900,5303850
2026-07-17,CGPOWER,0.6065,11022800,6685250
2026-07-17,CHOLAFIN,0.7599,3938750,2993125
2026-07-17,CIPLA,0.6046,7036725,4254250
2026-07-17,COALINDIA,0.6778,37411200,25355700
2026-07-17,COCHINSHIP,0.5916,5172800,3060000
2026-07-17,COFORGE,0.4974,9666250,4808425
2026-07-17,COLPAL,0.7007,1907675,1336775
2026-07-17,CONCOR,0.7813,8772500,6853750
2026-07-17,CROMPTON,0.4201,13491250,5667400
2026-07-17,CUMMINSIND,0.6062,1550600,940000
2026-07-17,DABUR,0.6142,14582500,8956250
2026-07-17,DALBHARAT,0.8241,1278875,1053975
2026-07-17,DELHIVERY,0.5548,27095350,15031300
2026-07-17,DIVISLAB,1.0788,1777400,1917400
2026-07-17,DIXON,0.8698,2255100,1961400
2026-07-17,DLF,0.6577,15175300,9980700
2026-07-17,DMART,0.343,4774800,1637850
2026-07-17,DRREDDY,0.4608,22153750,10208125
2026-07-17,EICHERMOT,0.9119,2121500,1934600
2026-07-17,ETERNAL,0.5888,80359650,47314175
2026-07-17,EXIDEIND,0.5973,20343600,12151800
2026-07-17,FEDERALBNK,0.9626,42520000,40930000
2026-07-17,FORCEMOT,0.567,179400,101725
2026-07-17,FORTIS,0.5,2920200,1460100
2026-07-17,GAIL,0.6567,32393750,21271600
2026-07-17,GLENMARK,0.6245,2340000,1461375
2026-07-17,GMRAIRPORT,0.5506,63081900,34735500
2026-07-17,GODFRYPHLP,0.6057,719125,435600
2026-07-17,GODREJCP,0.6326,2674500,1692000
2026-07-17,GODREJPROP,0.8557,3697525,3163875
2026-07-17,GRASIM,0.4501,3431250,1544250
2026-07-17,GVT&D,0.5782,1329875,769000
2026-07-17,HAL,0.6543,3161700,2068800
2026-07-17,HAVELLS,0.7007,7515000,5265500
2026-07-17,HCLTECH,0.5998,18856400,11310800
2026-07-17,HDFCAMC,0.6443,4253700,2740500
2026-07-17,HDFCBANK,0.5325,110017050,58588400
2026-07-17,HDFCLIFE,0.6254,24050400,15041400
2026-07-17,HEROMOTOCO,0.471,4085100,1924050
2026-07-17,HINDALCO,0.5159,20388900,10519600
2026-07-17,HINDPETRO,0.7447,20189250,15035625
2026-07-17,HINDUNILVR,0.7248,8310000,6023400
2026-07-17,HINDZINC,0.4896,24927525,12204675
2026-07-17,HYUNDAI,0.5659,2347950,1328800
2026-07-17,ICICIBANK,0.9351,28266000,26432700
2026-07-17,ICICIGI,0.5845,5353075,3129100
2026-07-17,ICICIPRULI,0.5602,13279300,7438850
2026-07-17,IDEA,0.4323,1862781450,805308825
2026-07-17,IDFCFIRSTB,0.8339,100355500,83688325
2026-07-17,IEX,0.7149,32955600,23559600
2026-07-17,INDHOTEL,0.6698,6469000,4333000
2026-07-17,INDIANB,0.6728,12587000,8468000
2026-07-17,INDIGO,0.7647,3544050,2710200
2026-07-17,INDUSINDBK,0.739,10785600,7970200
2026-07-17,INDUSTOWER,0.7313,24828500,18157700
2026-07-17,INFY,0.7338,57912400,42494800
2026-07-17,INOXWIND,0.4632,60371200,27961600
2026-07-17,IOC,0.6615,74031750,48974250
2026-07-17,IREDA,0.6323,37666100,23815075
2026-07-17,IRFC,0.6063,86951900,52714725
2026-07-17,ITC,0.6367,96779400,61623900
2026-07-17,JINDALSTEL,0.6628,4861875,3222500
2026-07-17,JIOFIN,0.5398,111570950,60228150
2026-07-17,JSWENERGY,0.6798,11086475,7536825
2026-07-17,JSWSTEEL,0.6787,8326800,5651775
2026-07-17,JUBLFOOD,0.6601,13196250,8711250
2026-07-17,KALYANKJIL,1.5854,41532750,65847600
2026-07-17,KAYNES,0.5711,1273500,727350
2026-07-17,KEI,0.439,1124550,493675
2026-07-17,KFINTECH,0.6779,3694950,2504700
2026-07-17,KOTAKBANK,0.593,72098000,42752000
2026-07-17,KPITTECH,0.4891,19082825,9332550
2026-07-17,LAURUSLABS,0.6507,8167650,5315050
2026-07-17,LICHSGFIN,0.6304,7294000,4598000
2026-07-17,LICI,0.6214,13503000,8390200
2026-07-17,LODHA,0.8918,5328125,4751875
2026-07-17,LT,0.4461,15463350,6898675
2026-07-17,LTF,0.4891,36533250,17869500
2026-07-17,LTM,0.696,2253150,1568250
2026-07-17,LUPIN,0.7128,2716600,1936300
2026-07-17,M&M,0.6877,7467400,5135600
2026-07-17,MANAPPURAM,0.6174,10626000,6561000
2026-07-17,MANKIND,0.4363,1668000,727750
2026-07-17,MARICO,0.6064,7554000,4580400
2026-07-17,MARUTI,0.4959,3137200,1555600
2026-07-17,MAXHEALTH,0.4577,5696775,2607675
2026-07-17,MAZDOCK,0.591,3647475,2155725
2026-07-17,MCX,0.6189,7218225,4467375
2026-07-17,MFSL,0.5608,1710400,959200
2026-07-17,MOTHERSON,0.6457,59864100,38652750
2026-07-17,MOTILALOFS,0.476,2469925,1175675
2026-07-17,MPHASIS,0.6381,1675575,1069200
2026-07-17,MUTHOOTFIN,0.5787,2955425,1710225
2026-07-17,NAM-INDIA,0.6473,1938750,1255000
2026-07-17,NATIONALUM,0.6368,30691875,19543125
2026-07-17,NAUKRI,0.7757,6075850,4712950
2026-07-17,NBCC,0.4643,47755500,22171500
2026-07-17,NESTLEIND,0.667,5062000,3376500
2026-07-17,NHPC,0.5612,79952800,44869200
2026-07-17,NMDC,0.5358,83835000,44921250
2026-07-17,NTPC,0.3338,53493000,17856000
2026-07-17,NUVAMA,0.6388,1286000,821500
2026-07-17,NYKAA,1.1532,13296875,15334375
2026-07-17,OBEROIRLTY,0.4933,3987900,1967350
2026-07-17,OFSS,0.7507,989000,742400
2026-07-17,OIL,0.4785,9657200,4621400
2026-07-17,ONGC,0.4751,62750250,29812500
2026-07-17,PAGEIND,0.4013,155000,62200
2026-07-17,PATANJALI,0.7679,22335275,17151625
2026-07-17,PAYTM,0.5397,17156400,9258975
2026-07-17,PERSISTENT,1.0041,2341750,2351375
2026-07-17,PETRONET,0.854,9956000,8502500
2026-07-17,PFC,0.6275,19086600,11976900
2026-07-17,PGEL,0.9453,7117400,6727900
2026-07-17,PHOENIXLTD,0.5004,1193850,597450
2026-07-17,PIDILITIND,0.5352,1802000,964500
2026-07-17,PIIND,0.6652,1217825,810075
2026-07-17,PNB,0.7326,124392000,91128000
2026-07-17,PNBHOUSING,0.4887,2704000,1321450
2026-07-17,POLICYBZR,0.7344,3076850,2259600
2026-07-17,POLYCAB,0.5509,4681750,2579250
2026-07-17,POWERGRID,0.5272,27802700,14658500
2026-07-17,POWERINDIA,0.5875,562275,330325
2026-07-17,PREMIERENE,0.6274,3567200,2237950
2026-07-17,PRESTIGE,0.6114,1878300,1148400
2026-07-17,RADICO,0.8774,402600,353250
2026-07-17,RBLBANK,0.5743,25860375,14852650
2026-07-17,RECLTD,0.6908,19359900,13373325
2026-07-17,RELIANCE,0.6054,77561500,46953000
2026-07-17,RVNL,0.5962,24391675,14541450
2026-07-17,SAIL,0.5376,27758200,14922500
2026-07-17,SBICARD,0.5237,14187200,7430400
2026-07-17,SBILIFE,0.7417,2906250,2155500
2026-07-17,SBIN,0.8174,45327000,37050750
2026-07-17,SHREECEM,0.7159,65650,47000
2026-07-17,SHRIRAMFIN,0.6717,10729125,7207200
2026-07-17,SIEMENS,0.4953,1987825,984550
2026-07-17,SOLARINDS,0.7194,408200,293650
2026-07-17,SONACOMS,0.7488,8387575,6280575
2026-07-17,SRF,0.746,1915800,1429200
2026-07-17,SUNPHARMA,0.5223,11121950,5808600
2026-07-17,SUPREMEIND,0.6927,1069950,741125
2026-07-17,SUZLON,0.3534,284594300,100584000
2026-07-17,SWIGGY,0.6614,19638825,12988525
2026-07-17,TATACONSUM,0.712,5156800,3671800
2026-07-17,TATAELXSI,0.4613,4094500,1888750
2026-07-17,TATAPOWER,0.8609,29272600,25199550
2026-07-17,TATASTEEL,0.5604,105704500,59237750
2026-07-17,TCS,0.8977,25172325,22596750
2026-07-17,TECHM,0.9104,10069800,9167400
2026-07-17,TIINDIA,0.5065,600600,304200
2026-07-17,TITAN,0.8462,4356800,3686550
2026-07-17,TMPV,0.4806,78291200,37625600
2026-07-17,TORNTPHARM,0.745,1031375,768375
2026-07-17,TRENT,0.5244,11092275,5816700
2026-07-17,TVSMOTOR,0.7699,2267125,1745450
2026-07-17,ULTRACEMCO,0.5956,778400,463600
2026-07-17,UNIONBANK,0.592,76340100,45192525
2026-07-17,UNITDSPR,0.9005,2740400,2467600
2026-07-17,UNOMINDA,0.5506,1971750,1085700
2026-07-17,UPL,0.7274,11695005,8506690
2026-07-17,VBL,0.4364,25770300,11246775
2026-07-17,VEDL,0.4705,57059550,26846750
2026-07-17,VMM,0.4055,14506350,5883050
2026-07-17,VOLTAS,0.8143,3676500,2993625
2026-07-17,WAAREEENER,0.4818,2986550,1438850
2026-07-17,WIPRO,0.6224,124782000,77667000
2026-07-17,YESBANK,0.4209,674870000,284036300
2026-07-17,ZYDUSLIFE,0.5935,4326300,2567700
2026-07-24,360ONE,0.582,2477500,1442000
2026-07-24,ABB,0.6036,2111875,1274750
2026-07-24,ABCAPITAL,0.7756,14563800,11296400
2026-07-24,ADANIENSOL,0.4489,8192475,3677400
2026-07-24,ADANIENT,0.6556,7045818,4618932
2026-07-24,ADANIGREEN,0.5551,13045800,7241400
2026-07-24,ADANIPORTS,0.6554,7210975,4725775
2026-07-24,ADANIPOWER,0.5806,74028150,42979850
2026-07-24,ALKEM,0.4375,363750,159125
2026-07-24,AMBER,0.8988,1507400,1354900
2026-07-24,AMBUJACEM,0.5444,16430400,8944800
2026-07-24,ANGELONE,0.5348,30867500,16507500
2026-07-24,APLAPOLLO,0.8741,1250550,1093050
2026-07-24,APOLLOHOSP,0.8093,969875,784875
2026-07-24,ASHOKLEY,0.7488,89075000,66700000
2026-07-24,ASIANPAINT,0.8478,3909750,3314500
2026-07-24,ASTRAL,0.8351,2886175,2410175
2026-07-24,AUBANK,0.8119,10752000,8730000
2026-07-24,AUROPHARMA,0.5777,5032500,2907300
2026-07-24,AXISBANK,0.6021,38750625,23333125
2026-07-24,BAJAJ-AUTO,1.2866,2507700,3226500
2026-07-24,BAJAJFINSV,0.7922,5391000,4270800
2026-07-24,BAJAJHLDNG,0.4665,186675,87075
2026-07-24,BAJFINANCE,0.8012,20081250,16089750
2026-07-24,BANDHANBNK,0.5475,119959200,65678400
2026-07-24,BANKBARODA,0.873,70635825,61664850
2026-07-24,BANKINDIA,0.9877,38589200,38116000
2026-07-24,BDL,0.5492,6513975,3577225
2026-07-24,BEL,0.6917,52243350,36136575
2026-07-24,BHARATFORG,0.8109,2536000,2056500
2026-07-24,BHARTIARTL,0.5638,17066275,9622550
2026-07-24,BHEL,0.6163,61036500,37616250
2026-07-24,BIOCON,0.7524,29942500,22527500
2026-07-24,BLUESTARCO,0.657,1945125,1277900
2026-07-24,BOSCHLTD,0.6842,144875,99125
2026-07-24,BPCL,0.945,19228600,18171975
2026-07-24,BRITANNIA,0.7896,719500,568125
2026-07-24,BSE,0.6275,7289200,4574200
2026-07-24,CAMS,0.5701,4895550,2790975
2026-07-24,CANBK,0.766,120804750,92535750
2026-07-24,CDSL,0.6561,8459275,5549900
2026-07-24,CGPOWER,0.6057,13463150,8154900
2026-07-24,CHOLAFIN,0.7602,3782500,2875625
2026-07-24,CIPLA,0.5779,9474100,5474850
2026-07-24,COALINDIA,0.7216,33231600,23980050
2026-07-24,COCHINSHIP,0.64,3857200,2468800
2026-07-24,COFORGE,0.5598,10169750,5693350
2026-07-24,COLPAL,0.6589,2192850,1444850
2026-07-24,CONCOR,0.993,7895000,7840000
2026-07-24,CROMPTON,0.4576,14828550,6785400
2026-07-24,CUMMINSIND,0.6146,1003200,616600
2026-07-24,DABUR,0.6013,14263750,8576250
2026-07-24,DALBHARAT,0.796,1166100,928200
2026-07-24,DELHIVERY,0.5742,22737850,13055900
2026-07-24,DIVISLAB,1.1671,1523500,1778100
2026-07-24,DIXON,0.7927,2206500,1749150
2026-07-24,DLF,0.6679,14665150,9795450
2026-07-24,DMART,0.4046,3267900,1322250
2026-07-24,DRREDDY,0.5471,24532500,13422500
2026-07-24,EICHERMOT,1.0037,2250300,2258600
2026-07-24,ETERNAL,0.5049,104054325,52535200
2026-07-24,EXIDEIND,0.641,17064000,10938600
2026-07-24,FEDERALBNK,0.9687,32592500,31572500
2026-07-24,FORCEMOT,0.5384,230025,123850
2026-07-24,FORTIS,0.7586,2253700,1709650
2026-07-24,GAIL,0.7104,31584350,22436000
2026-07-24,GLENMARK,0.7025,2121750,1490625
2026-07-24,GMRAIRPORT,0.5926,56469600,33466050
2026-07-24,GODFRYPHLP,0.78,962500,750750
2026-07-24,GODREJCP,0.5711,2276500,1300000
2026-07-24,GODREJPROP,0.7089,3414775,2420600
2026-07-24,GRASIM,0.5413,2552750,1381750
2026-07-24,GVT&D,0.7298,1112625,812000
2026-07-24,HAL,0.6777,3003600,2035650
2026-07-24,HAVELLS,0.7728,4503000,3480000
2026-07-24,HCLTECH,0.7676,15192000,11662000
2026-07-24,HDFCAMC,0.6726,3705000,2491800
2026-07-24,HDFCBANK,0.5065,177471450,89892400
2026-07-24,HDFCLIFE,0.5997,21865800,13113100
2026-07-24,HEROMOTOCO,0.6427,3173700,2039700
2026-07-24,HINDALCO,0.6147,17065300,10490200
2026-07-24,HINDPETRO,0.9042,18097425,16364025
2026-07-24,HINDUNILVR,0.7597,7923600,6019500
2026-07-24,HINDZINC,0.5602,22174950,12421500
2026-07-24,HYUNDAI,0.6159,2462075,1516350
2026-07-24,ICICIBANK,0.7925,31756200,25166400
2026-07-24,ICICIGI,0.8342,3100175,2586025
2026-07-24,ICICIPRULI,0.7114,9240750,6573975
2026-07-24,IDEA,0.4691,1862995875,873924825
2026-07-24,IDFCFIRSTB,0.7517,128310350,96450725
2026-07-24,IEX,0.7386,34295400,25330050
2026-07-24,INDHOTEL,0.6592,6945000,4578000
2026-07-24,INDIANB,0.7624,9980000,7609000
2026-07-24,INDIGO,0.8626,4641900,4003950
2026-07-24,INDUSINDBK,0.793,14730800,11680900
2026-07-24,INDUSTOWER,0.7634,24403500,18628600
2026-07-24,INFY,0.6683,68137600,45534400
2026-07-24,INOXWIND,0.5856,48448000,28371200
2026-07-24,IOC,0.8095,62092875,50261250
2026-07-24,IREDA,0.7294,38933100,28398900
2026-07-24,IRFC,0.6621,78597400,52036600
2026-07-24,ITC,0.6884,94426500,65003175
2026-07-24,JINDALSTEL,0.8044,3981875,3203125
2026-07-24,JIOFIN,0.5541,95858850,53114700
2026-07-24,JSWENERGY,0.5443,10236150,5571725
2026-07-24,JSWSTEEL,0.68,6548850,4452975
2026-07-24,JUBLFOOD,0.8536,11050000,9432500
2026-07-24,KALYANKJIL,1.1935,39168900,46746450
2026-07-24,KAYNES,0.67,1049550,703200
2026-07-24,KEI,0.5165,870100,449400
2026-07-24,KFINTECH,0.9288,3416075,3172850
2026-07-24,KOTAKBANK,0.6683,58564000,39136000
2026-07-24,KPITTECH,0.6096,12827025,7818975
2026-07-24,LAURUSLABS,0.5962,10864700,6477000
2026-07-24,LICHSGFIN,0.653,6998000,4570000
2026-07-24,LICI,0.5349,14320600,7660800
2026-07-24,LODHA,0.8836,5234375,4625000
2026-07-24,LT,0.5406,11969475,6470275
2026-07-24,LTF,0.5203,30485250,15862500
2026-07-24,LTM,0.8192,1455900,1192650
2026-07-24,LUPIN,0.804,2554250,2053600
2026-07-24,M&M,0.7347,7992000,5871400
2026-07-24,MANAPPURAM,0.7542,14499000,10935000
2026-07-24,MANKIND,0.5298,1265000,670250
2026-07-24,MARICO,0.6356,5736000,3645600
2026-07-24,MARUTI,0.4126,3556450,1467400
2026-07-24,MAXHEALTH,0.5443,4732875,2576175
2026-07-24,MAZDOCK,0.6393,3094200,1978200
2026-07-24,MCX,0.5908,7097850,4193100
2026-07-24,MFSL,0.5536,1692800,937200
2026-07-24,MOTHERSON,0.6624,52176600,34563000
2026-07-24,MOTILALOFS,0.455,6252700,2845025
2026-07-24,MPHASIS,0.7233,2015475,1457775
2026-07-24,MUTHOOTFIN,0.6068,2800600,1699500
2026-07-24,NAM-INDIA,0.4743,2650000,1256875
2026-07-24,NATIONALUM,0.7248,26709375,19359375
2026-07-24,NAUKRI,0.6933,6029650,4180550
2026-07-24,NBCC,0.4951,43179500,21378500
2026-07-24,NESTLEIND,0.3939,10026000,3949500
2026-07-24,NHPC,0.517,85054100,43972650
2026-07-24,NMDC,0.6546,74074500,48492000
2026-07-24,NTPC,0.3933,48448500,19053000
2026-07-24,NUVAMA,0.6155,1943000,1196000
2026-07-24,NYKAA,1.0517,11000000,11568750
2026-07-24,OBEROIRLTY,0.5674,3225950,1830500
2026-07-24,OFSS,0.5519,2600400,1435200
2026-07-24,OIL,0.557,9695000,5399800
2026-07-24,ONGC,0.5694,66827250,38049750
2026-07-24,PAGEIND,0.4724,106260,50200
2026-07-24,PATANJALI,0.7099,17276325,12264675
2026-07-24,PAYTM,0.4688,23969950,11238225
2026-07-24,PERSISTENT,0.8961,2229875,1998250
2026-07-24,PETRONET,0.9665,9653900,9330900
2026-07-24,PFC,0.6338,16741400,10610600
2026-07-24,PGEL,0.7279,9419250,6856150
2026-07-24,PHOENIXLTD,0.7023,1054550,740600
2026-07-24,PIDILITIND,0.56,1363500,763500
2026-07-24,PIIND,0.8323,1217475,1013250
2026-07-24,PNB,0.8192,120776000,98944000
2026-07-24,PNBHOUSING,0.6443,2481700,1599000
2026-07-24,POLICYBZR,0.8765,2738400,2400300
2026-07-24,POLYCAB,0.644,3162000,2036375
2026-07-24,POWERGRID,0.6144,23497300,14436200
2026-07-24,POWERINDIA,0.6822,469200,320100
2026-07-24,PREMIERENE,0.7647,3365050,2573350
2026-07-24,PRESTIGE,0.5749,1759500,1011600
2026-07-24,RADICO,0.6571,475500,312450
2026-07-24,RBLBANK,0.5489,23564850,12934950
2026-07-24,RECLTD,0.7671,19194525,14724675
2026-07-24,RELIANCE,0.6124,81302000,49788500
2026-07-24,RVNL,0.6245,24838275,15511650
2026-07-24,SAIL,0.5669,27866300,15796700
2026-07-24,SBICARD,0.5792,15000000,8688000
2026-07-24,SBILIFE,0.806,3372750,2718375
2026-07-24,SBIN,0.7809,47980500,37470000
2026-07-24,SHREECEM,0.7272,59925,43575
2026-07-24,SHRIRAMFIN,0.4966,18905700,9389325
2026-07-24,SIEMENS,0.6289,1379175,867300
2026-07-24,SOLARINDS,0.8457,344500,291350
2026-07-24,SONACOMS,0.8411,9768150,8216075
2026-07-24,SRF,0.4379,5347800,2341600
2026-07-24,SUNPHARMA,0.5554,10652950,5916750
2026-07-24,SUPREMEIND,0.7336,849275,623000
2026-07-24,SUZLON,0.3612,287210500,103746300
2026-07-24,SWIGGY,0.7851,22865425,17950700
2026-07-24,TATACONSUM,0.6781,6503200,4409900
2026-07-24,TATAELXSI,0.5289,3339875,1766500
2026-07-24,TATAPOWER,0.8702,26536450,23091250
2026-07-24,TATASTEEL,0.6237,99517000,62064750
2026-07-24,TCS,0.862,24701850,21292425
2026-07-24,TECHM,0.6724,11418600,7677600
2026-07-24,TIINDIA,0.5186,575800,298600
2026-07-24,TITAN,0.9059,3899000,3532200
2026-07-24,TMPV,0.5254,69811200,36676800
2026-07-24,TORNTPHARM,0.9499,844125,801875
2026-07-24,TRENT,0.5658,8335575,4716450
2026-07-24,TVSMOTOR,0.7452,3449775,2570750
2026-07-24,ULTRACEMCO,0.4541,1143250,519200
2026-07-24,UNIONBANK,0.6901,57879000,39940050
2026-07-24,UNITDSPR,0.9457,3748000,3544400
2026-07-24,UNOMINDA,0.6549,1862850,1219900
2026-07-24,UPL,0.6895,10953820,7552770
2026-07-24,VBL,0.4925,21597225,10637325
2026-07-24,VEDL,0.5348,44690150,23901600
2026-07-24,VMM,0.4464,20622200,9205300
2026-07-24,VOLTAS,0.8278,3258750,2697750
2026-07-24,WAAREEENER,0.5629,3059700,1722175
2026-07-24,WIPRO,0.6348,102165000,64851000
2026-07-24,YESBANK,0.4039,699314600,282419100
2026-07-24,ZYDUSLIFE,0.6547,3798000,2486700
2026-07-31,360ONE,0.5545,1187500,658500
2026-07-31,ABB,0.6087,1414500,861000
2026-07-31,ABCAPITAL,0.7178,16048700,11519600
2026-07-31,ADANIENSOL,0.5758,3718575,2141100
2026-07-31,ADANIENT,0.755,4276869,3229050
2026-07-31,ADANIGREEN,0.5984,8376000,5011800
2026-07-31,ADANIPORTS,0.587,12575150,7381975
2026-07-31,ADANIPOWER,0.6983,33735650,23557800
2026-07-31,ALKEM,0.5397,409750,221125
2026-07-31,AMBER,1.1786,723600,852800
2026-07-31,AMBUJACEM,0.7261,11284800,8193600
2026-07-31,ANGELONE,0.5278,18232500,9622500
2026-07-31,APLAPOLLO,0.9578,1477700,1415400
2026-07-31,APOLLOHOSP,0.6803,660875,449625
2026-07-31,ASHOKLEY,0.9929,48635000,48290000
2026-07-31,ASIANPAINT,0.6011,5710500,3432500
2026-07-31,ASTRAL,0.6436,1697875,1092675
2026-07-31,AUBANK,0.8034,3642000,2926000
2026-07-31,AUROPHARMA,0.6717,2598200,1745150
2026-07-31,AXISBANK,0.6932,19704375,13658125
2026-07-31,BAJAJ-AUTO,1.5909,996675,1585575
2026-07-31,BAJAJFINSV,0.7581,6087900,4615500
2026-07-31,BAJAJHLDNG,0.5334,84225,44925
2026-07-31,BAJFINANCE,1.0983,21079500,23151750
2026-07-31,BANDHANBNK,0.5281,61632000,32547600
2026-07-31,BANKBARODA,1.0208,38999025,39809250
2026-07-31,BANKINDIA,0.8471,36181600,30648800
2026-07-31,BDL,0.7924,2413150,1912075
2026-07-31,BEL,0.5871,59027775,34656000
2026-07-31,BHARATFORG,0.8727,1928000,1682500
2026-07-31,BHARTIARTL,0.7959,7381975,5875275
2026-07-31,BHEL,0.6038,28077000,16952250
2026-07-31,BIOCON,0.745,14335000,10680000
2026-07-31,BLUESTARCO,1.0413,353925,368550
2026-07-31,BOSCHLTD,1.2859,58150,74775
2026-07-31,BPCL,0.7281,9268675,6748575
2026-07-31,BRITANNIA,0.6207,750750,466000
2026-07-31,BSE,0.853,4222600,3602000
2026-07-31,CAMS,0.6958,2096325,1458600
2026-07-31,CANBK,0.7045,83274750,58664250
2026-07-31,CDSL,0.7484,5247325,3927300
2026-07-31,CGPOWER,0.5295,8998100,4764250
2026-07-31,CHOLAFIN,0.7621,3053125,2326875
2026-07-31,CIPLA,0.7465,4044725,3019200
2026-07-31,COALINDIA,0.7236,30106350,21783600
2026-07-31,COCHINSHIP,0.9008,1520800,1370000
2026-07-31,COFORGE,0.9459,6565925,6210625
2026-07-31,COLPAL,0.5032,2513225,1264725
2026-07-31,CONCOR,0.7912,4836250,3826250
2026-07-31,CROMPTON,0.5664,12734450,7213250
2026-07-31,CUMMINSIND,0.8273,651000,538600
2026-07-31,DABUR,0.6255,16023750,10022500
2026-07-31,DALBHARAT,0.8551,383500,327925
2026-07-31,DELHIVERY,0.7359,12553750,9237900
2026-07-31,DIVISLAB,0.9128,1265100,1154800
2026-07-31,DIXON,0.6448,1429100,921500
2026-07-31,DLF,0.7333,7661750,5618300
2026-07-31,DMART,0.7394,1628250,1203900
2026-07-31,DRREDDY,0.6084,11206875,6818125
2026-07-31,EICHERMOT,0.7811,2148700,1678300
2026-07-31,ETERNAL,0.6162,53296650,32841775
2026-07-31,FEDERALBNK,0.9813,13887500,13627500
2026-07-31,FORCEMOT,0.8287,119850,99325
2026-07-31,FORTIS,1.4383,1243100,1787925
2026-07-31,GAIL,0.5112,48901250,24999100
2026-07-31,GLENMARK,0.7196,1727625,1243125
2026-07-31,GMRAIRPORT,1.0045,32733675,32880150
2026-07-31,GODFRYPHLP,0.703,852775,599500
2026-07-31,GODREJCP,0.5363,1231500,660500
2026-07-31,GODREJPROP,0.7256,1745575,1266525
2026-07-31,GRASIM,0.5905,1025750,605750
2026-07-31,GVT&D,1.1208,622750,698000
2026-07-31,HAL,0.7706,1920150,1479600
2026-07-31,HAVELLS,0.6647,2083500,1385000
2026-07-31,HCLTECH,0.746,6144000,4583200
2026-07-31,HDFCAMC,0.8129,1366200,1110600
2026-07-31,HDFCBANK,0.5132,109400850,56145050
2026-07-31,HDFCLIFE,0.6716,18720900,12573000
2026-07-31,HEROMOTOCO,0.8556,1569600,1342950
2026-07-31,HINDALCO,0.762,10516100,8012900
2026-07-31,HINDPETRO,0.7657,10110825,7741575
2026-07-31,HINDUNILVR,0.5452,11110800,6057600
2026-07-31,HINDZINC,0.6859,12698350,8709750
2026-07-31,HYUNDAI,1.0111,2386450,2412850
2026-07-31,ICICIBANK,0.6774,19190500,12999000
2026-07-31,ICICIGI,0.766,1301625,997100
2026-07-31,ICICIPRULI,0.7039,2674175,1882375
2026-07-31,IDEA,0.6122,1096497975,671221725
2026-07-31,IDFCFIRSTB,0.6949,112950950,78494325
2026-07-31,IEX,0.766,20523300,15720900
2026-07-31,INDHOTEL,0.6519,3982000,2596000
2026-07-31,INDIANB,0.9825,3209000,3153000
2026-07-31,INDIGO,0.6564,2116500,1389300
2026-07-31,INDUSINDBK,0.5781,6818000,3941700
2026-07-31,INDUSTOWER,0.6941,18366800,12748300
2026-07-31,INFY,0.9566,29795200,28500800
2026-07-31,INOXWIND,0.7332,31116800,22816000
2026-07-31,IOC,0.8888,35953125,31955625
2026-07-31,IREDA,1.0366,21882900,22683825
2026-07-31,IRFC,0.6716,68680500,46128775
2026-07-31,ITC,0.6669,84497400,56350575
2026-07-31,JINDALSTEL,0.8977,3312500,2973750
2026-07-31,JIOFIN,0.6673,72083900,48104500
2026-07-31,JSWENERGY,0.9953,5698575,5671700
2026-07-31,JSWSTEEL,0.8034,3372300,2709450
2026-07-31,JUBLFOOD,0.9219,5028750,4636250
2026-07-31,KALYANKJIL,1.259,17536500,22077900
2026-07-31,KAYNES,0.7024,1528200,1073400
2026-07-31,KEI,0.9608,375375,360675
2026-07-31,KFINTECH,0.5875,2553575,1500175
2026-07-31,KOTAKBANK,0.6636,33128000,21984000
2026-07-31,KPITTECH,0.5402,18711600,10108325
2026-07-31,LAURUSLABS,0.902,11050000,9967100
2026-07-31,LICHSGFIN,0.6419,10652000,6837000
2026-07-31,LICI,0.6572,11744600,7718200
2026-07-31,LODHA,0.7481,4776250,3573125
2026-07-31,LT,0.7915,5757500,4557000
2026-07-31,LTF,0.6978,16427250,11463750
2026-07-31,LTM,0.8696,700800,609450
2026-07-31,LUPIN,0.7093,2157725,1530425
2026-07-31,M&M,0.8132,5388400,4382000
2026-07-31,MANAPPURAM,0.6294,9990000,6288000
2026-07-31,MANKIND,0.5105,1874500,957000
2026-07-31,MARICO,0.6851,5350800,3666000
2026-07-31,MARUTI,0.684,1681650,1150300
2026-07-31,MAXHEALTH,0.7188,1866900,1341900
2026-07-31,MAZDOCK,0.6542,1829700,1197000
2026-07-31,MCX,0.8641,3442050,2974275
2026-07-31,MFSL,0.6988,650800,454800
2026-07-31,MOTHERSON,0.6373,33997200,21666450
2026-07-31,MOTILALOFS,0.6339,2817900,1786375
2026-07-31,MPHASIS,0.7158,1317800,943250
2026-07-31,MUTHOOTFIN,0.6489,2255275,1463550
2026-07-31,NAM-INDIA,0.5134,745000,382500
2026-07-31,NATIONALUM,0.8176,16014375,13093125
2026-07-31,NAUKRI,0.5564,2359500,1312850
2026-07-31,NBCC,0.4914,22646000,11128000
2026-07-31,NESTLEIND,0.5616,4306500,2418500
2026-07-31,NHPC,0.7688,32074250,24658600
2026-07-31,NMDC,0.7565,43740000,33088500
2026-07-31,NTPC,0.7281,24153000,17586000
2026-07-31,NYKAA,0.6397,5646875,3612500
2026-07-31,OBEROIRLTY,0.534,1076250,574700
2026-07-31,OFSS,0.7336,933300,684700
2026-07-31,OIL,0.5706,3798200,2167200
2026-07-31,ONGC,0.6623,31268250,20709000
2026-07-31,PAGEIND,0.688,43660,30040
2026-07-31,PATANJALI,0.8009,9623400,7707750
2026-07-31,PAYTM,0.679,7955425,5401975
2026-07-31,PERSISTENT,0.6693,1549750,1037250
2026-07-31,PETRONET,1.1771,6585400,7752000
2026-07-31,PFC,0.7655,9492600,7267000
2026-07-31,PGEL,0.9137,4238900,3873150
2026-07-31,PHOENIXLTD,0.6783,1173900,796250
2026-07-31,PIDILITIND,0.6341,1612500,1022500
2026-07-31,PIIND,0.8479,473025,401100
2026-07-31,PNB,0.8895,57552000,51192000
2026-07-31,PNBHOUSING,1.1468,1753050,2010450
2026-07-31,POLICYBZR,1.0558,1154650,1219050
2026-07-31,POLYCAB,0.701,1033750,724625
2026-07-31,POWERGRID,0.8804,15192400,13376000
2026-07-31,POWERINDIA,1.1063,198200,219275
2026-07-31,PREMIERENE,0.7847,1539850,1208350
2026-07-31,PRESTIGE,0.6558,1747800,1146150
2026-07-31,RADICO,0.7056,524850,370350
2026-07-31,RBLBANK,0.6249,11664950,7289800
2026-07-31,RECLTD,0.708,14406525,10199700
2026-07-31,RELIANCE,0.8463,48824000,41320000
2026-07-31,RVNL,0.7673,15072750,11565400
2026-07-31,SAIL,0.6204,21319200,13225800
2026-07-31,SBICARD,0.7133,5868800,4186400
2026-07-31,SBILIFE,0.6845,1443000,987750
2026-07-31,SBIN,0.9405,28979250,27254250
2026-07-31,SHREECEM,0.6134,78825,48350
2026-07-31,SHRIRAMFIN,0.5141,8576700,4409625
2026-07-31,SIEMENS,0.9078,1070475,971775
2026-07-31,SOLARINDS,0.7809,156800,122450
2026-07-31,SONACOMS,0.8101,4108650,3328325
2026-07-31,SRF,0.4542,2716600,1233800
2026-07-31,SUNPHARMA,0.6971,6880650,4796750
2026-07-31,SUPREMEIND,0.7598,720475,547400
2026-07-31,SUZLON,0.5041,229857300,115874800
2026-07-31,SWIGGY,0.6994,28513800,19941775
2026-07-31,TATACONSUM,0.6146,4085950,2511300
2026-07-31,TATAELXSI,0.6054,1344875,814250
2026-07-31,TATAPOWER,0.7957,24541250,19528600
2026-07-31,TATASTEEL,0.7439,68499750,50960250
2026-07-31,TCS,0.8802,10765125,9474975
2026-07-31,TECHM,0.6566,5889000,3867000
2026-07-31,TIINDIA,0.8088,272000,220000
2026-07-31,TITAN,0.7749,2624650,2033850
2026-07-31,TMPV,0.8235,28139200,23172800
2026-07-31,TORNTPHARM,0.7631,817375,623750
2026-07-31,TRENT,0.753,2292750,1726425
2026-07-31,TVSMOTOR,1.0363,2480100,2570225
2026-07-31,ULTRACEMCO,0.5699,425750,242650
2026-07-31,UNIONBANK,0.9076,26965950,24474675
2026-07-31,UNITDSPR,0.8963,2130000,1909200
2026-07-31,UNOMINDA,0.8242,1498750,1235300
2026-07-31,UPL,0.8396,4459305,3743865
2026-07-31,VBL,0.4953,22422150,11105250
2026-07-31,VEDL,0.5953,27422900,16325400
2026-07-31,VMM,0.566,8783350,4971250
2026-07-31,VOLTAS,1.2254,1171500,1435500
2026-07-31,WAAREEENER,0.5798,3137400,1819125
2026-07-31,WIPRO,0.621,71706000,44532000
2026-07-31,YESBANK,0.6129,311342100,190829600
2026-07-31,ZYDUSLIFE,0.7365,1400400,1031400
2026-08-07,360ONE,0.6299,1936000,1219500
2026-08-07,ABB,0.5659,1900250,1075375
2026-08-07,ABCAPITAL,0.6043,24114900,14573100
2026-08-07,ADANIENSOL,0.5694,4194450,2388150
2026-08-07,ADANIENT,0.7673,4604409,3533106
2026-08-07,ADANIGREEN,0.566,8978400,5082000
2026-08-07,ADANIPORTS,0.5772,14124600,8153375
2026-08-07,ADANIPOWER,0.5719,48333250,27640300
2026-08-07,ALKEM,0.6132,529375,324625
2026-08-07,AMBER,1.1372,966700,1099300
2026-08-07,AMBUJACEM,0.5835,17401200,10154400
2026-08-07,ANGELONE,0.5088,25887500,13172500
2026-08-07,APLAPOLLO,0.8312,2173150,1806350
2026-08-07,APOLLOHOSP,0.6673,1027500,685625
2026-08-07,ASHOKLEY,0.9372,63165000,59200000
2026-08-07,ASIANPAINT,0.6599,5233750,3453500
2026-08-07,ASTRAL,0.7956,1979650,1575050
2026-08-07,AUBANK,0.6646,7432000,4939000
2026-08-07,AUROPHARMA,0.8276,3821950,3163050
2026-08-07,AXISBANK,0.6595,20645000,13616250
2026-08-07,BAJAJ-AUTO,1.6007,1197150,1916250
2026-08-07,BAJAJFINSV,0.5308,8726400,4631700
2026-08-07,BAJAJHLDNG,1.1129,79050,87975
2026-08-07,BAJFINANCE,0.7127,29678250,21152250
2026-08-07,BANDHANBNK,0.5049,59990400,30290400
2026-08-07,BANKBARODA,0.9036,47630700,43041375
2026-08-07,BANKINDIA,0.8577,36218000,31064800
2026-08-07,BDL,0.7615,3415725,2601000
2026-08-07,BEL,0.6821,59292825,40441500
2026-08-07,BHARATFORG,0.7988,3209000,2563500
2026-08-07,BHARTIARTL,0.5169,18864625,9750800
2026-08-07,BHEL,0.5766,37532250,21640500
2026-08-07,BIOCON,0.6762,23307500,15760000
2026-08-07,BLUESTARCO,0.4057,3772600,1530425
2026-08-07,BOSCHLTD,1.1179,172000,192275
2026-08-07,BPCL,0.6571,11253550,7394400
2026-08-07,BRITANNIA,0.5123,1890875,968750
2026-08-07,BSE,0.4671,13609400,6357000
2026-08-07,CAMS,0.5244,6288150,3297525
2026-08-07,CANBK,0.8138,81445500,66278250
2026-08-07,CDSL,0.6613,7524950,4976575
2026-08-07,CGPOWER,0.5532,10874050,6015450
2026-08-07,CHOLAFIN,0.7599,4193125,3186250
2026-08-07,CIPLA,0.6412,4935525,3164550
2026-08-07,COALINDIA,0.6918,33080400,22886550
2026-08-07,COCHINSHIP,0.9285,2311600,2146400
2026-08-07,COFORGE,0.972,7641325,7427575
2026-08-07,COLPAL,0.5237,3457575,1810600
2026-08-07,CONCOR,0.5732,6118750,3507500
2026-08-07,CROMPTON,0.5414,28610050,15488600
2026-08-07,CUMMINSIND,0.9041,1920200,1736000
2026-08-07,DABUR,0.597,20932500,12497500
2026-08-07,DALBHARAT,0.7174,621075,445575
2026-08-07,DELHIVERY,0.7028,18299425,12860850
2026-08-07,DIVISLAB,0.8887,1716200,1525200
2026-08-07,DIXON,0.5526,1998900,1104500
2026-08-07,DLF,0.6955,14689850,10217250
2026-08-07,DMART,0.637,1883400,1199700
2026-08-07,DRREDDY,0.6411,10891875,6983125
2026-08-07,EICHERMOT,1.007,1748200,1760500
2026-08-07,ETERNAL,0.6732,65142775,43856125
2026-08-07,FEDERALBNK,0.7728,22692500,17537500
2026-08-07,FORCEMOT,0.7923,142150,112625
2026-08-07,FORTIS,0.6807,3749450,2552075
2026-08-07,GAIL,0.3456,87145400,30121750
2026-08-07,GLENMARK,0.4889,3129750,1530000
2026-08-07,GMRAIRPORT,0.8936,39325050,35140050
2026-08-07,GODFRYPHLP,0.5133,1786675,917125
2026-08-07,GODREJCP,0.526,4516500,2375500
2026-08-07,GODREJPROP,0.5778,3345550,1933100
2026-08-07,GRASIM,0.5911,4064000,2402250
2026-08-07,GVT&D,0.9144,1085000,992125
2026-08-07,HAL,0.8849,2934600,2596950
2026-08-07,HAVELLS,0.6768,2410000,1631000
2026-08-07,HCLTECH,0.8483,5920800,5022800
2026-08-07,HDFCAMC,0.7783,2235900,1740300
2026-08-07,HDFCBANK,0.4923,160703400,79112800
2026-08-07,HDFCLIFE,0.5687,26176700,14886300
2026-08-07,HEROMOTOCO,0.8715,2721300,2371500
2026-08-07,HINDALCO,0.6079,20888000,12697300
2026-08-07,HINDPETRO,0.6266,13095675,8205300
2026-08-07,HINDUNILVR,0.5175,12211200,6319800
2026-08-07,HINDZINC,0.7256,21350525,15492575
2026-08-07,HYUNDAI,1.105,2091925,2311650
2026-08-07,ICICIBANK,0.6709,25737600,17266900
2026-08-07,ICICIGI,0.6136,2345850,1439425
2026-08-07,ICICIPRULI,0.6051,4047800,2449400
2026-08-07,IDEA,0.5351,1321072425,706959225
2026-08-07,IDFCFIRSTB,0.675,131807025,88965800
2026-08-07,IEX,0.6226,33921300,21119250
2026-08-07,INDHOTEL,0.6008,5245000,3151000
2026-08-07,INDIANB,0.9769,6631000,6478000
2026-08-07,INDIGO,0.6829,3170850,2165250
2026-08-07,INDUSINDBK,0.5374,8250200,4433800
2026-08-07,INDUSTOWER,0.5463,23266200,12709200
2026-08-07,INFY,0.9434,33390800,31500400
2026-08-07,INOXWIND,0.6316,51443200,32492800
2026-08-07,IOC,0.7568,44226000,33471750
2026-08-07,IREDA,0.6869,45856350,31498525
2026-08-07,IRFC,0.6504,79948225,51998625
2026-08-07,ITC,0.5265,113482575,59745375
2026-08-07,JINDALSTEL,0.7716,3806250,2936875
2026-08-07,JIOFIN,0.6025,90059050,54261500
2026-08-07,JSWENERGY,0.9031,6231775,5627625
2026-08-07,JSWSTEEL,0.8041,5096250,4097925
2026-08-07,JUBLFOOD,0.8684,10070000,8745000
2026-08-07,KALYANKJIL,0.7561,35472600,26820450
2026-08-07,KAYNES,0.7627,2137500,1630350
2026-08-07,KEI,1.0054,1033550,1039150
2026-08-07,KFINTECH,0.5244,3110750,1631275
2026-08-07,KOTAKBANK,0.6043,38520000,23276000
2026-08-07,KPITTECH,0.5455,15570525,8493225
2026-08-07,LAURUSLABS,0.9719,11863450,11530250
2026-08-07,LICHSGFIN,0.6285,17223000,10825000
2026-08-07,LICI,0.7357,32575200,23966600
2026-08-07,LODHA,0.681,5403125,3679375
2026-08-07,LT,0.772,5549775,4284525
2026-08-07,LTF,0.688,19959750,13731750
2026-08-07,LTM,0.6822,1360950,928500
2026-08-07,LUPIN,0.5316,5457000,2901050
2026-08-07,M&M,0.9228,5472600,5050000
2026-08-07,MANAPPURAM,0.6235,15672000,9771000
2026-08-07,MANKIND,0.8907,1898750,1691250
2026-08-07,MARICO,0.558,11152800,6223200
2026-08-07,MARUTI,0.4526,2579250,1167400
2026-08-07,MAXHEALTH,0.6451,3135825,2022825
2026-08-07,MAZDOCK,0.5453,3443400,1877850
2026-08-07,MCX,0.6831,6621075,4522725
2026-08-07,MFSL,0.5287,1544800,816800
2026-08-07,MOTHERSON,1.1674,65423700,76376850
2026-08-07,MOTILALOFS,0.5562,3003900,1670900
2026-08-07,MPHASIS,0.6347,1628275,1033450
2026-08-07,MUTHOOTFIN,0.4894,6045875,2959000
2026-08-07,NAM-INDIA,0.4604,1555625,716250
2026-08-07,NATIONALUM,0.8304,19970625,16584375
2026-08-07,NAUKRI,0.542,3102000,1681350
2026-08-07,NBCC,0.5288,35990500,19032000
2026-08-07,NESTLEIND,0.6663,5106000,3402000
2026-08-07,NHPC,0.7212,58963800,42527050
2026-08-07,NMDC,0.6306,67776750,42741000
2026-08-07,NTPC,0.6387,33603000,21463500
2026-08-07,NYKAA,0.4401,24978125,10993750
2026-08-07,OBEROIRLTY,0.567,1892100,1072750
2026-08-07,OFSS,0.8562,863000,738900
2026-08-07,OIL,0.8039,5747000,4620000
2026-08-07,ONGC,0.4628,53502750,24761250
2026-08-07,PAGEIND,0.7426,57960,43040
2026-08-07,PATANJALI,0.7216,10637125,7675500
2026-08-07,PAYTM,0.6921,16275525,11263600
2026-08-07,PERSISTENT,0.5908,1982625,1171375
2026-08-07,PETRONET,0.8999,9144700,8228900
2026-08-07,PFC,0.6665,16476200,10981100
2026-08-07,PGEL,0.7456,9538950,7112650
2026-08-07,PHOENIXLTD,0.5768,1257200,725200
2026-08-07,PIDILITIND,0.6433,3350500,2155500
2026-08-07,PIIND,0.6842,860125,588525
2026-08-07,PNB,0.8903,76176000,67816000
2026-08-07,PNBHOUSING,0.7181,4100200,2944500
2026-08-07,POLICYBZR,0.6506,3158400,2054850
2026-08-07,POLYCAB,0.7379,1429375,1054750
2026-08-07,POWERGRID,0.6442,38741000,24956500
2026-08-07,POWERINDIA,0.9167,307125,281550
2026-08-07,PREMIERENE,0.4929,2689050,1325350
2026-08-07,PRESTIGE,0.7567,1903500,1440450
2026-08-07,RADICO,0.7067,732300,517500
2026-08-07,RBLBANK,0.6636,15363825,10194925
2026-08-07,RECLTD,0.6416,17502975,11229750
2026-08-07,RELIANCE,0.8395,55021500,46190000
2026-08-07,RVNL,0.6583,22799700,15009225
2026-08-07,SAIL,0.649,27086100,17578000
2026-08-07,SBICARD,0.6642,6408800,4256800
2026-08-07,SBILIFE,0.6292,1923375,1210125
2026-08-07,SBIN,0.8315,60347250,50177250
2026-08-07,SHREECEM,0.5405,95650,51700
2026-08-07,SHRIRAMFIN,0.6144,12927750,7942275
2026-08-07,SIEMENS,0.6828,1683325,1149400
2026-08-07,SOLARINDS,0.742,247300,183500
2026-08-07,SONACOMS,0.8675,5860400,5083750
2026-08-07,SRF,0.4834,3114400,1505400
2026-08-07,SUNPHARMA,0.553,7919450,4379200
2026-08-07,SUPREMEIND,0.6486,964775,625800
2026-08-07,SUZLON,0.4729,256362200,121234200
2026-08-07,SWIGGY,0.4985,43511650,21690125
2026-08-07,TATACONSUM,0.6084,4768500,2901250
2026-08-07,TATAELXSI,0.5187,1379125,715375
2026-08-07,TATAPOWER,0.7373,29970050,22096550
2026-08-07,TATASTEEL,0.6217,85109750,52910000
2026-08-07,TCS,0.7867,13180950,10369575
2026-08-07,TECHM,0.5125,7298400,3740400
2026-08-07,TIINDIA,0.5729,544600,312000
2026-08-07,TITAN,0.621,4983650,3095050
2026-08-07,TMPV,0.7651,34844800,26660800
2026-08-07,TORNTPHARM,0.6691,1083750,725125
2026-08-07,TRENT,0.3722,9509175,3539025
2026-08-07,TVSMOTOR,0.9951,2992500,2977800
2026-08-07,ULTRACEMCO,0.4797,693200,332500
2026-08-07,UNIONBANK,0.9102,39842700,36262875
2026-08-07,UNITDSPR,0.89,2188400,1947600
2026-08-07,UNOMINDA,0.4859,2219800,1078550
2026-08-07,UPL,0.4943,21133935,10445695
2026-08-07,VBL,0.4387,25542075,11205975
2026-08-07,VEDL,0.5681,33216600,18869200
2026-08-07,VMM,0.5183,11518750,5970350
2026-08-07,VOLTAS,0.9992,2790000,2787750
2026-08-07,WAAREEENER,0.6529,3102575,2025800
2026-08-07,WIPRO,0.7114,68937000,49041000
2026-08-07,YESBANK,0.5655,362781500,205135600
2026-08-07,ZYDUSLIFE,0.8566,2887200,2473200
2026-08-14,360ONE,0.5247,2293500,1203500
2026-08-14,ABB,0.558,2158625,1204500
2026-08-14,ABCAPITAL,0.6776,25522300,17294900
2026-08-14,ADANIENSOL,0.5089,6566400,3341925
2026-08-14,ADANIENT,0.7287,5233224,3813678
2026-08-14,ADANIGREEN,0.4593,11722800,5383800
2026-08-14,ADANIPORTS,0.53,15135875,8022750
2026-08-14,ADANIPOWER,0.4778,63239700,30217600
2026-08-14,ALKEM,0.4218,1524000,642750
2026-08-14,AMBER,0.6755,2122900,1434100
2026-08-14,AMBUJACEM,0.5603,18368400,10292400
2026-08-14,ANGELONE,0.4786,33235000,15905000
2026-08-14,APLAPOLLO,0.6283,2143400,1346800
2026-08-14,APOLLOHOSP,0.7664,2528000,1937500
2026-08-14,ASHOKLEY,0.5848,135445000,79215000
2026-08-14,ASIANPAINT,0.6182,5592000,3457000
2026-08-14,ASTRAL,0.7422,4241075,3147550
2026-08-14,AUBANK,0.7001,7975000,5583000
2026-08-14,AUROPHARMA,0.6588,4489100,2957350
2026-08-14,AXISBANK,0.575,27248750,15668750
2026-08-14,BAJAJ-AUTO,1.28,1419675,1817250
2026-08-14,BAJAJFINSV,0.5181,9021900,4674600
2026-08-14,BAJAJHLDNG,1.1104,81525,90525
2026-08-14,BAJFINANCE,0.777,26964000,20951250
2026-08-14,BANDHANBNK,0.5311,53031600,28166400
2026-08-14,BANKBARODA,0.838,53211600,44588700
2026-08-14,BANKINDIA,0.8075,37086400,29946800
2026-08-14,BDL,0.6315,7556925,4772325
2026-08-14,BEL,0.745,55374075,41252325
2026-08-14,BHARATFORG,0.5448,12067000,6573500
2026-08-14,BHARTIARTL,0.6108,20976000,12813125
2026-08-14,BHEL,0.5493,42233625,23199750
2026-08-14,BIOCON,0.7682,24185000,18580000
2026-08-14,BLUESTARCO,0.4133,3959475,1636375
2026-08-14,BOSCHLTD,1.2424,416350,517275
2026-08-14,BPCL,0.6664,13313475,8871700
2026-08-14,BRITANNIA,0.5712,1385125,791250
2026-08-14,BSE,0.4242,15085200,6398800
2026-08-14,CAMS,0.4507,7290525,3285975
2026-08-14,CANBK,0.7542,92097000,69457500
2026-08-14,CDSL,0.6075,8127250,4937625
2026-08-14,CGPOWER,0.5081,11697700,5944050
2026-08-14,CHOLAFIN,0.6718,5148125,3458750
2026-08-14,CIPLA,0.5688,6315500,3592100
2026-08-14,COALINDIA,0.6822,34584300,23592600
2026-08-14,COCHINSHIP,0.6136,3573600,2192800
2026-08-14,COFORGE,1.1121,7282700,8099225
2026-08-14,COLPAL,0.5175,3760900,1946450
2026-08-14,CONCOR,0.4794,11160000,5350000
2026-08-14,CROMPTON,0.5702,27085700,15445600
2026-08-14,CUMMINSIND,0.7872,2020000,1590200
2026-08-14,DABUR,0.5613,21050000,11816250
2026-08-14,DALBHARAT,0.4576,899925,411775
2026-08-14,DELHIVERY,0.5198,20100525,10447625
2026-08-14,DIVISLAB,0.9013,1888900,1702500
2026-08-14,DIXON,0.4891,2258400,1104550
2026-08-14,DLF,0.6337,14462800,9165600
2026-08-14,DMART,0.6764,1772550,1198950
2026-08-14,DRREDDY,0.5409,11863750,6417500
2026-08-14,EICHERMOT,0.9264,1985600,1839500
2026-08-14,ETERNAL,0.6297,71178600,44823700
2026-08-14,FEDERALBNK,0.6288,25830000,16242500
2026-08-14,FORCEMOT,0.4119,296100,121975
2026-08-14,FORTIS,0.7952,6213175,4940625
2026-08-14,GAIL,0.3835,76236250,29237800
2026-08-14,GLENMARK,0.5093,2843625,1448250
2026-08-14,GMRAIRPORT,0.6698,63723600,42680025
2026-08-14,GODFRYPHLP,0.4689,1744325,817850
2026-08-14,GODREJCP,0.5384,14853000,7996500
2026-08-14,GODREJPROP,0.5602,3675100,2058875
2026-08-14,GRASIM,0.4645,7067000,3282500
2026-08-14,GVT&D,0.6342,1421375,901500
2026-08-14,HAL,0.6345,5682600,3605850
2026-08-14,HAVELLS,0.5806,2969500,1724000
2026-08-14,HCLTECH,0.7868,6830400,5374400
2026-08-14,HDFCAMC,0.6729,2813400,1893000
2026-08-14,HDFCBANK,0.5293,177097700,93744300
2026-08-14,HDFCLIFE,0.5562,27706800,15411000
2026-08-14,HEROMOTOCO,0.9232,2712450,2504250
2026-08-14,HINDALCO,0.6315,19785500,12493600
2026-08-14,HINDPETRO,0.6279,14901975,9357525
2026-08-14,HINDUNILVR,0.541,11883300,6428400
2026-08-14,HINDZINC,0.5267,32756500,17254125
2026-08-14,HYUNDAI,0.9122,2259125,2060850
2026-08-14,ICICIBANK,0.6125,33882100,20753600
2026-08-14,ICICIGI,0.6196,2570100,1592500
2026-08-14,ICICIPRULI,0.6304,5200350,3278200
2026-08-14,IDEA,0.6263,1562800875,978707175
2026-08-14,IDFCFIRSTB,0.7531,139987575,105428925
2026-08-14,IEX,0.5697,32068200,18270000
2026-08-14,INDHOTEL,0.6586,5629000,3707000
2026-08-14,INDIANB,0.7096,8067000,5724000
2026-08-14,INDIGO,0.6227,3543000,2206200
2026-08-14,INDUSINDBK,0.5501,7891100,4340700
2026-08-14,INDUSTOWER,0.6342,25595200,16233300
2026-08-14,INFY,0.8872,35306800,31324800
2026-08-14,INOXWIND,0.5169,59187200,30592000
2026-08-14,IOC,0.7999,44723250,35772750
2026-08-14,IREDA,0.7264,45272625,32887700
2026-08-14,IRFC,0.5735,88649925,50843100
2026-08-14,ITC,0.5031,133785825,67311225
2026-08-14,JINDALSTEL,0.6675,4603750,3073125
2026-08-14,JIOFIN,0.4759,149718500,71252000
2026-08-14,JSWENERGY,0.6507,8878425,5777050
2026-08-14,JSWSTEEL,0.8159,5667975,4624425
2026-08-14,JUBLFOOD,0.6536,23028750,15051250
2026-08-14,KALYANKJIL,0.7294,33666300,24556500
2026-08-14,KAYNES,0.7264,2146050,1558950
2026-08-14,KEI,0.9948,1017975,1012725
2026-08-14,KFINTECH,0.4386,3509800,1539275
2026-08-14,KOTAKBANK,0.6143,39896000,24508000
2026-08-14,KPITTECH,0.4832,13939925,6735525
2026-08-14,LAURUSLABS,0.7761,13316100,10335150
2026-08-14,LICHSGFIN,0.6696,19124000,12805000
2026-08-14,LICI,0.7159,27451200,19653200
2026-08-14,LODHA,0.7168,5828750,4178125
2026-08-14,LT,0.7597,5672800,4309550
2026-08-14,LTF,0.7479,22558500,16870500
2026-08-14,LTM,0.5913,1445100,854550
2026-08-14,LUPIN,0.4876,9063975,4420000
2026-08-14,M&M,0.7189,6923000,4976600
2026-08-14,MANAPPURAM,0.4327,32910000,14241000
2026-08-14,MANKIND,0.6753,2423000,1636250
2026-08-14,MARICO,0.6395,9246000,5912400
2026-08-14,MARUTI,0.3898,2626350,1023700
2026-08-14,MAXHEALTH,0.5484,6793500,3725400
2026-08-14,MAZDOCK,0.4975,4247325,2113200
2026-08-14,MCX,0.879,6249825,5493600
2026-08-14,MFSL,0.4865,3099600,1508000
2026-08-14,MOTHERSON,1.1377,62096550,70645050
2026-08-14,MOTILALOFS,0.5015,2831075,1419800
2026-08-14,MPHASIS,0.5696,1715725,977350
2026-08-14,MUTHOOTFIN,0.4815,6218850,2994475
2026-08-14,NAM-INDIA,0.4328,1800625,779375
2026-08-14,NATIONALUM,0.6064,44859375,27204375
2026-08-14,NAUKRI,0.6606,5003900,3305500
2026-08-14,NBCC,0.4143,46202000,19142500
2026-08-14,NESTLEIND,0.5201,6115500,3180500
2026-08-14,NHPC,0.6721,66720000,44841400
2026-08-14,NMDC,0.5223,97983000,51178500
2026-08-14,NTPC,0.5158,42666000,22008000
2026-08-14,NYKAA,0.4031,25371875,10228125
2026-08-14,OBEROIRLTY,0.5489,2270800,1246350
2026-08-14,OFSS,0.8245,1124100,926800
2026-08-14,OIL,0.6358,7035000,4473000
2026-08-14,ONGC,0.4415,56796750,25074000
2026-08-14,PAGEIND,0.3743,400440,149900
2026-08-14,PATANJALI,0.6587,13058025,8601075
2026-08-14,PAYTM,0.9285,20143400,18703550
2026-08-14,PERSISTENT,0.5534,2099000,1161500
2026-08-14,PETRONET,1.0234,11470300,11738200
2026-08-14,PFC,0.5473,40491100,22159800
2026-08-14,PGEL,0.6,10902200,6541700
2026-08-14,PHOENIXLTD,0.5596,1303400,729400
2026-08-14,PIDILITIND,0.6193,2918000,1807000
2026-08-14,PIIND,0.5524,2870175,1585500
2026-08-14,PNB,0.8375,92472000,77448000
2026-08-14,PNBHOUSING,0.5655,4433650,2507050
2026-08-14,POLICYBZR,0.7251,2776550,2013200
2026-08-14,POLYCAB,0.661,1837000,1214250
2026-08-14,POWERGRID,0.6365,39221700,24964100
2026-08-14,POWERINDIA,0.9638,556650,536500
2026-08-14,PREMIERENE,0.3315,4119050,1365650
2026-08-14,PRESTIGE,0.7138,2063250,1472850
2026-08-14,RADICO,0.7407,710850,526500
2026-08-14,RBLBANK,0.6259,16744950,10480675
2026-08-14,RECLTD,0.6729,25785900,17350200
2026-08-14,RELIANCE,0.6298,68653000,43240500
2026-08-14,RVNL,0.5406,28967400,15659875
2026-08-14,SAIL,0.6806,28825100,19617800
2026-08-14,SBICARD,0.6085,8800000,5355200
2026-08-14,SBILIFE,0.5062,2858625,1447125
2026-08-14,SBIN,0.5456,84805500,46270500
2026-08-14,SHREECEM,0.407,148525,60450
2026-08-14,SHRIRAMFIN,0.5853,12840300,7514925
2026-08-14,SIEMENS,0.5785,2891175,1672475
2026-08-14,SOLARINDS,0.7872,991100,780200
2026-08-14,SONACOMS,0.7028,7010675,4926950
2026-08-14,SRF,0.4353,3473600,1512000
2026-08-14,SUNPHARMA,0.5116,8674750,4438000
2026-08-14,SUPREMEIND,0.5199,938700,488075
2026-08-14,SUZLON,0.4078,294233600,120002300
2026-08-14,SWIGGY,0.4512,46869650,21146275
2026-08-14,TATACONSUM,0.6403,5580850,3573350
2026-08-14,TATAELXSI,0.5093,1408000,717125
2026-08-14,TATAPOWER,0.7104,30612400,21748550
2026-08-14,TATASTEEL,0.5719,108292250,61930000
2026-08-14,TCS,0.6421,16941600,10877400
2026-08-14,TECHM,0.4981,7496400,3733800
2026-08-14,TIINDIA,0.5594,1076200,602000
2026-08-14,TITAN,0.6365,5502000,3501925
2026-08-14,TMPV,0.6202,61300800,38017600
2026-08-14,TORNTPHARM,0.5803,1117000,648250
2026-08-14,TRENT,0.4001,8136450,3255075
2026-08-14,TVSMOTOR,0.8914,2787225,2484650
2026-08-14,ULTRACEMCO,0.4278,989450,423300
2026-08-14,UNIONBANK,0.8979,46935975,42143700
2026-08-14,UNITDSPR,0.7198,2482800,1787200
2026-08-14,UNOMINDA,0.6246,2445300,1527350
2026-08-14,UPL,0.4961,21796530,10814255
2026-08-14,VBL,0.3877,27731250,10750800
2026-08-14,VEDL,0.4851,40296000,19547700
2026-08-14,VMM,0.4514,16320250,7367150
2026-08-14,VOLTAS,0.7905,5606625,4432125
2026-08-14,WAAREEENER,0.5772,3465350,2000250
2026-08-14,WIPRO,0.6724,83160000,55920000
2026-08-14,YESBANK,0.5397,394441300,212879500
2026-08-14,ZYDUSLIFE,0.6319,7702200,4867200
2026-08-21,360ONE,0.716,2350500,1683000
2026-08-21,ABB,0.5029,1832500,921500
2026-08-21,ABCAPITAL,0.7472,21424100,16008400
2026-08-21,ADANIENSOL,0.4369,7015950,3065175
2026-08-21,ADANIENT,0.7571,4560222,3452766
2026-08-21,ADANIGREEN,0.5274,9542400,5032800
2026-08-21,ADANIPORTS,0.5404,12068325,6521750
2026-08-21,ADANIPOWER,0.5299,56256850,29812900
2026-08-21,ALKEM,0.4259,1061250,452000
2026-08-21,AMBER,0.6922,1527200,1057100
2026-08-21,AMBUJACEM,0.5723,17973600,10286400
2026-08-21,ANGELONE,0.6254,27367500,17115000
2026-08-21,APLAPOLLO,0.5638,2374400,1338750
2026-08-21,APOLLOHOSP,0.573,2168500,1242625
2026-08-21,ASHOKLEY,0.7493,98405000,73735000
2026-08-21,ASIANPAINT,0.5788,5885000,3406250
2026-08-21,ASTRAL,0.5654,3485425,1970725
2026-08-21,AUBANK,0.7897,7390000,5836000
2026-08-21,AUROPHARMA,0.5337,4418150,2357850
2026-08-21,AXISBANK,0.6174,25008125,15440625
2026-08-21,BAJAJ-AUTO,1.1333,1183725,1341525
2026-08-21,BAJAJFINSV,0.5198,8457600,4395900
2026-08-21,BAJAJHLDNG,0.8481,120975,102600
2026-08-21,BAJFINANCE,0.7455,22758750,16967250
2026-08-21,BANDHANBNK,0.555,43812000,24314400
2026-08-21,BANKBARODA,0.9036,48467250,43796025
2026-08-21,BANKINDIA,0.8349,30425200,25402000
2026-08-21,BDL,0.629,7822550,4920225
2026-08-21,BEL,0.7443,51174600,38087400
2026-08-21,BHARATFORG,0.5566,8257000,4595500
2026-08-21,BHARTIARTL,0.5411,18504100,10013475
2026-08-21,BHEL,0.5913,39309375,23241750
2026-08-21,BIOCON,0.7223,25202500,18205000
2026-08-21,BLUESTARCO,0.6622,2424825,1605825
2026-08-21,BOSCHLTD,0.8441,555725,469100
2026-08-21,BPCL,0.7823,11905300,9314100
2026-08-21,BRITANNIA,0.6119,1942375,1188500
2026-08-21,BSE,0.4931,17515400,8636600
2026-08-21,CAMS,0.4774,7937325,3789225
2026-08-21,CANBK,0.8574,80736750,69221250
2026-08-21,CDSL,0.7078,7335900,5192700
2026-08-21,CGPOWER,0.5808,9360200,5436600
2026-08-21,CHOLAFIN,0.741,3839375,2845000
2026-08-21,CIPLA,0.6428,5729425,3683050
2026-08-21,COALINDIA,0.7283,36784800,26792100
2026-08-21,COCHINSHIP,0.7724,2996800,2314800
2026-08-21,COFORGE,0.9678,8139125,7876925
2026-08-21,COLPAL,0.6771,3811775,2580875
2026-08-21,CONCOR,0.5142,9753750,5015000
2026-08-21,CROMPTON,0.5763,25533400,14714600
2026-08-21,CUMMINSIND,0.6363,1889600,1202400
2026-08-21,DABUR,0.5336,20780000,11087500
2026-08-21,DALBHARAT,0.7915,841750,666250
2026-08-21,DELHIVERY,0.6246,16508700,10310675
2026-08-21,DIVISLAB,0.9122,1492800,1361800
2026-08-21,DIXON,0.7818,1896900,1483000
2026-08-21,DLF,0.6997,12933300,9049700
2026-08-21,DMART,0.5574,2060400,1148550
2026-08-21,DRREDDY,0.6877,10348125,7116875
2026-08-21,EICHERMOT,0.7162,2147300,1537900
2026-08-21,ETERNAL,0.7193,76792475,55239075
2026-08-21,FEDERALBNK,0.8456,20452500,17295000
2026-08-21,FORCEMOT,0.4527,295825,133925
2026-08-21,FORTIS,0.9879,4243125,4191975
2026-08-21,GAIL,0.4099,62973450,25812050
2026-08-21,GLENMARK,0.685,2525250,1729875
2026-08-21,GMRAIRPORT,0.6733,69429150,46746450
2026-08-21,GODFRYPHLP,0.444,1764675,783475
2026-08-21,GODREJCP,0.7013,10296500,7220500
2026-08-21,GODREJPROP,0.6534,3272425,2138175
2026-08-21,GRASIM,0.5425,4879000,2646750
2026-08-21,GVT&D,0.4393,1608000,706375
2026-08-21,HAL,0.679,5212950,3539400
2026-08-21,HAVELLS,0.5484,3050500,1673000
2026-08-21,HCLTECH,0.7026,7166400,5034800
2026-08-21,HDFCAMC,0.8632,1730100,1493400
2026-08-21,HDFCBANK,0.5873,166619050,97853600
2026-08-21,HDFCLIFE,0.6817,21904300,14931400
2026-08-21,HEROMOTOCO,0.7653,2365200,1810200
2026-08-21,HINDALCO,0.6807,17668000,12026700
2026-08-21,HINDPETRO,0.7085,13405500,9497250
2026-08-21,HINDUNILVR,0.6067,11358900,6891000
2026-08-21,HINDZINC,0.6247,33371450,20845825
2026-08-21,HYUNDAI,0.7953,2234925,1777325
2026-08-21,ICICIBANK,0.6409,31332700,20080200
2026-08-21,ICICIGI,0.6543,2136875,1398150
2026-08-21,ICICIPRULI,0.8358,4992225,4172675
2026-08-21,IDEA,0.5597,1558155000,872137950
2026-08-21,IDFCFIRSTB,0.7669,135656150,104037675
2026-08-21,IEX,0.6056,29379900,17791500
2026-08-21,INDHOTEL,0.5843,6113000,3572000
2026-08-21,INDIANB,0.8664,5892000,5105000
2026-08-21,INDIGO,0.6169,3566250,2199900
2026-08-21,INDUSINDBK,0.5573,7078400,3944500
2026-08-21,INDUSTOWER,0.651,24660200,16054800
2026-08-21,INFY,0.7253,35813600,25976800
2026-08-21,INOXWIND,0.6139,56793600,34867200
2026-08-21,IOC,0.8348,44216250,36913500
2026-08-21,IREDA,0.7691,40177475,30901225
2026-08-21,IRFC,0.6359,82259275,52307850
2026-08-21,ITC,0.5479,144101325,78946350
2026-08-21,JINDALSTEL,0.7243,4710000,3411250
2026-08-21,JIOFIN,0.5381,138337450,74436250
2026-08-21,JSWENERGY,0.7351,8407575,6180175
2026-08-21,JSWSTEEL,0.7869,6039225,4752000
2026-08-21,JUBLFOOD,0.7038,14310000,10071250
2026-08-21,KALYANKJIL,0.6127,32270400,19772100
2026-08-21,KAYNES,0.7623,2004600,1528200
2026-08-21,KEI,0.72,1158325,834050
2026-08-21,KFINTECH,0.4133,7051225,2914100
2026-08-21,KOTAKBANK,0.7121,40246000,28658000
2026-08-21,KPITTECH,0.5114,11818750,6044225
2026-08-21,LAURUSLABS,0.7478,11429950,8547600
2026-08-21,LICHSGFIN,0.7574,14651000,11097000
2026-08-21,LICI,0.7313,27300000,19964000
2026-08-21,LODHA,0.7781,5518750,4294375
2026-08-21,LT,0.7293,6226325,4541075
2026-08-21,LTF,0.8554,25065000,21440250
2026-08-21,LTM,0.5151,1842600,949200
2026-08-21,LUPIN,0.4932,8270925,4079575
2026-08-21,M&M,0.685,6763800,4633400
2026-08-21,MANAPPURAM,0.5675,23124000,13122000
2026-08-21,MANKIND,0.6099,2013750,1228250
2026-08-21,MARICO,0.6755,7688400,5193600
2026-08-21,MARUTI,0.3962,2559850,1014300
2026-08-21,MAXHEALTH,0.6157,6059025,3730650
2026-08-21,MAZDOCK,0.5518,3603150,1988100
2026-08-21,MCX,0.9701,7548300,7322625
2026-08-21,MFSL,0.544,1913200,1040800
2026-08-21,MOTHERSON,1.0724,55134750,59126100
2026-08-21,MOTILALOFS,0.624,5025100,3135650
2026-08-21,MPHASIS,0.5823,1346400,784025
2026-08-21,MUTHOOTFIN,0.7626,5071000,3867325
2026-08-21,NAM-INDIA,1.0161,1710000,1737500
2026-08-21,NATIONALUM,0.683,37483125,25601250
2026-08-21,NAUKRI,0.6111,4651350,2842400
2026-08-21,NBCC,0.4408,45831500,20202000
2026-08-21,NESTLEIND,0.6469,5030000,3254000
2026-08-21,NHPC,0.7824,55391500,43340200
2026-08-21,NMDC,0.5992,73237500,43881750
2026-08-21,NTPC,0.4988,43359000,21625500
2026-08-21,NYKAA,0.452,17431250,7878125
2026-08-21,OBEROIRLTY,0.65,3001250,1950900
2026-08-21,OFSS,0.7552,1056100,797600
2026-08-21,OIL,0.6087,7337400,4466000
2026-08-21,ONGC,0.4732,57775500,27342000
2026-08-21,PAGEIND,0.339,390300,132300
2026-08-21,PATANJALI,0.5268,12850550,6769275
2026-08-21,PAYTM,0.817,20425425,16687325
2026-08-21,PERSISTENT,0.6314,1777500,1122375
2026-08-21,PETRONET,0.9731,10522200,10239100
2026-08-21,PFC,0.5889,43433000,25576200
2026-08-21,PGEL,0.6165,8030350,4950450
2026-08-21,PHOENIXLTD,0.508,1267000,643650
2026-08-21,PIDILITIND,0.8717,2287000,1993500
2026-08-21,PIIND,0.6141,2166325,1330350
2026-08-21,PNB,0.8914,76488000,68184000
2026-08-21,PNBHOUSING,0.5786,4153500,2403050
2026-08-21,POLICYBZR,0.6419,2744350,1761550
2026-08-21,POLYCAB,0.5442,1948375,1060250
2026-08-21,POWERGRID,0.6896,38676400,26672200
2026-08-21,POWERINDIA,0.7359,748325,550675
2026-08-21,PREMIERENE,0.4529,3939650,1784250
2026-08-21,PRESTIGE,0.9077,2277000,2066850
2026-08-21,RADICO,0.5486,697500,382650
2026-08-21,RBLBANK,0.7655,14770100,11306175
2026-08-21,RECLTD,0.6867,28732725,19730025
2026-08-21,RELIANCE,0.6083,71706500,43616500
2026-08-21,RVNL,0.6043,26514950,16023700
2026-08-21,SAIL,0.7517,24364800,18315900
2026-08-21,SBICARD,0.7609,10002400,7611200
2026-08-21,SBILIFE,0.5783,2907000,1681125
2026-08-21,SBIN,0.6075,75682500,45975000
2026-08-21,SHREECEM,0.5207,129525,67450
2026-08-21,SHRIRAMFIN,0.6147,11451825,7038900
2026-08-21,SIEMENS,0.5754,2118550,1219050
2026-08-21,SOLARINDS,0.8027,854400,685850
2026-08-21,SONACOMS,0.7538,8838375,6662775
2026-08-21,SRF,0.5798,2166600,1256200
2026-08-21,SUNPHARMA,0.5586,8462650,4727100
2026-08-21,SUPREMEIND,0.7801,884800,690200
2026-08-21,SUZLON,0.4204,280898600,118097300
2026-08-21,SWIGGY,0.5125,39326925,20153475
2026-08-21,TATACONSUM,0.6559,5632000,3693800
2026-08-21,TATAELXSI,0.595,1481625,881500
2026-08-21,TATAPOWER,0.7614,27387600,20852450
2026-08-21,TATASTEEL,0.67,100240250,67163250
2026-08-21,TCS,0.7192,17347275,12476925
2026-08-21,TECHM,0.5019,6351600,3187800
2026-08-21,TIINDIA,0.6191,1540000,953400
2026-08-21,TITAN,0.7123,4356800,3103275
2026-08-21,TMPV,0.6509,63907200,41596800
2026-08-21,TORNTPHARM,0.6993,864750,604750
2026-08-21,TRENT,0.473,6517800,3082725
2026-08-21,TVSMOTOR,0.8351,2514575,2100000
2026-08-21,ULTRACEMCO,0.4768,890500,424600
2026-08-21,UNIONBANK,0.8424,39475425,33253875
2026-08-21,UNITDSPR,0.657,2658800,1746800
2026-08-21,UNOMINDA,0.5122,2179650,1116500
2026-08-21,UPL,0.6283,16119080,10127270
2026-08-21,VBL,0.463,22609575,10467750
2026-08-21,VEDL,0.658,33948000,22338750
2026-08-21,VMM,0.476,18410600,8763950
2026-08-21,VOLTAS,0.6022,9162000,5517375
2026-08-21,WAAREEENER,0.5569,3151925,1755250
2026-08-21,WIPRO,0.7182,71169000,51111000
2026-08-21,YESBANK,0.5053,391082500,197609400
2026-08-21,ZYDUSLIFE,0.6751,5837400,3941100
2026-08-28,360ONE,0.59,1573000,928000
2026-08-28,ABB,0.9237,563375,520375
2026-08-28,ABCAPITAL,1.2218,9616200,11749000
2026-08-28,ADANIENSOL,0.5498,3457350,1900800
2026-08-28,ADANIENT,0.7202,4005258,2884515
2026-08-28,ADANIGREEN,0.7193,4730400,3402600
2026-08-28,ADANIPORTS,0.6783,6272850,4255050
2026-08-28,ADANIPOWER,0.6794,47861100,32518000
2026-08-28,ALKEM,0.6409,245375,157250
2026-08-28,AMBER,0.68,715600,486600
2026-08-28,AMBUJACEM,0.7365,11361600,8367600
2026-08-28,ANGELONE,0.6432,18190000,11700000
2026-08-28,APLAPOLLO,0.6207,1369200,849800
2026-08-28,APOLLOHOSP,0.8611,815250,702000
2026-08-28,ASHOKLEY,0.794,53605000,42560000
2026-08-28,ASIANPAINT,0.6894,3219750,2219750
2026-08-28,ASTRAL,0.5801,1736975,1007675
2026-08-28,ATHERENERG,0.6078,2606625,1584375
2026-08-28,AUBANK,0.7202,5851000,4214000
2026-08-28,AUROPHARMA,0.5401,2615250,1412400
2026-08-28,AXISBANK,0.8966,13461875,12069375
2026-08-28,BAJAJ-AUTO,0.9669,695475,672450
2026-08-28,BAJAJFINSV,0.7593,3336000,2532900
2026-08-28,BAJAJHLDNG,0.5455,38775,21150
2026-08-28,BAJFINANCE,0.8314,12618000,10491000
2026-08-28,BANDHANBNK,0.8016,21207600,16999200
2026-08-28,BANKBARODA,0.9219,38460825,35456850
2026-08-28,BANKINDIA,0.7617,29541200,22500400
2026-08-28,BDL,0.6341,5754075,3648625
2026-08-28,BEL,0.8306,31223175,25935000
2026-08-28,BHARATFORG,0.8343,2522000,2104000
2026-08-28,BHARTIARTL,0.6552,15400450,10090425
2026-08-28,BHEL,0.7145,23966250,17122875
2026-08-28,BIOCON,0.8222,14792500,12162500
2026-08-28,BLUESTARCO,0.6708,1274650,855075
2026-08-28,BOSCHLTD,0.7133,102475,73100
2026-08-28,BPCL,0.7138,8458925,6037575
2026-08-28,BRITANNIA,0.8717,738750,644000
2026-08-28,BSE,0.7244,8011600,5804000
2026-08-28,CAMS,0.681,3739725,2546775
2026-08-28,CANBK,0.8992,53244000,47877750
2026-08-28,CDSL,0.6994,6230575,4357650
2026-08-28,CGPOWER,0.7993,5038800,4027300
2026-08-28,CHOLAFIN,0.6595,2200625,1451250
2026-08-28,CIPLA,0.6744,4150125,2799050
2026-08-28,COALINDIA,0.6408,31893750,20437650
2026-08-28,COCHINSHIP,0.4916,2896000,1423600
2026-08-28,COFORGE,1.0059,5272025,5302900
2026-08-28,COLPAL,0.9453,2287725,2162600
2026-08-28,CONCOR,0.5677,5441250,3088750
2026-08-28,CROMPTON,0.616,19715500,12145350
2026-08-28,CUMMINSIND,1.0806,830800,897800
2026-08-28,DABUR,0.7591,12260000,9306250
2026-08-28,DELHIVERY,0.6812,11045225,7523950
2026-08-28,DIVISLAB,1.085,1429400,1550900
2026-08-28,DIXON,0.6394,1533000,980250
2026-08-28,DLF,0.6501,7665550,4983700
2026-08-28,DMART,0.6824,1634100,1115100
2026-08-28,DRREDDY,0.6845,6726875,4604375
2026-08-28,EICHERMOT,0.7133,1001100,714100
2026-08-28,ETERNAL,0.4815,45340225,21832275
2026-08-28,FEDERALBNK,0.7023,17772500,12482500
2026-08-28,FORCEMOT,0.435,100175,43575
2026-08-28,FORTIS,0.7458,1560850,1164050
2026-08-28,GAIL,0.6732,22116500,14888700
2026-08-28,GLENMARK,0.7535,1701000,1281750
2026-08-28,GMRAIRPORT,0.9768,42149925,41173425
2026-08-28,GODFRYPHLP,0.7267,345125,250800
2026-08-28,GODREJCP,0.7605,4864000,3699000
2026-08-28,GODREJPROP,0.5371,2168075,1164475
2026-08-28,GRASIM,0.4977,1725000,858500
2026-08-28,GVT&D,0.5561,890125,495000
2026-08-28,HAL,0.7107,2573550,1828950
2026-08-28,HAVELLS,0.7108,1972500,1402000
2026-08-28,HCLTECH,0.6856,5159200,3537200
2026-08-28,HDFCAMC,0.7597,1233600,937200
2026-08-28,HDFCBANK,0.6647,115516700,76787750
2026-08-28,HDFCLIFE,0.7752,15704700,12174800
2026-08-28,HEROMOTOCO,0.6012,1432500,861150
2026-08-28,HINDALCO,0.7837,10220000,8009400
2026-08-28,HINDPETRO,0.7943,9379800,7449975
2026-08-28,HINDUNILVR,0.7636,7454100,5692200
2026-08-28,HINDZINC,0.7622,23157400,17651025
2026-08-28,HYUNDAI,0.8296,915200,759275
2026-08-28,ICICIBANK,0.7766,17472000,13568100
2026-08-28,ICICIGI,0.6003,1370200,822575
2026-08-28,ICICIPRULI,0.9872,2667700,2633475
2026-08-28,IDEA,0.5096,1391761200,709174950
2026-08-28,IDFCFIRSTB,0.6007,112561400,67614750
2026-08-28,IEX,0.7197,17286900,12441000
2026-08-28,INDHOTEL,0.7832,4400000,3446000
2026-08-28,INDIANB,0.6485,3280000,2127000
2026-08-28,INDIGO,0.6199,2110800,1308450
2026-08-28,INDUSINDBK,0.7896,3683400,2908500
2026-08-28,INDUSTOWER,0.5565,13504800,7515700
2026-08-28,INFY,0.7001,19155200,13410000
2026-08-28,INOXWIND,0.5854,40518400,23718400
2026-08-28,IOC,0.7817,33949500,26539500
2026-08-28,IREDA,0.6732,45340500,30521125
2026-08-28,IRFC,0.827,43220975,35745325
2026-08-28,ITC,0.6648,84193800,55971075
2026-08-28,JINDALSTEL,0.901,3843125,3462500
2026-08-28,JIOFIN,0.6832,80689600,55131000
2026-08-28,JSWENERGY,0.779,3857100,3004625
2026-08-28,JSWSTEEL,0.7684,6320700,4856625
2026-08-28,JUBLFOOD,0.5827,6233750,3632500
2026-08-28,KALYANKJIL,0.5814,19570950,11379150
2026-08-28,KAYNES,0.6968,1171350,816150
2026-08-28,KEI,1.9151,438900,840525
2026-08-28,KFINTECH,0.5493,2994600,1645075
2026-08-28,KOTAKBANK,0.897,43530000,39046000
2026-08-28,KPITTECH,0.5132,6039575,3099225
2026-08-28,LAURUSLABS,0.8231,7213950,5938100
2026-08-28,LICHSGFIN,1.1203,8102000,9077000
2026-08-28,LICI,0.8504,16269400,13834800
2026-08-28,LODHA,1.0382,2633750,2734375
2026-08-28,LT,0.7025,4499950,3161375
2026-08-28,LTF,1.2406,12726000,15788250
2026-08-28,LTM,0.7677,807750,620100
2026-08-28,LUPIN,0.6665,3546200,2363425
2026-08-28,M&M,0.6347,4035200,2561000
2026-08-28,MAHABANK,0.4856,9477000,4602000
2026-08-28,MANAPPURAM,0.791,12990000,10275000
2026-08-28,MANKIND,1.1424,521250,595500
2026-08-28,MARICO,0.5996,4004400,2401200
2026-08-28,MARUTI,0.567,1463100,829650
2026-08-28,MAXHEALTH,0.8226,2562525,2107875
2026-08-28,MAZDOCK,0.5916,2383200,1409850
2026-08-28,MCX,0.9071,3986100,3615750
2026-08-28,MFSL,0.586,1034800,606400
2026-08-28,MOTHERSON,1.0563,27293700,28831200
2026-08-28,MOTILALOFS,0.6009,2293225,1377950
2026-08-28,MPHASIS,0.6364,724625,461175
2026-08-28,MUTHOOTFIN,0.6546,3167450,2073500
2026-08-28,NAM-INDIA,0.7955,965625,768125
2026-08-28,NATIONALUM,0.611,20566875,12566250
2026-08-28,NAUKRI,0.4238,2208800,936100
2026-08-28,NBCC,0.5586,26052000,14553500
2026-08-28,NESTLEIND,0.6505,1728000,1124000
2026-08-28,NHPC,1.0273,33075050,33978550
2026-08-28,NMDC,0.59,61715250,36409500
2026-08-28,NTPC,0.5093,32485500,16543500
2026-08-28,NYKAA,0.4462,6975000,3112500
2026-08-28,OBEROIRLTY,0.4491,1879850,844200
2026-08-28,OFSS,0.7761,698500,542100
2026-08-28,OIL,0.555,2966600,1646400
2026-08-28,ONGC,0.5525,39179250,21645000
2026-08-28,PAGEIND,0.5083,85980,43700
2026-08-28,PATANJALI,0.701,5537325,3881825
2026-08-28,PAYTM,0.6791,10068075,6836750
2026-08-28,PERSISTENT,0.7537,1226625,924500
2026-08-28,PETRONET,0.6632,6746900,4474500
2026-08-28,PFC,0.6855,28385500,19457100
2026-08-28,PGEL,0.6102,3665100,2236300
2026-08-28,PHOENIXLTD,0.839,469700,394100
2026-08-28,PIDILITIND,0.7273,720500,524000
2026-08-28,PIIND,0.6818,1176000,801850
2026-08-28,PNB,0.7024,53872000,37840000
2026-08-28,PNBHOUSING,0.5581,1788800,998400
2026-08-28,POLICYBZR,0.956,1351700,1292200
2026-08-28,POLYCAB,1.0729,903750,969625
2026-08-28,POWERGRID,0.7099,28270100,20067800
2026-08-28,POWERINDIA,0.637,230225,146650
2026-08-28,PREMIERENE,0.6746,4739800,3197350
2026-08-28,PRESTIGE,0.8865,1272150,1127700
2026-08-28,RADICO,0.7413,261450,193800
2026-08-28,RBLBANK,0.5851,8286750,4848225
2026-08-28,RECLTD,0.849,19347300,16425675
2026-08-28,RELIANCE,0.7416,59878000,44403500
2026-08-28,RVNL,0.7293,19292350,14069825
2026-08-28,SAGILITY,0.67,34548000,23148000
2026-08-28,SAIL,1.1141,16854200,18776500
2026-08-28,SBICARD,0.8006,4906400,3928000
2026-08-28,SBILIFE,0.5245,2729625,1431750
2026-08-28,SBIN,0.7263,38955000,28293000
2026-08-28,SHREECEM,0.4699,60600,28475
2026-08-28,SHRIRAMFIN,0.629,8664150,5449950
2026-08-28,SIEMENS,0.7193,1247400,897225
2026-08-28,SOLARINDS,0.5019,521500,261750
2026-08-28,SONACOMS,0.4737,6959225,3296475
2026-08-28,SRF,0.9812,935400,917800
2026-08-28,SUNPHARMA,0.7715,3968300,3061450
2026-08-28,SUPREMEIND,0.4483,530075,237650
2026-08-28,SUZLON,0.5099,133337300,67983100
2026-08-28,SWIGGY,0.641,18932550,12136250
2026-08-28,TATACONSUM,0.8907,3909950,3482600
2026-08-28,TATAELXSI,0.7038,678125,477250
2026-08-28,TATAPOWER,0.6881,38833900,26723500
2026-08-28,TATASTEEL,0.7017,89889250,63076750
2026-08-28,TCS,0.9606,9382950,9013275
2026-08-28,TECHM,0.9597,4059600,3895800
2026-08-28,TIINDIA,0.5893,585400,345000
2026-08-28,TITAN,0.795,2283400,1815275
2026-08-28,TMPV,0.8069,38326400,30924800
2026-08-28,TORNTPHARM,0.6762,424625,287125
2026-08-28,TRENT,0.5095,2914425,1485000
2026-08-28,TVSMOTOR,0.6212,2263450,1405950
2026-08-28,ULTRACEMCO,0.524,468000,245250
2026-08-28,UNIONBANK,0.6228,37280625,23217975
2026-08-28,UNITDSPR,0.612,1709200,1046000
2026-08-28,UNOMINDA,0.4492,968550,435050
2026-08-28,UPL,0.9211,6850880,6310235
2026-08-28,VBL,0.5766,30130800,17374425
2026-08-28,VEDL,0.6845,28231350,19324600
2026-08-28,VMM,0.5971,18323300,10941600
2026-08-28,VOLTAS,0.7275,4713375,3429000
2026-08-28,WAAREEENER,0.6709,1608250,1079050
2026-08-28,WIPRO,0.8031,50235000,40344000
2026-08-28,YESBANK,0.7226,245565600,177456600
2026-08-28,ZYDUSLIFE,0.6365,3399300,2163600
2026-09-04,360ONE,0.6738,2366500,1594500
2026-09-04,ABB,1.0909,682125,744125
2026-09-04,ABCAPITAL,1.1227,11721100,13159500
2026-09-04,ADANIENSOL,0.4201,9795600,4114800
2026-09-04,ADANIENT,0.5879,8373900,4922988
2026-09-04,ADANIGREEN,0.7555,5641200,4261800
2026-09-04,ADANIPORTS,0.8149,7314525,5960300
2026-09-04,ADANIPOWER,0.6068,67535200,40977650
2026-09-04,ALKEM,0.6644,363125,241250
2026-09-04,AMBER,0.6287,789400,496300
2026-09-04,AMBUJACEM,0.6882,13171200,9064800
2026-09-04,ANGELONE,0.6593,26600000,17537500
2026-09-04,APLAPOLLO,0.5528,2240700,1238650
2026-09-04,APOLLOHOSP,0.6805,1192125,811250
2026-09-04,ASHOKLEY,0.6538,87385000,57130000
2026-09-04,ASIANPAINT,0.6462,4441000,2869750
2026-09-04,ASTRAL,0.563,2479025,1395700
2026-09-04,ATHERENERG,0.4782,5268750,2519625
2026-09-04,AUBANK,0.6319,7738000,4890000
2026-09-04,AUROPHARMA,0.4967,5542900,2753300
2026-09-04,AXISBANK,0.8216,14233750,11694375
2026-09-04,BAJAJ-AUTO,0.7784,1383675,1077000
2026-09-04,BAJAJFINSV,0.5488,5425500,2977500
2026-09-04,BAJAJHLDNG,0.5806,60450,35100
2026-09-04,BAJFINANCE,0.7969,16287000,12979500
2026-09-04,BANDHANBNK,0.6897,28699200,19792800
2026-09-04,BANKBARODA,0.8945,42903900,38378925
2026-09-04,BANKINDIA,0.8248,34725600,28641600
2026-09-04,BDL,0.5731,7780475,4458675
2026-09-04,BEL,0.7451,39084900,29121300
2026-09-04,BHARATFORG,0.7085,3534000,2504000
2026-09-04,BHARTIARTL,0.627,19161975,12013700
2026-09-04,BHEL,0.6601,31229625,20614125
2026-09-04,BIOCON,0.577,24327500,14037500
2026-09-04,BLUESTARCO,0.7596,1473550,1119300
2026-09-04,BOSCHLTD,0.7774,145775,113325
2026-09-04,BPCL,0.9258,9691325,8972425
2026-09-04,BRITANNIA,0.7479,1141750,853875
2026-09-04,BSE,0.7335,10609400,7782000
2026-09-04,CAMS,0.6972,5291550,3689400
2026-09-04,CANBK,0.8254,69039000,56983500
2026-09-04,CDSL,0.6424,7391475,4748100
2026-09-04,CGPOWER,0.7936,5601500,4445500
2026-09-04,CHOLAFIN,0.8301,2354375,1954375
2026-09-04,CIPLA,0.5774,5479100,3163700
2026-09-04,COALINDIA,0.5995,44262450,26534250
2026-09-04,COCHINSHIP,0.5016,3112400,1561200
2026-09-04,COFORGE,0.7847,6170725,4842150
2026-09-04,COLPAL,0.8993,2580875,2321000
2026-09-04,CONCOR,0.594,7297500,4335000
2026-09-04,CROMPTON,0.6274,22714750,14250200
2026-09-04,CUMMINSIND,0.9483,1188200,1126800
2026-09-04,DABUR,0.6942,15502500,10761250
2026-09-04,DELHIVERY,0.6604,11597175,7658825
2026-09-04,DIVISLAB,0.8823,1561900,1378100
2026-09-04,DIXON,0.5737,1892950,1086050
2026-09-04,DLF,0.6567,9596900,6302300
2026-09-04,DMART,0.5604,2129100,1193250
2026-09-04,DRREDDY,0.6258,8053125,5040000
2026-09-04,EICHERMOT,0.9205,1867200,1718800
2026-09-04,ETERNAL,0.5154,59174850,30496800
2026-09-04,FEDERALBNK,0.5646,27010000,15250000
2026-09-04,FORCEMOT,0.4902,120625,59125
2026-09-04,FORTIS,0.881,1602700,1412050
2026-09-04,GAIL,0.7551,24296200,18346400
2026-09-04,GLENMARK,0.612,1819125,1113375
2026-09-04,GMRAIRPORT,0.8239,58778325,48427425
2026-09-04,GODFRYPHLP,0.5714,662200,378400
2026-09-04,GODREJCP,0.705,7747500,5462000
2026-09-04,GODREJPROP,0.6934,2509975,1740375
2026-09-04,GRASIM,0.5727,1822500,1043750
2026-09-04,GVT&D,0.5018,1170000,587125
2026-09-04,HAL,0.685,3128100,2142600
2026-09-04,HAVELLS,0.5986,4164000,2492500
2026-09-04,HCLTECH,0.6017,7299200,4391600
2026-09-04,HDFCAMC,0.8062,1766700,1424400
2026-09-04,HDFCBANK,0.5264,165413950,87066850
2026-09-04,HDFCLIFE,0.7308,18458000,13489300
2026-09-04,HEROMOTOCO,0.5176,3068550,1588350
2026-09-04,HINDALCO,0.684,12625900,8636600
2026-09-04,HINDPETRO,0.8979,11368350,10208025
2026-09-04,HINDUNILVR,0.5833,11480100,6696000
2026-09-04,HINDZINC,0.6601,25971225,17142650
2026-09-04,HYUNDAI,1.1334,1261425,1429725
2026-09-04,ICICIBANK,0.6884,22710100,15633800
2026-09-04,ICICIGI,0.6676,1956175,1305850
2026-09-04,ICICIPRULI,0.9075,3300400,2995150
2026-09-04,IDEA,0.5038,1682307075,847479075
2026-09-04,IDFCFIRSTB,0.7119,128922500,91776125
2026-09-04,IEX,0.6106,27826950,16991100
2026-09-04,INDHOTEL,0.7007,5467000,3831000
2026-09-04,INDIANB,0.6241,6899000,4306000
2026-09-04,INDIGO,0.6214,3210450,1994850
2026-09-04,INDUSINDBK,1.0658,4075400,4343500
2026-09-04,INDUSTOWER,0.6068,16855500,10227200
2026-09-04,INFY,0.6369,24164800,15390000
2026-09-04,INOXWIND,0.6385,42028800,26835200
2026-09-04,IOC,0.8483,35855625,30415125
2026-09-04,IREDA,0.651,48155050,31349200
2026-09-04,IRFC,0.8165,50843100,41512100
2026-09-04,ITC,0.5447,108135075,58900125
2026-09-04,JINDALSTEL,0.9792,3965625,3883125
2026-09-04,JIOFIN,0.5969,102215600,61015400
2026-09-04,JSWENERGY,0.7312,5559900,4065650
2026-09-04,JSWSTEEL,0.7896,7005150,5530950
2026-09-04,JUBLFOOD,0.5583,7068750,3946250
2026-09-04,KALYANKJIL,0.6134,28969650,17770050
2026-09-04,KAYNES,0.635,2652750,1684500
2026-09-04,KEI,0.5954,3044650,1812825
2026-09-04,KFINTECH,0.5708,3161350,1804350
2026-09-04,KOTAKBANK,0.8033,55286000,44412000
2026-09-04,KPITTECH,0.4699,7042425,3309250
2026-09-04,LAURUSLABS,0.5933,11415500,6772800
2026-09-04,LICHSGFIN,1.1341,7165000,8126000
2026-09-04,LICI,0.863,16823800,14519400
2026-09-04,LODHA,0.605,5047500,3053750
2026-09-04,LT,0.5164,6641425,3429475
2026-09-04,LTF,1.1828,15216750,17997750
2026-09-04,LTM,0.6733,898200,604800
2026-09-04,LUPIN,0.6243,4193475,2618000
2026-09-04,M&M,0.5207,7368000,3836800
2026-09-04,MAHABANK,0.4364,23517000,10263500
2026-09-04,MANAPPURAM,0.5871,19356000,11364000
2026-09-04,MANKIND,0.6634,964750,640000
2026-09-04,MARICO,0.5784,5132400,2968800
2026-09-04,MARUTI,0.4096,3780400,1548450
2026-09-04,MAXHEALTH,0.7302,2962050,2163000
2026-09-04,MAZDOCK,0.5216,3006450,1568025
2026-09-04,MCX,0.682,6405300,4368600
2026-09-04,MFSL,0.6784,1149200,779600
2026-09-04,MOTHERSON,1.0087,33216150,33505200
2026-09-04,MOTILALOFS,0.4608,2946550,1357800
2026-09-04,MPHASIS,0.647,835175,540375
2026-09-04,MUTHOOTFIN,0.5183,5432350,2815725
2026-09-04,NAM-INDIA,0.5769,1808125,1043125
2026-09-04,NATIONALUM,0.5826,27129375,15806250
2026-09-04,NAUKRI,0.4185,2719200,1137950
2026-09-04,NBCC,0.4694,34066500,15990000
2026-09-04,NESTLEIND,0.5981,2644000,1581500
2026-09-04,NHPC,1.0532,30816300,32456500
2026-09-04,NMDC,0.5249,75917250,39845250
2026-09-04,NTPC,0.4673,37293000,17425500
2026-09-04,NYKAA,0.5214,8900000,4640625
2026-09-04,OBEROIRLTY,0.5356,2680650,1435700
2026-09-04,OFSS,0.7534,782600,589600
2026-09-04,OIL,0.585,4092200,2394000
2026-09-04,ONGC,0.4402,46134000,20308500
2026-09-04,PAGEIND,0.504,90160,45440
2026-09-04,PATANJALI,0.6594,6271550,4135525
2026-09-04,PAYTM,0.7219,11310000,8164950
2026-09-04,PERSISTENT,0.7241,1538500,1114000
2026-09-04,PETRONET,0.6196,8126300,5035000
2026-09-04,PFC,0.6729,35601800,23957700
2026-09-04,PGEL,0.5886,5008400,2947850
2026-09-04,PHOENIXLTD,0.6018,828800,498750
2026-09-04,PIDILITIND,0.9169,903000,828000
2026-09-04,PIIND,0.7586,1300425,986475
2026-09-04,PNB,0.7452,61248000,45640000
2026-09-04,PNBHOUSING,0.5586,2157350,1205100
2026-09-04,POLICYBZR,1.0709,1421000,1521800
2026-09-04,POLYCAB,0.5355,3562250,1907625
2026-09-04,POWERGRID,0.5963,35414100,21118500
2026-09-04,POWERINDIA,0.5272,422550,222750
2026-09-04,PREMIERENE,0.6002,5213000,3129100
2026-09-04,PRESTIGE,0.8203,1830150,1501200
2026-09-04,RADICO,0.5882,410850,241650
2026-09-04,RBLBANK,0.8667,24003000,20802600
2026-09-04,RECLTD,0.7411,24247125,17970750
2026-09-04,RELIANCE,0.7229,66400500,48003500
2026-09-04,RVNL,0.6576,25092375,16501100
2026-09-04,SAGILITY,0.7144,47136000,33672000
2026-09-04,SAIL,1.1268,16276100,18339400
2026-09-04,SBICARD,0.7225,9013600,6512000
2026-09-04,SBILIFE,0.5172,3488250,1804125
2026-09-04,SBIN,0.6113,57342000,35052750
2026-09-04,SHREECEM,0.5746,67000,38500
2026-09-04,SHRIRAMFIN,0.5436,14558775,7914225
2026-09-04,SIEMENS,0.6383,1490475,951300
2026-09-04,SOLARINDS,0.7261,664150,482250
2026-09-04,SONACOMS,0.5577,7555800,4214000
2026-09-04,SRF,0.8274,1191000,985400
2026-09-04,SUNPHARMA,0.425,9487100,4032000
2026-09-04,SUPREMEIND,0.4323,751275,324800
2026-09-04,SUZLON,0.4329,177825400,76974700
2026-09-04,SWIGGY,0.7952,34302700,27278275
2026-09-04,TATACONSUM,0.7293,5415300,3949550
2026-09-04,TATAELXSI,0.5228,1192625,623500
2026-09-04,TATAPOWER,0.8315,35910700,29858400
2026-09-04,TATASTEEL,0.7519,100438250,75515000
2026-09-04,TCS,0.8302,10328175,8574300
2026-09-04,TECHM,0.7775,5298600,4119600
2026-09-04,TIINDIA,0.5054,900600,455200
2026-09-04,TITAN,0.7344,2933000,2154075
2026-09-04,TMPV,0.6918,48825600,33776000
2026-09-04,TORNTPHARM,0.6208,693250,430375
2026-09-04,TRENT,0.4705,3537000,1664100
2026-09-04,TVSMOTOR,0.5816,3162600,1839250
2026-09-04,ULTRACEMCO,0.5348,629000,336400
2026-09-04,UNIONBANK,0.6907,41745450,28833300
2026-09-04,UNITDSPR,0.6355,2205600,1401600
2026-09-04,UNOMINDA,0.5691,1760000,1001550
2026-09-04,UPL,0.9225,7521605,6938955
2026-09-04,VBL,0.5945,31528200,18743775
2026-09-04,VEDL,0.6087,35154350,21399200
2026-09-04,VMM,0.6459,25612850,16543350
2026-09-04,VOLTAS,0.6514,6013125,3916875
2026-09-04,WAAREEENER,0.5994,2045575,1226050
2026-09-04,WIPRO,0.7781,59772000,46506000
2026-09-04,YESBANK,0.7088,298435600,211542200
2026-09-04,ZYDUSLIFE,0.5212,4648500,2422800
2026-09-11,360ONE,0.648,2645000,1714000
2026-09-11,ABB,0.8979,875000,785625
2026-09-11,ABCAPITAL,0.9687,13165700,12753400
2026-09-11,ADANIENSOL,0.4663,9748350,4545450
2026-09-11,ADANIENT,0.6766,7890315,5338593
2026-09-11,ADANIGREEN,0.7287,5425200,3953400
2026-09-11,ADANIPORTS,0.8622,8936650,7704975
2026-09-11,ADANIPOWER,0.6551,62668150,41055750
2026-09-11,ALKEM,0.6742,430500,290250
2026-09-11,AMBER,0.6504,884600,575300
2026-09-11,AMBUJACEM,0.6076,15837600,9622800
2026-09-11,ANGELONE,0.6189,27022500,16725000
2026-09-11,APLAPOLLO,0.5304,2668400,1415400
2026-09-11,APOLLOHOSP,0.7655,1292375,989250
2026-09-11,ASHOKLEY,0.6235,93575000,58345000
2026-09-11,ASIANPAINT,0.5989,5035250,3015500
2026-09-11,ASTRAL,0.4156,3858575,1603525
2026-09-11,ATHERENERG,0.4725,5468625,2584125
2026-09-11,AUBANK,0.7172,8770000,6290000
2026-09-11,AUROPHARMA,0.421,6042850,2543750
2026-09-11,AXISBANK,0.6244,19086875,11918750
2026-09-11,BAJAJ-AUTO,0.7822,1569000,1227225
2026-09-11,BAJAJFINSV,0.4888,6483600,3169200
2026-09-11,BAJAJHLDNG,0.4877,73200,35700
2026-09-11,BAJFINANCE,0.7377,18930000,13964250
2026-09-11,BANDHANBNK,0.6797,31917600,21693600
2026-09-11,BANKBARODA,0.8513,50187150,42725475
2026-09-11,BANKINDIA,0.9752,32520800,31714800
2026-09-11,BDL,0.4698,11528550,5416200
2026-09-11,BEL,0.6436,49809450,32055375
2026-09-11,BHARATFORG,0.7261,3794000,2755000
2026-09-11,BHARTIARTL,0.5475,24367025,13340850
2026-09-11,BHEL,0.6687,34327125,22955625
2026-09-11,BIOCON,0.4711,35545000,16745000
2026-09-11,BLUESTARCO,0.8691,1726075,1500200
2026-09-11,BOSCHLTD,1.16,134025,155475
2026-09-11,BPCL,0.8332,12539275,10447750
2026-09-11,BRITANNIA,0.6009,1525250,916500
2026-09-11,BSE,0.7789,9668600,7531000
2026-09-11,CAMS,0.6715,6108300,4101900
2026-09-11,CANBK,0.6944,94830750,65846250
2026-09-11,CDSL,0.5706,9547975,5448250
2026-09-11,CGPOWER,0.8081,7568400,6115750
2026-09-11,CHOLAFIN,0.9566,2607500,2494375
2026-09-11,CIPLA,0.561,6203300,3480325
2026-09-11,COALINDIA,0.7629,42280650,32256900
2026-09-11,COCHINSHIP,0.4489,7236000,3248000
2026-09-11,COFORGE,0.7976,9810175,7824675
2026-09-11,COLPAL,0.7868,3138025,2468950
2026-09-11,CONCOR,0.5997,8128750,4875000
2026-09-11,CROMPTON,0.6171,22656700,13981450
2026-09-11,CUMMINSIND,0.9039,1213800,1097200
2026-09-11,DABUR,0.5922,19198750,11368750
2026-09-11,DELHIVERY,0.6467,11827500,7648450
2026-09-11,DIVISLAB,0.7418,2366200,1755200
2026-09-11,DIXON,0.4249,2909950,1236550
2026-09-11,DLF,0.4939,14161650,6993900
2026-09-11,DMART,0.5591,2523900,1411050
2026-09-11,DRREDDY,0.6126,9872500,6048125
2026-09-11,EICHERMOT,0.8827,1837600,1622000
2026-09-11,ETERNAL,0.5241,62128500,32562900
2026-09-11,FEDERALBNK,0.6145,27637500,16982500
2026-09-11,FORCEMOT,0.4273,184000,78625
2026-09-11,FORTIS,0.935,1788700,1672450
2026-09-11,GAIL,0.6861,27654500,18974750
2026-09-11,GLENMARK,0.5037,2180625,1098375
2026-09-11,GMRAIRPORT,0.8296,58855050,48825000
2026-09-11,GODFRYPHLP,0.4402,979000,430925
2026-09-11,GODREJCP,0.6469,8219500,5317000
2026-09-11,GODREJPROP,0.5471,5396300,2952300
2026-09-11,GRASIM,0.9541,2215000,2113250
2026-09-11,GVT&D,0.7247,1797125,1302375
2026-09-11,HAL,0.5769,4136550,2386350
2026-09-11,HAVELLS,0.5898,5003500,2951000
2026-09-11,HCLTECH,0.5603,11498000,6442800
2026-09-11,HDFCAMC,0.7674,2080800,1596900
2026-09-11,HDFCBANK,0.5331,192584600,102659700
2026-09-11,HDFCLIFE,0.6129,26950000,16517600
2026-09-11,HEROMOTOCO,0.494,3261900,1611300
2026-09-11,HINDALCO,0.6794,14207900,9653000
2026-09-11,HINDPETRO,0.8587,13217175,11350125
2026-09-11,HINDUNILVR,0.5707,11919000,6801600
2026-09-11,HINDZINC,0.5872,28783825,16901325
2026-09-11,HYUNDAI,1.1052,1356575,1499300
2026-09-11,ICICIBANK,0.6375,34294400,21861700
2026-09-11,ICICIGI,0.5999,2680275,1607775
2026-09-11,ICICIPRULI,0.7207,6245600,4501050
2026-09-11,IDEA,0.451,2353671750,1061403750
2026-09-11,IDFCFIRSTB,0.7096,136472350,96840275
2026-09-11,IEX,0.5786,36561750,21154050
2026-09-11,INDHOTEL,0.6167,5782000,3566000
2026-09-11,INDIANB,0.6968,8414000,5863000
2026-09-11,INDIGO,0.6819,3848100,2624100
2026-09-11,INDUSINDBK,0.8661,5912900,5121200
2026-09-11,INDUSTOWER,0.6769,20168800,13652700
2026-09-11,INFY,0.5265,44337200,23343600
2026-09-11,INOXWIND,0.6215,38368000,23846400
2026-09-11,IOC,0.8351,41140125,34354125
2026-09-11,IREDA,0.6366,49802150,31702150
2026-09-11,IRFC,0.6771,65582825,44409050
2026-09-11,ITC,0.554,113532600,62902125
2026-09-11,JINDALSTEL,1.0142,3918125,3973750
2026-09-11,JIOFIN,0.6047,118186200,71472900
2026-09-11,JSWENERGY,0.5296,6940200,3675425
2026-09-11,JSWSTEEL,0.7174,8100675,5811750
2026-09-11,JUBLFOOD,0.5259,7867500,4137500
2026-09-11,KALYANKJIL,0.6941,27369900,18998550
2026-09-11,KAYNES,0.6895,2298900,1585050
2026-09-11,KEI,0.5637,4293975,2420600
2026-09-11,KFINTECH,0.4907,3715650,1823325
2026-09-11,KOTAKBANK,0.6154,66334000,40822000
2026-09-11,KPITTECH,0.455,7996450,3638625
2026-09-11,LAURUSLABS,0.6719,12408300,8336800
2026-09-11,LICHSGFIN,0.9682,8166000,7906000
2026-09-11,LICI,0.7166,20556200,14730800
2026-09-11,LODHA,1.0964,6067500,6652500
2026-09-11,LT,0.5133,7245700,3718925
2026-09-11,LTF,0.9769,18132750,17714250
2026-09-11,LTM,0.5902,1462350,863100
2026-09-11,LUPIN,0.6808,4253400,2895525
2026-09-11,M&M,0.5018,7857000,3942400
2026-09-11,MAHABANK,0.5024,30608500,15379000
2026-09-11,MANAPPURAM,0.5692,22200000,12636000
2026-09-11,MANKIND,0.7852,1217250,955750
2026-09-11,MARICO,0.6202,6212400,3853200
2026-09-11,MARUTI,0.4163,3872200,1612100
2026-09-11,MAXHEALTH,0.6908,3563700,2461725
2026-09-11,MAZDOCK,0.5379,3957300,2128500
2026-09-11,MCX,0.755,6586200,4972725
2026-09-11,MFSL,0.5236,1466800,768000
2026-09-11,MOTHERSON,0.966,35473200,34267800
2026-09-11,MOTILALOFS,0.4477,3389075,1517450
2026-09-11,MPHASIS,0.6207,1203675,747175
2026-09-11,MUTHOOTFIN,0.4643,6931375,3218050
2026-09-11,NAM-INDIA,0.6668,1834375,1223125
2026-09-11,NATIONALUM,0.6544,29651250,19404375
2026-09-11,NAUKRI,0.4314,3501300,1510300
2026-09-11,NBCC,0.3782,40917500,15476500
2026-09-11,NESTLEIND,0.5736,3205000,1838500
2026-09-11,NHPC,0.9582,38113800,36522250
2026-09-11,NMDC,0.5236,82896750,43402500
2026-09-11,NTPC,0.4437,38560500,17110500
2026-09-11,NYKAA,0.6245,8937500,5581250
2026-09-11,OBEROIRLTY,0.3727,3312050,1234450
2026-09-11,OFSS,0.6333,1048000,663700
2026-09-11,OIL,0.4733,9478000,4485600
2026-09-11,ONGC,0.2839,75804750,21519000
2026-09-11,PAGEIND,0.406,106760,43340
2026-09-11,PATANJALI,0.6053,6345725,3840975
2026-09-11,PAYTM,0.7765,16122550,12519300
2026-09-11,PERSISTENT,0.6768,1856250,1256250
2026-09-11,PETRONET,0.513,9418300,4831700
2026-09-11,PFC,0.6564,35603100,23368800
2026-09-11,PGEL,0.5258,6571150,3455150
2026-09-11,PHOENIXLTD,0.4611,1326850,611800
2026-09-11,PIDILITIND,0.6955,1356500,943500
2026-09-11,PIIND,0.6979,2292325,1599850
2026-09-11,PNB,0.778,71528000,55648000
2026-09-11,PNBHOUSING,0.4773,2682550,1280500
2026-09-11,POLICYBZR,1.1099,1528450,1696450
2026-09-11,POLYCAB,0.5952,3403125,2025500
2026-09-11,POWERGRID,0.5672,37390100,21207800
2026-09-11,POWERINDIA,0.3793,623250,236400
2026-09-11,PREMIERENE,0.6949,4844450,3366350
2026-09-11,PRESTIGE,0.983,2250450,2212200
2026-09-11,RADICO,0.5456,535800,292350
2026-09-11,RBLBANK,0.7269,25457150,18503900
2026-09-11,RECLTD,0.7075,24637725,17430525
2026-09-11,RELIANCE,0.5392,98509000,53115000
2026-09-11,RVNL,0.4616,38053400,17563700
2026-09-11,SAGILITY,0.6915,48348000,33432000
2026-09-11,SAIL,1.0963,16050500,17596800
2026-09-11,SBICARD,0.7071,9063200,6408800
2026-09-11,SBILIFE,0.4415,4390875,1938375
2026-09-11,SBIN,0.555,71829000,39867000
2026-09-11,SHREECEM,0.4937,96825,47800
2026-09-11,SHRIRAMFIN,0.6208,14799675,9187200
2026-09-11,SIEMENS,0.6056,1713075,1037400
2026-09-11,SOLARINDS,0.8557,806050,689700
2026-09-11,SONACOMS,0.5826,7832650,4563125
2026-09-11,SRF,0.7489,1272800,953200
2026-09-11,SUNPHARMA,0.4092,10149300,4153100
2026-09-11,SUPREMEIND,0.5151,746025,384300
2026-09-11,SUZLON,0.3503,228384100,80010000
2026-09-11,SWIGGY,0.7841,38149800,29911750
2026-09-11,TATACONSUM,0.7765,5787650,4494050
2026-09-11,TATAELXSI,0.4825,1636750,789750
2026-09-11,TATAPOWER,0.8306,35119000,29171100
2026-09-11,TATASTEEL,0.5951,128603750,76538000
2026-09-11,TCS,0.7037,13427775,9448650
2026-09-11,TECHM,0.6581,7702800,5069400
2026-09-11,TIINDIA,0.4573,1046600,478600
2026-09-11,TITAN,0.6726,3168725,2131325
2026-09-11,TMPV,0.631,58107200,36667200
2026-09-11,TORNTPHARM,0.5377,612125,329125
2026-09-11,TRENT,0.4375,4816575,2107125
2026-09-11,TVSMOTOR,0.5637,3271100,1843975
2026-09-11,ULTRACEMCO,0.5067,831100,421100
2026-09-11,UNIONBANK,0.7343,52161900,38302800
2026-09-11,UNITDSPR,0.6237,2578000,1608000
2026-09-11,UNOMINDA,0.6155,1879350,1156650
2026-09-11,UPL,0.8238,8211300,6764160
2026-09-11,VBL,0.5615,33320850,18708075
2026-09-11,VEDL,0.6396,38308800,24504200
2026-09-11,VMM,0.5642,33217650,18740400
2026-09-11,VOLTAS,0.6929,6101250,4227375
2026-09-11,WAAREEENER,0.4679,2551325,1193675
2026-09-11,WIPRO,0.6646,96468000,64110000
2026-09-11,YESBANK,0.5753,455241800,261893100
2026-09-11,ZYDUSLIFE,0.5,5779800,2889900
2026-09-18,360ONE,0.7775,2467000,1918000
2026-09-18,ABB,0.8213,1275750,1047750
2026-09-18,ABCAPITAL,1.0364,14216600,14734300
2026-09-18,ADANIENSOL,0.5043,8520525,4297050
2026-09-18,ADANIENT,0.6007,8948331,5375055
2026-09-18,ADANIGREEN,0.6884,5638200,3881400
2026-09-18,ADANIPORTS,0.8656,8585625,7431375
2026-09-18,ADANIPOWER,0.6165,64166250,39557650
2026-09-18,ALKEM,0.8653,370375,320500
2026-09-18,AMBER,0.6348,934800,593400
2026-09-18,AMBUJACEM,0.6136,17445600,10704000
2026-09-18,ANGELONE,0.4976,27050000,13460000
2026-09-18,APLAPOLLO,0.6162,2725100,1679300
2026-09-18,APOLLOHOSP,0.7844,1208375,947875
2026-09-18,ASHOKLEY,0.6697,103505000,69315000
2026-09-18,ASIANPAINT,0.5884,5355750,3151250
2026-09-18,ASTRAL,0.7192,4045575,2909550
2026-09-18,ATHERENERG,0.4167,6469875,2696250
2026-09-18,AUBANK,0.6417,10715000,6876000
2026-09-18,AUROPHARMA,0.4013,6581850,2641100
2026-09-18,AXISBANK,0.6117,19495625,11925625
2026-09-18,BAJAJ-AUTO,0.679,1864800,1266150
2026-09-18,BAJAJFINSV,0.529,6802800,3598800
2026-09-18,BAJAJHLDNG,0.5536,90225,49950
2026-09-18,BAJFINANCE,0.6398,23604750,15102750
2026-09-18,BANDHANBNK,0.6646,30571200,20318400
2026-09-18,BANKBARODA,0.8057,56253600,45325800
2026-09-18,BANKINDIA,0.8477,37289200,31610800
2026-09-18,BDL,0.4926,12047900,5935125
2026-09-18,BEL,0.6071,59215875,35951325
2026-09-18,BHARATFORG,0.8208,4391500,3604500
2026-09-18,BHARTIARTL,0.5755,24938925,14353075
2026-09-18,BHEL,0.7705,36516375,28137375
2026-09-18,BIOCON,0.5216,36080000,18820000
2026-09-18,BLUESTARCO,0.848,1753050,1486550
2026-09-18,BOSCHLTD,0.9786,173975,170250
2026-09-18,BPCL,0.8882,12343750,10963225
2026-09-18,BRITANNIA,0.5899,1573875,928375
2026-09-18,BSE,0.6254,12512600,7824800
2026-09-18,CAMS,0.6794,6332700,4302375
2026-09-18,CANBK,0.6929,100548000,69673500
2026-09-18,CDSL,0.5764,9997325,5762700
2026-09-18,CGPOWER,0.7552,7926250,5985700
2026-09-18,CHOLAFIN,0.6427,3935625,2529375
2026-09-18,CIPLA,0.5853,6154850,3602725
2026-09-18,COALINDIA,0.6182,44911800,27765450
2026-09-18,COCHINSHIP,0.4504,7432000,3347600
2026-09-18,COFORGE,0.6797,12430750,8449775
2026-09-18,COLPAL,0.8463,2906475,2459875
2026-09-18,CONCOR,0.5855,8733750,5113750
2026-09-18,CROMPTON,0.606,23400600,14181400
2026-09-18,CUMMINSIND,1.005,1115200,1120800
2026-09-18,DABUR,0.7137,15790000,11268750
2026-09-18,DELHIVERY,0.5509,15525150,8553150
2026-09-18,DIVISLAB,0.7643,2246100,1716600
2026-09-18,DIXON,0.4526,3223250,1459000
2026-09-18,DLF,0.5788,15010000,8687750
2026-09-18,DMART,0.6029,2436300,1468950
2026-09-18,DRREDDY,0.5726,11712500,6706250
2026-09-18,EICHERMOT,0.9801,1712100,1678000
2026-09-18,ETERNAL,0.6166,66442575,40970375
2026-09-18,FEDERALBNK,0.6966,35887500,24997500
2026-09-18,FORCEMOT,0.4697,178100,83650
2026-09-18,FORTIS,0.8,2193250,1754600
2026-09-18,GAIL,0.6514,27345650,17813900
2026-09-18,GLENMARK,0.4633,2214750,1026000
2026-09-18,GMRAIRPORT,0.9322,55130400,51391800
2026-09-18,GODFRYPHLP,0.4937,1006500,496925
2026-09-18,GODREJCP,0.668,7622500,5091500
2026-09-18,GODREJPROP,0.5238,6474325,3391050
2026-09-18,GRASIM,0.5437,2239750,1217750
2026-09-18,GVT&D,0.6901,2044000,1410625
2026-09-18,HAL,0.6293,4889250,3076950
2026-09-18,HAVELLS,0.5764,5479500,3158500
2026-09-18,HCLTECH,0.6591,11258400,7420000
2026-09-18,HDFCAMC,0.7093,2228100,1580400
2026-09-18,HDFCBANK,0.6256,169453050,106011100
2026-09-18,HDFCLIFE,0.8061,23760000,19153200
2026-09-18,HEROMOTOCO,0.471,3151500,1484250
2026-09-18,HINDALCO,0.6766,15534400,10510500
2026-09-18,HINDPETRO,0.9039,14035275,12686625
2026-09-18,HINDUNILVR,0.556,11665500,6486600
2026-09-18,HINDZINC,0.5575,30700950,17116925
2026-09-18,HYUNDAI,1.1043,1389850,1534775
2026-09-18,ICICIBANK,0.512,46393900,23755200
2026-09-18,ICICIGI,0.6421,2605200,1672775
2026-09-18,ICICIPRULI,0.8964,5891325,5280825
2026-09-18,IDEA,0.4516,2529071400,1142099025
2026-09-18,IDFCFIRSTB,0.7332,138485025,101533425
2026-09-18,IEX,0.5891,35652600,21001800
2026-09-18,INDHOTEL,0.6553,6283000,4117000
2026-09-18,INDIANB,0.7352,7845000,5768000
2026-09-18,INDIGO,0.618,4333200,2677800
2026-09-18,INDUSINDBK,0.904,6866300,6206900
2026-09-18,INDUSTOWER,0.5383,20706000,11146900
2026-09-18,INFY,0.5843,41018000,23968800
2026-09-18,INOXWIND,0.6251,37286400,23308800
2026-09-18,IOC,0.806,46585500,37547250
2026-09-18,IREDA,0.6037,53490025,32290400
2026-09-18,IRFC,0.711,69966225,49747250
2026-09-18,ITC,0.6132,113544675,69629625
2026-09-18,JINDALSTEL,1.0145,4273750,4335625
2026-09-18,JIOFIN,0.6077,117330800,71301350
2026-09-18,JSWENERGY,0.56,6887525,3857100
2026-09-18,JSWSTEEL,0.7053,8782425,6194475
2026-09-18,JUBLFOOD,0.6044,8402500,5078750
2026-09-18,KALYANKJIL,0.6362,28084050,17867250
2026-09-18,KAYNES,0.5401,2918550,1576200
2026-09-18,KEI,0.563,4051075,2280600
2026-09-18,KFINTECH,0.4618,3911150,1806075
2026-09-18,KOTAKBANK,0.5984,66980000,40080000
2026-09-18,KPITTECH,0.6274,8974500,5630375
2026-09-18,LAURUSLABS,0.646,14529050,9385700
2026-09-18,LICHSGFIN,0.7933,9288000,7368000
2026-09-18,LICI,0.614,24987200,15342600
2026-09-18,LODHA,0.8916,6806250,6068750
2026-09-18,LT,0.5529,7458325,4124050
2026-09-18,LTF,0.8721,22745250,19836000
2026-09-18,LTM,0.5895,1609800,948900
2026-09-18,LUPIN,0.6488,4571300,2966075
2026-09-18,M&M,0.4734,8598200,4070600
2026-09-18,MAHABANK,0.4225,37615500,15892500
2026-09-18,MANAPPURAM,0.606,20421000,12375000
2026-09-18,MANKIND,1.0517,1136500,1195250
2026-09-18,MARICO,0.6777,7173600,4861200
2026-09-18,MARUTI,0.4102,4359950,1788650
2026-09-18,MAXHEALTH,0.8373,3450300,2889075
2026-09-18,MAZDOCK,0.4576,5492475,2513250
2026-09-18,MCX,0.6393,7376625,4716000
2026-09-18,MFSL,0.9807,1786400,1752000
2026-09-18,MOTHERSON,0.869,38646600,33585150
2026-09-18,MOTILALOFS,0.3725,3934675,1465525
2026-09-18,MPHASIS,0.6544,1393150,911625
2026-09-18,MUTHOOTFIN,0.5203,6781500,3528250
2026-09-18,NAM-INDIA,0.6086,2010625,1223750
2026-09-18,NATIONALUM,0.5999,35439375,21258750
2026-09-18,NAUKRI,0.5579,3265900,1822150
2026-09-18,NBCC,0.4374,39487500,17270500
2026-09-18,NESTLEIND,0.8699,5393000,4691500
2026-09-18,NHPC,0.5586,45126350,25207650
2026-09-18,NMDC,0.5102,95850000,48903750
2026-09-18,NTPC,0.4167,39210000,16338000
2026-09-18,NYKAA,0.5351,10446875,5590625
2026-09-18,OBEROIRLTY,0.4105,3778600,1551200
2026-09-18,OFSS,0.7105,1033100,734000
2026-09-18,OIL,0.5665,9097200,5153400
2026-09-18,ONGC,0.3149,70663500,22254750
2026-09-18,PAGEIND,0.5031,96840,48720
2026-09-18,PATANJALI,0.6242,10073825,6287675
2026-09-18,PAYTM,0.6054,18522300,11213575
2026-09-18,PERSISTENT,0.6582,1988125,1308625
2026-09-18,PETRONET,0.4451,9788800,4356700
2026-09-18,PFC,0.6931,33289100,23071100
2026-09-18,PGEL,0.5622,6460000,3631850
2026-09-18,PHOENIXLTD,0.6007,1006250,604450
2026-09-18,PIDILITIND,0.775,1582500,1226500
2026-09-18,PIIND,0.6728,2050300,1379350
2026-09-18,PNB,0.7054,83016000,58560000
2026-09-18,PNBHOUSING,0.5856,3226600,1889550
2026-09-18,POLICYBZR,0.9103,3479350,3167150
2026-09-18,POLYCAB,0.6595,2948375,1944500
2026-09-18,POWERGRID,0.6157,35826400,22057100
2026-09-18,POWERINDIA,0.5112,601575,307550
2026-09-18,PREMIERENE,0.6428,7476300,4806100
2026-09-18,PRESTIGE,0.8684,2718000,2360250
2026-09-18,RADICO,0.4161,709800,295350
2026-09-18,RBLBANK,0.6247,25238075,15767050
2026-09-18,RECLTD,0.7016,24544800,17219475
2026-09-18,RELIANCE,0.5337,112863500,60230000
2026-09-18,RVNL,0.5145,35895475,18468450
2026-09-18,SAGILITY,0.7358,48780000,35892000
2026-09-18,SAIL,1.078,15792000,17023400
2026-09-18,SBICARD,0.6745,10121600,6827200
2026-09-18,SBILIFE,0.6639,3881625,2577000
2026-09-18,SBIN,0.5621,75649500,42524250
2026-09-18,SHREECEM,0.3793,205400,77900
2026-09-18,SHRIRAMFIN,0.6124,16227750,9937950
2026-09-18,SIEMENS,0.6142,1834000,1126475
2026-09-18,SOLARINDS,0.4044,2551950,1032050
2026-09-18,SONACOMS,0.636,8451275,5375300
2026-09-18,SRF,0.6955,1611000,1120400
2026-09-18,SUNPHARMA,0.4149,10150350,4211200
2026-09-18,SUPREMEIND,0.6617,1005725,665525
2026-09-18,SUZLON,0.358,249262900,89242900
2026-09-18,SWIGGY,0.7814,38690000,30232950
2026-09-18,TATACONSUM,0.7773,6300800,4897750
2026-09-18,TATAELXSI,0.4924,1976125,973125
2026-09-18,TATAPOWER,0.8767,32101550,28143050
2026-09-18,TATASTEEL,0.6798,123904000,84232500
2026-09-18,TCS,0.4959,27176400,13477725
2026-09-18,TECHM,0.5251,9927600,5213400
2026-09-18,TIINDIA,0.5193,1152000,598200
2026-09-18,TITAN,0.5795,3800475,2202550
2026-09-18,TMPV,0.5546,75697600,41980800
2026-09-18,TORNTPHARM,0.5544,627000,347625
2026-09-18,TRENT,0.4506,4804650,2164950
2026-09-18,TVSMOTOR,0.5793,3039050,1760500
2026-09-18,ULTRACEMCO,0.5773,816350,471250
2026-09-18,UNIONBANK,0.8141,54542550,44400450
2026-09-18,UNITDSPR,0.7062,2416800,1706800
2026-09-18,UNOMINDA,0.7317,2167000,1585650
2026-09-18,UPL,0.791,9348145,7394235
2026-09-18,VBL,0.5985,28836675,17259675
2026-09-18,VEDL,0.5126,48777250,25001000
2026-09-18,VMM,0.514,37762100,19409700
2026-09-18,VOLTAS,0.6608,6525375,4312125
2026-09-18,WAAREEENER,0.3898,3273025,1275925
2026-09-18,WIPRO,0.6568,103914000,68250000
2026-09-18,YESBANK,0.5704,532991800,304033600
2026-09-18,ZYDUSLIFE,0.5468,5729400,3132900
2026-09-25,360ONE,0.6158,3796500,2338000
2026-09-25,ABB,0.7465,1249500,932750
2026-09-25,ABCAPITAL,0.7225,18429500,13314500
2026-09-25,ADANIENSOL,0.5214,7458075,3888675
2026-09-25,ADANIENT,0.5929,9037014,5358060
2026-09-25,ADANIGREEN,0.7025,5459400,3835200
2026-09-25,ADANIPORTS,0.8633,9354650,8075950
2026-09-25,ADANIPOWER,0.5961,65316450,38936400
2026-09-25,ALKEM,0.6821,441125,300875
2026-09-25,AMBER,0.625,931200,582000
2026-09-25,AMBUJACEM,0.6246,18088800,11298000
2026-09-25,ANGELONE,0.4814,25310000,12185000
2026-09-25,APLAPOLLO,0.5718,2786700,1593550
2026-09-25,APOLLOHOSP,0.8055,1331000,1072125
2026-09-25,ASHOKLEY,0.7237,93450000,67630000
2026-09-25,ASIANPAINT,0.5893,5408000,3187000
2026-09-25,ASTRAL,0.5889,3493075,2057000
2026-09-25,ATHERENERG,0.3328,8585250,2857500
2026-09-25,AUBANK,0.694,10550000,7322000
2026-09-25,AUROPHARMA,0.3708,6628050,2457950
2026-09-25,AXISBANK,0.6275,28421875,17835000
2026-09-25,BAJAJ-AUTO,0.7352,1753200,1288875
2026-09-25,BAJAJFINSV,0.5235,8397600,4396500
2026-09-25,BAJAJHLDNG,0.8055,68250,54975
2026-09-25,BAJFINANCE,0.5548,34884750,19355250
2026-09-25,BANDHANBNK,0.6284,48344400,30380400
2026-09-25,BANKBARODA,0.9277,47771100,44319600
2026-09-25,BANKINDIA,0.9049,36046400,32619600
2026-09-25,BDL,0.6078,9833650,5977200
2026-09-25,BEL,0.6925,51925575,35957025
2026-09-25,BHARATFORG,0.8646,4240000,3666000
2026-09-25,BHARTIARTL,0.5703,26799025,15283125
2026-09-25,BHEL,0.6131,39871125,24444000
2026-09-25,BIOCON,0.6116,28242500,17272500
2026-09-25,BLUESTARCO,0.7232,1994850,1442675
2026-09-25,BOSCHLTD,0.7834,161350,126400
2026-09-25,BPCL,0.8309,13305575,11056050
2026-09-25,BRITANNIA,0.6203,1551875,962625
2026-09-25,BSE,0.5749,15575800,8955000
2026-09-25,CAMS,0.6957,5836875,4060650
2026-09-25,CANBK,0.9224,76484250,70551000
2026-09-25,CDSL,0.5486,10634775,5833950
2026-09-25,CGPOWER,0.6377,7208000,4596800
2026-09-25,CHOLAFIN,0.6719,5481875,3683125
2026-09-25,CIPLA,0.5342,7143825,3816500
2026-09-25,COALINDIA,0.7126,48726900,34723350
2026-09-25,COCHINSHIP,0.4713,6475200,3051600
2026-09-25,COFORGE,0.7429,9975475,7410950
2026-09-25,COLPAL,0.7513,2680150,2013550
2026-09-25,CONCOR,0.5553,13426250,7455000
2026-09-25,CROMPTON,0.6039,24471300,14779100
2026-09-25,CUMMINSIND,0.7218,1173200,846800
2026-09-25,DABUR,0.6807,15235000,10370000
2026-09-25,DELHIVERY,0.6125,14726275,9020025
2026-09-25,DIVISLAB,0.8497,2446300,2078600
2026-09-25,DIXON,0.5458,2731900,1491000
2026-09-25,DLF,0.7464,12631200,9427800
2026-09-25,DMART,0.6843,1984950,1358250
2026-09-25,DRREDDY,0.6393,11181875,7148125
2026-09-25,EICHERMOT,0.9445,1650000,1558400
2026-09-25,ETERNAL,0.7992,67400450,53868950
2026-09-25,FEDERALBNK,0.8236,38175000,31442500
2026-09-25,FORCEMOT,0.4695,171150,80350
2026-09-25,FORTIS,0.8618,3627000,3125575
2026-09-25,GAIL,0.714,26759900,19106100
2026-09-25,GLENMARK,0.3421,2460000,841500
2026-09-25,GMRAIRPORT,0.8733,56539350,49376025
2026-09-25,GODFRYPHLP,0.486,982300,477400
2026-09-25,GODREJCP,0.7602,6151000,4676000
2026-09-25,GODREJPROP,0.6301,5348525,3370250
2026-09-25,GRASIM,0.6311,2141250,1351250
2026-09-25,GVT&D,0.6553,1995625,1307750
2026-09-25,HAL,0.527,4598100,2423250
2026-09-25,HAVELLS,0.6059,5698500,3452500
2026-09-25,HCLTECH,0.8231,10494400,8638400
2026-09-25,HDFCAMC,0.7788,2072700,1614300
2026-09-25,HDFCBANK,0.6367,174740800,111250100
2026-09-25,HDFCLIFE,0.7658,23159400,17736400
2026-09-25,HEROMOTOCO,0.5566,2866200,1595400
2026-09-25,HINDALCO,0.7993,15198400,12148500
2026-09-25,HINDPETRO,0.8172,15165225,12393000
2026-09-25,HINDUNILVR,0.5902,10272600,6062700
2026-09-25,HINDZINC,0.5756,28269325,16271675
2026-09-25,HYUNDAI,0.6108,2259125,1379950
2026-09-25,ICICIBANK,0.5992,47102300,28222600
2026-09-25,ICICIGI,0.8924,2210000,1972100
2026-09-25,ICICIPRULI,0.862,8316675,7168750
2026-09-25,IDEA,0.449,2579032425,1158037950
2026-09-25,IDFCFIRSTB,0.6171,196407400,121196425
2026-09-25,IEX,0.6282,32394450,20349300
2026-09-25,INDHOTEL,0.633,7006000,4435000
2026-09-25,INDIANB,0.768,7648000,5874000
2026-09-25,INDIGO,0.6989,4299300,3004650
2026-09-25,INDUSINDBK,0.9452,8976800,8484700
2026-09-25,INDUSTOWER,0.5752,18929500,10888500
2026-09-25,INFY,0.5306,50984400,27054800
2026-09-25,INOXWIND,0.5552,41363200,22963200
2026-09-25,IOC,0.6664,58090500,38712375
2026-09-25,IREDA,0.722,45598425,32923900
2026-09-25,IRFC,0.7,68273625,47794250
2026-09-25,ITC,0.711,98457825,70003950
2026-09-25,JINDALSTEL,0.9489,4713125,4472500
2026-09-25,JIOFIN,0.6847,107138850,73352900
2026-09-25,JSWENERGY,0.6889,6174800,4253775
2026-09-25,JSWSTEEL,0.6793,8769600,5957550
2026-09-25,JUBLFOOD,0.5814,8872500,5158750
2026-09-25,KALYANKJIL,0.6719,22319550,14997150
2026-09-25,KAYNES,0.6245,2842500,1775250
2026-09-25,KEI,0.7514,2364950,1776950
2026-09-25,KFINTECH,0.4822,3686900,1777900
2026-09-25,KOTAKBANK,0.5384,67332000,36252000
2026-09-25,KPITTECH,0.5044,10049425,5068500
2026-09-25,LAURUSLABS,0.7843,13714750,10756750
2026-09-25,LICHSGFIN,0.761,9766000,7432000
2026-09-25,LICI,0.588,25656400,15085000
2026-09-25,LODHA,1.2275,5256250,6451875
2026-09-25,LT,0.7217,6268150,4523575
2026-09-25,LTF,0.7127,40430250,28813500
2026-09-25,LTM,0.5976,2169450,1296450
2026-09-25,LUPIN,0.6916,4102950,2837725
2026-09-25,M&M,0.5683,8051600,4575800
2026-09-25,MAHABANK,0.6516,31024500,20215000
2026-09-25,MANAPPURAM,0.6515,17631000,11487000
2026-09-25,MANKIND,1.3176,1319250,1738250
2026-09-25,MARICO,0.5557,6722400,3735600
2026-09-25,MARUTI,0.4951,3916500,1939000
2026-09-25,MAXHEALTH,0.8415,3279150,2759400
2026-09-25,MAZDOCK,0.5481,5322375,2917125
2026-09-25,MCX,0.6245,9162675,5721750
2026-09-25,MFSL,0.819,3657600,2995600
2026-09-25,MOTHERSON,0.9458,38142300,36075900
2026-09-25,MOTILALOFS,0.4694,4643025,2179300
2026-09-25,MPHASIS,0.5678,1532850,870375
2026-09-25,MUTHOOTFIN,0.5987,5206300,3117125
2026-09-25,NAM-INDIA,0.7029,1897500,1333750
2026-09-25,NATIONALUM,0.6955,32694375,22738125
2026-09-25,NAUKRI,0.549,4291650,2356200
2026-09-25,NBCC,0.5638,30966000,17459000
2026-09-25,NESTLEIND,0.6951,4061000,2823000
2026-09-25,NHPC,0.7017,37995650,26660200
2026-09-25,NMDC,0.6084,88256250,53696250
2026-09-25,NTPC,0.456,36019500,16423500
2026-09-25,NYKAA,0.7053,10593750,7471875
2026-09-25,OBEROIRLTY,0.4621,3003000,1387750
2026-09-25,OFSS,0.7862,1734500,1363600
2026-09-25,OIL,0.5681,9738400,5532800
2026-09-25,ONGC,0.3826,65477250,25051500
2026-09-25,PAGEIND,0.6554,97460,63880
2026-09-25,PATANJALI,0.8392,16750650,14056700
2026-09-25,PAYTM,0.5852,19825125,11602175
2026-09-25,PERSISTENT,0.65,2096375,1362625
2026-09-25,PETRONET,0.5688,8531000,4852600
2026-09-25,PFC,0.7506,31300100,23494900
2026-09-25,PGEL,0.6384,6135100,3916850
2026-09-25,PHOENIXLTD,0.9027,1047200,945350
2026-09-25,PIDILITIND,0.885,2074500,1836000
2026-09-25,PIIND,0.8344,1861300,1553125
2026-09-25,PNB,0.672,74456000,50032000
2026-09-25,PNBHOUSING,0.6568,3166800,2080000
2026-09-25,POLICYBZR,0.594,32491550,19299350
2026-09-25,POLYCAB,0.8031,2020375,1622500
2026-09-25,POWERGRID,0.6174,36438200,22497900
2026-09-25,POWERINDIA,0.4923,693300,341325
2026-09-25,PREMIERENE,0.5333,8656700,4616300
2026-09-25,PRESTIGE,1.0588,2258100,2390850
2026-09-25,RADICO,0.4749,1116900,530400
2026-09-25,RBLBANK,0.6657,29787850,19831050
2026-09-25,RECLTD,0.834,22536675,18796050
2026-09-25,RELIANCE,0.5607,111430000,62475500
2026-09-25,RVNL,0.65,29300425,19045950
2026-09-25,SAGILITY,0.5965,46692000,27852000
2026-09-25,SAIL,1.0691,15430100,16497000
2026-09-25,SBICARD,0.7259,9472800,6876000
2026-09-25,SBILIFE,0.6067,4502625,2731875
2026-09-25,SBIN,0.7058,68788500,48549000
2026-09-25,SHREECEM,0.4771,148550,70875
2026-09-25,SHRIRAMFIN,0.6271,15792975,9904125
2026-09-25,SIEMENS,0.6688,1637650,1095325
2026-09-25,SOLARINDS,0.5037,1882250,948100
2026-09-25,SONACOMS,0.5303,8477000,4495750
2026-09-25,SRF,0.7929,1203000,953800
2026-09-25,SUNPHARMA,0.4576,9468550,4333000
2026-09-25,SUPREMEIND,0.569,965475,549325
2026-09-25,SUZLON,0.3502,303898300,106438700
2026-09-25,SWIGGY,0.6156,44814700,27586700
2026-09-25,TATACONSUM,0.8012,5797550,4644750
2026-09-25,TATAELXSI,0.4844,2480250,1201500
2026-09-25,TATAPOWER,0.9034,30425350,27484750
2026-09-25,TATASTEEL,0.7491,133985500,100364000
2026-09-25,TCS,0.6113,23067900,14101875
2026-09-25,TECHM,0.5348,10019400,5358600
2026-09-25,TIINDIA,0.5363,1152800,618200
2026-09-25,TITAN,0.615,4068050,2501800
2026-09-25,TMPV,0.5318,86987200,46262400
2026-09-25,TORNTPHARM,0.4691,696875,326875
2026-09-25,TRENT,0.4442,5211450,2315025
2026-09-25,TVSMOTOR,0.6586,2315250,1524775
2026-09-25,ULTRACEMCO,0.693,759900,526600
2026-09-25,UNIONBANK,0.8841,45975750,40648050
2026-09-25,UNITDSPR,0.7221,2599200,1876800
2026-09-25,UNOMINDA,0.5407,2533850,1370050
2026-09-25,UPL,0.7206,9768195,7039225
2026-09-25,VBL,0.6255,21713250,13581300
2026-09-25,VEDL,0.6534,40638700,26554650
2026-09-25,VMM,0.5203,34983050,18202050
2026-09-25,VOLTAS,0.7485,6702375,5016750
2026-09-25,WAAREEENER,0.4547,3031700,1378650
2026-09-25,WIPRO,0.741,101289000,75060000
2026-09-25,YESBANK,0.5351,557032100,298062400
2026-09-25,ZYDUSLIFE,0.7959,5336100,4247100
