expiry,symbol,spot,near_px,next_px,basis,rollover_pct,rollover_cost_pct,oi_near,oi_next,oi_far
2024-01-25,AARTIIND,634.1,634.45,638.7,0.35,95.788,0.6699,511000.0,10918000.0,703000.0
2024-01-25,ABB,4739.25,4733.3,4770.05,-5.95,93.876,0.7764,61500.0,938125.0,4625.0
2024-01-25,ABBOTINDIA,25060.55,25026.3,25229.4,-34.25,91.2587,0.8115,16000.0,166560.0,480.0
2024-01-25,ABCAPITAL,165.75,165.75,167.05,0.0,97.0643,0.7843,1776600.0,57585600.0,1155600.0
2024-01-25,ABFRL,241.6,241.45,243.3,-0.15,95.2492,0.7662,1643200.0,32424600.0,520000.0
2024-01-25,ACC,2468.0,2498.4,2492.1,30.4,94.1961,-0.2522,263700.0,4242900.0,36900.0
2024-01-25,ADANIENT,2893.65,2896.2,2921.1,2.55,92.9883,0.8597,1044000.0,13706100.0,139200.0
2024-01-25,ADANIPORTS,1146.3,1146.8,1155.6,0.5,97.1365,0.7674,1332000.0,44464800.0,720000.0
2024-01-25,ALKEM,4971.75,4984.9,4987.75,13.15,63.9613,0.0572,431600.0,759400.0,6600.0
2024-01-25,AMBUJACEM,560.2,559.75,565.2,-0.45,97.2012,0.9736,1463400.0,50450400.0,372600.0
2024-01-25,APOLLOHOSP,6168.85,6155.9,6195.95,-12.95,92.9498,0.6506,142000.0,1861125.0,11000.0
2024-01-25,APOLLOTYRE,517.6,517.2,520.8,-0.4,84.5056,0.6961,2067200.0,11109500.0,164900.0
2024-01-25,ASHOKLEY,169.75,169.65,171.1,-0.1,92.8614,0.8547,7160000.0,90380000.0,2760000.0
2024-01-25,ASIANPAINT,2949.2,2952.4,2969.45,3.2,94.9488,0.5775,362400.0,6662000.0,150200.0
2024-01-25,ASTRAL,1800.05,1798.5,1813.8,-1.55,93.6095,0.8507,204419.0,2963158.0,31195.0
2024-01-25,ATUL,6326.85,6331.35,6373.35,4.5,91.6168,0.6634,29400.0,312675.0,8625.0
2024-01-25,AUBANK,707.85,707.4,709.35,-0.45,93.4233,0.2757,1369000.0,19112000.0,335000.0
2024-01-25,AUROPHARMA,1150.85,1148.5,1155.95,-2.35,95.0324,0.6487,1130800.0,21483000.0,149600.0
2024-01-25,AXISBANK,1042.25,1042.95,1050.65,0.7,98.4216,0.7383,895000.0,55436250.0,371875.0
2024-01-25,BAJAJ-AUTO,7597.5,7591.0,7619.35,-6.5,88.8632,0.3735,271000.0,2135000.0,27375.0
2024-01-25,BAJAJFINSV,1630.15,1626.6,1639.25,-3.55,93.4681,0.7777,622000.0,8795500.0,105000.0
2024-01-25,BAJFINANCE,7085.5,7083.45,7139.85,-2.05,94.5613,0.7962,398875.0,6846375.0,88750.0
2024-01-25,BALKRISIND,2527.0,2522.45,2533.9,-4.55,86.0283,0.4539,299400.0,1817100.0,26400.0
2024-01-25,BALRAMCHIN,387.75,387.8,390.45,0.05,86.4257,0.6833,1448000.0,9056000.0,163200.0
2024-01-25,BANDHANBNK,220.95,220.65,222.45,-0.3,96.9241,0.8158,3550000.0,109487500.0,2377500.0
2024-01-25,BANKBARODA,227.05,226.55,228.35,-0.5,97.6398,0.7945,3398850.0,138408075.0,2199600.0
2024-01-25,BATAINDIA,1449.3,1446.8,1459.0,-2.5,92.7125,0.8432,144375.0,1764375.0,72375.0
2024-01-25,BEL,189.7,189.25,190.25,-0.45,94.2809,0.5284,4873500.0,78323700.0,2017800.0
2024-01-25,BERGEPAINT,554.7,554.8,552.55,0.1,96.6071,-0.4056,320760.0,8907360.0,225720.0
2024-01-25,BHARATFORG,1200.25,1202.2,1210.65,1.95,88.1108,0.7029,727500.0,5350500.0,41000.0
2024-01-25,BHARTIARTL,1160.55,1158.1,1167.0,-2.45,72.8428,0.7685,11005750.0,29403450.0,116850.0
2024-01-25,BHEL,219.9,219.95,221.4,0.05,93.8571,0.6592,5554500.0,82131000.0,2735250.0
2024-01-25,BIOCON,258.7,258.35,260.55,-0.35,96.497,0.8516,1380000.0,36922500.0,1092500.0
2024-01-25,BOSCHLTD,22779.0,22804.4,22781.55,25.4,92.006,-0.1002,10600.0,121050.0,950.0
2024-01-25,BPCL,474.4,473.35,476.8,-1.05,87.5458,0.7288,5259600.0,36675000.0,297000.0
2024-01-25,BRITANNIA,5142.15,5145.4,5149.4,3.25,70.6136,0.0777,969400.0,2319800.0,9600.0
2024-01-25,BSOFT,818.25,818.2,824.7,-0.05,92.3336,0.7944,523000.0,6180000.0,119000.0
2024-01-25,CANBK,465.3,465.55,469.2,0.25,96.981,0.784,1765800.0,55652400.0,1071900.0
2024-01-25,CANFINHOME,770.45,769.1,774.8,-1.35,92.8586,0.7411,342225.0,4381650.0,68250.0
2024-01-25,CHAMBLFERT,368.6,368.25,370.95,-0.35,87.6202,0.7332,978500.0,6786800.0,138700.0
2024-01-25,CHOLAFIN,1244.65,1236.4,1239.3,-8.25,96.8472,0.2346,311875.0,9536250.0,43750.0
2024-01-25,CIPLA,1369.65,1368.95,1375.95,-0.7,95.8971,0.5113,409500.0,9540050.0,31200.0
2024-01-25,COALINDIA,389.4,389.45,389.5,0.05,83.7163,0.0128,12753300.0,64986600.0,579600.0
2024-01-25,COFORGE,6205.05,6199.0,6233.15,-6.05,90.9183,0.5509,121500.0,1201050.0,15300.0
2024-01-25,COLPAL,2492.55,2493.9,2503.8,1.35,94.0946,0.397,242900.0,3865750.0,4550.0
2024-01-25,CONCOR,828.65,826.9,830.85,-1.75,94.4738,0.4777,649000.0,11034000.0,61000.0
2024-01-25,COROMANDEL,1129.0,1128.45,1135.6,-0.55,83.3605,0.6336,142800.0,706300.0,9100.0
2024-01-25,CROMPTON,305.1,305.1,307.45,0.0,96.5722,0.7702,581400.0,16099200.0,280800.0
2024-01-25,CUB,141.2,140.95,142.05,-0.25,96.4527,0.7804,1180000.0,30710000.0,1375000.0
2024-01-25,CUMMINSIND,2161.9,2156.9,2164.2,-5.0,91.8037,0.3384,285600.0,3192900.0,6000.0
2024-01-25,DABUR,531.6,530.6,534.95,-1.0,97.4438,0.8198,593750.0,22466250.0,167500.0
2024-01-25,DALBHARAT,2205.05,2201.0,2218.8,-4.05,97.7471,0.8087,74250.0,3204000.0,17500.0
2024-01-25,DEEPAKNTR,2236.4,2233.35,2250.55,-3.05,94.4294,0.7701,123600.0,2045700.0,49500.0
2024-01-25,DELTACORP,138.0,137.8,139.05,-0.2,97.2122,0.9071,462000.0,16110000.0,0.0
2024-01-25,DIVISLAB,3578.85,3573.1,3603.35,-5.75,92.2607,0.8466,321600.0,3783200.0,50600.0
2024-01-25,DIXON,5879.35,5873.65,5914.3,-5.7,94.8088,0.6921,57700.0,1033900.0,19900.0
2024-01-25,DLF,758.65,758.05,764.2,-0.6,97.5671,0.8113,1298550.0,51696150.0,379500.0
2024-01-25,DRREDDY,5855.5,5840.45,5875.8,-15.05,95.454,0.6053,89250.0,1862750.0,11250.0
2024-01-25,EICHERMOT,3616.45,3617.4,3643.15,0.95,94.4517,0.7118,236950.0,4008900.0,24850.0
2024-01-25,ESCORTS,2945.2,2940.8,2967.75,-4.4,88.6803,0.9164,376475.0,2935625.0,13750.0
2024-01-25,EXIDEIND,310.4,310.45,312.8,0.05,95.3101,0.757,871200.0,17107200.0,597600.0
2024-01-25,FEDERALBNK,141.8,141.65,142.7,-0.15,89.8058,0.7413,13225000.0,113335000.0,3170000.0
2024-01-25,GAIL,165.4,165.1,166.15,-0.3,88.2538,0.636,19150950.0,139596975.0,4291350.0
2024-01-25,GLENMARK,891.05,890.35,897.45,-0.7,98.0557,0.7974,229100.0,11515175.0,39150.0
2024-01-25,GMRINFRA,77.06,77.4,77.95,0.34,93.9343,0.7106,14163750.0,215898750.0,3442500.0
2024-01-25,GNFC,732.55,731.4,737.35,-1.15,94.7753,0.8135,409500.0,7356700.0,71500.0
2024-01-25,GODREJCP,1157.3,1154.75,1163.15,-2.55,95.5928,0.7274,298500.0,6452500.0,22000.0
2024-01-25,GODREJPROP,2326.9,2323.55,2335.15,-3.35,91.0687,0.4992,355300.0,3602400.0,20425.0
2024-01-25,GRANULES,414.2,414.0,417.55,-0.2,95.2273,0.8575,590000.0,11674000.0,98000.0
2024-01-25,GRASIM,2076.5,2072.25,2087.4,-4.25,97.3633,0.7311,246609.0,9093051.0,13356.0
2024-01-25,GUJGASLTD,552.45,553.1,557.25,0.65,81.8199,0.7503,1188750.0,5257500.0,92500.0
2024-01-25,HAL,2903.8,2904.5,2926.7,0.7,94.3014,0.7643,456300.0,7322700.0,228300.0
2024-01-25,HAVELLS,1290.35,1289.55,1296.85,-0.8,93.4703,0.5661,349500.0,4968000.0,35000.0
2024-01-25,HCLTECH,1550.25,1547.55,1556.35,-2.7,89.5138,0.5686,1434300.0,12183500.0,60200.0
2024-01-25,HDFCAMC,3428.65,3423.3,3437.1,-5.35,90.069,0.4031,263400.0,2362200.0,26700.0
2024-01-25,HDFCBANK,1434.9,1436.95,1446.75,2.05,97.2842,0.682,5259650.0,182970150.0,5436200.0
2024-01-25,HDFCLIFE,579.0,579.15,583.7,0.15,94.0956,0.7856,1628000.0,25303300.0,641300.0
2024-01-25,HEROMOTOCO,4442.2,4432.1,4396.4,-10.1,70.7011,-0.8055,1085700.0,2580900.0,39000.0
2024-01-25,HINDALCO,567.2,568.25,571.35,1.05,66.7552,0.5455,14372400.0,28445200.0,414400.0
2024-01-25,HINDCOPPER,281.95,281.85,284.35,-0.1,97.1655,0.887,1022900.0,33973000.0,1091800.0
2024-01-25,HINDPETRO,430.6,429.9,431.85,-0.7,91.1484,0.4536,2932200.0,29864700.0,329400.0
2024-01-25,HINDUNILVR,2428.35,2426.7,2440.35,-1.65,93.5575,0.5625,751200.0,10733700.0,175200.0
2024-01-25,ICICIBANK,1009.95,1009.75,1014.45,-0.2,96.8832,0.4655,3242400.0,100314200.0,472500.0
2024-01-25,ICICIGI,1482.2,1479.8,1491.6,-2.4,95.8138,0.7974,143000.0,3252000.0,21000.0
2024-01-25,ICICIPRULI,486.3,486.2,490.0,-0.1,94.6039,0.7816,775500.0,13347000.0,249000.0
2024-01-25,IDEA,14.6,14.65,14.8,0.05,85.3996,1.0239,303280000.0,1725840000.0,48080000.0
2024-01-25,IDFC,116.0,115.75,116.7,-0.25,89.7472,0.8207,7645000.0,65555000.0,1365000.0
2024-01-25,IDFCFIRSTB,80.05,80.0,80.6,-0.05,95.7004,0.75,14377500.0,305895000.0,14122500.0
2024-01-25,IEX,135.7,135.65,135.7,-0.05,92.8301,0.0369,4695000.0,57491250.0,3296250.0
2024-01-25,IGL,405.15,404.55,403.8,-0.6,91.8279,-0.1854,1318625.0,14553000.0,264000.0
2024-01-25,INDHOTEL,473.6,473.15,476.75,-0.45,90.386,0.7609,1654000.0,15372000.0,178000.0
2024-01-25,INDIACEM,252.6,252.5,254.8,-0.1,95.5636,0.9109,997600.0,21242500.0,246500.0
2024-01-25,INDIAMART,2449.2,2447.0,2465.2,-2.2,92.2954,0.7438,86700.0,998100.0,40500.0
2024-01-25,INDIGO,2863.05,2868.1,2887.2,5.05,96.7301,0.6659,162300.0,4782000.0,19200.0
2024-01-25,INDUSINDBK,1512.05,1509.0,1520.5,-3.05,95.7092,0.7621,1176500.0,25939000.0,303500.0
2024-01-25,INDUSTOWER,225.45,225.4,227.4,-0.05,97.6268,0.8873,2250800.0,91912200.0,680000.0
2024-01-25,INFY,1669.15,1665.7,1676.05,-3.45,81.3278,0.6214,5118800.0,22050400.0,244800.0
2024-01-25,IOC,143.7,143.7,144.65,0.0,89.4107,0.6611,14157000.0,117068250.0,2466750.0
2024-01-25,IPCALAB,1115.4,1116.4,1111.9,1.0,97.1508,-0.4031,59800.0,2028000.0,11050.0
2024-01-25,IRCTC,970.3,970.05,976.9,-0.25,89.8315,0.7061,1710625.0,14788375.0,323750.0
2024-01-25,ITC,455.65,454.9,452.0,-0.75,93.3395,-0.6375,6033600.0,83208000.0,1345600.0
2024-01-25,JINDALSTEL,716.3,715.05,720.65,-1.25,97.7275,0.7832,588750.0,25102500.0,216250.0
2024-01-25,JKCEMENT,4167.5,4161.1,4198.95,-6.4,97.8375,0.9096,22750.0,1026500.0,2750.0
2024-01-25,JSWSTEEL,815.7,813.35,821.0,-2.35,91.3504,0.9406,1466100.0,15344775.0,139050.0
2024-01-25,JUBLFOOD,508.25,508.65,510.95,0.4,90.7769,0.4522,1743750.0,16458750.0,703750.0
2024-01-25,KOTAKBANK,1768.4,1766.25,1781.55,-2.15,84.6297,0.8662,5742400.0,31205200.0,412800.0
2024-01-25,L&TFH,166.9,166.9,168.25,0.0,95.6288,0.8089,1887426.0,40528346.0,763002.0
2024-01-25,LALPATHLAB,2400.5,2394.65,2413.05,-5.85,94.8426,0.7684,58500.0,1057800.0,18000.0
2024-01-25,LAURUSLABS,378.8,378.35,380.8,-0.45,94.8157,0.6475,776900.0,13448700.0,759900.0
2024-01-25,LICHSGFIN,579.2,578.25,580.45,-0.95,93.0669,0.3805,1048000.0,13876000.0,192000.0
2024-01-25,LT,3593.45,3589.4,3614.7,-4.05,92.8635,0.7049,797700.0,10308000.0,72000.0
2024-01-25,LTIM,5494.6,5489.8,5527.0,-4.8,93.2793,0.6776,134250.0,1818600.0,44700.0
2024-01-25,LTTS,5385.9,5383.6,5427.35,-2.3,92.3527,0.8127,47000.0,553600.0,14000.0
2024-01-25,LUPIN,1454.05,1451.35,1463.4,-2.7,86.5816,0.8303,1189150.0,7602400.0,70550.0
2024-01-25,M&M,1635.5,1631.45,1642.95,-4.05,96.523,0.7049,456750.0,12612950.0,66500.0
2024-01-25,M&MFIN,270.15,269.95,271.55,-0.2,86.2908,0.5927,4396000.0,26994000.0,676000.0
2024-01-25,MANAPPURAM,178.0,177.9,178.35,-0.1,97.7995,0.253,1218000.0,53574000.0,558000.0
2024-01-25,MARICO,525.1,525.55,527.55,0.45,90.0934,0.3806,1158000.0,10440000.0,91200.0
2024-01-25,MARUTI,9881.05,9875.9,9929.2,-5.15,93.927,0.5397,191400.0,2921550.0,38700.0
2024-01-25,MCDOWELL-N,1096.0,1094.05,1102.3,-1.95,96.7384,0.7541,269500.0,7924000.0,69300.0
2024-01-25,MCX,3221.1,3216.1,3238.5,-5.0,96.3857,0.6965,95200.0,2517200.0,21600.0
2024-01-25,METROPOLIS,1558.65,1555.4,1549.9,-3.25,87.9039,-0.3536,116800.0,813600.0,35200.0
2024-01-25,MFSL,878.2,877.3,885.0,-0.9,96.5722,0.8777,216800.0,6096800.0,11200.0
2024-01-25,MGL,1374.15,1374.1,1372.75,-0.05,89.9547,-0.0982,319200.0,2823200.0,35200.0
2024-01-25,MOTHERSON,115.4,115.45,115.95,0.05,94.0047,0.4331,5609000.0,86960800.0,986900.0
2024-01-25,MPHASIS,2522.4,2518.95,2539.6,-3.45,92.1019,0.8198,219175.0,2508550.0,47300.0
2024-01-25,MRF,136845.0,136934.4,138012.7,89.4,83.8584,0.7875,6430.0,32825.0,580.0
2024-01-25,MUTHOOTFIN,1388.15,1388.8,1390.05,0.65,88.8195,0.09,708950.0,5585250.0,46750.0
2024-01-25,NATIONALUM,141.1,141.15,142.35,0.05,88.5066,0.8502,10822500.0,82035000.0,1305000.0
2024-01-25,NAUKRI,4982.55,4979.65,5022.05,-2.9,92.3828,0.8515,88950.0,1069500.0,9300.0
2024-01-25,NAVINFLUOR,3344.5,3336.45,3365.25,-8.05,87.8643,0.8632,186150.0,1303350.0,44400.0
2024-01-25,NESTLEIND,2482.15,2480.7,2492.65,-1.45,82.6847,0.4817,1276000.0,6023200.0,70000.0
2024-01-25,NMDC,217.15,217.05,218.65,-0.1,91.5161,0.7372,7627500.0,81049500.0,1228500.0
2024-01-25,NTPC,314.75,314.35,314.35,-0.4,86.6829,0.0,14730000.0,95265000.0,615000.0
2024-01-25,OBEROIRLTY,1303.95,1304.85,1312.8,0.9,97.2589,0.6093,184800.0,6520500.0,36400.0
2024-01-25,OFSS,6707.25,6726.0,6761.05,18.75,69.4439,0.5211,300000.0,659000.0,22800.0
2024-01-25,ONGC,234.05,233.7,234.85,-0.35,61.3092,0.4921,48036450.0,75332950.0,785400.0
2024-01-25,PAGEIND,36710.6,36632.35,36866.8,-78.25,85.9746,0.64,26790.0,162330.0,1890.0
2024-01-25,PEL,873.95,873.4,880.5,-0.55,97.5762,0.8129,299250.0,11898000.0,149250.0
2024-01-25,PERSISTENT,8378.85,8383.05,8374.2,4.2,87.2562,-0.1056,231300.0,1568600.0,15100.0
2024-01-25,PETRONET,256.6,256.1,257.8,-0.5,96.5052,0.6638,1374000.0,37341000.0,600000.0
2024-01-25,PFC,419.0,419.3,422.25,0.3,89.6657,0.7036,7079625.0,60411250.0,1015250.0
2024-01-25,PIDILITIND,2590.15,2585.45,2605.0,-4.7,96.2451,0.7562,128250.0,3276250.0,11000.0
2024-01-25,PIIND,3242.0,3241.0,3262.1,-1.0,95.9312,0.651,77500.0,1791000.0,36250.0
2024-01-25,PNB,104.5,104.45,105.25,-0.05,94.9712,0.7659,13896000.0,255968000.0,6464000.0
2024-01-25,POLYCAB,4343.8,4343.0,4381.55,-0.8,84.2553,0.8876,401900.0,2094300.0,56400.0
2024-01-25,POWERGRID,245.5,245.4,244.2,-0.1,78.3448,-0.489,15872400.0,56948400.0,475200.0
2024-01-25,PVRINOX,1458.75,1459.2,1470.6,0.45,93.668,0.7812,410663.0,5881964.0,192918.0
2024-01-25,RAMCOCEM,968.85,968.0,976.55,-0.85,97.5847,0.8833,82450.0,3320950.0,10200.0
2024-01-25,RBLBANK,255.15,254.6,256.85,-0.55,95.1501,0.8837,2637500.0,51255000.0,490000.0
2024-01-25,RECLTD,470.15,470.45,473.8,0.3,88.685,0.7121,4784000.0,36686000.0,810000.0
2024-01-25,RELIANCE,2706.25,2704.6,2722.35,-1.65,88.202,0.6563,4323500.0,31937250.0,385250.0
2024-01-25,SAIL,119.1,119.2,120.05,0.1,92.5525,0.7131,12560000.0,152528000.0,3560000.0
2024-01-25,SBICARD,759.85,760.75,731.1,0.9,97.4268,-3.8975,493600.0,17062400.0,1626400.0
2024-01-25,SBILIFE,1380.9,1382.8,1391.5,1.9,97.3964,0.6292,201750.0,7500000.0,47250.0
2024-01-25,SBIN,612.75,612.05,616.75,-0.7,97.0628,0.7679,3942000.0,127545000.0,2722500.0
2024-01-25,SHREECEM,27949.15,27865.55,28115.5,-83.6,93.9139,0.897,11950.0,183800.0,600.0
2024-01-25,SHRIRAMFIN,2307.15,2304.0,2311.4,-3.15,98.4231,0.3212,113400.0,7066200.0,11700.0
2024-01-25,SIEMENS,4205.4,4199.75,4219.6,-5.65,95.7646,0.4726,58500.0,1314600.0,8100.0
2024-01-25,SRF,2268.85,2266.45,2280.55,-2.4,95.3998,0.6221,196125.0,3981375.0,85875.0
2024-01-25,SUNPHARMA,1368.4,1367.7,1364.8,-0.7,91.1721,-0.212,1217300.0,12529300.0,42700.0
2024-01-25,SUNTV,649.8,648.9,650.9,-0.9,88.4937,0.3082,970500.0,7356000.0,108000.0
2024-01-25,SYNGENE,685.3,686.2,681.8,0.9,97.3136,-0.6412,178000.0,6343000.0,105000.0
2024-01-25,TATACHEM,1005.7,1004.55,1011.35,-1.15,95.7751,0.6769,485100.0,10800350.0,196350.0
2024-01-25,TATACOMM,1716.6,1717.2,1729.1,0.6,91.4743,0.693,570500.0,6040500.0,80500.0
2024-01-25,TATACONSUM,1136.75,1138.5,1142.5,1.75,83.6418,0.3513,1734300.0,8826300.0,41400.0
2024-01-25,TATAMOTORS,811.85,811.4,814.45,-0.45,93.6658,0.3759,3934425.0,56913075.0,1266825.0
2024-01-25,TATAPOWER,365.1,365.2,368.1,0.1,94.1519,0.7941,5487750.0,86423625.0,1927125.0
2024-01-25,TATASTEEL,133.75,133.7,134.6,-0.05,93.5359,0.6731,15339500.0,216832000.0,5131500.0
2024-01-25,TCS,3810.2,3804.65,3828.5,-5.55,95.7773,0.6269,531125.0,11968425.0,78225.0
2024-01-25,TECHM,1322.05,1319.7,1329.05,-2.35,91.8239,0.7085,1206600.0,13237200.0,313800.0
2024-01-25,TITAN,3770.2,3769.65,3790.3,-0.55,94.7359,0.5478,259700.0,4652200.0,21525.0
2024-01-25,TORNTPHARM,2473.4,2469.15,2470.95,-4.25,93.0285,0.0729,107500.0,1433000.0,1500.0
2024-01-25,TRENT,3231.75,3224.15,3251.5,-7.6,96.3622,0.8483,114400.0,2967600.0,62800.0
2024-01-25,TVSMOTOR,1941.1,1944.35,1957.25,3.25,89.411,0.6635,594650.0,4983300.0,37800.0
2024-01-25,UBL,1842.25,1840.75,1853.7,-1.5,96.906,0.7035,72400.0,2260400.0,7200.0
2024-01-25,ULTRACEMCO,9969.4,9979.2,10024.3,9.8,94.6158,0.4519,99500.0,1738100.0,10400.0
2024-01-25,UPL,537.3,536.85,540.35,-0.45,94.5478,0.652,2111200.0,34877700.0,1732900.0
2024-01-25,VEDL,263.6,263.2,265.4,-0.4,96.9741,0.8359,2957800.0,94118300.0,673900.0
2024-01-25,VOLTAS,1005.2,1002.95,1010.95,-2.25,96.8291,0.7976,290400.0,8710800.0,157200.0
2024-01-25,WIPRO,470.0,469.45,473.05,-0.55,95.1252,0.7669,2556000.0,48537000.0,1339500.0
2024-01-25,ZEEL,163.2,162.7,165.05,-0.5,91.7163,1.4444,8895000.0,97101000.0,1383000.0
2024-01-25,ZYDUSLIFE,736.5,734.55,739.75,-1.95,91.4319,0.7079,536400.0,5663700.0,60300.0
2024-02-29,AARTIIND,655.95,657.25,661.75,1.3,96.9053,0.6847,431000.0,12848000.0,648000.0
2024-02-29,ABB,5445.0,5451.8,5489.95,6.8,91.9647,0.6998,130875.0,1477750.0,20125.0
2024-02-29,ABBOTINDIA,28433.8,28326.6,28574.7,-107.2,98.3646,0.8759,3240.0,193800.0,1080.0
2024-02-29,ABCAPITAL,183.65,183.4,185.1,-0.25,96.9131,0.9269,1884600.0,58249800.0,918000.0
2024-02-29,ABFRL,225.2,225.25,227.1,0.05,93.4213,0.8213,2540200.0,35295000.0,777400.0
2024-02-29,ACC,2629.35,2633.25,2652.95,3.9,95.3628,0.7481,231600.0,4739400.0,23400.0
2024-02-29,ADANIENT,3285.5,3280.0,3310.7,-5.5,95.6996,0.936,688200.0,15013800.0,301200.0
2024-02-29,ADANIPORTS,1320.5,1320.95,1329.3,0.45,92.9794,0.6321,2677600.0,34948800.0,512800.0
2024-02-29,ALKEM,5127.3,5123.25,5152.25,-4.05,91.8516,0.566,94000.0,1051000.0,8600.0
2024-02-29,AMBUJACEM,605.9,604.85,609.2,-1.05,95.8834,0.7192,2066400.0,47766600.0,363600.0
2024-02-29,APOLLOHOSP,6101.6,6091.95,6147.7,-9.65,94.5753,0.9151,129250.0,2240125.0,13250.0
2024-02-29,APOLLOTYRE,518.5,517.75,521.4,-0.75,92.9453,0.705,690200.0,8957300.0,136000.0
2024-02-29,ASHOKLEY,169.9,169.75,171.2,-0.15,94.3487,0.8542,6380000.0,101585000.0,4930000.0
2024-02-29,ASIANPAINT,2821.9,2819.25,2842.1,-2.65,89.3922,0.8105,991000.0,7992600.0,358600.0
2024-02-29,ASTRAL,2069.1,2068.0,2076.2,-1.1,96.7244,0.3965,121477.0,3551092.0,35966.0
2024-02-29,ATUL,6217.8,6214.4,6236.05,-3.4,96.5661,0.3484,12375.0,332850.0,15150.0
2024-02-29,AUBANK,569.85,570.0,574.3,0.15,93.2508,0.7544,1559000.0,20718000.0,822000.0
2024-02-29,AUROPHARMA,1028.1,1026.0,1032.2,-2.1,94.164,0.6043,1222100.0,19576700.0,141900.0
2024-02-29,AXISBANK,1075.1,1074.25,1082.0,-0.85,98.1237,0.7214,980625.0,51001875.0,281250.0
2024-02-29,BAJAJ-AUTO,7909.35,7925.35,7963.4,16.0,92.9618,0.4801,160250.0,2067375.0,49250.0
2024-02-29,BAJAJFINSV,1593.8,1591.65,1604.65,-2.15,96.4659,0.8168,348500.0,9327500.0,185000.0
2024-02-29,BAJFINANCE,6495.35,6482.2,6529.85,-13.15,92.0199,0.7351,839250.0,9374125.0,303375.0
2024-02-29,BALKRISIND,2228.95,2227.45,2244.75,-1.5,80.266,0.7767,543000.0,2187900.0,20700.0
2024-02-29,BALRAMCHIN,372.95,372.5,375.55,-0.45,96.2002,0.8188,393600.0,9769600.0,195200.0
2024-02-29,BANDHANBNK,195.6,195.8,197.25,0.2,94.2817,0.7406,6105000.0,95920000.0,4737500.0
2024-02-29,BANKBARODA,265.45,265.0,267.15,-0.45,96.5623,0.8113,4922775.0,136348875.0,1927575.0
2024-02-29,BATAINDIA,1409.5,1406.8,1416.75,-2.7,86.0913,0.7073,430875.0,2523750.0,143250.0
2024-02-29,BEL,205.1,205.3,206.25,0.2,95.3602,0.4627,6013500.0,121216200.0,2376900.0
2024-02-29,BERGEPAINT,606.7,604.15,553.8,-2.55,96.5117,-8.334,623040.0,16559400.0,678480.0
2024-02-29,BHARATFORG,1151.0,1147.7,1155.6,-3.3,90.9968,0.6883,769500.0,7694000.0,83500.0
2024-02-29,BHARTIARTL,1123.35,1124.5,1130.9,1.15,92.6172,0.5691,2893700.0,36146550.0,154850.0
2024-02-29,BHEL,227.55,227.15,228.35,-0.4,94.1582,0.5283,5822250.0,90573000.0,3270750.0
2024-02-29,BIOCON,276.5,276.8,278.8,0.3,96.7517,0.7225,1435000.0,41132500.0,1610000.0
2024-02-29,BOSCHLTD,28590.15,28627.35,28846.6,37.2,93.318,0.7659,15950.0,220100.0,2650.0
2024-02-29,BPCL,603.85,603.55,608.0,-0.3,80.0279,0.7373,7990200.0,31206600.0,810000.0
2024-02-29,BRITANNIA,4965.2,4961.05,4987.5,-4.15,96.8282,0.5332,82200.0,2490600.0,18800.0
2024-02-29,BSOFT,776.1,774.75,781.15,-1.35,94.5263,0.8261,442000.0,7482000.0,151000.0
2024-02-29,CANBK,564.45,564.65,569.4,0.2,91.0465,0.8412,3950100.0,39366000.0,801900.0
2024-02-29,CANFINHOME,774.45,775.1,780.35,0.65,94.7037,0.6773,204750.0,3567525.0,93600.0
2024-02-29,CHAMBLFERT,351.15,349.9,351.75,-1.25,95.075,0.5287,461700.0,8692500.0,220400.0
2024-02-29,CHOLAFIN,1089.2,1087.05,1094.15,-2.15,87.8863,0.6531,1731875.0,12466250.0,98750.0
2024-02-29,CIPLA,1480.35,1478.5,1484.15,-1.85,95.4814,0.3821,457600.0,9641450.0,27950.0
2024-02-29,COALINDIA,436.75,435.85,439.9,-0.9,85.305,0.9292,11039700.0,62806800.0,1278900.0
2024-02-29,COFORGE,6554.2,6548.65,6591.35,-5.55,97.0616,0.652,37650.0,1234950.0,8700.0
2024-02-29,COLPAL,2526.75,2527.8,2542.9,1.05,91.1608,0.5974,313950.0,3235050.0,2800.0
2024-02-29,CONCOR,977.4,977.6,986.35,0.2,95.6313,0.895,811000.0,17652000.0,101000.0
2024-02-29,COROMANDEL,1076.25,1079.05,1075.0,2.8,88.6927,-0.3753,188300.0,1452500.0,24500.0
2024-02-29,CROMPTON,291.0,291.25,293.25,0.25,97.5093,0.6867,433800.0,16592400.0,390600.0
2024-02-29,CUB,135.15,135.4,136.15,0.25,96.686,0.5539,1430000.0,40100000.0,1620000.0
2024-02-29,CUMMINSIND,2738.65,2747.4,2752.25,8.75,94.4546,0.1765,226800.0,3849300.0,13800.0
2024-02-29,DABUR,538.15,537.45,540.75,-0.7,97.65,0.614,536250.0,22142500.0,140000.0
2024-02-29,DALBHARAT,2024.9,2027.7,2037.55,2.8,96.0673,0.4858,128000.0,3117250.0,9500.0
2024-02-29,DEEPAKNTR,2212.85,2208.35,2225.9,-4.5,84.3387,0.7947,517200.0,2735700.0,49500.0
2024-02-29,DIVISLAB,3488.8,3493.5,3513.35,4.7,94.8838,0.5682,214800.0,3925600.0,58000.0
2024-02-29,DIXON,6683.8,6682.35,6733.6,-1.45,97.276,0.7669,37600.0,1327900.0,14800.0
2024-02-29,DLF,901.2,902.3,905.25,1.1,95.2299,0.3269,1747350.0,34572450.0,311850.0
2024-02-29,DRREDDY,6424.25,6414.15,6451.4,-10.1,92.1563,0.5807,181875.0,2126250.0,10625.0
2024-02-29,EICHERMOT,3792.4,3797.15,3821.1,4.75,98.2789,0.6307,69300.0,3934350.0,22925.0
2024-02-29,ESCORTS,2856.4,2860.75,2877.2,4.35,86.294,0.575,300025.0,1862025.0,26950.0
2024-02-29,EXIDEIND,320.3,320.4,322.5,0.1,95.6422,0.6554,824400.0,17632800.0,460800.0
2024-02-29,FEDERALBNK,150.4,150.5,151.75,0.1,95.3596,0.8306,4555000.0,90540000.0,3065000.0
2024-02-29,GAIL,182.25,181.95,183.4,-0.3,95.4845,0.7969,5952075.0,123328275.0,2534550.0
2024-02-29,GLENMARK,925.1,923.5,929.2,-1.6,97.8314,0.6172,325525.0,14644275.0,41325.0
2024-02-29,GMRINFRA,84.0,84.0,84.5,0.0,77.9484,0.5952,55406250.0,192363750.0,3487500.0
2024-02-29,GNFC,640.55,641.9,645.8,1.35,95.5721,0.6076,325000.0,6916000.0,98800.0
2024-02-29,GODREJCP,1257.7,1256.1,1262.85,-1.6,97.682,0.5374,146000.0,6086000.0,66500.0
2024-02-29,GODREJPROP,2398.05,2400.35,2414.8,2.3,95.067,0.602,228950.0,4368100.0,44175.0
2024-02-29,GRANULES,465.0,464.0,466.5,-1.0,94.355,0.5388,610000.0,10082000.0,114000.0
2024-02-29,GRASIM,2191.4,2189.7,2206.45,-1.7,94.5329,0.7649,458397.0,7907229.0,19080.0
2024-02-29,GUJGASLTD,565.35,565.75,569.75,0.4,92.3682,0.707,618750.0,7308750.0,180000.0
2024-02-29,HAL,3083.9,3077.5,3103.35,-6.4,95.4548,0.84,408900.0,8367900.0,219600.0
2024-02-29,HAVELLS,1531.4,1528.2,1537.2,-3.2,94.9762,0.5889,269000.0,5026000.0,59500.0
2024-02-29,HCLTECH,1663.85,1662.45,1674.85,-1.4,94.9001,0.7459,700700.0,12873000.0,165900.0
2024-02-29,HDFCAMC,3753.05,3746.6,3746.75,-6.45,93.6052,0.004,211200.0,3041400.0,50100.0
2024-02-29,HDFCBANK,1403.4,1401.75,1413.65,-1.65,96.8579,0.8489,7644450.0,199714350.0,35928750.0
2024-02-29,HDFCLIFE,582.0,581.95,586.05,-0.05,97.4896,0.7045,839300.0,31997900.0,596200.0
2024-02-29,HEROMOTOCO,4426.5,4423.45,4448.6,-3.05,87.7886,0.5686,587100.0,4173300.0,47400.0
2024-02-29,HINDALCO,503.85,503.05,506.85,-0.8,95.0264,0.7554,2548000.0,47922000.0,760200.0
2024-02-29,HINDCOPPER,269.8,268.9,270.9,-0.9,95.9015,0.7438,1473400.0,31423700.0,3052800.0
2024-02-29,HINDPETRO,509.4,509.85,513.5,0.45,92.8283,0.7159,3018600.0,38002500.0,1069200.0
2024-02-29,HINDUNILVR,2412.3,2412.9,2425.8,0.6,90.4492,0.5346,1288500.0,12024600.0,177900.0
2024-02-29,ICICIBANK,1052.2,1052.3,1060.3,0.1,92.9268,0.7602,6267800.0,82041400.0,304500.0
2024-02-29,ICICIGI,1711.75,1715.9,1720.7,4.15,88.7443,0.2797,346000.0,2713500.0,14500.0
2024-02-29,ICICIPRULI,532.65,531.8,535.4,-0.85,97.5806,0.6769,297000.0,11809500.0,169500.0
2024-02-29,IDEA,13.65,13.65,13.75,0.0,91.0814,0.7326,188960000.0,1778160000.0,151600000.0
2024-02-29,IDFC,116.45,116.35,117.1,-0.1,96.7503,0.6446,2280000.0,66535000.0,1345000.0
2024-02-29,IDFCFIRSTB,81.05,81.1,81.45,0.05,97.7002,0.4316,8077500.0,321817500.0,21330000.0
2024-02-29,IEX,142.15,142.1,143.05,-0.05,94.3986,0.6685,3588750.0,57416250.0,3063750.0
2024-02-29,IGL,426.0,425.5,425.95,-0.5,90.683,0.1058,1282875.0,12302125.0,184250.0
2024-02-29,INDHOTEL,586.7,585.65,589.0,-1.05,94.8413,0.572,920000.0,16614000.0,300000.0
2024-02-29,INDIACEM,228.85,229.0,230.55,0.15,96.7104,0.6769,713400.0,20549400.0,423400.0
2024-02-29,INDIAMART,2654.65,2647.3,2651.3,-7.35,95.0332,0.1511,42600.0,788400.0,26700.0
2024-02-29,INDIGO,3155.35,3153.15,3164.6,-2.2,96.4254,0.3631,207600.0,5527500.0,72600.0
2024-02-29,INDUSINDBK,1474.9,1472.6,1482.3,-2.3,96.6354,0.6587,1017000.0,28927500.0,282000.0
2024-02-29,INDUSTOWER,252.8,252.1,254.1,-0.7,89.7863,0.7933,9326200.0,81416400.0,567800.0
2024-02-29,INFY,1673.9,1671.05,1682.85,-2.85,98.3714,0.7061,424000.0,25255200.0,355200.0
2024-02-29,IOC,165.55,165.6,166.9,0.05,93.8329,0.785,12187500.0,179185500.0,6249750.0
2024-02-29,IPCALAB,1193.25,1193.05,1201.65,-0.2,93.2582,0.7208,206050.0,2803450.0,46800.0
2024-02-29,IRCTC,927.4,923.8,931.5,-3.6,93.8257,0.8335,1062250.0,15669500.0,472500.0
2024-02-29,ITC,406.3,406.25,409.1,-0.05,94.7948,0.7015,6161600.0,107720000.0,4492800.0
2024-02-29,JINDALSTEL,776.25,774.75,780.2,-1.5,97.618,0.7035,562500.0,22927500.0,125000.0
2024-02-29,JKCEMENT,4514.95,4509.2,4525.55,-5.75,93.5337,0.3626,42500.0,611750.0,3000.0
2024-02-29,JSWSTEEL,800.1,800.65,806.4,0.55,86.465,0.7182,2585250.0,16322175.0,193050.0
2024-02-29,JUBLFOOD,463.9,463.75,466.75,-0.15,92.2593,0.6469,1430000.0,16263750.0,780000.0
2024-02-29,KOTAKBANK,1689.45,1687.0,1700.1,-2.45,94.5351,0.7765,2353600.0,39884800.0,829200.0
2024-02-29,L&TFH,167.15,167.25,168.35,0.1,95.8698,0.6577,1704484.0,38939874.0,624680.0
2024-02-29,LALPATHLAB,2351.7,2353.95,2358.7,2.25,95.6287,0.2018,51000.0,1097400.0,18300.0
2024-02-29,LAURUSLABS,406.05,405.5,408.65,-0.55,97.0402,0.7768,357000.0,11505600.0,198900.0
2024-02-29,LICHSGFIN,647.95,646.95,651.75,-1.0,95.5172,0.7419,702000.0,14740000.0,218000.0
2024-02-29,LT,3477.6,3471.4,3501.1,-6.2,94.8053,0.8556,861000.0,15520500.0,193200.0
2024-02-29,LTIM,5300.9,5295.45,5337.6,-5.45,92.4483,0.796,202650.0,2411700.0,69150.0
2024-02-29,LTTS,5302.55,5308.35,5346.45,5.8,95.2802,0.7177,35200.0,681200.0,29400.0
2024-02-29,LUPIN,1621.05,1619.65,1628.2,-1.4,91.7148,0.5279,585650.0,6409000.0,73950.0
2024-02-29,M&M,1932.4,1929.5,1944.1,-2.9,94.5769,0.7567,698950.0,12091100.0,98350.0
2024-02-29,M&MFIN,283.4,283.35,284.85,-0.05,93.1219,0.5294,1726000.0,22772000.0,596000.0
2024-02-29,MANAPPURAM,176.2,175.75,177.0,-0.45,96.9504,0.7112,1668000.0,52260000.0,768000.0
2024-02-29,MARICO,522.6,522.05,519.25,-0.55,96.0355,-0.5363,499200.0,11997600.0,94800.0
2024-02-29,MARUTI,11288.3,11274.95,11358.0,-13.35,75.2907,0.7366,841550.0,2549300.0,14950.0
2024-02-29,MCDOWELL-N,1165.85,1165.0,1172.0,-0.85,95.7407,0.6009,287000.0,6410600.0,40600.0
2024-02-29,MCX,3763.9,3768.6,3791.85,4.7,95.2082,0.6169,119200.0,2340400.0,28000.0
2024-02-29,METROPOLIS,1601.9,1600.8,1612.8,-1.1,90.9347,0.7496,102800.0,998400.0,32800.0
2024-02-29,MFSL,969.7,971.15,976.95,1.45,98.8416,0.5972,117600.0,10004800.0,29600.0
2024-02-29,MGL,1484.35,1485.4,1496.5,1.05,94.5293,0.7473,123200.0,2084800.0,44000.0
2024-02-29,MOTHERSON,119.2,119.35,119.8,0.15,83.342,0.377,18218600.0,89793700.0,1356100.0
2024-02-29,MPHASIS,2617.35,2617.15,2639.35,-0.2,95.3062,0.8483,153450.0,3082200.0,33550.0
2024-02-29,MRF,146079.95,145832.55,146501.35,-247.4,93.1253,0.4586,2820.0,37745.0,455.0
2024-02-29,MUTHOOTFIN,1303.8,1306.9,1288.5,3.1,90.6702,-1.4079,646250.0,6125350.0,155100.0
2024-02-29,NATIONALUM,155.95,155.75,157.15,-0.2,92.54,0.8989,5355000.0,64215000.0,2212500.0
2024-02-29,NAUKRI,5267.75,5269.7,5305.25,1.95,97.8445,0.6746,22950.0,1032750.0,9000.0
2024-02-29,NAVINFLUOR,3021.1,3017.65,3041.75,-3.45,87.8544,0.7986,226200.0,1580250.0,55950.0
2024-02-29,NESTLEIND,2596.2,2591.65,2608.25,-4.55,97.7864,0.6405,120400.0,5289600.0,29200.0
2024-02-29,NMDC,225.9,225.75,226.7,-0.15,90.4987,0.4208,9036000.0,81769500.0,4297500.0
2024-02-29,NTPC,335.6,335.25,337.85,-0.35,78.2096,0.7755,25332000.0,89796000.0,1125000.0
2024-02-29,OBEROIRLTY,1344.25,1345.35,1355.45,1.1,95.1803,0.7507,325500.0,6384000.0,44100.0
2024-02-29,OFSS,7673.15,7677.55,7737.85,4.4,92.4266,0.7854,77400.0,935000.0,9600.0
2024-02-29,ONGC,264.6,264.75,266.8,0.15,74.9793,0.7743,33710600.0,97855450.0,3164700.0
2024-02-29,PAGEIND,34309.45,34284.25,34559.45,-25.2,94.8505,0.8027,8730.0,157650.0,3150.0
2024-02-29,PEL,914.75,914.1,922.0,-0.65,97.1604,0.8642,308250.0,10350750.0,196500.0
2024-02-29,PERSISTENT,8630.45,8620.1,8655.75,-10.35,93.9388,0.4136,91700.0,1410700.0,10500.0
2024-02-29,PETRONET,273.45,273.55,275.65,0.1,97.1121,0.7677,1224000.0,40125000.0,1035000.0
2024-02-29,PFC,400.7,400.3,402.9,-0.4,94.417,0.6495,4243125.0,69130000.0,2627250.0
2024-02-29,PIDILITIND,2736.0,2734.2,2754.6,-1.8,78.3338,0.7461,742500.0,2673750.0,10750.0
2024-02-29,PIIND,3672.7,3664.85,3687.9,-7.85,96.1637,0.6289,78750.0,1959000.0,15000.0
2024-02-29,PNB,121.85,121.65,122.4,-0.2,89.7071,0.6165,26344000.0,222216000.0,7384000.0
2024-02-29,POLYCAB,4749.95,4725.05,4769.5,-24.9,94.4245,0.9407,121200.0,1953800.0,98800.0
2024-02-29,POWERGRID,282.85,282.65,284.1,-0.2,94.267,0.513,3650400.0,59191200.0,831600.0
2024-02-29,PVRINOX,1371.15,1368.2,1379.45,-2.95,93.5529,0.8222,413512.0,5767190.0,233211.0
2024-02-29,RAMCOCEM,835.25,837.15,842.2,1.9,95.9003,0.6032,145350.0,3360900.0,39100.0
2024-02-29,RBLBANK,260.2,260.4,262.05,0.2,95.3033,0.6336,2995000.0,60312500.0,460000.0
2024-02-29,RECLTD,442.05,441.85,442.8,-0.2,87.3123,0.215,5424000.0,36204000.0,1122000.0
2024-02-29,RELIANCE,2921.6,2924.1,2944.25,2.5,95.1116,0.6891,2005000.0,38778750.0,231500.0
2024-02-29,SAIL,121.2,121.1,122.7,-0.1,61.913,1.3212,47560000.0,74672000.0,2640000.0
2024-02-29,SBICARD,719.7,719.0,714.9,-0.7,95.9986,-0.5702,895200.0,19411200.0,2065600.0
2024-02-29,SBILIFE,1552.55,1553.45,1560.8,0.9,91.0889,0.4731,689250.0,7012500.0,33000.0
2024-02-29,SBIN,748.1,748.5,754.25,0.4,87.4412,0.7682,15286500.0,103516500.0,2916000.0
2024-02-29,SHREECEM,25504.35,25532.65,25702.9,28.3,93.9347,0.6668,15500.0,238475.0,1575.0
2024-02-29,SHRIRAMFIN,2438.55,2437.65,2448.2,-0.9,99.0007,0.4328,68400.0,6726300.0,50100.0
2024-02-29,SIEMENS,4679.25,4670.55,4696.35,-8.7,92.9902,0.5524,83550.0,1095900.0,12450.0
2024-02-29,SRF,2389.65,2387.25,2401.3,-2.4,95.2056,0.5885,171375.0,3328875.0,74250.0
2024-02-29,SUNPHARMA,1577.95,1576.15,1587.5,-1.8,73.2641,0.7201,5439000.0,14861700.0,42700.0
2024-02-29,SUNTV,615.8,615.65,617.55,-0.15,95.8686,0.3086,249000.0,5706000.0,72000.0
2024-02-29,SYNGENE,706.05,708.05,711.7,2.0,95.8652,0.5155,216000.0,4962000.0,46000.0
2024-02-29,TATACHEM,939.2,938.75,941.55,-0.45,96.352,0.2983,509850.0,12790250.0,675950.0
2024-02-29,TATACOMM,1923.2,1920.15,1934.45,-3.05,83.8424,0.7447,1277500.0,6589500.0,39500.0
2024-02-29,TATACONSUM,1190.05,1189.2,1196.3,-0.85,91.6421,0.597,1020600.0,11114100.0,76500.0
2024-02-29,TATAMOTORS,950.2,951.4,957.45,1.2,96.1882,0.6359,2508000.0,61554300.0,1734225.0
2024-02-29,TATAPOWER,371.75,371.05,373.95,-0.7,93.49,0.7816,5788125.0,79957125.0,3165750.0
2024-02-29,TATASTEEL,140.85,140.75,141.85,-0.1,94.2387,0.7815,12391500.0,197554500.0,5137000.0
2024-02-29,TCS,4095.1,4094.7,4125.25,-0.4,97.7374,0.7461,300475.0,12902750.0,76650.0
2024-02-29,TECHM,1273.85,1274.4,1282.55,0.55,97.288,0.6395,379800.0,13408200.0,216600.0
2024-02-29,TITAN,3624.4,3629.8,3650.8,5.4,94.9839,0.5785,277900.0,5192600.0,69650.0
2024-02-29,TORNTPHARM,2666.1,2659.5,2676.35,-6.6,95.8974,0.6336,68000.0,1586500.0,3000.0
2024-02-29,TRENT,3881.8,3878.8,3901.05,-3.0,91.1476,0.5736,256400.0,2578000.0,62000.0
2024-02-29,TVSMOTOR,2139.2,2136.4,2141.05,-2.8,93.4029,0.2177,336350.0,4720450.0,41650.0
2024-02-29,UBL,1697.2,1699.5,1708.55,2.3,96.8812,0.5325,76000.0,2348000.0,12800.0
2024-02-29,ULTRACEMCO,9892.4,9882.55,9950.85,-9.85,94.9591,0.6911,103500.0,1935200.0,14500.0
2024-02-29,UPL,469.7,470.15,473.25,0.45,96.1454,0.6594,1457300.0,34609900.0,1739400.0
2024-02-29,VEDL,268.05,267.45,269.8,-0.6,97.3284,0.8787,3440800.0,124068900.0,1281100.0
2024-02-29,VOLTAS,1109.1,1108.15,1117.6,-0.95,98.4289,0.8528,144600.0,8954400.0,105000.0
2024-02-29,WIPRO,518.6,518.0,522.35,-0.6,95.332,0.8398,2443500.0,48673500.0,1228500.0
2024-02-29,ZEEL,160.95,161.0,162.35,0.05,95.7708,0.8385,5412000.0,120762000.0,1794000.0
2024-02-29,ZYDUSLIFE,941.9,943.45,947.5,1.55,89.1975,0.4293,756000.0,6195600.0,46800.0
2024-03-28,AARTIIND,665.55,664.6,669.65,-0.95,96.6738,0.7599,480000.0,13254000.0,697000.0
2024-03-28,ABB,6360.9,6370.6,6410.7,9.7,94.5135,0.6295,62875.0,1068375.0,14750.0
2024-03-28,ABBOTINDIA,27118.75,27176.35,27342.3,57.6,98.0436,0.6106,4160.0,207720.0,760.0
2024-03-28,ABCAPITAL,175.4,175.45,176.8,0.05,96.7423,0.7694,1674000.0,48400200.0,1312200.0
2024-03-28,ABFRL,205.55,206.0,207.5,0.45,96.4966,0.7282,1664000.0,44787600.0,1045200.0
2024-03-28,ACC,2491.65,2488.8,2510.6,-2.85,95.659,0.8759,232200.0,5081700.0,35100.0
2024-03-28,ADANIENT,3196.95,3190.0,3216.2,-6.95,97.0073,0.8213,594900.0,16258200.0,3025200.0
2024-03-28,ADANIPORTS,1341.85,1344.9,1352.1,3.05,96.9075,0.5354,1560000.0,41888800.0,6996000.0
2024-03-28,ALKEM,4941.9,4959.1,4984.1,17.2,93.4152,0.5041,77200.0,1084800.0,10400.0
2024-03-28,AMBUJACEM,612.35,611.75,615.45,-0.6,97.7873,0.6048,1254600.0,52306200.0,3139200.0
2024-03-28,APOLLOHOSP,6356.75,6360.0,6397.0,3.25,94.3608,0.5818,113250.0,1883125.0,11875.0
2024-03-28,APOLLOTYRE,466.45,466.85,469.95,0.4,93.4196,0.664,838100.0,11573600.0,324700.0
2024-03-28,ASHOKLEY,171.25,171.35,172.35,0.1,93.2733,0.5836,6315000.0,84960000.0,2605000.0
2024-03-28,ASIANPAINT,2846.75,2845.55,2867.15,-1.2,93.3593,0.7591,638200.0,8812000.0,160200.0
2024-03-28,ASTRAL,1991.25,1991.7,2005.2,0.45,94.1709,0.6778,177261.0,2846819.0,16882.0
2024-03-28,ATUL,5740.4,5743.6,5791.35,3.2,95.8046,0.8314,18225.0,398025.0,18150.0
2024-03-28,AUBANK,565.0,564.2,567.0,-0.8,95.7524,0.4963,741000.0,15927000.0,777000.0
2024-03-28,AUROPHARMA,1088.75,1088.3,1095.0,-0.45,86.449,0.6156,2396900.0,15109600.0,181500.0
2024-03-28,AXISBANK,1047.25,1049.5,1054.55,2.25,93.2102,0.4812,3590000.0,48969375.0,313750.0
2024-03-28,BAJAJ-AUTO,9148.05,9137.8,9140.0,-10.25,94.4587,0.0241,156375.0,2642125.0,23500.0
2024-03-28,BAJAJFINSV,1643.85,1645.6,1658.2,1.75,94.634,0.7657,571000.0,9954500.0,115500.0
2024-03-28,BAJFINANCE,7245.1,7231.65,7279.95,-13.45,94.5814,0.6679,350000.0,5986375.0,122875.0
2024-03-28,BALKRISIND,2317.35,2315.25,2330.85,-2.1,96.6988,0.6738,72000.0,2095200.0,13800.0
2024-03-28,BALRAMCHIN,361.95,362.4,365.4,0.45,97.1295,0.8278,324800.0,10812800.0,177600.0
2024-03-28,BANDHANBNK,180.0,180.55,181.75,0.55,96.6927,0.6646,3815000.0,106600000.0,4935000.0
2024-03-28,BANKBARODA,264.05,263.5,265.4,-0.55,97.7499,0.7211,2702700.0,115748100.0,1661400.0
2024-03-28,BATAINDIA,1364.2,1363.45,1374.6,-0.75,90.6693,0.8178,295875.0,2775750.0,99375.0
2024-03-28,BEL,201.5,201.9,203.25,0.4,82.3994,0.6686,30899700.0,141331500.0,3328800.0
2024-03-28,BERGEPAINT,573.05,573.45,550.45,0.4,96.6416,-4.0108,460680.0,12929400.0,327360.0
2024-03-28,BHARATFORG,1129.6,1127.45,1136.35,-2.15,95.3837,0.7894,324500.0,6677000.0,28000.0
2024-03-28,BHARTIARTL,1228.6,1230.35,1239.15,1.75,85.0039,0.7152,5457750.0,30737250.0,199500.0
2024-03-28,BHEL,247.3,247.25,248.85,-0.05,89.3035,0.6471,9948750.0,80419500.0,2640750.0
2024-03-28,BIOCON,264.15,264.45,266.1,0.3,92.6652,0.6239,3330000.0,40665000.0,1405000.0
2024-03-28,BOSCHLTD,30031.8,30041.0,30281.55,9.2,97.3546,0.8007,7300.0,267550.0,1100.0
2024-03-28,BPCL,602.4,603.55,607.35,1.15,86.6206,0.6296,3344400.0,20984400.0,667800.0
2024-03-28,BRITANNIA,4911.3,4907.2,4901.8,-4.1,84.9738,-0.11,298000.0,1674000.0,11200.0
2024-03-28,BSOFT,742.0,742.85,748.65,0.85,96.3031,0.7808,280000.0,7157000.0,137000.0
2024-03-28,CANBK,581.05,580.75,585.65,-0.3,97.0343,0.8437,1892700.0,59362200.0,2565000.0
2024-03-28,CANFINHOME,752.95,752.5,757.25,-0.45,94.9236,0.6312,171600.0,3152175.0,56550.0
2024-03-28,CHAMBLFERT,342.0,342.35,345.2,0.35,97.56,0.8325,233700.0,9144700.0,199500.0
2024-03-28,CHOLAFIN,1156.6,1154.4,1162.25,-2.2,91.3969,0.68,951875.0,10056875.0,55625.0
2024-03-28,CIPLA,1496.9,1498.15,1508.75,1.25,93.432,0.7075,669500.0,9498450.0,25350.0
2024-03-28,COALINDIA,434.1,434.3,437.85,0.2,91.2577,0.8174,6090000.0,62865600.0,705600.0
2024-03-28,COFORGE,5502.3,5505.95,5544.1,3.65,94.4327,0.6929,86550.0,1428900.0,39150.0
2024-03-28,COLPAL,2710.35,2707.3,2718.35,-3.05,96.0568,0.4082,165200.0,4018350.0,5950.0
2024-03-28,CONCOR,882.1,881.75,887.3,-0.35,85.7933,0.6294,2595000.0,15530000.0,141000.0
2024-03-28,COROMANDEL,1075.05,1077.9,1084.5,2.85,90.2922,0.6123,144200.0,1330700.0,10500.0
2024-03-28,CROMPTON,267.5,267.3,269.05,-0.2,96.3303,0.6547,855000.0,21866400.0,577800.0
2024-03-28,CUB,135.15,135.05,136.1,-0.1,97.2555,0.7775,1110000.0,38535000.0,800000.0
2024-03-28,CUMMINSIND,3006.25,2994.8,3011.75,-11.45,92.459,0.566,255300.0,3114300.0,15900.0
2024-03-28,DABUR,523.15,523.45,527.45,0.3,98.6883,0.7642,287500.0,21481250.0,150000.0
2024-03-28,DALBHARAT,1942.15,1942.75,1958.1,0.6,97.4806,0.7901,81000.0,3111500.0,22500.0
2024-03-28,DEEPAKNTR,2125.3,2125.0,2142.75,-0.3,96.7079,0.8353,87000.0,2458500.0,97200.0
2024-03-28,DIVISLAB,3445.15,3450.3,3471.2,5.15,91.4885,0.6057,328800.0,3483000.0,51200.0
2024-03-28,DIXON,7479.3,7466.2,7514.35,-13.1,95.1533,0.6449,62300.0,1209600.0,13500.0
2024-03-28,DLF,897.05,895.95,901.1,-1.1,96.3619,0.5748,1295250.0,34016400.0,290400.0
2024-03-28,DRREDDY,6157.85,6154.85,6205.05,-3.0,94.883,0.8156,108750.0,2010250.0,6250.0
2024-03-28,EICHERMOT,4019.3,4021.25,4051.6,1.95,94.6005,0.7547,224000.0,3896025.0,28525.0
2024-03-28,ESCORTS,2777.35,2780.45,2795.8,3.1,96.9312,0.5521,55825.0,1733050.0,30250.0
2024-03-28,EXIDEIND,304.55,304.8,307.45,0.25,97.246,0.8694,532800.0,18374400.0,439200.0
2024-03-28,FEDERALBNK,150.2,150.35,151.45,0.15,94.4573,0.7316,4790000.0,79745000.0,1885000.0
2024-03-28,GAIL,181.05,180.8,182.3,-0.25,97.5562,0.8296,3280275.0,126530775.0,4419450.0
2024-03-28,GLENMARK,958.4,958.0,965.75,-0.4,99.082,0.809,123250.0,13279100.0,23925.0
2024-03-28,GMRINFRA,81.6,81.4,82.05,-0.2,96.1764,0.7985,7920000.0,194985000.0,4230000.0
2024-03-28,GNFC,625.1,626.05,630.1,0.95,96.4594,0.6469,266500.0,7185100.0,75400.0
2024-03-28,GODREJCP,1251.8,1249.7,1256.4,-2.1,97.0242,0.5361,169500.0,5492000.0,34500.0
2024-03-28,GODREJPROP,2300.05,2296.95,2313.2,-3.1,92.9518,0.7075,308275.0,4036075.0,29450.0
2024-03-28,GRANULES,430.15,429.8,433.2,-0.35,93.3795,0.7911,688000.0,9658000.0,46000.0
2024-03-28,GRASIM,2287.3,2288.05,2296.65,0.75,97.7468,0.3759,151209.0,6535854.0,23850.0
2024-03-28,GUJGASLTD,544.25,544.2,547.85,-0.05,96.8142,0.6707,215000.0,6487500.0,46250.0
2024-03-28,HAL,3327.0,3326.05,3346.95,-0.95,94.1787,0.6284,433800.0,6885900.0,132300.0
2024-03-28,HAVELLS,1515.0,1513.6,1525.0,-1.4,97.5303,0.7532,145500.0,5706500.0,39500.0
2024-03-28,HCLTECH,1543.55,1543.25,1556.5,-0.3,80.7978,0.8586,3497900.0,14537600.0,180600.0
2024-03-28,HDFCAMC,3754.1,3747.85,3745.15,-6.25,84.6691,-0.072,500400.0,2721300.0,42300.0
2024-03-28,HDFCBANK,1447.9,1448.05,1461.1,0.15,95.7317,0.9012,8877550.0,192446100.0,6666550.0
2024-03-28,HDFCLIFE,633.35,633.3,638.5,-0.05,92.6713,0.8211,2104300.0,26188800.0,420200.0
2024-03-28,HEROMOTOCO,4722.25,4717.7,4753.05,-4.55,89.7898,0.7493,476400.0,3935100.0,254400.0
2024-03-28,HINDALCO,560.25,560.25,565.0,0.0,92.4917,0.8478,2975000.0,36281000.0,366800.0
2024-03-28,HINDCOPPER,278.05,277.35,281.2,-0.7,88.7094,1.3881,3704700.0,27469900.0,1637700.0
2024-03-28,HINDPETRO,475.65,474.8,478.05,-0.85,94.8739,0.6845,1871100.0,34155000.0,475200.0
2024-03-28,HINDUNILVR,2264.55,2265.5,2282.6,0.95,93.7291,0.7548,1269900.0,18588000.0,392700.0
2024-03-28,ICICIBANK,1093.65,1095.15,1102.2,1.5,86.0798,0.6437,11383400.0,69650000.0,742700.0
2024-03-28,ICICIGI,1684.5,1685.5,1695.5,1.0,97.593,0.5933,66000.0,2666000.0,10000.0
2024-03-28,ICICIPRULI,608.65,607.25,612.1,-1.4,95.5376,0.7987,465000.0,9870000.0,85500.0
2024-03-28,IDEA,13.25,13.25,13.35,0.0,88.3185,0.7547,245760000.0,1763600000.0,94480000.0
2024-03-28,IDFC,110.7,110.8,111.7,0.1,94.8118,0.8123,3900000.0,70200000.0,1070000.0
2024-03-28,IDFCFIRSTB,75.4,75.5,76.05,0.1,95.9367,0.7285,15397500.0,342472500.0,21075000.0
2024-03-28,IEX,134.35,134.6,135.55,0.25,95.5883,0.7058,3052500.0,61860000.0,4278750.0
2024-03-28,IGL,430.85,430.9,420.8,0.05,86.5825,-2.3439,2556125.0,15932125.0,562375.0
2024-03-28,INDHOTEL,591.15,590.0,594.15,-1.15,97.697,0.7034,408000.0,16982000.0,326000.0
2024-03-28,INDIACEM,212.4,212.3,214.35,-0.1,95.3569,0.9656,1160000.0,23498700.0,324800.0
2024-03-28,INDIAMART,2645.45,2643.6,2663.25,-1.85,95.0844,0.7433,39300.0,744300.0,15900.0
2024-03-28,INDIGO,3547.75,3548.25,3571.35,0.5,92.4528,0.651,469200.0,5681400.0,66300.0
2024-03-28,INDUSINDBK,1553.05,1552.65,1561.55,-0.4,93.5131,0.5732,1419000.0,20261000.0,195000.0
2024-03-28,INDUSTOWER,291.15,291.1,293.1,-0.05,90.3043,0.687,9098400.0,84102400.0,639200.0
2024-03-28,INFY,1498.05,1495.95,1506.45,-2.1,91.792,0.7019,3520800.0,38719600.0,654400.0
2024-03-28,IOC,167.75,167.75,168.85,0.0,90.9086,0.6557,15765750.0,152061000.0,5586750.0
2024-03-28,IPCALAB,1237.4,1239.0,1228.25,1.6,95.2703,-0.8676,118300.0,2366000.0,16900.0
2024-03-28,IRCTC,929.7,929.25,936.65,-0.45,93.899,0.7963,916125.0,13741875.0,357875.0
2024-03-28,ITC,428.35,428.2,431.85,-0.15,79.996,0.8524,28646400.0,106753600.0,7803200.0
2024-03-28,JINDALSTEL,849.15,848.6,853.2,-0.55,54.6135,0.5421,10077500.0,11955000.0,171250.0
2024-03-28,JKCEMENT,4076.15,4079.55,4117.55,3.4,97.095,0.9315,26000.0,862750.0,6250.0
2024-03-28,JSWSTEEL,830.2,830.75,837.1,0.55,94.8869,0.7644,1082025.0,19963800.0,116100.0
2024-03-28,JUBLFOOD,448.85,448.8,450.9,-0.05,94.6514,0.4679,877500.0,14962500.0,566250.0
2024-03-28,KOTAKBANK,1785.5,1785.75,1800.2,0.25,95.2033,0.8092,1545200.0,30295600.0,372800.0
2024-03-28,L&TFH,158.25,158.35,159.55,0.1,96.2266,0.7578,1976666.0,49733452.0,673762.0
2024-03-28,LALPATHLAB,2262.85,2264.65,2282.55,1.8,97.6171,0.7904,51600.0,2094900.0,18900.0
2024-03-28,LAURUSLABS,392.3,391.9,395.25,-0.4,96.9217,0.8548,357000.0,10907200.0,333200.0
2024-03-28,LICHSGFIN,610.95,611.95,614.95,1.0,95.2715,0.4902,810000.0,16106000.0,214000.0
2024-03-28,LT,3764.15,3760.45,3789.85,-3.7,93.7977,0.7818,988200.0,14864700.0,79800.0
2024-03-28,LTIM,4938.35,4937.3,4980.65,-1.05,94.144,0.878,192000.0,2997750.0,88950.0
2024-03-28,LTTS,5482.55,5483.1,5519.7,0.55,96.1288,0.6675,26200.0,631600.0,19000.0
2024-03-28,LUPIN,1616.8,1614.2,1623.5,-2.6,96.3957,0.5761,213350.0,5647400.0,58650.0
2024-03-28,M&M,1921.35,1921.7,1936.75,0.35,93.9207,0.7832,834400.0,12782350.0,108500.0
2024-03-28,M&MFIN,278.8,278.5,280.25,-0.3,94.0787,0.6284,1358000.0,21136000.0,440000.0
2024-03-28,MANAPPURAM,173.15,173.0,174.45,-0.15,97.6502,0.8382,1314000.0,53328000.0,1278000.0
2024-03-28,MARICO,497.2,496.9,499.9,-0.3,95.1407,0.6037,681600.0,13143600.0,201600.0
2024-03-28,MARUTI,12600.65,12579.95,12662.4,-20.7,85.2849,0.6554,419550.0,2318700.0,112900.0
2024-03-28,MCDOWELL-N,1134.25,1133.55,1138.95,-0.7,95.2997,0.4764,328300.0,6623400.0,32900.0
2024-03-28,MCX,3349.55,3345.4,3375.5,-4.15,96.6124,0.8997,125600.0,3290800.0,291200.0
2024-03-28,METROPOLIS,1723.65,1732.05,1662.25,8.4,65.9188,-4.0299,765600.0,1438000.0,42800.0
2024-03-28,MFSL,1002.2,1002.75,1010.45,0.55,98.5028,0.7679,135200.0,8877600.0,17600.0
2024-03-28,MGL,1364.05,1362.75,1373.6,-1.3,90.826,0.7962,240800.0,2300800.0,83200.0
2024-03-28,MOTHERSON,117.1,117.1,118.05,0.0,96.8161,0.8113,5197200.0,156902900.0,1136000.0
2024-03-28,MPHASIS,2388.05,2391.0,2404.9,2.95,94.4921,0.5813,157025.0,2643025.0,50875.0
2024-03-28,MRF,133383.7,133408.2,133631.95,24.5,96.7689,0.1677,1490.0,43840.0,785.0
2024-03-28,MUTHOOTFIN,1480.45,1483.1,1462.2,2.65,90.6628,-1.4092,633050.0,6100050.0,46750.0
2024-03-28,NATIONALUM,152.55,152.6,153.9,0.05,97.731,0.8519,1987500.0,83250000.0,2355000.0
2024-03-28,NAUKRI,5592.0,5585.1,5620.55,-6.9,96.5861,0.6347,42600.0,1191600.0,13650.0
2024-03-28,NAVINFLUOR,3114.3,3104.8,3118.25,-9.5,95.1577,0.4332,79200.0,1528350.0,28050.0
2024-03-28,NESTLEIND,2622.4,2616.2,2631.4,-6.2,98.4965,0.581,82400.0,5365600.0,32400.0
2024-03-28,NMDC,201.75,201.8,203.55,0.05,93.3146,0.8672,6102000.0,83137500.0,2034000.0
2024-03-28,NTPC,335.8,335.7,338.0,-0.1,86.1196,0.6851,14676000.0,89748000.0,1308000.0
2024-03-28,OBEROIRLTY,1475.8,1468.85,1482.5,-6.95,87.3396,0.9293,683900.0,4687900.0,30100.0
2024-03-28,OFSS,8773.9,8769.9,8840.65,-4.0,95.1906,0.8067,66600.0,1299800.0,18400.0
2024-03-28,ONGC,268.05,268.25,269.85,0.2,87.6943,0.5965,11884950.0,83444900.0,1251250.0
2024-03-28,PAGEIND,34450.45,34333.15,34571.25,-117.3,94.3241,0.6935,8295.0,135930.0,1920.0
2024-03-28,PEL,849.35,849.5,856.65,0.15,97.562,0.8417,336750.0,13158000.0,318000.0
2024-03-28,PERSISTENT,3984.6,3988.55,4021.1,3.95,96.5478,0.8161,97600.0,2702200.0,27400.0
2024-03-28,PETRONET,263.2,263.5,264.6,0.3,85.2455,0.4175,5814000.0,32958000.0,633000.0
2024-03-28,PFC,390.25,390.5,393.5,0.25,95.2103,0.7682,4522125.0,83758125.0,6134125.0
2024-03-28,PIDILITIND,3014.7,3012.0,3027.8,-2.7,94.2932,0.5246,114750.0,1877500.0,18500.0
2024-03-28,PIIND,3867.6,3857.8,3884.3,-9.8,97.0002,0.6869,43250.0,1389250.0,9250.0
2024-03-28,PNB,124.4,124.3,125.4,-0.1,90.8668,0.885,21664000.0,210088000.0,5448000.0
2024-03-28,POLYCAB,5065.05,5066.85,5105.9,1.8,95.8329,0.7707,78300.0,1779800.0,20900.0
2024-03-28,POWERGRID,276.9,276.85,278.55,-0.05,87.4041,0.6141,8928000.0,60584400.0,1368000.0
2024-03-28,PVRINOX,1326.25,1327.55,1337.2,1.3,95.4473,0.7269,267399.0,5407402.0,198616.0
2024-03-28,RAMCOCEM,810.55,810.5,817.15,-0.05,89.4236,0.8205,519350.0,4329050.0,62050.0
2024-03-28,RBLBANK,240.3,240.2,242.4,-0.1,97.1232,0.9159,1865000.0,62485000.0,480000.0
2024-03-28,RECLTD,451.0,450.75,454.25,-0.25,96.9325,0.7765,1426000.0,42986000.0,2076000.0
2024-03-28,RELIANCE,2971.85,2972.15,2991.25,0.3,91.9257,0.6426,3428000.0,38764250.0,263500.0
2024-03-28,SAIL,134.25,134.15,135.35,-0.1,94.9449,0.8945,7560000.0,134840000.0,7152000.0
2024-03-28,SBICARD,682.55,683.35,687.4,0.8,94.7619,0.5927,1180800.0,19522400.0,1839200.0
2024-03-28,SBILIFE,1500.25,1502.5,1512.8,2.25,94.4267,0.6855,483750.0,8166750.0,29250.0
2024-03-28,SBIN,752.35,752.1,756.55,-0.25,95.0636,0.5917,4747500.0,88485000.0,2941500.0
2024-03-28,SHREECEM,25683.5,25643.9,25844.7,-39.6,94.1112,0.783,16150.0,256875.0,1225.0
2024-03-28,SHRIRAMFIN,2359.8,2353.3,2371.15,-6.5,96.362,0.7585,238200.0,6274200.0,35100.0
2024-03-28,SIEMENS,5374.05,5361.3,5395.3,-12.75,94.1401,0.6342,71250.0,1118100.0,26550.0
2024-03-28,SRF,2560.2,2555.3,2573.8,-4.9,96.0626,0.724,161250.0,3886125.0,48000.0
2024-03-28,SUNPHARMA,1620.55,1621.5,1632.95,0.95,91.4807,0.7061,1226400.0,13115200.0,53900.0
2024-03-28,SUNTV,600.25,599.4,601.15,-0.85,95.1456,0.292,315000.0,6103500.0,70500.0
2024-03-28,SYNGENE,702.55,701.15,706.95,-1.4,96.2783,0.8272,153000.0,3917000.0,41000.0
2024-03-28,TATACHEM,1080.9,1081.15,1069.15,0.25,78.6391,-1.1099,2940300.0,10390050.0,434500.0
2024-03-28,TATACOMM,2010.4,2005.45,2020.8,-4.95,91.083,0.7654,575500.0,5832500.0,46000.0
2024-03-28,TATACONSUM,1096.2,1097.6,1105.95,1.4,83.4444,0.7608,2347200.0,11736900.0,93600.0
2024-03-28,TATAMOTORS,992.8,993.55,1000.85,0.75,93.8082,0.7347,4062675.0,58882425.0,2669025.0
2024-03-28,TATAPOWER,394.2,394.5,397.3,0.3,97.0196,0.7098,2716875.0,84314250.0,4127625.0
2024-03-28,TATASTEEL,155.85,156.05,157.05,0.2,90.1233,0.6408,31581000.0,261844000.0,26328500.0
2024-03-28,TCS,3876.45,3876.25,3907.3,-0.2,94.5142,0.801,1003975.0,16719500.0,577850.0
2024-03-28,TECHM,1248.2,1246.85,1257.95,-1.35,89.9345,0.8902,1456800.0,12793800.0,222600.0
2024-03-28,TITAN,3801.85,3808.2,3828.9,6.35,85.7761,0.5436,794150.0,4730250.0,58800.0
2024-03-28,TORNTPHARM,2600.6,2602.2,2620.0,1.6,98.3323,0.684,27000.0,1589500.0,2500.0
2024-03-28,TRENT,3948.0,3950.5,3979.55,2.5,95.7276,0.7353,119200.0,2637200.0,33600.0
2024-03-28,TVSMOTOR,2151.85,2154.55,2166.65,2.7,93.5177,0.5616,312550.0,4471250.0,37800.0
2024-03-28,UBL,1735.9,1733.15,1729.45,-2.75,97.5366,-0.2135,57200.0,2257200.0,7600.0
2024-03-28,ULTRACEMCO,9749.1,9743.0,9806.45,-6.1,97.7852,0.6512,44300.0,1941600.0,14300.0
2024-03-28,UPL,456.0,455.9,458.7,-0.1,96.2561,0.6142,1610700.0,39868400.0,1543100.0
2024-03-28,VEDL,271.65,271.2,273.75,-0.45,96.3747,0.9403,4491900.0,118507500.0,903900.0
2024-03-28,VOLTAS,1103.55,1101.45,1106.7,-2.1,95.2185,0.4766,314400.0,6187200.0,73800.0
2024-03-28,WIPRO,480.1,479.9,483.25,-0.2,95.6908,0.6981,2355000.0,50770500.0,1525500.0
2024-03-28,ZEEL,138.55,138.5,140.75,-0.05,91.2716,1.6245,12909000.0,132879000.0,2109000.0
2024-03-28,ZYDUSLIFE,1007.3,1008.8,1016.55,1.5,96.9785,0.7682,243900.0,7789500.0,38700.0
2024-04-25,AARTIIND,753.65,753.6,759.95,-0.05,95.4691,0.8426,621000.0,12541000.0,544000.0
2024-04-25,ABB,6431.8,6435.1,6463.95,3.3,94.5174,0.4483,54250.0,921250.0,14000.0
2024-04-25,ABBOTINDIA,25673.95,25752.65,25943.8,78.7,98.7763,0.7423,2560.0,205720.0,920.0
2024-04-25,ABCAPITAL,229.8,229.75,231.7,-0.05,95.4605,0.8487,2624400.0,53956800.0,1231200.0
2024-04-25,ABFRL,265.0,264.5,267.55,-0.5,90.9992,1.1531,4178200.0,41675400.0,566800.0
2024-04-25,ACC,2579.6,2573.15,2598.0,-6.45,94.435,0.9657,363300.0,6091800.0,73200.0
2024-04-25,ADANIENT,3115.25,3114.8,3141.4,-0.45,97.4969,0.854,369600.0,14201400.0,194400.0
2024-04-25,ADANIPORTS,1330.55,1331.85,1344.5,1.3,98.3162,0.9498,668000.0,37974400.0,1029600.0
2024-04-25,ALKEM,4867.7,4863.1,4896.8,-4.6,96.9607,0.693,30600.0,973400.0,2800.0
2024-04-25,AMBUJACEM,638.35,636.55,643.55,-1.8,97.845,1.0997,1090800.0,49111200.0,415800.0
2024-04-25,APOLLOHOSP,6384.1,6370.35,6424.25,-13.75,95.1554,0.8461,88625.0,1734500.0,6250.0
2024-04-25,APOLLOTYRE,499.2,500.65,495.75,1.45,95.4533,-0.9787,584800.0,12051300.0,226100.0
2024-04-25,ASHOKLEY,177.7,177.55,178.95,-0.15,97.8219,0.7885,2135000.0,93190000.0,2695000.0
2024-04-25,ASIANPAINT,2861.45,2856.85,2869.1,-4.6,94.5468,0.4288,635600.0,10641600.0,378400.0
2024-04-25,ASTRAL,2010.6,2011.35,2028.05,0.75,93.795,0.8303,177261.0,2661117.0,18350.0
2024-04-25,ATUL,5874.85,5878.0,5933.75,3.15,97.1906,0.9485,16275.0,545325.0,17700.0
2024-04-25,AUBANK,608.85,608.7,614.1,-0.15,92.8766,0.8871,1281000.0,16170000.0,532000.0
2024-04-25,AUROPHARMA,1103.4,1105.1,1114.3,1.7,98.3963,0.8325,246400.0,15066700.0,51700.0
2024-04-25,AXISBANK,1127.0,1127.6,1138.0,0.6,93.3115,0.9223,4485000.0,62107500.0,462500.0
2024-04-25,BAJAJ-AUTO,8734.9,8745.05,8819.3,10.15,93.6803,0.8491,155875.0,2282250.0,28375.0
2024-04-25,BAJAJFINSV,1655.55,1654.3,1670.0,-1.25,96.7588,0.949,306000.0,9031500.0,103500.0
2024-04-25,BAJFINANCE,7294.9,7285.3,7345.25,-9.6,97.3047,0.8229,178875.0,6357125.0,100625.0
2024-04-25,BALKRISIND,2390.75,2384.7,2404.1,-6.05,89.9256,0.8135,203100.0,1806000.0,6900.0
2024-04-25,BALRAMCHIN,388.05,388.0,392.35,-0.05,97.4981,1.1211,268800.0,10369600.0,105600.0
2024-04-25,BANDHANBNK,184.6,184.65,186.4,0.05,96.5058,0.9477,3692500.0,98137500.0,3845000.0
2024-04-25,BANKBARODA,268.65,268.6,271.45,-0.05,93.5993,1.0611,10608975.0,153375300.0,1763775.0
2024-04-25,BATAINDIA,1349.45,1346.15,1358.8,-3.3,92.0763,0.9397,321000.0,3531000.0,199125.0
2024-04-25,BEL,237.6,237.7,239.75,0.1,97.5155,0.8624,4029900.0,152326800.0,5842500.0
2024-04-25,BERGEPAINT,505.7,506.5,505.05,0.8,95.7975,-0.2863,638880.0,14061960.0,501600.0
2024-04-25,BHARATFORG,1311.85,1310.55,1323.9,-1.3,96.1261,1.0187,260500.0,6434500.0,29500.0
2024-04-25,BHARTIARTL,1338.65,1335.4,1347.9,-3.25,69.1655,0.936,14325050.0,31989350.0,143450.0
2024-04-25,BHEL,271.6,271.65,274.5,0.05,96.5934,1.0491,2945250.0,81075750.0,2436000.0
2024-04-25,BIOCON,291.65,291.65,294.75,0.0,97.4065,1.0629,1357500.0,49852500.0,1132500.0
2024-04-25,BOSCHLTD,28901.15,28930.65,29187.2,29.5,98.2087,0.8868,6050.0,329500.0,2200.0
2024-04-25,BPCL,603.4,604.7,609.5,1.3,91.8133,0.7938,2286000.0,25106400.0,531000.0
2024-04-25,BRITANNIA,4844.15,4840.4,4871.65,-3.75,86.4532,0.6456,259800.0,1639800.0,18200.0
2024-04-25,BSOFT,659.95,660.1,666.45,0.15,94.3942,0.962,558000.0,9222000.0,174000.0
2024-04-25,CANBK,616.8,617.5,623.3,0.7,97.9302,0.9393,1371600.0,64079100.0,815400.0
2024-04-25,CANFINHOME,745.4,744.45,751.2,-0.95,96.9102,0.9067,187200.0,5783700.0,87750.0
2024-04-25,CHAMBLFERT,408.85,409.05,413.2,0.2,93.8989,1.0145,763800.0,11586200.0,169100.0
2024-04-25,CHOLAFIN,1155.35,1154.4,1166.3,-0.95,98.5139,1.0308,144375.0,9535625.0,35000.0
2024-04-25,CIPLA,1406.2,1404.15,1418.2,-2.05,77.1083,1.0006,2422550.0,8117850.0,42250.0
2024-04-25,COALINDIA,452.45,452.95,456.45,0.5,97.3318,0.7727,1551900.0,55620600.0,991200.0
2024-04-25,COFORGE,5210.45,5197.3,5219.25,-13.15,91.644,0.4223,161400.0,1728150.0,42000.0
2024-04-25,COLPAL,2799.65,2802.8,2803.55,3.15,87.2476,0.0268,455350.0,3109400.0,5950.0
2024-04-25,CONCOR,1004.8,1004.4,1013.0,-0.4,95.1956,0.8562,673000.0,13272000.0,63000.0
2024-04-25,COROMANDEL,1112.0,1110.8,1111.45,-1.2,96.2029,0.0585,89600.0,2259600.0,10500.0
2024-04-25,CROMPTON,309.7,309.9,312.45,0.2,96.2667,0.8228,655200.0,16718400.0,176400.0
2024-04-25,CUB,157.1,156.95,158.7,-0.15,94.2919,1.115,1860000.0,30135000.0,590000.0
2024-04-25,CUMMINSIND,3233.35,3227.9,3245.5,-5.45,94.5197,0.5452,179700.0,3088500.0,10800.0
2024-04-25,DABUR,506.45,505.6,509.8,-0.85,95.063,0.8307,1092500.0,20745000.0,291250.0
2024-04-25,DALBHARAT,1806.4,1797.9,1813.55,-8.5,97.3255,0.8705,90250.0,3196500.0,87750.0
2024-04-25,DEEPAKNTR,2422.75,2426.85,2446.65,4.1,95.7868,0.8159,88200.0,1963800.0,41400.0
2024-04-25,DIVISLAB,3843.75,3840.05,3878.2,-3.7,91.8877,0.9935,242200.0,2717000.0,26400.0
2024-04-25,DIXON,8093.4,8080.0,8143.1,-13.4,95.4302,0.7809,50300.0,1028500.0,21900.0
2024-04-25,DLF,893.8,894.4,902.6,0.6,97.2875,0.9168,1164900.0,41416650.0,364650.0
2024-04-25,DRREDDY,6218.75,6220.5,6240.95,1.75,94.0926,0.3288,123125.0,1951625.0,9500.0
2024-04-25,EICHERMOT,4615.2,4625.9,4635.35,10.7,74.1982,0.2043,933450.0,2658425.0,25900.0
2024-04-25,ESCORTS,3250.6,3245.55,3277.8,-5.05,85.3565,0.9937,241175.0,1393975.0,11825.0
2024-04-25,EXIDEIND,447.4,447.7,451.8,0.3,81.8841,0.9158,3150000.0,13298400.0,939600.0
2024-04-25,FEDERALBNK,155.95,156.1,157.45,0.15,97.8247,0.8648,2600000.0,115230000.0,1695000.0
2024-04-25,GAIL,208.0,208.45,210.05,0.45,97.3814,0.7676,3870450.0,142104075.0,1830000.0
2024-04-25,GLENMARK,1080.3,1079.95,1090.1,-0.35,98.3203,0.9399,208075.0,12116925.0,62350.0
2024-04-25,GMRINFRA,85.15,85.25,86.0,0.1,96.17,0.8798,7683750.0,188280000.0,4657500.0
2024-04-25,GNFC,709.15,709.5,715.65,0.35,91.1824,0.8668,621400.0,6358300.0,67600.0
2024-04-25,GODREJCP,1201.8,1199.35,1209.35,-2.45,94.0078,0.8338,409000.0,6402000.0,14500.0
2024-04-25,GODREJPROP,2571.3,2576.05,2595.65,4.75,95.7232,0.7609,185250.0,4104950.0,41325.0
2024-04-25,GRANULES,417.95,418.2,421.55,0.25,94.8582,0.8011,522000.0,9450000.0,180000.0
2024-04-25,GRASIM,2367.5,2364.75,2387.7,-2.75,94.1516,0.9705,420714.0,6746211.0,26712.0
2024-04-25,GUJGASLTD,543.2,542.1,546.0,-1.1,95.9473,0.7194,261250.0,6032500.0,152500.0
2024-04-25,HAL,4000.7,4008.75,4039.9,8.05,94.6272,0.7771,453600.0,7821300.0,167700.0
2024-04-25,HAVELLS,1560.6,1560.45,1574.05,-0.15,93.6859,0.8715,554000.0,8152000.0,68000.0
2024-04-25,HCLTECH,1504.15,1503.15,1495.85,-1.0,94.2767,-0.4856,952700.0,15551200.0,142100.0
2024-04-25,HDFCAMC,3687.65,3689.85,3719.5,2.2,92.1309,0.8036,228000.0,2566800.0,102600.0
2024-04-25,HDFCBANK,1510.75,1510.55,1503.3,-0.2,96.8981,-0.48,5784350.0,175559450.0,5134800.0
2024-04-25,HDFCLIFE,594.7,594.15,599.45,-0.55,96.2347,0.892,1123100.0,27932300.0,772200.0
2024-04-25,HEROMOTOCO,4497.65,4499.55,4542.9,1.9,87.7674,0.9634,634800.0,4520100.0,34500.0
2024-04-25,HINDALCO,646.8,645.15,651.3,-1.65,91.0195,0.9533,4097800.0,41263600.0,268800.0
2024-04-25,HINDCOPPER,380.8,380.25,384.95,-0.55,76.638,1.236,5480200.0,17389300.0,588300.0
2024-04-25,HINDPETRO,491.2,491.35,496.4,0.15,95.1996,1.0278,1571400.0,30061800.0,1101600.0
2024-04-25,HINDUNILVR,2230.85,2226.5,2249.45,-4.35,93.7766,1.0308,1403400.0,19906200.0,1240800.0
2024-04-25,ICICIBANK,1113.75,1110.8,1119.7,-2.95,96.021,0.8012,3073000.0,73691100.0,466200.0
2024-04-25,ICICIGI,1706.8,1700.7,1717.4,-6.1,83.0463,0.9819,689000.0,3357000.0,18000.0
2024-04-25,ICICIPRULI,564.1,563.7,563.1,-0.4,96.4739,-0.1064,562500.0,15124500.0,265500.0
2024-04-25,IDEA,13.9,13.9,14.1,0.0,86.2423,1.4388,636080000.0,3853120000.0,134240000.0
2024-04-25,IDFC,124.35,124.4,125.55,0.05,95.4917,0.9244,3360000.0,68005000.0,3165000.0
2024-04-25,IDFCFIRSTB,83.4,83.4,83.95,0.0,95.3467,0.6595,16830000.0,327975000.0,16875000.0
2024-04-25,IEX,159.35,159.3,160.9,-0.05,95.114,1.0044,3078750.0,58233750.0,1698750.0
2024-04-25,IGL,453.05,452.95,451.95,-0.1,95.1318,-0.2208,845625.0,15978875.0,545875.0
2024-04-25,INDHOTEL,577.25,577.9,581.1,0.65,97.6132,0.5537,562000.0,22254000.0,730000.0
2024-04-25,INDIACEM,226.6,226.65,229.1,0.05,98.1634,1.081,472700.0,24928400.0,336400.0
2024-04-25,INDIAMART,2658.2,2659.05,2580.55,0.85,87.2325,-2.9522,155700.0,990300.0,73500.0
2024-04-25,INDIGO,3812.6,3802.5,3838.95,-10.1,94.2425,0.9586,280800.0,4541400.0,54900.0
2024-04-25,INDUSINDBK,1496.1,1496.8,1509.75,0.7,95.874,0.8652,1047500.0,24166500.0,174000.0
2024-04-25,INDUSTOWER,351.65,351.7,354.5,0.05,95.5131,0.7961,3621000.0,76289200.0,792200.0
2024-04-25,INFY,1438.45,1435.6,1448.05,-2.85,94.5427,0.8672,2738400.0,44150800.0,3289600.0
2024-04-25,IOC,170.2,170.25,171.9,0.05,97.2133,0.9692,4641000.0,158632500.0,3266250.0
2024-04-25,IPCALAB,1328.45,1325.4,1338.65,-3.05,61.6595,0.9997,1156350.0,1816100.0,43550.0
2024-04-25,IRCTC,1027.8,1027.8,1036.45,0.0,97.1365,0.8416,449750.0,14906500.0,350000.0
2024-04-25,ITC,437.55,437.4,437.65,-0.15,86.6302,0.0572,17384000.0,94635200.0,18004800.0
2024-04-25,JINDALSTEL,942.25,944.7,950.55,2.45,83.5976,0.6192,2767500.0,13950000.0,155000.0
2024-04-25,JKCEMENT,4031.5,4019.15,4053.1,-12.35,89.5541,0.8447,83750.0,717500.0,500.0
2024-04-25,JSWSTEEL,905.8,903.4,911.45,-2.4,89.9741,0.8911,2141775.0,19107900.0,112725.0
2024-04-25,JUBLFOOD,439.0,440.15,443.15,1.15,96.0153,0.6816,766250.0,17530000.0,933750.0
2024-04-25,KOTAKBANK,1642.45,1640.75,1654.7,-1.7,97.3268,0.8502,1339200.0,47542800.0,1216000.0
2024-04-25,LALPATHLAB,2330.65,2336.45,2350.8,5.8,79.706,0.6142,385200.0,1500300.0,12600.0
2024-04-25,LAURUSLABS,425.9,427.15,429.0,1.25,95.2989,0.4331,788800.0,15578800.0,411400.0
2024-04-25,LICHSGFIN,661.25,661.8,668.3,0.55,97.8588,0.9822,742000.0,33410000.0,502000.0
2024-04-25,LT,3652.3,3644.95,3676.25,-7.35,96.6178,0.8587,470100.0,13273200.0,156000.0
2024-04-25,LTF,167.75,167.4,169.5,-0.35,97.0966,1.2545,1534928.0,50893572.0,437276.0
2024-04-25,LTIM,4634.75,4631.15,4679.6,-3.6,94.4697,1.0462,217050.0,3594300.0,113400.0
2024-04-25,LTTS,5182.8,5179.95,5204.1,-2.85,91.6901,0.4662,59200.0,624400.0,28800.0
2024-04-25,LUPIN,1594.4,1595.4,1610.0,1.0,94.8819,0.9151,331500.0,6100450.0,45050.0
2024-04-25,M&M,2096.85,2090.5,2110.6,-6.35,86.6619,0.9615,1707300.0,11025350.0,67550.0
2024-04-25,M&MFIN,257.75,258.25,259.85,0.5,89.8886,0.6196,3920000.0,33434000.0,1414000.0
2024-04-25,MANAPPURAM,194.35,194.55,195.75,0.2,97.333,0.6168,1488000.0,53748000.0,558000.0
2024-04-25,MARICO,510.15,510.15,514.1,0.0,98.1806,0.7743,270000.0,14492400.0,78000.0
2024-04-25,MARUTI,12922.4,12889.75,12998.95,-32.65,88.5766,0.8472,320300.0,2467500.0,16100.0
2024-04-25,MCDOWELL-N,1194.85,1197.7,1206.1,2.85,95.8423,0.7013,459900.0,10563000.0,38500.0
2024-04-25,MCX,4160.85,4158.4,4196.7,-2.45,94.5759,0.921,141200.0,2408400.0,53600.0
2024-04-25,METROPOLIS,1771.5,1774.55,1762.5,3.05,75.7897,-0.679,392400.0,1145600.0,82800.0
2024-04-25,MFSL,1017.75,1017.3,1024.95,-0.45,98.8547,0.752,95200.0,8190400.0,26400.0
2024-04-25,MGL,1449.2,1448.75,1461.55,-0.45,96.1689,0.8835,101600.0,2513600.0,36800.0
2024-04-25,MOTHERSON,127.2,127.25,128.45,0.05,97.801,0.943,3400900.0,149795800.0,1462600.0
2024-04-25,MPHASIS,2229.45,2232.85,2251.25,3.4,97.2973,0.8241,83050.0,2927375.0,62425.0
2024-04-25,MRF,129631.95,129775.65,130708.1,143.7,97.7787,0.7185,1120.0,48680.0,620.0
2024-04-25,MUTHOOTFIN,1655.05,1659.6,1625.7,4.55,80.351,-2.0427,1200650.0,4877400.0,32450.0
2024-04-25,NATIONALUM,188.25,188.3,190.3,0.05,96.1372,1.0621,3555000.0,86677500.0,1800000.0
2024-04-25,NAUKRI,5906.05,5909.7,5960.2,3.65,95.6548,0.8545,63900.0,1396800.0,9900.0
2024-04-25,NAVINFLUOR,3306.85,3312.3,3338.35,5.45,96.742,0.7865,57750.0,1671600.0,43200.0
2024-04-25,NESTLEIND,2562.65,2560.85,2581.1,-1.8,95.462,0.7908,288400.0,6009600.0,57200.0
2024-04-25,NMDC,252.25,252.8,254.85,0.55,86.8131,0.8109,12213000.0,77818500.0,2583000.0
2024-04-25,NTPC,359.15,358.8,362.35,-0.35,86.1904,0.9894,17451000.0,107850000.0,1068000.0
2024-04-25,OBEROIRLTY,1474.15,1474.85,1486.8,0.7,93.4577,0.8103,319200.0,4534600.0,25200.0
2024-04-25,OFSS,7142.85,7143.3,7214.75,0.45,94.092,1.0002,81200.0,1264600.0,28600.0
2024-04-25,ONGC,281.95,281.25,284.1,-0.7,82.9991,1.0133,16058350.0,76826750.0,1570800.0
2024-04-25,PAGEIND,35560.45,35496.05,35511.45,-64.4,95.5359,0.0434,8415.0,175470.0,4620.0
2024-04-25,PEL,907.95,906.6,914.4,-1.35,97.8401,0.8604,265500.0,11862000.0,165000.0
2024-04-25,PERSISTENT,3430.35,3431.65,3462.75,1.3,88.5782,0.9063,462400.0,3499800.0,86200.0
2024-04-25,PETRONET,302.6,302.6,305.25,0.0,97.3649,0.8757,1125000.0,40767000.0,801000.0
2024-04-25,PFC,407.05,407.6,411.05,0.55,97.0865,0.8464,2437375.0,78817500.0,2402500.0
2024-04-25,PIDILITIND,2919.45,2916.2,2946.8,-3.25,97.2675,1.0493,49000.0,1733500.0,10750.0
2024-04-25,PIIND,3756.05,3748.5,3782.75,-7.55,96.9446,0.9137,49750.0,1573250.0,5250.0
2024-04-25,PNB,135.9,136.05,137.3,0.15,97.1242,0.9188,7072000.0,229256000.0,9584000.0
2024-04-25,POLYCAB,5633.05,5624.95,5665.35,-8.1,96.8002,0.7182,58000.0,1738700.0,15900.0
2024-04-25,POWERGRID,293.3,292.6,295.15,-0.7,94.9517,0.8715,3139200.0,58496400.0,547200.0
2024-04-25,PVRINOX,1409.4,1410.05,1422.35,0.65,95.6005,0.8723,195767.0,4124131.0,129833.0
2024-04-25,RAMCOCEM,789.2,787.35,793.85,-1.85,98.2014,0.8256,147900.0,7879500.0,195500.0
2024-04-25,RBLBANK,262.95,263.45,265.75,0.5,97.2557,0.873,1935000.0,68272500.0,302500.0
2024-04-25,RECLTD,451.35,452.05,454.5,0.7,88.7118,0.542,5962000.0,45862000.0,992000.0
2024-04-25,RELIANCE,2919.95,2916.9,2938.4,-3.05,95.2495,0.7371,2045000.0,40520500.0,482250.0
2024-04-25,SAIL,164.95,164.55,166.75,-0.4,95.67,1.337,7368000.0,157520000.0,5272000.0
2024-04-25,SBICARD,758.4,760.3,765.6,1.9,89.0921,0.6971,2390400.0,18952000.0,572000.0
2024-04-25,SBILIFE,1444.45,1442.4,1458.15,-2.05,95.7779,1.0919,421500.0,9524250.0,37500.0
2024-04-25,SBIN,812.7,812.35,810.4,-0.35,86.2538,-0.24,14686500.0,84526500.0,7627500.0
2024-04-25,SHREECEM,23970.8,24019.75,24214.15,48.95,96.9426,0.8093,9650.0,304450.0,1525.0
2024-04-25,SHRIRAMFIN,2491.85,2496.0,2511.0,4.15,97.4576,0.601,185100.0,7059900.0,35400.0
2024-04-25,SIEMENS,5729.55,5738.2,5776.35,8.65,94.7686,0.6648,72900.0,1309200.0,11400.0
2024-04-25,SRF,2638.9,2630.15,2655.65,-8.75,96.8802,0.9695,133125.0,4091625.0,42375.0
2024-04-25,SUNPHARMA,1520.15,1521.9,1529.9,1.75,85.4772,0.5257,2517200.0,14768600.0,46900.0
2024-04-25,SUNTV,634.95,636.05,640.05,1.1,90.4618,0.6289,759000.0,7147500.0,51000.0
2024-04-25,SYNGENE,699.1,700.5,706.55,1.4,94.9512,0.8637,367000.0,6806000.0,96000.0
2024-04-25,TATACHEM,1112.8,1110.85,1117.7,-1.95,95.7875,0.6166,509300.0,10977450.0,603350.0
2024-04-25,TATACOMM,1743.4,1742.45,1760.55,-0.95,95.8728,1.0388,309000.0,7005500.0,172500.0
2024-04-25,TATACONSUM,1106.25,1106.1,1109.95,-0.15,85.1093,0.3481,2177100.0,11340000.0,1103400.0
2024-04-25,TATAMOTORS,1001.25,1001.85,1010.75,0.6,96.3178,0.8884,2275725.0,57547200.0,1980750.0
2024-04-25,TATAPOWER,431.45,431.1,435.5,-0.35,96.9922,1.0206,2959875.0,92323125.0,3125250.0
2024-04-25,TATASTEEL,167.7,167.25,168.85,-0.45,96.0506,0.9567,9922000.0,234976500.0,6330500.0
2024-04-25,TCS,3852.2,3846.05,3853.55,-6.15,94.3996,0.195,849625.0,13994225.0,327075.0
2024-04-25,TECHM,1190.3,1189.35,1201.55,-0.95,95.2772,1.0258,835200.0,16510800.0,338400.0
2024-04-25,TITAN,3571.1,3572.0,3604.25,0.9,94.6179,0.9029,314125.0,5423250.0,99050.0
2024-04-25,TORNTPHARM,2694.3,2696.2,2720.1,1.9,98.5601,0.8864,20000.0,1366000.0,3000.0
2024-04-25,TRENT,4323.15,4315.4,4353.3,-7.75,89.5303,0.8782,447600.0,3769600.0,58000.0
2024-04-25,TVSMOTOR,2005.75,2007.05,2025.75,1.3,95.4414,0.9317,270550.0,5572700.0,91700.0
2024-04-25,UBL,2022.35,2028.9,1992.75,6.55,89.679,-1.7818,340800.0,2918400.0,42800.0
2024-04-25,ULTRACEMCO,9683.75,9678.65,9755.15,-5.1,89.2837,0.7904,270200.0,2211100.0,40100.0
2024-04-25,UPL,505.9,505.1,509.15,-0.8,96.4115,0.8018,1466400.0,38056200.0,1341600.0
2024-04-25,VEDL,381.05,381.55,384.55,0.5,95.9384,0.7863,4209000.0,98460700.0,959100.0
2024-04-25,VOLTAS,1427.4,1427.25,1433.5,-0.15,71.49,0.4379,2028600.0,4953000.0,133800.0
2024-04-25,WIPRO,461.0,461.1,465.0,0.1,96.4954,0.8458,2055000.0,54472500.0,2110500.0
2024-04-25,ZEEL,142.7,142.95,144.15,0.25,97.7765,0.8395,2838000.0,113202000.0,11598000.0
2024-04-25,ZYDUSLIFE,951.25,951.05,958.9,-0.2,96.8786,0.8254,290700.0,8949600.0,72900.0
2024-05-30,AARTIIND,611.05,610.65,616.3,-0.4,93.3478,0.9252,827000.0,11200000.0,405000.0
2024-05-30,ABB,8264.45,8260.4,8313.8,-4.05,90.2798,0.6465,124625.0,1139125.0,18375.0
2024-05-30,ABBOTINDIA,25991.0,25972.4,26117.15,-18.6,97.8668,0.5573,3280.0,148460.0,2020.0
2024-05-30,ABCAPITAL,221.3,220.8,222.65,-0.5,96.5338,0.8379,2273400.0,62251200.0,1063800.0
2024-05-30,ABFRL,292.65,295.05,285.85,2.4,66.261,-3.1181,14417000.0,27825200.0,488800.0
2024-05-30,ACC,2496.95,2492.45,2506.85,-4.5,95.9277,0.5777,198000.0,4621800.0,42300.0
2024-05-30,ADANIENT,3194.2,3188.2,3212.0,-6.0,94.3497,0.7465,854100.0,13994100.0,267900.0
2024-05-30,ADANIPORTS,1383.5,1381.55,1386.75,-1.95,95.7761,0.3764,1736800.0,38691200.0,690400.0
2024-05-30,ALKEM,4946.85,4933.3,4948.65,-13.55,94.4087,0.3112,66100.0,1111700.0,4400.0
2024-05-30,AMBUJACEM,619.1,617.95,621.1,-1.15,97.9937,0.5097,716400.0,34768800.0,223200.0
2024-05-30,APOLLOHOSP,5766.35,5762.9,5813.0,-3.45,88.2641,0.8694,299250.0,2232750.0,17875.0
2024-05-30,APOLLOTYRE,465.8,464.5,468.55,-1.3,82.8832,0.8719,2844100.0,13105300.0,666400.0
2024-05-30,ASHOKLEY,219.75,219.7,221.6,-0.05,94.6069,0.8648,5340000.0,91460000.0,2215000.0
2024-05-30,ASIANPAINT,2883.7,2875.7,2872.3,-8.0,88.6866,-0.1182,1475400.0,11429600.0,136200.0
2024-05-30,ASTRAL,2101.55,2099.1,2113.55,-2.45,95.7823,0.6884,120009.0,2690110.0,35232.0
2024-05-30,ATUL,5680.0,5664.85,5715.15,-15.15,94.9,0.8879,28875.0,509100.0,28200.0
2024-05-30,AUBANK,638.6,636.9,632.1,-1.7,95.9253,-0.7537,779000.0,17936000.0,403000.0
2024-05-30,AUROPHARMA,1200.5,1200.35,1209.9,-0.15,96.6761,0.7956,431200.0,12501500.0,40150.0
2024-05-30,AXISBANK,1168.05,1167.8,1176.8,-0.25,96.4974,0.7707,1863125.0,51143750.0,185625.0
2024-05-30,BAJAJ-AUTO,8968.5,8965.75,8956.1,-2.75,92.3963,-0.1076,177625.0,2144750.0,13650.0
2024-05-30,BAJAJFINSV,1524.1,1519.65,1532.5,-4.45,95.6733,0.8456,525500.0,11419000.0,201000.0
2024-05-30,BAJFINANCE,6616.4,6598.65,6623.0,-17.75,89.1909,0.369,1052250.0,8455125.0,227500.0
2024-05-30,BALKRISIND,3091.2,3094.5,3118.05,3.3,85.3131,0.761,273000.0,1572600.0,13200.0
2024-05-30,BALRAMCHIN,377.6,377.2,380.9,-0.4,94.6365,0.9809,603200.0,10513600.0,129600.0
2024-05-30,BANDHANBNK,186.35,186.2,187.7,-0.15,97.8937,0.8056,2060000.0,91610000.0,4130000.0
2024-05-30,BANKBARODA,262.85,262.55,264.6,-0.3,97.8853,0.7808,3852225.0,175374225.0,2936700.0
2024-05-30,BATAINDIA,1372.2,1370.25,1383.5,-1.95,91.6155,0.967,394500.0,4107375.0,203250.0
2024-05-30,BEL,290.65,290.85,293.3,0.2,93.6679,0.8424,9137100.0,129655050.0,5506200.0
2024-05-30,BERGEPAINT,477.55,477.35,479.65,-0.2,94.665,0.4818,1098240.0,18469440.0,1017720.0
2024-05-30,BHARATFORG,1554.35,1556.2,1567.8,1.85,86.8175,0.7454,781000.0,5066000.0,77500.0
2024-05-30,BHARTIARTL,1377.15,1375.55,1387.0,-1.6,86.3102,0.8324,6045325.0,38004750.0,109250.0
2024-05-30,BHEL,290.75,290.75,293.4,0.0,97.0417,0.9114,2265375.0,71749125.0,2562000.0
2024-05-30,BIOCON,310.85,310.45,313.65,-0.4,94.9725,1.0308,2282500.0,42015000.0,1102500.0
2024-05-30,BOSCHLTD,30610.3,30614.2,30628.05,3.9,86.4723,0.0452,35375.0,223950.0,2175.0
2024-05-30,BPCL,625.75,625.6,630.9,-0.15,92.6004,0.8472,2212200.0,27341100.0,342900.0
2024-05-30,BRITANNIA,5198.55,5196.55,5229.15,-2.0,91.5609,0.6273,203400.0,2201000.0,5800.0
2024-05-30,BSOFT,610.6,611.6,615.5,1.0,79.9188,0.6377,2818000.0,10768000.0,447000.0
2024-05-30,CANBK,115.05,114.95,115.75,-0.1,96.2984,0.696,10320750.0,263979000.0,4522500.0
2024-05-30,CANFINHOME,720.65,720.6,725.8,-0.05,94.9979,0.7216,236925.0,4296825.0,202800.0
2024-05-30,CHAMBLFERT,398.65,397.4,401.1,-1.25,94.2384,0.9311,661200.0,10693200.0,121600.0
2024-05-30,CHOLAFIN,1212.85,1210.7,1220.95,-2.15,92.5286,0.8466,686250.0,8453750.0,45000.0
2024-05-30,CIPLA,1466.6,1462.2,1473.95,-4.4,88.1784,0.8036,1326650.0,9829300.0,66300.0
2024-05-30,COALINDIA,482.15,480.8,484.95,-1.35,92.8898,0.8631,3979500.0,51130800.0,858900.0
2024-05-30,COFORGE,4997.0,4980.8,5027.95,-16.2,80.5607,0.9466,458700.0,1833750.0,67200.0
2024-05-30,COLPAL,2645.35,2642.65,2664.3,-2.7,90.2891,0.8193,320950.0,2972200.0,11900.0
2024-05-30,CONCOR,1066.05,1068.1,1075.3,2.05,66.7382,0.6741,5425000.0,10708000.0,177000.0
2024-05-30,COROMANDEL,1300.2,1297.45,1291.45,-2.75,81.685,-0.4624,455000.0,2012500.0,16800.0
2024-05-30,CROMPTON,391.35,391.75,394.2,0.4,83.6852,0.6254,2503800.0,12636000.0,207000.0
2024-05-30,CUB,142.55,142.4,143.4,-0.15,95.2803,0.7022,1410000.0,27340000.0,1125000.0
2024-05-30,CUMMINSIND,3596.8,3596.0,3625.75,-0.8,97.6407,0.8273,138600.0,5673600.0,62400.0
2024-05-30,DABUR,551.15,550.15,554.35,-1.0,93.6565,0.7634,1266250.0,18543750.0,151250.0
2024-05-30,DALBHARAT,1767.35,1762.5,1770.2,-4.85,95.3483,0.4369,118500.0,2396500.0,32450.0
2024-05-30,DEEPAKNTR,2184.45,2189.75,2203.05,5.3,93.4938,0.6074,158100.0,2165400.0,106500.0
2024-05-30,DIVISLAB,4412.8,4398.55,4436.25,-14.25,76.0204,0.8571,817800.0,2551800.0,40800.0
2024-05-30,DIXON,9308.1,9331.8,9373.6,23.7,90.5634,0.4479,148400.0,1399400.0,24800.0
2024-05-30,DLF,802.05,801.5,809.1,-0.55,93.3587,0.9482,3273600.0,45223200.0,794475.0
2024-05-30,DRREDDY,5873.8,5873.5,5889.45,-0.3,88.6373,0.2716,312375.0,2404625.0,32125.0
2024-05-30,EICHERMOT,4743.05,4743.45,4771.7,0.4,91.4239,0.5956,305025.0,3237675.0,14000.0
2024-05-30,ESCORTS,3848.1,3841.0,3867.95,-7.1,93.9317,0.7016,78650.0,1205050.0,12375.0
2024-05-30,EXIDEIND,497.95,499.05,502.65,1.1,94.6785,0.7214,1166400.0,20268000.0,484200.0
2024-05-30,FEDERALBNK,160.3,160.05,161.2,-0.25,90.4321,0.7185,8835000.0,81565000.0,1940000.0
2024-05-30,GAIL,199.4,199.05,200.65,-0.35,97.9105,0.8038,2928000.0,132377625.0,4826625.0
2024-05-30,GLENMARK,1156.0,1152.7,1161.85,-3.3,96.4723,0.7938,386425.0,10511050.0,56550.0
2024-05-30,GMRINFRA,81.05,80.9,82.3,-0.15,88.4778,1.7305,27675000.0,208372500.0,4140000.0
2024-05-30,GNFC,640.5,639.6,644.5,-0.9,94.7263,0.7661,309400.0,5452200.0,105300.0
2024-05-30,GODREJCP,1273.95,1274.1,1284.95,0.15,94.0857,0.8516,376000.0,5958000.0,23500.0
2024-05-30,GODREJPROP,2721.75,2719.9,2743.95,-1.85,96.3518,0.8842,132050.0,3455150.0,32400.0
2024-05-30,GRANULES,424.8,424.65,429.25,-0.15,92.7779,1.0832,664000.0,8372000.0,158000.0
2024-05-30,GRASIM,2345.2,2345.05,2359.5,-0.15,89.7389,0.6162,870525.0,7596702.0,16500.0
2024-05-30,GUJGASLTD,540.0,540.2,538.55,0.2,93.5928,-0.3054,430000.0,6137500.0,143750.0
2024-05-30,HAL,4976.25,4974.35,5016.0,-1.9,92.3126,0.8373,908100.0,10470600.0,434100.0
2024-05-30,HAVELLS,1860.6,1861.4,1867.9,0.8,92.6634,0.3492,416500.0,5217500.0,43000.0
2024-05-30,HCLTECH,1331.85,1330.4,1339.4,-1.45,93.7517,0.6765,1321250.0,19133450.0,690900.0
2024-05-30,HDFCAMC,3748.75,3752.15,3771.55,3.4,89.7196,0.517,316800.0,2707350.0,57450.0
2024-05-30,HDFCBANK,1514.85,1514.0,1524.6,-0.85,97.2906,0.7001,5546750.0,196878550.0,2293500.0
2024-05-30,HDFCLIFE,550.75,550.4,552.0,-0.35,87.8737,0.2907,6371200.0,45292500.0,876700.0
2024-05-30,HEROMOTOCO,5136.05,5129.35,5167.1,-6.7,87.81,0.736,466650.0,3312600.0,48900.0
2024-05-30,HINDALCO,695.15,693.2,699.4,-1.95,91.8753,0.8944,4923800.0,55375600.0,303800.0
2024-05-30,HINDCOPPER,354.45,354.3,358.9,-0.15,85.1363,1.2983,4293000.0,23600900.0,988450.0
2024-05-30,HINDPETRO,534.45,533.3,537.8,-1.15,95.5443,0.8438,1209600.0,25618950.0,318600.0
2024-05-30,HINDUNILVR,2351.4,2348.25,2343.0,-3.15,91.7275,-0.2236,1658400.0,18171000.0,217800.0
2024-05-30,ICICIBANK,1113.7,1114.1,1121.2,0.4,96.9668,0.6373,2667700.0,84802900.0,478100.0
2024-05-30,ICICIGI,1586.15,1584.75,1591.55,-1.4,95.9733,0.4291,142000.0,3370500.0,14000.0
2024-05-30,ICICIPRULI,548.95,548.85,552.8,-0.1,94.7584,0.7197,805500.0,14395500.0,166500.0
2024-05-30,IDEA,14.6,14.55,14.85,-0.05,78.7321,2.0619,693800000.0,2527040000.0,41360000.0
2024-05-30,IDFC,113.95,113.75,114.7,-0.2,96.7376,0.8352,3095000.0,90255000.0,1520000.0
2024-05-30,IDFCFIRSTB,77.55,77.5,78.25,-0.05,94.5061,0.9677,20385000.0,333675000.0,16987500.0
2024-05-30,IEX,154.3,154.3,154.3,0.0,96.066,0.0,2403750.0,55008750.0,3690000.0
2024-05-30,IGL,456.65,457.85,440.3,1.2,92.7763,-3.8331,1694000.0,20527375.0,1229250.0
2024-05-30,INDHOTEL,557.2,555.15,558.9,-2.05,95.7197,0.6755,818000.0,18073000.0,220000.0
2024-05-30,INDIACEM,204.9,204.65,206.35,-0.25,97.0133,0.8307,777200.0,24913900.0,330600.0
2024-05-30,INDIAMART,2443.45,2445.9,2442.15,2.45,93.9538,-0.1533,84000.0,1221000.0,84300.0
2024-05-30,INDIGO,4162.2,4152.95,4183.7,-9.25,89.6286,0.7404,687000.0,5769600.0,167400.0
2024-05-30,INDUSINDBK,1446.8,1444.25,1455.95,-2.55,93.6098,0.8101,1807500.0,26074500.0,403500.0
2024-05-30,INDUSTOWER,343.75,343.0,345.75,-0.75,91.4569,0.8017,5953400.0,63158400.0,574600.0
2024-05-30,INFY,1427.35,1428.15,1409.2,0.8,94.6359,-1.3269,2723200.0,47232400.0,812000.0
2024-05-30,IOC,161.95,161.7,162.9,-0.25,92.9288,0.7421,12060750.0,154030500.0,4470375.0
2024-05-30,IPCALAB,1249.4,1246.5,1254.45,-2.9,94.308,0.6378,132600.0,2181400.0,15600.0
2024-05-30,IRCTC,1025.35,1025.75,1033.35,0.4,95.3452,0.7409,787500.0,15662500.0,468125.0
2024-05-30,ITC,423.85,423.7,419.8,-0.15,96.2122,-0.9205,4414400.0,109886400.0,2241600.0
2024-05-30,JINDALSTEL,1031.15,1032.25,1039.65,1.1,93.1889,0.7169,797500.0,10830625.0,80625.0
2024-05-30,JKCEMENT,3901.5,3897.55,3923.35,-3.95,94.3654,0.662,25250.0,414875.0,8000.0
2024-05-30,JSWSTEEL,883.7,880.9,888.65,-2.8,88.1485,0.8798,2055375.0,15182100.0,105300.0
2024-05-30,JUBLFOOD,503.15,502.4,498.95,-0.75,93.7604,-0.6867,1500000.0,21673750.0,866250.0
2024-05-30,KOTAKBANK,1690.1,1687.05,1700.6,-3.05,92.3084,0.8032,3567200.0,42278400.0,532400.0
2024-05-30,LALPATHLAB,2627.35,2633.75,2637.1,6.4,65.655,0.1272,526200.0,996900.0,9000.0
2024-05-30,LAURUSLABS,427.85,426.8,430.4,-1.05,93.6683,0.8435,790500.0,11327100.0,367200.0
2024-05-30,LICHSGFIN,631.3,629.45,634.65,-1.85,95.9649,0.8261,1070000.0,25187000.0,260000.0
2024-05-30,LT,3634.7,3633.2,3636.05,-1.5,90.884,0.0784,1429200.0,14054550.0,194250.0
2024-05-30,LTF,153.15,153.0,151.75,-0.15,94.8861,-0.817,2405018.0,43517886.0,1106576.0
2024-05-30,LTIM,4772.8,4760.55,4751.0,-12.25,97.317,-0.2006,96300.0,3392700.0,100200.0
2024-05-30,LTTS,4549.6,4535.35,4473.6,-14.25,95.4578,-1.3615,83600.0,1648000.0,108900.0
2024-05-30,LUPIN,1579.4,1578.6,1589.6,-0.8,94.4153,0.6968,393125.0,6499525.0,146625.0
2024-05-30,M&M,2493.5,2495.95,2512.15,2.45,82.8115,0.6491,2615200.0,12526150.0,73500.0
2024-05-30,M&MFIN,263.15,262.7,260.75,-0.45,94.5971,-0.7423,1616000.0,27576000.0,718000.0
2024-05-30,MANAPPURAM,167.95,167.55,167.9,-0.4,95.3977,0.2089,2208000.0,44700000.0,1068000.0
2024-05-30,MARICO,597.25,598.4,598.85,1.15,55.5039,0.0752,8047200.0,9970800.0,67200.0
2024-05-30,MARUTI,12597.95,12588.6,12692.8,-9.35,82.233,0.8277,456950.0,2106100.0,8850.0
2024-05-30,MCDOWELL-N,1171.35,1173.1,1179.0,1.75,60.7492,0.5029,4972800.0,7590100.0,106400.0
2024-05-30,MCX,3606.1,3606.7,3634.0,0.6,94.5342,0.7569,148800.0,2480600.0,93000.0
2024-05-30,METROPOLIS,1920.35,1923.85,1929.6,3.5,85.3523,0.2989,148000.0,839200.0,23200.0
2024-05-30,MFSL,926.7,922.5,931.65,-4.2,89.3724,0.9919,879200.0,7372000.0,21600.0
2024-05-30,MGL,1280.9,1279.6,1287.05,-1.3,95.5767,0.5822,113200.0,2405600.0,40400.0
2024-05-30,MOTHERSON,151.7,151.3,152.15,-0.4,90.9675,0.5618,13071100.0,129326500.0,2314600.0
2024-05-30,MPHASIS,2312.75,2308.3,2326.15,-4.45,92.2182,0.7733,182050.0,2101000.0,56375.0
2024-05-30,MRF,125467.0,125510.1,126324.2,43.1,91.6723,0.6486,4295.0,46585.0,695.0
2024-05-30,MUTHOOTFIN,1674.0,1674.75,1661.5,0.75,80.9295,-0.7912,1071950.0,4498450.0,50600.0
2024-05-30,NATIONALUM,189.5,189.65,191.35,0.15,97.9442,0.8964,1680000.0,78337500.0,1702500.0
2024-05-30,NAUKRI,5755.45,5757.4,5803.65,1.95,95.2486,0.8033,74100.0,1467150.0,18300.0
2024-05-30,NAVINFLUOR,3231.15,3226.8,3251.3,-4.35,93.1672,0.7593,124650.0,1671300.0,28350.0
2024-05-30,NESTLEIND,2404.8,2401.55,2418.6,-3.25,97.2656,0.71,175600.0,6172000.0,74200.0
2024-05-30,NMDC,249.45,249.35,251.45,-0.1,95.1087,0.8422,4018500.0,76018500.0,2119500.0
2024-05-30,NTPC,359.7,359.9,362.3,0.2,95.5211,0.6669,4821000.0,101803500.0,1012500.0
2024-05-30,OBEROIRLTY,1810.45,1816.0,1823.5,5.55,84.2601,0.413,923300.0,4909800.0,32900.0
2024-05-30,OFSS,7421.5,7407.2,7474.65,-14.3,93.6219,0.9106,47600.0,689100.0,9600.0
2024-05-30,ONGC,266.7,266.1,268.5,-0.6,92.3105,0.9019,6904975.0,81618075.0,1274350.0
2024-05-30,PAGEIND,37965.05,38084.4,36573.9,119.35,82.3839,-3.9662,43230.0,197775.0,4395.0
2024-05-30,PEL,800.0,800.05,804.75,0.05,67.907,0.5875,5621250.0,11622750.0,271500.0
2024-05-30,PERSISTENT,3517.05,3513.2,3538.6,-3.85,96.3674,0.723,85200.0,2206800.0,53400.0
2024-05-30,PETRONET,293.85,293.1,295.35,-0.75,95.9237,0.7677,1935000.0,44595000.0,939000.0
2024-05-30,PFC,500.45,502.35,505.2,1.9,92.8934,0.5673,5281625.0,67816375.0,1222000.0
2024-05-30,PIDILITIND,2998.8,2994.55,3013.0,-4.25,95.2678,0.6161,89000.0,1782000.0,9750.0
2024-05-30,PIIND,3557.65,3549.35,3573.25,-8.3,95.7869,0.6734,61500.0,1382500.0,15750.0
2024-05-30,PNB,127.45,127.55,127.05,0.1,94.1434,-0.392,16456000.0,255912000.0,8616000.0
2024-05-30,POLYCAB,6714.0,6721.45,6756.2,7.45,90.4535,0.517,180600.0,1667700.0,43500.0
2024-05-30,POWERGRID,306.7,306.45,308.75,-0.25,95.6239,0.7505,3146400.0,67658400.0,1094400.0
2024-05-30,PVRINOX,1312.75,1310.15,1323.0,-2.6,89.3041,0.9808,540496.0,4269023.0,243793.0
2024-05-30,RAMCOCEM,745.45,744.1,749.45,-1.35,97.623,0.719,216750.0,8680200.0,221850.0
2024-05-30,RBLBANK,242.5,242.65,244.5,0.15,96.0779,0.7624,2085000.0,50655000.0,420000.0
2024-05-30,RECLTD,547.75,548.0,552.1,0.25,91.6952,0.7482,4366000.0,46818000.0,1388000.0
2024-05-30,RELIANCE,2849.7,2846.3,2868.95,-3.4,97.9097,0.7958,889000.0,41279750.0,361250.0
2024-05-30,SAIL,157.75,157.65,159.05,-0.1,98.0797,0.888,3504000.0,175660000.0,3304000.0
2024-05-30,SBICARD,694.05,693.6,693.55,-0.45,95.9717,-0.0072,865600.0,19312800.0,1309600.0
2024-05-30,SBILIFE,1380.05,1376.55,1388.4,-3.5,95.8961,0.8608,422250.0,9825375.0,41250.0
2024-05-30,SBIN,825.85,825.25,831.05,-0.6,88.3985,0.7028,10659750.0,79972500.0,1250250.0
2024-05-30,SHREECEM,25062.2,24979.35,25171.95,-82.85,94.4353,0.771,18550.0,313000.0,1800.0
2024-05-30,SHRIRAMFIN,2302.7,2300.75,2316.65,-1.95,96.4784,0.6911,228900.0,6220200.0,50700.0
2024-05-30,SIEMENS,6984.35,6997.85,7048.5,13.5,92.8504,0.7238,113700.0,1456350.0,20250.0
2024-05-30,SRF,2223.05,2215.85,2236.25,-7.2,90.3984,0.9206,473625.0,4340625.0,118500.0
2024-05-30,SUNPHARMA,1459.1,1461.4,1468.85,2.3,86.9934,0.5098,2560950.0,17049200.0,79450.0
2024-05-30,SUNTV,670.25,671.8,666.7,1.55,53.6301,-0.7592,3937500.0,4501500.0,52500.0
2024-05-30,SYNGENE,675.95,674.35,679.85,-1.6,96.2321,0.8156,200000.0,5054000.0,54000.0
2024-05-30,TATACHEM,1043.55,1044.3,1034.3,0.75,90.8596,-0.9576,942150.0,8952900.0,412500.0
2024-05-30,TATACOMM,1762.7,1759.6,1762.5,-3.1,87.0472,0.1648,894000.0,5929000.0,79000.0
2024-05-30,TATACONSUM,1067.2,1064.35,1073.25,-2.85,95.1539,0.8362,601650.0,11722050.0,91350.0
2024-05-30,TATAMOTORS,923.95,923.35,924.75,-0.6,93.7075,0.1516,5222625.0,75520725.0,2254450.0
2024-05-30,TATAPOWER,425.35,425.5,428.75,0.15,83.9172,0.7638,15066000.0,76639500.0,1972350.0
2024-05-30,TATASTEEL,164.15,164.2,165.45,0.05,95.1879,0.7613,12243000.0,237105000.0,5071000.0
2024-05-30,TCS,3736.1,3732.25,3761.65,-3.85,96.5041,0.7877,567000.0,15457050.0,194775.0
2024-05-30,TECHM,1240.85,1239.35,1247.4,-1.5,94.938,0.6495,909000.0,16861200.0,187200.0
2024-05-30,TITAN,3271.8,3268.15,3292.8,-3.65,93.7978,0.7542,496825.0,7387975.0,125650.0
2024-05-30,TORNTPHARM,2658.05,2655.35,2675.6,-2.7,95.3779,0.7626,66500.0,1365500.0,6750.0
2024-05-30,TRENT,4651.35,4641.9,4678.85,-9.45,96.7175,0.796,106800.0,3104400.0,42400.0
2024-05-30,TVSMOTOR,2230.8,2227.15,2244.2,-3.65,93.9553,0.7656,387100.0,5972050.0,44800.0
2024-05-30,UBL,1840.85,1836.25,1838.35,-4.6,79.1203,0.1144,480400.0,1792000.0,28400.0
2024-05-30,ULTRACEMCO,9868.85,9859.25,9924.75,-9.6,93.8113,0.6644,135600.0,2039700.0,15800.0
2024-05-30,UPL,506.1,505.65,509.95,-0.45,96.2618,0.8504,1341600.0,33268300.0,1279200.0
2024-05-30,VEDL,440.8,439.85,443.45,-0.95,92.7632,0.8185,7109300.0,90079500.0,1048800.0
2024-05-30,VOLTAS,1350.5,1353.6,1359.95,3.1,90.039,0.4691,689400.0,6129000.0,102600.0
2024-05-30,WIPRO,436.95,436.15,439.3,-0.8,94.9149,0.7222,3496500.0,62262000.0,3001500.0
2024-05-30,ZEEL,152.1,152.2,153.45,0.1,97.933,0.8213,2772000.0,131334000.0,0.0
2024-05-30,ZYDUSLIFE,1023.95,1024.25,1032.65,0.3,93.4586,0.8201,811800.0,11497500.0,100800.0
2024-06-27,AARTIIND,687.2,686.95,692.05,-0.25,95.0036,0.7424,617000.0,11548000.0,184000.0
2024-06-27,ABB,8642.9,8601.7,8665.0,-41.2,94.0854,0.7359,89125.0,1396375.0,21375.0
2024-06-27,ABBOTINDIA,27376.95,27396.3,27141.9,19.35,98.2292,-0.9286,2800.0,154620.0,700.0
2024-06-27,ABCAPITAL,235.35,235.2,237.1,-0.15,95.6789,0.8078,2921400.0,63822600.0,864000.0
2024-06-27,ABFRL,318.45,318.05,320.65,-0.4,95.4137,0.8175,1723800.0,35258600.0,603200.0
2024-06-27,ACC,2637.0,2638.55,2652.5,1.55,97.0433,0.5287,148200.0,4831200.0,33000.0
2024-06-27,ADANIENT,3175.15,3173.2,3197.4,-1.95,95.4722,0.7626,753900.0,15242100.0,654300.0
2024-06-27,ADANIPORTS,1485.45,1481.85,1488.35,-3.6,93.2873,0.4386,2105600.0,28697200.0,564800.0
2024-06-27,ALKEM,4923.55,4946.25,4959.65,22.7,88.1754,0.2709,190400.0,1412000.0,7800.0
2024-06-27,AMBUJACEM,660.65,660.35,664.55,-0.3,97.23,0.636,1073700.0,37381500.0,306900.0
2024-06-27,APOLLOHOSP,6192.5,6179.6,6216.6,-12.9,87.7764,0.5987,277750.0,1979875.0,14625.0
2024-06-27,APOLLOTYRE,517.55,518.9,515.5,1.35,92.841,-0.6552,1133900.0,14490800.0,214200.0
2024-06-27,ASHOKLEY,242.14,241.85,243.65,-0.29,85.4226,0.7443,12245000.0,70530000.0,1225000.0
2024-06-27,ASIANPAINT,2880.85,2875.9,2888.5,-4.95,95.1866,0.4381,606400.0,11765600.0,226200.0
2024-06-27,ASTRAL,2417.75,2412.1,2400.95,-5.65,92.4178,-0.4623,215796.0,2607168.0,23121.0
2024-06-27,ATUL,6336.85,6322.4,6365.7,-14.45,96.0041,0.6849,23475.0,544500.0,19500.0
2024-06-27,AUBANK,666.1,667.15,665.9,1.05,86.2231,-0.1874,3578000.0,21770000.0,623000.0
2024-06-27,AUROPHARMA,1188.25,1189.3,1197.15,1.05,96.8815,0.6601,419100.0,12977250.0,42900.0
2024-06-27,AXISBANK,1288.95,1285.7,1293.7,-3.25,89.7228,0.6222,5023750.0,43476250.0,382500.0
2024-06-27,BAJAJ-AUTO,9417.45,9430.8,9484.0,13.35,88.3334,0.5641,265500.0,1994850.0,15375.0
2024-06-27,BAJAJFINSV,1603.1,1601.8,1613.1,-1.3,95.9922,0.7055,526000.0,12472000.0,126500.0
2024-06-27,BAJFINANCE,7166.75,7161.85,7207.05,-4.9,97.994,0.6311,164500.0,7899750.0,136000.0
2024-06-27,BALKRISIND,3199.75,3210.85,3219.6,11.1,79.0832,0.2725,479100.0,1799700.0,11700.0
2024-06-27,BALRAMCHIN,428.9,428.1,431.5,-0.8,94.6331,0.7942,536000.0,9195200.0,256000.0
2024-06-27,BANDHANBNK,200.3,200.25,201.8,-0.05,95.3746,0.774,4677500.0,91109200.0,5339600.0
2024-06-27,BANKBARODA,279.85,279.85,281.9,0.0,96.4352,0.7325,5633550.0,151295625.0,1102725.0
2024-06-27,BATAINDIA,1441.1,1441.8,1451.15,0.7,95.1672,0.6485,174000.0,3217125.0,209250.0
2024-06-27,BEL,304.5,304.5,306.7,0.0,95.9717,0.7225,6150300.0,138948900.0,7578150.0
2024-06-27,BERGEPAINT,501.8,500.15,502.95,-1.65,85.6955,0.5598,3303960.0,19124160.0,669240.0
2024-06-27,BHARATFORG,1680.55,1681.2,1686.85,0.65,94.2659,0.3361,392500.0,6378500.0,74000.0
2024-06-27,BHARTIARTL,1475.75,1470.45,1481.1,-5.3,84.1537,0.7243,8864450.0,45795225.0,1280600.0
2024-06-27,BHEL,296.95,297.2,299.2,0.25,97.7793,0.6729,1821750.0,77203875.0,3010875.0
2024-06-27,BIOCON,346.15,345.9,348.05,-0.25,98.4313,0.6216,815000.0,50202500.0,937500.0
2024-06-27,BOSCHLTD,34752.3,34859.85,33492.3,107.55,93.6219,-3.923,20225.0,292925.0,3950.0
2024-06-27,BPCL,304.85,304.35,305.35,-0.5,91.6687,0.3286,6120000.0,65615400.0,1722600.0
2024-06-27,BRITANNIA,5430.3,5425.05,5464.0,-5.25,97.8604,0.718,56600.0,2542800.0,46000.0
2024-06-27,BSOFT,686.9,688.05,691.4,1.15,86.8619,0.4869,2149000.0,13892000.0,316000.0
2024-06-27,CANBK,118.11,118.05,119.0,-0.06,96.0898,0.8047,9936000.0,238518000.0,5649750.0
2024-06-27,CANFINHOME,910.85,912.1,912.2,1.25,90.8727,0.011,511875.0,5043675.0,52650.0
2024-06-27,CHAMBLFERT,498.75,497.55,501.55,-1.2,76.1967,0.8039,2418700.0,7573400.0,169100.0
2024-06-27,CHOLAFIN,1438.2,1441.7,1443.55,3.5,86.8282,0.1283,1263750.0,8280000.0,50625.0
2024-06-27,CIPLA,1480.9,1482.65,1491.4,1.75,80.0138,0.5902,2456350.0,9735050.0,98800.0
2024-06-27,COALINDIA,467.05,467.05,470.35,0.0,95.1536,0.7066,2948400.0,55637400.0,2251200.0
2024-06-27,COFORGE,5439.0,5436.1,5468.05,-2.9,95.0995,0.5877,107850.0,2025150.0,67800.0
2024-06-27,COLPAL,2840.75,2842.55,2862.25,1.8,96.0937,0.693,117950.0,2891350.0,10150.0
2024-06-27,CONCOR,1048.0,1047.45,1055.95,-0.55,88.4228,0.8115,1576000.0,11793000.0,244000.0
2024-06-27,COROMANDEL,1561.8,1567.35,1542.25,5.55,83.3307,-1.6014,744800.0,3597300.0,126000.0
2024-06-27,CROMPTON,417.55,417.75,417.55,0.2,98.2898,-0.0479,343800.0,19548000.0,210600.0
2024-06-27,CUB,167.22,167.35,168.5,0.13,93.9782,0.6872,1410000.0,20840000.0,1165000.0
2024-06-27,CUMMINSIND,4104.15,4100.05,4044.05,-4.1,94.6847,-1.3658,234900.0,4155000.0,29400.0
2024-06-27,DABUR,599.3,600.0,601.1,0.7,75.8071,0.1833,5386250.0,16708750.0,168750.0
2024-06-27,DALBHARAT,1792.2,1792.3,1805.3,0.1,97.5157,0.7253,95000.0,3620650.0,108350.0
2024-06-27,DEEPAKNTR,2513.25,2507.25,2523.7,-6.0,82.1443,0.6561,388200.0,1726800.0,59100.0
2024-06-27,DIVISLAB,4522.35,4521.4,4550.8,-0.95,94.7402,0.6502,114800.0,2037200.0,30600.0
2024-06-27,DIXON,11761.1,11760.4,11778.65,-0.7,92.6254,0.1552,128400.0,1578700.0,34000.0
2024-06-27,DLF,816.75,817.2,822.8,0.45,97.7231,0.6853,1061775.0,43852875.0,1716825.0
2024-06-27,DRREDDY,6235.9,6247.7,6226.55,11.8,90.7927,-0.3385,276875.0,2706875.0,23375.0
2024-06-27,EICHERMOT,4713.8,4726.3,4743.55,12.5,76.6765,0.365,954975.0,3114475.0,25025.0
2024-06-27,ESCORTS,4146.0,4156.7,4162.4,10.7,94.4686,0.1371,73425.0,1230900.0,23100.0
2024-06-27,EXIDEIND,566.25,565.2,567.95,-1.05,92.8767,0.4866,1776600.0,22550400.0,613800.0
2024-06-27,FEDERALBNK,177.02,177.2,178.2,0.18,93.6867,0.5643,5855000.0,85250000.0,1635000.0
2024-06-27,GAIL,217.95,217.95,219.5,0.0,96.3842,0.7112,4872375.0,127139250.0,2740425.0
2024-06-27,GLENMARK,1220.75,1220.5,1227.0,-0.25,93.0492,0.5326,631475.0,8416525.0,36975.0
2024-06-27,GMRINFRA,99.24,99.05,99.65,-0.19,93.605,0.6058,14355000.0,206403750.0,3712500.0
2024-06-27,GNFC,672.3,671.05,679.95,-1.25,54.2531,1.3263,2607800.0,2966600.0,126100.0
2024-06-27,GODREJCP,1362.0,1364.1,1372.05,2.1,96.3341,0.5828,222500.0,5820000.0,27000.0
2024-06-27,GODREJPROP,3110.5,3098.9,3120.35,-11.6,95.2506,0.6922,165300.0,3273075.0,42075.0
2024-06-27,GRANULES,498.6,499.65,501.95,1.05,89.7603,0.4603,1034000.0,8932000.0,132000.0
2024-06-27,GRASIM,2637.6,2640.15,2646.7,2.55,52.8564,0.2481,7562358.0,7137000.0,1341750.0
2024-06-27,GUJGASLTD,627.05,627.35,610.45,0.3,89.7473,-2.6939,968750.0,8187500.0,292500.0
2024-06-27,HAL,5281.5,5279.1,5319.6,-2.4,89.6773,0.7672,1425900.0,12020700.0,366600.0
2024-06-27,HAVELLS,1852.85,1856.45,1866.5,3.6,96.4561,0.5414,262500.0,7055500.0,89000.0
2024-06-27,HCLTECH,1454.95,1456.7,1450.7,1.75,88.6927,-0.4119,2409050.0,18683350.0,212800.0
2024-06-27,HDFCAMC,4043.95,4041.9,4069.7,-2.05,96.4217,0.6878,98250.0,2621700.0,25800.0
2024-06-27,HDFCBANK,1696.15,1699.85,1706.7,3.7,84.4598,0.403,25297250.0,135538150.0,1950850.0
2024-06-27,HDFCLIFE,593.25,592.15,595.7,-1.1,87.8745,0.5995,4936800.0,35097700.0,679800.0
2024-06-27,HEROMOTOCO,5485.2,5486.35,5523.85,1.15,92.945,0.6835,280500.0,3628200.0,67200.0
2024-06-27,HINDALCO,685.25,683.65,688.6,-1.6,94.3808,0.7241,2417800.0,40255600.0,354200.0
2024-06-27,HINDCOPPER,319.65,319.05,321.4,-0.6,96.5681,0.7366,1224300.0,32809650.0,1640350.0
2024-06-27,HINDPETRO,332.75,334.45,335.7,1.7,94.4364,0.3737,2804625.0,45556425.0,2049300.0
2024-06-27,HINDUNILVR,2462.15,2461.95,2479.4,-0.2,91.6472,0.7088,1674300.0,18106200.0,264300.0
2024-06-27,ICICIBANK,1219.9,1216.45,1222.65,-3.45,90.0068,0.5097,9023700.0,52696000.0,28578900.0
2024-06-27,ICICIGI,1793.45,1794.3,1805.3,0.85,93.5072,0.6131,292500.0,4170500.0,42000.0
2024-06-27,ICICIPRULI,599.65,600.7,603.9,1.05,91.7969,0.5327,1102500.0,12250500.0,87000.0
2024-06-27,IDEA,18.52,18.5,18.7,-0.02,97.9066,1.0811,87920000.0,3976320000.0,135720000.0
2024-06-27,IDFC,122.12,122.15,123.0,0.03,97.4491,0.6959,2620000.0,98305000.0,1785000.0
2024-06-27,IDFCFIRSTB,82.2,82.25,82.8,0.05,95.7314,0.6687,15622500.0,333127500.0,17235000.0
2024-06-27,IEX,179.83,179.45,181.0,-0.38,95.4978,0.8638,3408750.0,70522500.0,1781250.0
2024-06-27,IGL,482.6,482.4,485.85,-0.2,92.7448,0.7152,1141250.0,14300000.0,288750.0
2024-06-27,INDHOTEL,624.4,625.7,628.95,1.3,96.1195,0.5194,709000.0,17335000.0,227000.0
2024-06-27,INDIACEM,293.23,293.75,290.25,0.52,80.6993,-1.1915,3137800.0,12823800.0,295800.0
2024-06-27,INDIAMART,2687.95,2687.85,2635.5,-0.1,91.3587,-1.9477,97500.0,994800.0,36000.0
2024-06-27,INDIGO,4221.65,4208.65,4241.4,-13.0,93.9995,0.7782,552300.0,8462700.0,189300.0
2024-06-27,INDUSINDBK,1502.75,1501.35,1493.6,-1.4,95.0503,-0.5162,1330500.0,25313500.0,236500.0
2024-06-27,INDUSTOWER,365.15,363.35,367.95,-1.8,76.4633,1.266,29532400.0,94955200.0,986000.0
2024-06-27,INFY,1573.35,1569.15,1579.4,-4.2,87.063,0.6532,7364800.0,49048400.0,515200.0
2024-06-27,IOC,163.58,163.7,164.75,0.12,96.8976,0.6414,4875000.0,146825250.0,5435625.0
2024-06-27,IPCALAB,1088.15,1088.35,1095.75,0.2,96.5192,0.6799,115050.0,3099200.0,91000.0
2024-06-27,IRCTC,991.25,991.0,998.25,-0.25,95.2036,0.7316,985250.0,18856250.0,700000.0
2024-06-27,ITC,425.6,424.55,427.25,-1.05,92.5299,0.636,8804800.0,106252800.0,2809600.0
2024-06-27,JINDALSTEL,1047.35,1047.6,1054.8,0.25,92.0112,0.6873,1014375.0,11603750.0,79375.0
2024-06-27,JKCEMENT,4508.15,4514.75,4504.6,6.6,95.3542,-0.2248,22875.0,465250.0,4250.0
2024-06-27,JSWSTEEL,943.15,941.2,940.3,-1.95,92.3316,-0.0956,1314900.0,15766650.0,65475.0
2024-06-27,JUBLFOOD,552.35,553.95,552.9,1.6,93.3736,-0.1895,1482500.0,19976250.0,913750.0
2024-06-27,KOTAKBANK,1830.55,1827.8,1835.4,-2.75,90.3742,0.4158,3586000.0,33365200.0,302800.0
2024-06-27,LALPATHLAB,2748.0,2742.6,2758.65,-5.4,77.2983,0.5852,303000.0,1021500.0,10200.0
2024-06-27,LAURUSLABS,423.5,423.3,426.1,-0.2,97.234,0.6615,442000.0,15189500.0,348500.0
2024-06-27,LICHSGFIN,787.6,790.2,793.6,2.6,94.0081,0.4303,1856000.0,28825000.0,294000.0
2024-06-27,LT,3564.4,3564.45,3587.3,0.05,97.0038,0.6411,500550.0,15946200.0,259200.0
2024-06-27,LTF,179.26,179.35,180.7,0.09,96.8624,0.7527,2231000.0,66974620.0,1900812.0
2024-06-27,LTIM,5376.8,5359.25,5399.25,-17.55,92.1064,0.7464,311250.0,3576150.0,55650.0
2024-06-27,LTTS,4894.55,4907.2,4885.75,12.65,82.5601,-0.4371,260500.0,1183700.0,49500.0
2024-06-27,LUPIN,1583.4,1584.9,1587.7,1.5,87.4582,0.1767,1003850.0,6523325.0,476850.0
2024-06-27,M&M,2888.95,2889.85,2875.1,0.9,87.6019,-0.5104,1969100.0,13749400.0,163800.0
2024-06-27,M&MFIN,300.65,301.5,296.95,0.85,92.6129,-1.5091,2726000.0,33348000.0,828000.0
2024-06-27,MANAPPURAM,210.97,210.55,212.1,-0.42,95.6195,0.7362,2259000.0,48591000.0,720000.0
2024-06-27,MARICO,611.65,611.6,616.1,-0.05,88.3311,0.7358,2002800.0,15055200.0,105600.0
2024-06-27,MARUTI,12178.75,12181.95,12217.65,3.2,93.1888,0.2931,224750.0,3000750.0,74200.0
2024-06-27,MCX,3862.5,3870.95,3891.5,8.45,94.0649,0.5309,165600.0,2595800.0,28800.0
2024-06-27,METROPOLIS,1937.05,1937.1,1948.95,0.05,63.9702,0.6117,620000.0,1066400.0,34400.0
2024-06-27,MFSL,972.1,970.85,978.0,-1.25,96.0415,0.7365,210400.0,5088000.0,16800.0
2024-06-27,MGL,1503.35,1500.6,1510.8,-2.75,87.3081,0.6797,211600.0,1415200.0,40400.0
2024-06-27,MOTHERSON,198.55,198.4,194.25,-0.15,91.938,-2.0917,10003900.0,111015600.0,3067200.0
2024-06-27,MPHASIS,2442.05,2439.4,2458.85,-2.65,87.8626,0.7973,629475.0,4486900.0,69850.0
2024-06-27,MRF,125209.05,125171.15,126110.15,-37.9,97.1291,0.7502,1695.0,56370.0,975.0
2024-06-27,MUTHOOTFIN,1829.3,1826.35,1839.8,-2.95,74.7236,0.7364,1408550.0,4139300.0,24750.0
2024-06-27,NATIONALUM,185.11,185.25,186.2,0.14,96.186,0.5128,2688750.0,65947500.0,1860000.0
2024-06-27,NAUKRI,6733.65,6726.2,6772.6,-7.45,96.0514,0.6898,51150.0,1237350.0,6900.0
2024-06-27,NAVINFLUOR,3613.85,3611.5,3639.65,-2.35,94.9479,0.7795,75750.0,1394750.0,28875.0
2024-06-27,NESTLEIND,2533.75,2528.65,2533.8,-5.1,95.1211,0.2037,299400.0,5801800.0,35400.0
2024-06-27,NMDC,245.5,245.75,247.4,0.25,96.5138,0.6714,3109500.0,83218500.0,2866500.0
2024-06-27,NTPC,377.15,376.0,378.3,-1.15,90.6817,0.6117,9459000.0,90676500.0,1374000.0
2024-06-27,OBEROIRLTY,1759.3,1760.35,1772.6,1.05,95.3678,0.6959,366800.0,7495600.0,56000.0
2024-06-27,OFSS,9855.15,9841.8,9885.05,-13.35,90.2039,0.4395,136900.0,1242300.0,18300.0
2024-06-27,ONGC,267.5,267.2,269.05,-0.3,92.6051,0.6924,5954025.0,71442525.0,3118500.0
2024-06-27,PAGEIND,40080.25,40145.0,39626.85,64.75,96.8185,-1.2907,5970.0,178965.0,2715.0
2024-06-27,PEL,915.85,918.05,913.15,2.2,92.7879,-0.5337,1054500.0,13363500.0,203250.0
2024-06-27,PERSISTENT,4031.65,4037.95,4051.65,6.3,89.4209,0.3393,278400.0,2324000.0,29200.0
2024-06-27,PETRONET,320.0,319.85,319.25,-0.15,94.8112,-0.1876,1983000.0,34830000.0,1404000.0
2024-06-27,PFC,479.75,479.8,483.0,0.05,93.2863,0.6669,4669375.0,62262200.0,2618200.0
2024-06-27,PIDILITIND,3144.0,3142.25,3158.8,-1.75,93.0778,0.5267,158000.0,1715500.0,409000.0
2024-06-27,PIIND,3819.65,3823.5,3849.45,3.85,93.4399,0.6787,120000.0,1688000.0,21250.0
2024-06-27,PNB,119.2,119.05,120.75,-0.15,65.3239,1.428,82432000.0,147536000.0,7752000.0
2024-06-27,POLYCAB,6989.25,7007.25,7011.35,18.0,93.9544,0.0585,123600.0,1890625.0,30250.0
2024-06-27,POWERGRID,331.55,331.35,333.85,-0.2,94.045,0.7545,4114800.0,63788400.0,1195200.0
2024-06-27,PVRINOX,1469.2,1466.85,1476.75,-2.35,94.8515,0.6749,246235.0,4363447.0,172975.0
2024-06-27,RAMCOCEM,838.0,840.55,842.65,2.55,66.8606,0.2498,3872600.0,7633000.0,180200.0
2024-06-27,RBLBANK,262.94,262.9,264.15,-0.04,73.6875,0.4755,19860000.0,54920000.0,697500.0
2024-06-27,RECLTD,524.85,525.7,523.9,0.85,95.8546,-0.3424,2452000.0,55186000.0,1512000.0
2024-06-27,RELIANCE,3061.1,3054.7,3071.7,-6.4,89.9244,0.5565,4276000.0,32064000.0,6099250.0
2024-06-27,SAIL,142.88,142.65,144.5,-0.23,78.6796,1.2969,29232000.0,103524000.0,4352000.0
2024-06-27,SBICARD,730.35,731.55,732.05,1.2,95.6626,0.0683,753600.0,15963200.0,657600.0
2024-06-27,SBILIFE,1463.5,1461.45,1472.3,-2.05,97.2768,0.7424,266625.0,9478875.0,45375.0
2024-06-27,SBIN,844.0,843.1,849.0,-0.9,94.7715,0.6998,4812000.0,85506750.0,1715250.0
2024-06-27,SHREECEM,27832.5,27917.75,28025.7,85.25,96.7615,0.3867,9475.0,282100.0,1000.0
2024-06-27,SHRIRAMFIN,2951.0,2954.45,2953.1,3.45,92.5323,-0.0457,353700.0,4344600.0,38100.0
2024-06-27,SIEMENS,7832.0,7803.75,7834.95,-28.25,94.0331,0.3998,113400.0,1755000.0,32100.0
2024-06-27,SRF,2458.8,2454.75,2477.95,-4.05,94.0144,0.9451,258375.0,4002750.0,55500.0
2024-06-27,SUNPHARMA,1516.25,1516.85,1520.95,0.6,92.3107,0.2703,1465100.0,17529400.0,59150.0
2024-06-27,SUNTV,754.75,755.2,760.95,0.45,72.201,0.7614,2074500.0,5167500.0,220500.0
2024-06-27,SYNGENE,713.05,710.95,714.0,-2.1,95.369,0.429,224000.0,4552000.0,61000.0
2024-06-27,TATACHEM,1091.65,1092.8,1098.85,1.15,93.0368,0.5536,688050.0,8804950.0,388300.0
2024-06-27,TATACOMM,1858.45,1854.45,1852.85,-4.0,98.0315,-0.0863,140500.0,6896500.0,100500.0
2024-06-27,TATACONSUM,1085.6,1083.45,1091.55,-2.15,94.9241,0.7476,650250.0,11940300.0,220050.0
2024-06-27,TATAMOTORS,972.1,970.05,975.5,-2.05,94.0435,0.5618,4584225.0,70030950.0,2346300.0
2024-06-27,TATAPOWER,439.45,437.0,438.35,-2.45,95.7268,0.3089,4185000.0,87928200.0,5822550.0
2024-06-27,TATASTEEL,174.16,174.05,175.2,-0.11,97.2114,0.6607,6050000.0,207020000.0,3883000.0
2024-06-27,TCS,3934.15,3933.5,3933.85,-0.65,92.81,0.0089,1388800.0,17733800.0,193025.0
2024-06-27,TECHM,1432.25,1435.7,1442.15,3.45,86.0164,0.4493,2511600.0,15239400.0,210000.0
2024-06-27,TITAN,3380.6,3374.55,3394.1,-6.05,95.7748,0.5793,361375.0,8009925.0,181650.0
2024-06-27,TORNTPHARM,2771.7,2767.8,2789.0,-3.9,97.3512,0.766,35500.0,1303000.0,1750.0
2024-06-27,TRENT,5329.0,5341.55,5367.75,12.55,97.1764,0.4905,91000.0,3083800.0,48000.0
2024-06-27,TVSMOTOR,2344.15,2350.65,2361.3,6.5,89.9172,0.4531,746200.0,6591200.0,63350.0
2024-06-27,UBL,1990.7,1991.65,1994.15,0.95,91.3183,0.1255,216000.0,2252400.0,19600.0
2024-06-27,ULTRACEMCO,11716.65,11697.45,11616.3,-19.2,85.8995,-0.6937,358900.0,1935100.0,251300.0
2024-06-27,UNITDSPR,1287.8,1287.65,1293.3,-0.15,97.4734,0.4388,267400.0,10261300.0,54600.0
2024-06-27,UPL,567.85,566.75,571.15,-1.1,95.5083,0.7764,1682200.0,34908900.0,860600.0
2024-06-27,VEDL,443.3,441.55,444.65,-1.75,97.2863,0.7021,3514400.0,124860100.0,1129300.0
2024-06-27,VOLTAS,1502.9,1500.55,1510.45,-2.35,93.4808,0.6598,594000.0,8418600.0,99000.0
2024-06-27,WIPRO,510.8,510.55,513.85,-0.25,92.5608,0.6464,5116500.0,62358000.0,1303500.0
2024-06-27,ZYDUSLIFE,1057.0,1056.35,1064.55,-0.65,98.1439,0.7763,225000.0,11831400.0,65700.0
2024-07-25,AARTIIND,690.85,690.9,695.55,0.05,97.0187,0.673,365000.0,11668000.0,210000.0
2024-07-25,ABB,7623.9,7597.55,7656.85,-26.35,94.5981,0.7805,87625.0,1505750.0,28750.0
2024-07-25,ABBOTINDIA,28011.75,27993.95,28168.65,-17.8,97.794,0.6241,3260.0,144080.0,440.0
2024-07-25,ABCAPITAL,217.66,217.93,219.97,0.27,96.3841,0.9361,2759400.0,72333000.0,1220400.0
2024-07-25,ABFRL,325.65,325.35,328.0,-0.3,91.3394,0.8145,3939000.0,40032200.0,1510600.0
2024-07-25,ACC,2578.9,2578.1,2599.15,-0.8,96.1179,0.8165,177000.0,4339800.0,42600.0
2024-07-25,ADANIENT,2973.55,2970.25,2994.25,-3.3,95.0142,0.808,887400.0,16613400.0,297600.0
2024-07-25,ADANIPORTS,1487.0,1483.8,1493.9,-3.2,97.8068,0.6807,602800.0,26600800.0,281600.0
2024-07-25,ALKEM,5182.3,5173.4,5214.4,-8.9,97.5297,0.7925,39500.0,1555900.0,3600.0
2024-07-25,AMBUJACEM,675.9,675.7,681.05,-0.2,96.6455,0.7918,1087200.0,31060800.0,261900.0
2024-07-25,APOLLOHOSP,6386.35,6376.0,6406.2,-10.35,94.4134,0.4737,90000.0,1514125.0,6875.0
2024-07-25,APOLLOTYRE,537.0,536.1,540.0,-0.9,81.8631,0.7275,2306900.0,10242500.0,170000.0
2024-07-25,ASHOKLEY,232.43,232.29,233.78,-0.14,96.378,0.6414,2610000.0,67575000.0,1875000.0
2024-07-25,ASIANPAINT,2901.4,2895.25,2911.3,-6.15,93.8928,0.5544,821600.0,12413600.0,217800.0
2024-07-25,ASTRAL,2174.2,2176.8,2190.4,2.6,94.1388,0.6248,185702.0,2950680.0,31929.0
2024-07-25,ATUL,7300.5,7304.75,7360.25,4.25,98.0027,0.7598,17800.0,861800.0,11600.0
2024-07-25,AUBANK,631.65,632.2,631.55,0.55,82.486,-0.1028,5050000.0,23205000.0,579000.0
2024-07-25,AUROPHARMA,1362.8,1361.05,1369.6,-1.75,89.0557,0.6282,1563650.0,12618100.0,105600.0
2024-07-25,AXISBANK,1175.9,1172.4,1181.0,-3.5,94.9542,0.7335,2721250.0,50710625.0,498750.0
2024-07-25,BAJAJ-AUTO,9278.3,9263.25,9325.65,-15.05,93.2679,0.6736,132675.0,1817100.0,21000.0
2024-07-25,BAJAJFINSV,1571.95,1568.95,1581.65,-3.0,96.1189,0.8095,508000.0,12410500.0,170500.0
2024-07-25,BAJFINANCE,6647.8,6644.05,6682.15,-3.75,95.8296,0.5734,459875.0,10276625.0,290500.0
2024-07-25,BALKRISIND,3160.95,3155.0,3176.95,-5.95,96.8019,0.6957,69300.0,2080200.0,17400.0
2024-07-25,BALRAMCHIN,447.3,447.1,450.7,-0.2,93.6534,0.8052,486400.0,7046400.0,131200.0
2024-07-25,BANDHANBNK,185.83,185.72,185.93,-0.11,93.4125,0.1131,7330400.0,100772000.0,3175200.0
2024-07-25,BANKBARODA,245.35,245.45,247.35,0.1,96.9324,0.7741,5460975.0,169331175.0,3229200.0
2024-07-25,BATAINDIA,1597.55,1592.0,1589.5,-5.55,92.7474,-0.157,253125.0,3155625.0,81375.0
2024-07-25,BEL,301.45,300.75,302.35,-0.7,96.481,0.532,5557500.0,145560900.0,6811500.0
2024-07-25,BERGEPAINT,530.3,529.85,529.5,-0.45,77.319,-0.0661,4321680.0,14430240.0,302280.0
2024-07-25,BHARATFORG,1592.45,1587.25,1601.6,-5.2,93.2586,0.9041,583000.0,7984500.0,80500.0
2024-07-25,BHARTIARTL,1449.15,1450.4,1449.55,1.25,95.774,-0.0586,1803100.0,40682325.0,180975.0
2024-07-25,BHEL,311.55,310.9,313.2,-0.65,95.7837,0.7398,3213000.0,70444500.0,2546250.0
2024-07-25,BIOCON,361.85,361.1,364.35,-0.75,96.8445,0.9,1510000.0,45280000.0,1062500.0
2024-07-25,BOSCHLTD,34751.3,34799.1,34440.8,47.8,95.0655,-1.0296,15450.0,294500.0,3150.0
2024-07-25,BPCL,326.15,326.25,328.65,0.1,94.2367,0.7356,4424400.0,71544600.0,799200.0
2024-07-25,BRITANNIA,5829.6,5837.45,5803.45,7.85,90.8862,-0.5824,246600.0,2434200.0,25000.0
2024-07-25,BSOFT,706.45,706.4,711.35,-0.05,94.7879,0.7007,570000.0,10109000.0,257000.0
2024-07-25,CANBK,111.89,111.89,112.71,0.0,97.2403,0.7329,7863750.0,271937250.0,5143500.0
2024-07-25,CANFINHOME,827.8,826.35,833.45,-1.45,88.6614,0.8592,723450.0,5530200.0,126750.0
2024-07-25,CHAMBLFERT,487.5,487.4,488.25,-0.1,92.8651,0.1744,729600.0,9249200.0,247000.0
2024-07-25,CHOLAFIN,1363.65,1361.05,1369.55,-2.6,98.228,0.6245,144375.0,7978750.0,24375.0
2024-07-25,CIPLA,1500.05,1499.95,1497.7,-0.1,95.5191,-0.15,484250.0,10260250.0,62400.0
2024-07-25,COALINDIA,493.85,495.65,493.7,1.8,95.614,-0.3934,2423400.0,52086300.0,743400.0
2024-07-25,COFORGE,6321.7,6324.4,6316.95,2.7,88.6749,-0.1178,253200.0,1956750.0,25800.0
2024-07-25,COLPAL,3152.45,3152.3,3171.1,-0.15,93.559,0.5964,233100.0,3375400.0,10500.0
2024-07-25,CONCOR,1014.9,1014.25,1020.2,-0.65,93.8557,0.5866,1330000.0,19901000.0,415000.0
2024-07-25,COROMANDEL,1626.65,1628.5,1594.95,1.85,93.9809,-2.0602,224700.0,3465700.0,42700.0
2024-07-25,CROMPTON,447.1,445.6,448.4,-1.5,96.9788,0.6284,709200.0,22654800.0,109800.0
2024-07-25,CUB,159.05,158.95,158.93,-0.1,92.9006,-0.0126,2100000.0,26870000.0,610000.0
2024-07-25,CUMMINSIND,3610.55,3612.05,3638.6,1.5,97.7778,0.735,121500.0,5300400.0,45600.0
2024-07-25,DABUR,631.2,630.7,634.9,-0.5,91.6263,0.6659,1362500.0,14790000.0,118750.0
2024-07-25,DALBHARAT,1771.55,1763.75,1780.4,-7.8,90.134,0.944,461725.0,4140950.0,77275.0
2024-07-25,DEEPAKNTR,2953.1,2959.4,2939.2,6.3,67.3753,-0.6826,851700.0,1723200.0,35700.0
2024-07-25,DIVISLAB,4547.05,4548.1,4549.9,1.05,90.0837,0.0396,258400.0,2319400.0,28000.0
2024-07-25,DIXON,10910.2,10903.8,10988.85,-6.4,94.2807,0.78,114700.0,1847500.0,43300.0
2024-07-25,DLF,811.7,810.55,812.25,-1.15,97.0394,0.2097,1345575.0,43715925.0,388575.0
2024-07-25,DRREDDY,6853.2,6845.6,6858.85,-7.6,90.9341,0.1936,279875.0,2782625.0,24625.0
2024-07-25,EICHERMOT,4900.65,4888.5,4855.15,-12.15,92.3217,-0.6822,272300.0,3257275.0,16800.0
2024-07-25,ESCORTS,4056.8,4052.9,4085.45,-3.9,95.6359,0.8031,70400.0,1524325.0,18425.0
2024-07-25,EXIDEIND,539.9,540.05,543.95,0.15,93.0983,0.7222,1818000.0,24076800.0,446400.0
2024-07-25,FEDERALBNK,204.67,205.19,204.87,0.52,91.3268,-0.156,8975000.0,92930000.0,1575000.0
2024-07-25,GAIL,228.4,228.46,230.21,0.06,96.945,0.766,3650850.0,112073775.0,3778950.0
2024-07-25,GLENMARK,1424.6,1425.05,1434.4,0.45,92.9528,0.6561,350900.0,4559525.0,68875.0
2024-07-25,GMRINFRA,94.1,93.99,94.65,-0.11,95.6381,0.7022,8493750.0,181665000.0,4567500.0
2024-07-25,GNFC,669.6,669.05,675.5,-0.55,89.5305,0.9641,718900.0,5995600.0,152100.0
2024-07-25,GODREJCP,1480.1,1476.1,1478.85,-4.0,93.61,0.1863,455000.0,6624000.0,41500.0
2024-07-25,GODREJPROP,3099.15,3098.05,3121.3,-1.1,96.7013,0.7505,125550.0,3645225.0,35325.0
2024-07-25,GRANULES,550.9,549.05,552.15,-1.85,84.3815,0.5646,1808000.0,9642000.0,126000.0
2024-07-25,GRASIM,2797.55,2805.35,2803.3,7.8,65.5216,-0.0731,3380000.0,6408500.0,14750.0
2024-07-25,GUJGASLTD,649.45,650.05,641.65,0.6,86.472,-1.2922,1135000.0,7066250.0,188750.0
2024-07-25,HAL,4830.05,4823.05,4846.0,-7.0,93.2684,0.4758,843300.0,11163600.0,520500.0
2024-07-25,HAVELLS,1826.95,1824.15,1838.2,-2.8,97.7982,0.7702,188500.0,8327000.0,45500.0
2024-07-25,HCLTECH,1587.6,1583.5,1595.65,-4.1,83.1581,0.7673,2926700.0,14381150.0,69650.0
2024-07-25,HDFCAMC,4058.55,4059.4,4089.15,0.85,95.3172,0.7329,139500.0,2816550.0,22950.0
2024-07-25,HDFCBANK,1616.6,1616.4,1628.0,-0.2,97.1518,0.7176,5170000.0,172957950.0,3390750.0
2024-07-25,HDFCLIFE,683.15,681.3,686.05,-1.85,80.6468,0.6972,6253500.0,25715800.0,343200.0
2024-07-25,HEROMOTOCO,5403.2,5405.75,5399.45,2.55,97.7669,-0.1165,97050.0,4206300.0,42600.0
2024-07-25,HINDALCO,646.55,643.85,645.6,-2.7,94.1205,0.2718,2531200.0,40073600.0,446600.0
2024-07-25,HINDCOPPER,308.9,308.8,311.3,-0.1,97.4781,0.8096,869200.0,32478400.0,1118300.0
2024-07-25,HINDPETRO,373.75,373.0,376.7,-0.75,94.3759,0.992,3460725.0,57568725.0,504225.0
2024-07-25,HINDUNILVR,2707.2,2703.55,2718.85,-3.65,81.5392,0.5659,3436200.0,15094500.0,82800.0
2024-07-25,ICICIBANK,1197.9,1199.5,1196.15,1.6,97.587,-0.2793,2083200.0,83946800.0,303800.0
2024-07-25,ICICIGI,1960.5,1963.05,1969.9,2.55,93.1375,0.3489,323500.0,4371500.0,19000.0
2024-07-25,ICICIPRULI,701.7,701.8,704.85,0.1,83.7838,0.4346,1935000.0,9840000.0,157500.0
2024-07-25,IDEA,15.18,15.14,15.37,-0.04,88.9316,1.5192,518880000.0,4079320000.0,89760000.0
2024-07-25,IDFC,111.63,111.64,112.43,0.01,95.6985,0.7076,4930000.0,107105000.0,2575000.0
2024-07-25,IDFCFIRSTB,74.66,74.63,75.13,-0.03,95.2745,0.67,22057500.0,418237500.0,26482500.0
2024-07-25,IEX,176.09,175.3,177.1,-0.79,96.1594,1.0268,2688750.0,65422500.0,1897500.0
2024-07-25,IGL,535.0,534.05,537.4,-0.95,95.9203,0.6273,585750.0,13532750.0,239250.0
2024-07-25,INDHOTEL,623.45,622.25,626.95,-1.2,95.1883,0.7553,893000.0,17423000.0,243000.0
2024-07-25,INDIACEM,361.5,359.95,363.7,-1.55,78.2794,1.0418,3543800.0,12771600.0,0.0
2024-07-25,INDIAMART,2992.3,2993.0,3015.55,0.7,90.078,0.7534,175500.0,1569900.0,23400.0
2024-07-25,INDIGO,4432.15,4425.25,4462.1,-6.9,98.1257,0.8327,147000.0,7643100.0,52800.0
2024-07-25,INDUSINDBK,1379.15,1377.45,1385.05,-1.7,95.1545,0.5517,1483000.0,28671500.0,451000.0
2024-07-25,INDUSTOWER,424.85,424.75,428.1,-0.1,94.2689,0.7887,5382200.0,86815600.0,1713600.0
2024-07-25,INFY,1824.85,1820.6,1834.15,-4.25,85.5581,0.7443,7620800.0,44808000.0,340000.0
2024-07-25,IOC,176.85,176.81,178.22,-0.04,89.3924,0.7975,21328125.0,177518250.0,2218125.0
2024-07-25,IPCALAB,1258.55,1258.2,1262.1,-0.35,95.2269,0.31,118300.0,2334150.0,26000.0
2024-07-25,IRCTC,969.1,966.75,972.3,-2.35,92.4392,0.5741,1698375.0,19988500.0,776125.0
2024-07-25,ITC,489.95,490.15,492.1,0.2,60.5087,0.3978,65611200.0,98641600.0,1888000.0
2024-07-25,JINDALSTEL,937.8,934.05,941.15,-3.75,93.3591,0.7601,1265625.0,17665625.0,126875.0
2024-07-25,JKCEMENT,4402.0,4408.1,4311.2,6.1,94.5174,-2.1982,32375.0,551875.0,6250.0
2024-07-25,JSWSTEEL,874.5,872.6,879.4,-1.9,84.8731,0.7793,3404025.0,18975600.0,123525.0
2024-07-25,JUBLFOOD,578.3,578.45,577.25,0.15,94.8371,-0.2075,1063750.0,19255000.0,285000.0
2024-07-25,KOTAKBANK,1775.15,1774.45,1783.4,-0.7,97.3977,0.5044,971200.0,36030800.0,319200.0
2024-07-25,LALPATHLAB,3018.75,3014.4,3000.75,-4.35,90.1989,-0.4528,100500.0,903900.0,21000.0
2024-07-25,LAURUSLABS,433.8,434.1,436.25,0.3,79.6168,0.4953,4737900.0,18067600.0,438600.0
2024-07-25,LICHSGFIN,766.9,765.1,763.2,-1.8,94.4885,-0.2483,1642000.0,27875000.0,275000.0
2024-07-25,LT,3619.15,3614.35,3637.9,-4.8,97.0445,0.6516,490950.0,15865350.0,255300.0
2024-07-25,LTF,173.73,173.5,174.98,-0.23,96.3433,0.853,2726282.0,69883844.0,1945432.0
2024-07-25,LTIM,5597.9,5598.15,5634.6,0.25,95.5866,0.6511,155400.0,3325950.0,39750.0
2024-07-25,LTTS,5197.6,5195.25,5115.5,-2.35,95.2351,-1.5351,69200.0,1338600.0,44500.0
2024-07-25,LUPIN,1800.35,1805.75,1814.65,5.4,89.4789,0.4929,1274150.0,10758450.0,77775.0
2024-07-25,M&M,2811.4,2805.0,2824.65,-6.4,96.4044,0.7005,489650.0,13024200.0,104300.0
2024-07-25,M&MFIN,289.85,289.35,285.2,-0.5,95.5401,-1.4342,1664000.0,34770000.0,876000.0
2024-07-25,MANAPPURAM,204.67,205.23,205.95,0.56,95.4814,0.3508,2895000.0,60645000.0,528000.0
2024-07-25,MARICO,675.0,673.95,678.05,-1.05,96.2363,0.6084,448800.0,11331600.0,144000.0
2024-07-25,MARUTI,12509.1,12491.7,12455.3,-17.4,91.4009,-0.2914,332550.0,3520050.0,14650.0
2024-07-25,MCX,4183.65,4175.65,4211.05,-8.0,93.6012,0.8478,183800.0,2657200.0,31400.0
2024-07-25,METROPOLIS,2051.9,2052.95,2067.45,1.05,81.3341,0.7063,272000.0,1172000.0,13200.0
2024-07-25,MFSL,1097.05,1094.35,1097.7,-2.7,94.8794,0.3061,178400.0,3286400.0,19200.0
2024-07-25,MGL,1752.5,1755.35,1758.3,2.85,87.2096,0.1681,356800.0,2368400.0,64400.0
2024-07-25,MOTHERSON,191.38,191.31,192.12,-0.07,96.1859,0.4234,4671800.0,115424700.0,2392700.0
2024-07-25,MPHASIS,2844.6,2844.8,2862.35,0.2,92.8698,0.6169,320375.0,4117575.0,55275.0
2024-07-25,MRF,137590.1,137401.65,138351.35,-188.45,95.4055,0.6912,2915.0,59575.0,955.0
2024-07-25,MUTHOOTFIN,1742.45,1738.55,1751.0,-3.9,92.447,0.7161,364650.0,4448400.0,14850.0
2024-07-25,NATIONALUM,184.11,183.82,185.28,-0.29,96.7368,0.7943,1837500.0,53343750.0,1128750.0
2024-07-25,NAUKRI,7013.6,6997.55,7030.2,-16.05,94.7052,0.4666,66150.0,1175550.0,7650.0
2024-07-25,NAVINFLUOR,3514.35,3516.25,3544.0,1.9,94.8108,0.7892,92400.0,1665475.0,22750.0
2024-07-25,NESTLEIND,2480.65,2480.45,2491.45,-0.2,95.7409,0.4435,299400.0,6682600.0,47600.0
2024-07-25,NMDC,229.87,230.08,231.54,0.21,87.8789,0.6346,11605500.0,79605000.0,4536000.0
2024-07-25,NTPC,392.15,392.45,391.2,0.3,89.5149,-0.3185,11872500.0,100257000.0,1102500.0
2024-07-25,OBEROIRLTY,1729.25,1727.4,1740.2,-1.85,97.0682,0.741,200200.0,6575800.0,52500.0
2024-07-25,OFSS,11084.1,11087.05,11175.05,2.95,84.6496,0.7937,324600.0,1767500.0,22500.0
2024-07-25,ONGC,335.8,335.15,335.25,-0.65,79.1584,0.0298,28592025.0,106897175.0,1697850.0
2024-07-25,PAGEIND,41320.3,41428.75,41137.05,108.45,91.745,-0.7041,16335.0,179640.0,1905.0
2024-07-25,PEL,938.7,937.05,944.95,-1.65,73.69,0.8431,3773250.0,10473750.0,94500.0
2024-07-25,PERSISTENT,4717.1,4721.6,4754.45,4.5,90.7785,0.6957,193800.0,1884000.0,23800.0
2024-07-25,PETRONET,365.35,365.8,368.15,0.45,94.9712,0.6424,1494000.0,27717000.0,498000.0
2024-07-25,PFC,525.05,524.0,526.2,-1.05,94.003,0.4198,2984800.0,45695000.0,1092000.0
2024-07-25,PIDILITIND,3109.55,3108.65,3130.75,-0.9,94.6784,0.7109,134250.0,2375000.0,13500.0
2024-07-25,PIIND,4008.1,4011.55,4024.4,3.45,95.0688,0.3203,88750.0,1699000.0,12000.0
2024-07-25,PNB,117.72,117.36,118.33,-0.36,95.7097,0.8265,10320000.0,223576000.0,6648000.0
2024-07-25,POLYCAB,6427.3,6394.85,6446.9,-32.45,95.3176,0.8139,162250.0,3248625.0,54250.0
2024-07-25,POWERGRID,339.45,338.3,338.35,-1.15,97.8718,0.0148,1472400.0,67240800.0,471600.0
2024-07-25,PVRINOX,1497.0,1501.0,1478.05,4.0,90.7481,-1.529,416768.0,3744400.0,343508.0
2024-07-25,RAMCOCEM,800.8,800.1,803.45,-0.7,94.1872,0.4187,597550.0,9526800.0,155550.0
2024-07-25,RBLBANK,230.2,230.4,230.7,0.2,96.5643,0.1302,2420000.0,66910000.0,1107500.0
2024-07-25,RECLTD,607.95,606.7,608.9,-1.25,94.4141,0.3626,2680000.0,44168000.0,1130000.0
2024-07-25,RELIANCE,2984.8,2980.95,2988.1,-3.85,93.7061,0.2399,2694250.0,39633250.0,479750.0
2024-07-25,SAIL,142.55,142.4,143.48,-0.15,85.7072,0.7584,20664000.0,118476000.0,5436000.0
2024-07-25,SBICARD,730.5,731.25,704.3,0.75,97.8212,-3.6855,499200.0,20416000.0,1996800.0
2024-07-25,SBILIFE,1695.4,1690.9,1702.5,-4.5,86.9204,0.686,1056750.0,6987000.0,35625.0
2024-07-25,SBIN,848.5,847.1,853.05,-1.4,96.4966,0.7024,2948250.0,79932750.0,1272750.0
2024-07-25,SHREECEM,27484.3,27420.3,27609.05,-64.0,96.8628,0.6884,7050.0,216475.0,1200.0
2024-07-25,SHRIRAMFIN,2679.0,2683.2,2699.9,4.2,97.0044,0.6224,257400.0,8296500.0,38700.0
2024-07-25,SIEMENS,6836.95,6825.8,6870.7,-11.15,95.6223,0.6578,99300.0,2149800.0,19200.0
2024-07-25,SRF,2399.8,2398.85,2415.1,-0.95,95.0864,0.6774,263250.0,5031375.0,63000.0
2024-07-25,SUNPHARMA,1665.8,1658.7,1673.5,-7.1,81.2872,0.8923,3584000.0,15530900.0,37800.0
2024-07-25,SUNTV,816.25,814.6,818.3,-1.65,80.303,0.4542,1482000.0,5977500.0,64500.0
2024-07-25,SYNGENE,786.7,788.55,765.9,1.85,83.1931,-2.8724,1458000.0,7012000.0,205000.0
2024-07-25,TATACHEM,1047.55,1046.9,1054.25,-0.65,92.2588,0.7021,789800.0,9165750.0,246950.0
2024-07-25,TATACOMM,1831.35,1828.15,1843.85,-3.2,97.754,0.8588,154500.0,6647500.0,77000.0
2024-07-25,TATACONSUM,1223.6,1221.3,1228.5,-2.3,93.9913,0.5895,593100.0,9188100.0,89550.0
2024-07-25,TATAMOTORS,1090.95,1088.85,1096.25,-2.1,96.3771,0.6796,2420000.0,63240100.0,1137400.0
2024-07-25,TATAPOWER,423.3,422.3,426.5,-1.0,96.3906,0.9946,3364200.0,87443550.0,2398950.0
2024-07-25,TATASTEEL,157.39,157.19,158.12,-0.2,94.1971,0.5916,15504500.0,244068000.0,7612000.0
2024-07-25,TCS,4322.5,4313.7,4343.9,-8.8,92.5294,0.7001,1260875.0,15498000.0,119000.0
2024-07-25,TECHM,1530.0,1525.4,1538.4,-4.6,91.5365,0.8522,1557600.0,16729800.0,116400.0
2024-07-25,TITAN,3405.8,3408.15,3428.1,2.35,95.5996,0.5854,438025.0,9396800.0,119350.0
2024-07-25,TORNTPHARM,3085.25,3095.2,3108.25,9.95,97.0788,0.4216,43000.0,1424750.0,4250.0
2024-07-25,TRENT,5309.95,5296.05,5335.65,-13.9,97.382,0.7477,81200.0,2981600.0,38800.0
2024-07-25,TVSMOTOR,2449.3,2446.05,2464.05,-3.25,89.5758,0.7359,532350.0,4469850.0,104650.0
2024-07-25,UBL,2109.15,2107.2,2044.8,-1.95,91.6511,-2.9613,196400.0,2122000.0,34000.0
2024-07-25,ULTRACEMCO,11441.65,11437.05,11434.0,-4.6,97.1014,-0.0267,68300.0,2266900.0,21100.0
2024-07-25,UNITDSPR,1443.85,1440.0,1450.4,-3.85,97.4784,0.7222,298200.0,11398800.0,128800.0
2024-07-25,UPL,529.45,528.7,532.7,-0.75,96.8274,0.7566,1257100.0,37242400.0,1124500.0
2024-07-25,VEDL,430.95,431.05,433.8,0.1,83.639,0.638,29118000.0,147648500.0,1205200.0
2024-07-25,VOLTAS,1461.6,1463.4,1473.6,1.8,97.1452,0.697,253800.0,8575800.0,60600.0
2024-07-25,WIPRO,506.85,505.4,509.1,-1.45,93.6702,0.7321,3480000.0,49765500.0,1732500.0
2024-07-25,ZYDUSLIFE,1205.8,1204.6,1210.9,-1.2,97.8095,0.523,380700.0,16917300.0,81900.0
2024-08-29,AARTIIND,628.7,628.3,632.25,-0.4,87.3905,0.6287,1699000.0,11402000.0,373000.0
2024-08-29,ABB,7876.5,7850.95,7916.15,-25.55,78.2287,0.8305,404375.0,1431375.0,21625.0
2024-08-29,ABBOTINDIA,29983.4,30026.2,30160.3,42.8,74.6968,0.4466,40060.0,117200.0,1060.0
2024-08-29,ABCAPITAL,221.13,221.11,222.74,-0.02,97.0068,0.7372,2165400.0,68720400.0,1458000.0
2024-08-29,ABFRL,313.65,314.0,316.75,0.35,94.9975,0.8758,2808000.0,52876200.0,447200.0
2024-08-29,ACC,2310.2,2309.5,2325.85,-0.7,91.0817,0.7079,538200.0,5358600.0,138000.0
2024-08-29,ADANIENT,3020.15,3024.05,3043.6,3.9,94.8071,0.6465,1244100.0,22036500.0,677100.0
2024-08-29,ADANIPORTS,1476.05,1478.45,1486.15,2.4,93.9975,0.5208,1858000.0,28619200.0,476400.0
2024-08-29,ALKEM,5999.3,6010.2,6038.9,10.9,97.6199,0.4775,54900.0,2247100.0,4600.0
2024-08-29,AMBUJACEM,612.5,612.9,616.2,0.4,95.888,0.5384,1857600.0,42783300.0,534600.0
2024-08-29,APOLLOHOSP,6857.2,6844.0,6885.05,-13.2,92.5722,0.5998,138250.0,1711875.0,11125.0
2024-08-29,APOLLOTYRE,492.35,492.8,495.65,0.45,85.3573,0.5783,2191300.0,11900000.0,873800.0
2024-08-29,ASHOKLEY,253.8,254.0,255.75,0.2,95.1527,0.689,3000000.0,57220000.0,1670000.0
2024-08-29,ASIANPAINT,3115.85,3120.35,3139.2,4.5,88.0237,0.6041,1312200.0,9498800.0,145600.0
2024-08-29,ASTRAL,1930.75,1928.1,1942.0,-2.65,92.6849,0.7209,369569.0,4484373.0,198180.0
2024-08-29,ATUL,7840.5,7820.6,7885.75,-19.9,98.0642,0.8331,16700.0,832200.0,13800.0
2024-08-29,AUBANK,640.35,639.95,639.2,-0.4,92.0997,-0.1172,1674000.0,18974000.0,541000.0
2024-08-29,AUROPHARMA,1563.15,1562.4,1573.1,-0.75,87.2854,0.6848,1437700.0,9801000.0,68750.0
2024-08-29,AXISBANK,1175.4,1175.45,1184.05,0.05,97.3036,0.7316,1626875.0,58106250.0,601250.0
2024-08-29,BAJAJ-AUTO,10807.85,10815.55,10852.85,7.7,87.461,0.3449,235350.0,1608225.0,33375.0
2024-08-29,BAJAJFINSV,1755.65,1750.65,1764.35,-5.0,90.9913,0.7826,1384500.0,13778500.0,205500.0
2024-08-29,BAJFINANCE,7063.55,7071.0,7114.8,7.45,95.4387,0.6194,467000.0,9518875.0,252500.0
2024-08-29,BALKRISIND,2851.6,2853.85,2865.2,2.25,93.5696,0.3977,135000.0,1923000.0,41400.0
2024-08-29,BALRAMCHIN,578.8,579.1,583.25,0.3,80.3719,0.7166,1520000.0,6030400.0,193600.0
2024-08-29,BANDHANBNK,193.93,193.83,195.99,-0.1,90.5201,1.1144,10539200.0,96404000.0,4230800.0
2024-08-29,BANKBARODA,249.8,250.15,251.9,0.35,97.4247,0.6996,5241600.0,195858000.0,2436525.0
2024-08-29,BATAINDIA,1450.3,1450.8,1455.8,0.5,91.5511,0.3446,276375.0,2827500.0,167250.0
2024-08-29,BEL,296.2,296.35,298.3,0.15,95.6718,0.658,7278900.0,153159000.0,7734900.0
2024-08-29,BERGEPAINT,572.05,571.25,574.9,-0.8,94.5471,0.6389,704880.0,12051600.0,170280.0
2024-08-29,BHARATFORG,1577.9,1579.35,1590.5,1.45,95.2813,0.706,382500.0,7647000.0,76500.0
2024-08-29,BHARTIARTL,1565.9,1562.05,1570.9,-3.85,90.9261,0.5666,4150550.0,41501225.0,89775.0
2024-08-29,BHEL,291.0,291.4,293.25,0.4,96.237,0.6349,3247125.0,79947000.0,3097500.0
2024-08-29,BIOCON,355.45,355.5,358.05,0.05,95.806,0.7173,1997500.0,44987500.0,642500.0
2024-08-29,BOSCHLTD,31732.25,31836.55,31759.8,104.3,92.3345,-0.2411,23625.0,279325.0,5250.0
2024-08-29,BPCL,356.45,356.3,359.15,-0.15,85.3923,0.7999,9905400.0,57196800.0,707400.0
2024-08-29,BRITANNIA,5831.4,5823.05,5861.55,-8.35,96.6835,0.6612,86600.0,2507200.0,17400.0
2024-08-29,BSOFT,679.0,678.4,683.9,-0.6,76.4851,0.8107,2953000.0,9268000.0,337000.0
2024-08-29,CANBK,110.28,110.28,111.1,0.0,97.5147,0.7436,7634250.0,291451500.0,8086500.0
2024-08-29,CANFINHOME,882.9,884.95,867.55,2.05,86.1234,-1.9662,793650.0,4760925.0,164775.0
2024-08-29,CHAMBLFERT,508.9,510.1,513.85,1.2,93.8739,0.7351,786600.0,11846500.0,207100.0
2024-08-29,CHOLAFIN,1455.6,1454.25,1461.4,-1.35,95.0032,0.4917,626250.0,11826250.0,80625.0
2024-08-29,CIPLA,1618.55,1615.3,1626.9,-3.25,88.5705,0.7181,1353300.0,10415600.0,71500.0
2024-08-29,COALINDIA,527.55,528.05,531.4,0.5,95.6042,0.6344,2461200.0,52754100.0,774900.0
2024-08-29,COFORGE,6282.3,6281.8,6320.15,-0.5,91.9586,0.6105,186300.0,2098650.0,31800.0
2024-08-29,COLPAL,3607.15,3615.3,3633.25,8.15,91.3185,0.4965,251650.0,2627100.0,19950.0
2024-08-29,CONCOR,963.0,962.85,967.55,-0.15,96.6074,0.4881,838000.0,23294000.0,569000.0
2024-08-29,COROMANDEL,1724.85,1733.1,1733.4,8.25,78.8949,0.0173,815500.0,3031700.0,16800.0
2024-08-29,CROMPTON,465.0,465.2,468.05,0.2,94.1452,0.6126,786600.0,12547800.0,100800.0
2024-08-29,CUB,168.15,168.4,169.6,0.25,95.7253,0.7126,1245000.0,27210000.0,670000.0
2024-08-29,CUMMINSIND,3734.85,3726.65,3753.95,-8.2,95.1249,0.7326,227700.0,4394700.0,48300.0
2024-08-29,DABUR,644.15,643.65,647.05,-0.5,96.4886,0.5282,496250.0,13576250.0,60000.0
2024-08-29,DALBHARAT,1845.65,1850.3,1860.4,4.65,76.6128,0.5459,1029875.0,3317600.0,56100.0
2024-08-29,DEEPAKNTR,2882.45,2887.95,2901.25,5.5,87.468,0.4605,367200.0,2510700.0,52200.0
2024-08-29,DIVISLAB,5012.5,5001.4,5037.3,-11.1,84.6094,0.7178,554800.0,3017800.0,32200.0
2024-08-29,DIXON,13201.65,13216.0,13286.9,14.35,93.2826,0.5365,127900.0,1738700.0,37400.0
2024-08-29,DLF,831.9,832.0,838.4,0.1,96.069,0.7692,1658250.0,40035600.0,490050.0
2024-08-29,DRREDDY,6931.15,6943.1,6980.05,11.95,86.2222,0.5322,364250.0,2268625.0,10875.0
2024-08-29,EICHERMOT,4915.9,4902.75,4933.55,-13.15,94.205,0.6282,224700.0,3637375.0,15400.0
2024-08-29,ESCORTS,3816.5,3815.9,3841.95,-0.6,94.3736,0.6827,109175.0,1807575.0,23650.0
2024-08-29,EXIDEIND,490.2,491.1,494.25,0.9,93.056,0.6414,2451600.0,31570200.0,1283400.0
2024-08-29,FEDERALBNK,195.92,195.86,197.33,-0.06,81.1621,0.7505,21495000.0,91005000.0,1605000.0
2024-08-29,GAIL,231.91,231.8,233.58,-0.11,97.1351,0.7679,3316875.0,110005875.0,2452200.0
2024-08-29,GLENMARK,1691.3,1696.9,1701.55,5.6,89.0913,0.274,694550.0,5618025.0,54375.0
2024-08-29,GMRINFRA,94.11,94.21,94.87,0.1,96.6136,0.7006,10653750.0,298158750.0,5793750.0
2024-08-29,GNFC,675.95,677.3,681.5,1.35,92.2725,0.6201,548600.0,6419400.0,131300.0
2024-08-29,GODREJCP,1476.7,1480.65,1485.65,3.95,83.4904,0.3377,1602500.0,8074500.0,29500.0
2024-08-29,GODREJPROP,2869.1,2864.35,2884.25,-4.75,96.4891,0.6947,210150.0,5733900.0,41625.0
2024-08-29,GRANULES,703.85,702.3,709.55,-1.55,67.2911,1.0323,3178000.0,6358000.0,180000.0
2024-08-29,GRASIM,2676.2,2679.1,2695.7,2.9,89.0756,0.6196,913250.0,7413500.0,33000.0
2024-08-29,GUJGASLTD,603.3,604.9,598.15,1.6,84.4612,-1.1159,1753750.0,9255000.0,277500.0
2024-08-29,HAL,4602.0,4606.0,4635.6,4.0,96.1168,0.6426,542100.0,12760800.0,657300.0
2024-08-29,HAVELLS,1893.25,1889.7,1901.85,-3.55,95.2381,0.643,419000.0,8344000.0,36000.0
2024-08-29,HCLTECH,1751.85,1747.95,1759.8,-3.9,84.9893,0.6779,2721600.0,15312150.0,97300.0
2024-08-29,HDFCAMC,4454.0,4450.05,4473.35,-3.95,97.9054,0.5236,58650.0,2726250.0,15150.0
2024-08-29,HDFCBANK,1638.55,1638.05,1645.4,-0.5,96.118,0.4487,6734200.0,164738750.0,2001450.0
2024-08-29,HDFCLIFE,736.9,737.35,742.35,0.45,77.8424,0.6781,6913500.0,24029500.0,258500.0
2024-08-29,HEROMOTOCO,5374.4,5373.6,5400.55,-0.8,89.2399,0.5015,485850.0,3985350.0,44100.0
2024-08-29,HINDALCO,700.5,698.8,703.65,-1.7,91.2942,0.694,3542000.0,36794800.0,348600.0
2024-08-29,HINDCOPPER,328.7,328.3,331.85,-0.4,89.0847,1.0813,3627850.0,28386800.0,1221650.0
2024-08-29,HINDPETRO,415.85,416.55,418.7,0.7,93.5715,0.5161,4179600.0,59721300.0,1115775.0
2024-08-29,HINDUNILVR,2785.25,2785.8,2804.0,0.55,92.7055,0.6533,1081500.0,13614300.0,130500.0
2024-08-29,ICICIBANK,1221.9,1223.3,1229.9,1.4,93.3594,0.5395,5993400.0,83739600.0,520800.0
2024-08-29,ICICIGI,2138.35,2141.0,2149.75,2.65,96.3717,0.4087,175500.0,4650500.0,11000.0
2024-08-29,ICICIPRULI,742.3,743.05,747.5,0.75,95.9809,0.5989,556500.0,13207500.0,82500.0
2024-08-29,IDEA,16.3,16.3,16.41,0.0,95.5382,0.6748,208600000.0,4386440000.0,80200000.0
2024-08-29,IDFC,111.16,110.88,111.61,-0.28,95.4927,0.6584,5310000.0,110730000.0,1770000.0
2024-08-29,IDFCFIRSTB,73.23,73.2,73.49,-0.03,95.8061,0.3962,21000000.0,435892500.0,43830000.0
2024-08-29,IEX,205.71,205.38,206.96,-0.33,92.2499,0.7693,5685000.0,66225000.0,1443750.0
2024-08-29,IGL,543.35,542.0,540.95,-1.35,91.4683,-0.1937,1104125.0,11581625.0,255750.0
2024-08-29,INDHOTEL,648.3,648.75,652.85,0.45,93.5115,0.632,1224000.0,17438000.0,202000.0
2024-08-29,INDIAMART,3020.25,3030.35,2987.0,10.1,69.975,-1.4305,432900.0,955500.0,53400.0
2024-08-29,INDIGO,4759.65,4770.6,4793.65,10.95,96.1669,0.4832,397200.0,9831300.0,133800.0
2024-08-29,INDUSINDBK,1417.45,1413.4,1423.6,-4.05,96.5599,0.7217,1215500.0,33727500.0,390500.0
2024-08-29,INDUSTOWER,446.55,446.05,449.7,-0.5,91.9219,0.8183,6555200.0,73922800.0,669800.0
2024-08-29,INFY,1933.35,1929.8,1942.15,-3.55,86.3599,0.64,6586000.0,41356800.0,341200.0
2024-08-29,IOC,176.83,176.92,178.12,0.09,95.9451,0.6783,7951125.0,185123250.0,3012750.0
2024-08-29,IPCALAB,1367.55,1366.2,1376.6,-1.35,75.3023,0.7612,809900.0,2421250.0,48100.0
2024-08-29,IRCTC,923.1,922.65,929.0,-0.45,95.701,0.6882,960750.0,20475000.0,912625.0
2024-08-29,ITC,505.1,505.3,508.75,0.2,96.5592,0.6828,4097600.0,113907200.0,1084800.0
2024-08-29,JINDALSTEL,960.5,960.4,967.65,-0.1,95.0025,0.7549,743750.0,14034375.0,104375.0
2024-08-29,JKCEMENT,4445.35,4458.75,4352.85,13.4,70.6481,-2.3751,234375.0,561500.0,2625.0
2024-08-29,JSWSTEEL,939.7,941.15,946.2,1.45,92.9857,0.5366,1549800.0,20428875.0,116100.0
2024-08-29,JUBLFOOD,650.9,652.6,654.65,1.7,85.7284,0.3141,2887500.0,17070000.0,275000.0
2024-08-29,KOTAKBANK,1777.25,1778.75,1789.8,1.5,96.548,0.6212,1289200.0,35724400.0,332400.0
2024-08-29,LALPATHLAB,3358.75,3357.35,3365.4,-1.4,78.758,0.2398,309900.0,1126500.0,22500.0
2024-08-29,LAURUSLABS,457.8,458.1,460.9,0.3,86.2158,0.6112,3984800.0,24417100.0,506600.0
2024-08-29,LICHSGFIN,675.95,675.65,681.15,-0.3,95.2691,0.814,1490000.0,29361000.0,644000.0
2024-08-29,LT,3683.45,3678.55,3707.5,-4.9,97.2641,0.787,520800.0,18360750.0,154050.0
2024-08-29,LTF,170.39,170.14,171.5,-0.25,96.148,0.7993,3507132.0,85808722.0,1731256.0
2024-08-29,LTIM,6132.0,6124.55,6158.15,-7.45,89.5833,0.5486,363750.0,3058500.0,69750.0
2024-08-29,LTTS,5810.35,5830.1,5677.5,19.75,84.1426,-2.6175,224700.0,1134700.0,57600.0
2024-08-29,LUPIN,2193.75,2195.0,2203.75,1.25,90.4619,0.3986,1255875.0,11765700.0,145350.0
2024-08-29,M&M,2757.6,2760.4,2777.3,2.8,95.8929,0.6122,615650.0,14197050.0,177100.0
2024-08-29,M&MFIN,313.4,312.85,314.3,-0.55,90.8565,0.4635,3638000.0,35330000.0,820000.0
2024-08-29,MANAPPURAM,216.53,217.65,219.11,1.12,88.03,0.6708,8232000.0,59979000.0,561000.0
2024-08-29,MARICO,660.75,661.35,649.05,0.6,83.9792,-1.8598,2961600.0,15168000.0,356400.0
2024-08-29,MARUTI,12453.75,12476.0,12465.35,22.25,82.6161,-0.0854,741100.0,3484200.0,37850.0
2024-08-29,MCX,5004.7,5013.3,5018.7,8.6,89.456,0.1077,251200.0,2105800.0,25400.0
2024-08-29,METROPOLIS,2078.9,2080.05,2092.1,1.15,96.048,0.5793,58000.0,1379600.0,30000.0
2024-08-29,MFSL,1037.9,1038.45,1043.95,0.55,83.2953,0.5296,936000.0,4614400.0,52800.0
2024-08-29,MGL,1778.35,1777.9,1789.55,-0.45,94.918,0.6553,88000.0,1614000.0,29600.0
2024-08-29,MOTHERSON,194.68,194.91,196.03,0.23,96.5015,0.5746,3976000.0,107025400.0,2648300.0
2024-08-29,MPHASIS,3103.5,3107.25,3122.0,3.75,65.0473,0.4747,1869725.0,3436400.0,43175.0
2024-08-29,MRF,134421.35,134490.4,135347.25,69.05,96.7989,0.6371,2255.0,66745.0,1445.0
2024-08-29,MUTHOOTFIN,1973.7,1977.85,1984.05,4.15,92.9072,0.3135,289300.0,3768050.0,21450.0
2024-08-29,NATIONALUM,182.73,183.01,181.96,0.28,95.6664,-0.5737,3337500.0,72288750.0,1387500.0
2024-08-29,NAUKRI,7682.9,7704.5,7733.55,21.6,70.966,0.3771,630750.0,1524000.0,17700.0
2024-08-29,NAVINFLUOR,3279.35,3277.05,3304.2,-2.3,95.8737,0.8285,107450.0,2438975.0,57575.0
2024-08-29,NESTLEIND,2504.55,2503.6,2522.35,-0.95,95.9272,0.7489,284600.0,6530200.0,173000.0
2024-08-29,NMDC,223.92,223.88,224.01,-0.04,95.4943,0.0581,4540500.0,92956500.0,3276000.0
2024-08-29,NTPC,409.9,410.5,412.95,0.6,95.4993,0.5968,4525500.0,95250000.0,775500.0
2024-08-29,OBEROIRLTY,1723.15,1721.05,1733.45,-2.1,97.8097,0.7205,181300.0,8048600.0,47600.0
2024-08-29,OFSS,10803.95,10827.0,10897.5,23.05,90.5011,0.6511,136300.0,1286000.0,12600.0
2024-08-29,ONGC,329.6,329.75,331.95,0.15,96.7202,0.6672,4098325.0,118926500.0,1932700.0
2024-08-29,PAGEIND,41765.8,41849.8,41949.2,84.0,94.0186,0.2375,11025.0,171090.0,2205.0
2024-08-29,PEL,1055.7,1051.7,1058.7,-4.0,85.4185,0.6656,1500000.0,8675250.0,111750.0
2024-08-29,PERSISTENT,5077.95,5080.3,5112.35,2.35,76.5191,0.6309,614400.0,1979800.0,22400.0
2024-08-29,PETRONET,365.55,365.75,368.25,0.2,94.5722,0.6835,1713000.0,29418000.0,429000.0
2024-08-29,PFC,554.45,555.55,555.35,1.1,90.6966,-0.036,4812600.0,45698900.0,1218100.0
2024-08-29,PIDILITIND,3080.9,3082.75,3104.0,1.85,96.9144,0.6893,86250.0,2687250.0,21750.0
2024-08-29,PIIND,4463.4,4454.55,4482.6,-8.85,92.9349,0.6297,129750.0,1682250.0,24500.0
2024-08-29,PNB,115.53,115.48,116.28,-0.05,94.4739,0.6928,16160000.0,266304000.0,9968000.0
2024-08-29,POLYCAB,6743.55,6726.15,6779.9,-17.4,90.6082,0.7991,273125.0,2599750.0,35250.0
2024-08-29,POWERGRID,333.3,333.1,335.3,-0.2,96.6558,0.6605,2847600.0,81532800.0,770400.0
2024-08-29,PVRINOX,1509.3,1507.8,1518.75,-1.5,96.6786,0.7262,132682.0,3686606.0,175417.0
2024-08-29,RAMCOCEM,820.75,820.75,827.0,0.0,92.9447,0.7615,871250.0,11352600.0,124950.0
2024-08-29,RBLBANK,226.78,226.56,228.57,-0.22,91.7902,0.8872,6507500.0,71535000.0,1222500.0
2024-08-29,RECLTD,626.25,626.1,630.9,-0.15,90.3027,0.7667,5298000.0,48000000.0,1336000.0
2024-08-29,RELIANCE,3041.85,3035.25,3057.5,-6.6,94.9153,0.7331,2607000.0,48077000.0,587750.0
2024-08-29,SAIL,134.25,134.25,134.28,0.0,96.6642,0.0223,5036000.0,139124000.0,6808000.0
2024-08-29,SBICARD,721.2,721.55,722.85,0.35,92.962,0.1802,1576000.0,18681600.0,2135200.0
2024-08-29,SBILIFE,1843.7,1840.2,1853.15,-3.5,78.325,0.7037,1581000.0,5669625.0,43500.0
2024-08-29,SBIN,814.5,812.7,818.9,-1.8,95.398,0.7629,4822500.0,97484250.0,2484000.0
2024-08-29,SHREECEM,24821.35,24848.9,24967.8,27.55,79.3735,0.4785,62225.0,236100.0,3350.0
2024-08-29,SHRIRAMFIN,3200.5,3204.15,3223.05,3.65,94.3882,0.5899,345900.0,5782800.0,35100.0
2024-08-29,SIEMENS,6869.3,6869.15,6921.2,-0.15,97.6948,0.7577,51300.0,2139000.0,35100.0
2024-08-29,SRF,2540.35,2537.05,2552.25,-3.3,97.2896,0.5991,150375.0,5350500.0,47250.0
2024-08-29,SUNPHARMA,1799.2,1794.85,1808.25,-4.35,69.0752,0.7466,6150550.0,13698300.0,39900.0
2024-08-29,SUNTV,809.9,811.6,816.0,1.7,70.7542,0.5421,2332500.0,5545500.0,97500.0
2024-08-29,SYNGENE,853.8,851.85,857.4,-1.95,93.3593,0.6515,358000.0,4927000.0,106000.0
2024-08-29,TATACHEM,1073.25,1072.4,1080.2,-0.85,95.1952,0.7273,443300.0,8490350.0,292600.0
2024-08-29,TATACOMM,1933.05,1934.0,1948.8,0.95,97.8219,0.7653,137000.0,6092500.0,60500.0
2024-08-29,TATACONSUM,1198.45,1195.8,1204.75,-2.65,95.3625,0.7485,564072.0,11490288.0,108984.0
2024-08-29,TATAMOTORS,1121.6,1116.3,1106.1,-5.3,89.0911,-0.9137,9928600.0,75572200.0,5513200.0
2024-08-29,TATAPOWER,430.9,430.7,434.05,-0.2,95.2474,0.7778,4369950.0,85070250.0,2508300.0
2024-08-29,TATASTEEL,152.97,152.9,154.08,-0.07,92.0169,0.7717,23985500.0,264247500.0,12221000.0
2024-08-29,TCS,4511.8,4512.2,4540.55,0.4,93.4726,0.6283,968625.0,13795250.0,75600.0
2024-08-29,TECHM,1647.35,1644.55,1655.5,-2.8,93.687,0.6658,804000.0,11868000.0,63600.0
2024-08-29,TITAN,3533.25,3532.65,3557.4,-0.6,95.2603,0.7006,455175.0,9030875.0,117425.0
2024-08-29,TORNTPHARM,3434.55,3446.35,3446.45,11.8,87.4649,0.0029,279250.0,1936000.0,12500.0
2024-08-29,TRENT,7170.6,7183.1,7223.05,12.5,89.6539,0.5562,346200.0,2913600.0,86400.0
2024-08-29,TVSMOTOR,2751.6,2745.95,2769.65,-5.65,87.9045,0.8631,834750.0,6017200.0,49350.0
2024-08-29,UBL,2034.55,2036.35,2045.85,1.8,88.7549,0.4665,227600.0,1776000.0,20400.0
2024-08-29,ULTRACEMCO,11222.0,11229.55,11300.35,7.55,93.2838,0.6305,167200.0,2297100.0,25200.0
2024-08-29,UNITDSPR,1448.85,1446.5,1454.05,-2.35,98.173,0.5219,179900.0,9615200.0,51800.0
2024-08-29,UPL,577.8,576.95,582.3,-0.85,93.347,0.9273,2570100.0,35178000.0,882700.0
2024-08-29,VEDL,463.4,462.85,466.0,-0.55,94.7403,0.6806,7909700.0,140895700.0,1577800.0
2024-08-29,VOLTAS,1788.5,1792.5,1760.0,4.0,82.7491,-1.8131,1756800.0,8158200.0,268800.0
2024-08-29,WIPRO,538.7,540.05,542.6,1.35,79.5839,0.4722,11880000.0,44955000.0,1354500.0
2024-08-29,ZYDUSLIFE,1132.05,1129.45,1136.1,-2.6,94.0007,0.5888,1165500.0,17982000.0,279900.0
2024-09-26,AARTIIND,582.45,582.45,586.7,0.0,92.4132,0.7297,1156000.0,13384000.0,697000.0
2024-09-26,ABB,8070.4,8051.9,8118.85,-18.5,93.345,0.8315,99625.0,1383000.0,14375.0
2024-09-26,ABBOTINDIA,29184.9,29200.05,29408.6,15.15,77.4394,0.7142,29040.0,98660.0,1020.0
2024-09-26,ABCAPITAL,236.24,236.1,237.66,-0.14,84.8072,0.6607,9082800.0,49917600.0,783000.0
2024-09-26,ABFRL,342.05,341.95,347.45,-0.1,77.404,1.6084,12732200.0,42993600.0,621400.0
2024-09-26,ACC,2472.4,2468.8,2490.75,-3.6,87.4921,0.8891,772800.0,5312100.0,93600.0
2024-09-26,ADANIENT,3122.65,3118.0,3143.9,-4.65,93.0983,0.8307,1595400.0,21319500.0,201300.0
2024-09-26,ADANIPORTS,1472.6,1470.7,1482.55,-1.9,95.8958,0.8057,1178400.0,27259600.0,274400.0
2024-09-26,ALKEM,6197.15,6214.3,6240.3,17.15,97.0478,0.4184,66900.0,2193800.0,5400.0
2024-09-26,AMBUJACEM,625.1,623.85,628.35,-1.25,96.7549,0.7213,1373400.0,40504500.0,444600.0
2024-09-26,APOLLOHOSP,7167.85,7155.3,7216.3,-12.55,88.4376,0.8525,213500.0,1628000.0,5000.0
2024-09-26,APOLLOTYRE,564.1,562.95,537.45,-1.15,86.3312,-4.5297,2410600.0,14800200.0,425000.0
2024-09-26,ASHOKLEY,241.2,241.45,243.25,0.25,90.8158,0.7455,7475000.0,72345000.0,1570000.0
2024-09-26,ASIANPAINT,3277.05,3272.8,3293.1,-4.25,95.6102,0.6203,402200.0,8680000.0,80000.0
2024-09-26,ASTRAL,2008.55,2003.3,2020.25,-5.25,92.2532,0.8461,349017.0,4005071.0,151204.0
2024-09-26,ATUL,7563.2,7554.45,7617.9,-8.75,88.1376,0.8399,119300.0,873300.0,13100.0
2024-09-26,AUBANK,735.95,736.7,736.65,0.75,93.519,-0.0068,973000.0,13825000.0,215000.0
2024-09-26,AUROPHARMA,1515.3,1513.25,1525.25,-2.05,96.4905,0.793,485100.0,13267100.0,70400.0
2024-09-26,AXISBANK,1277.1,1274.5,1284.2,-2.6,92.7701,0.7611,3606250.0,46017500.0,256250.0
2024-09-26,BAJAJ-AUTO,12621.7,12648.65,12725.5,26.95,92.1711,0.6076,167700.0,1911300.0,63075.0
2024-09-26,BAJAJFINSV,1982.8,1978.2,1993.3,-4.6,81.6414,0.7633,2799500.0,12263500.0,186000.0
2024-09-26,BAJFINANCE,7768.4,7746.55,7811.3,-21.85,96.4996,0.8359,345875.0,9439125.0,95875.0
2024-09-26,BALKRISIND,3013.35,3011.85,3037.05,-1.5,92.6369,0.8367,153300.0,1914300.0,14400.0
2024-09-26,BALRAMCHIN,612.75,611.1,616.65,-1.65,92.2471,0.9082,630400.0,7500800.0,0.0
2024-09-26,BANDHANBNK,205.32,205.22,207.01,-0.1,97.1745,0.8722,3301200.0,110376000.0,3158400.0
2024-09-26,BANKBARODA,245.15,245.15,247.05,0.0,96.508,0.775,6461325.0,175195800.0,3375450.0
2024-09-26,BATAINDIA,1426.0,1426.85,1437.35,0.85,93.5458,0.7359,208875.0,2843625.0,183750.0
2024-09-26,BEL,290.5,290.65,292.75,0.15,94.9328,0.7225,8011350.0,144366750.0,5722800.0
2024-09-26,BERGEPAINT,613.9,616.0,618.7,2.1,95.4603,0.4383,476520.0,9915840.0,104280.0
2024-09-26,BHARATFORG,1528.5,1531.05,1540.4,2.55,78.8554,0.6107,2098500.0,7698000.0,128000.0
2024-09-26,BHARTIARTL,1771.1,1770.05,1783.7,-1.05,88.6697,0.7712,5684325.0,44246250.0,238450.0
2024-09-26,BHEL,280.65,280.95,282.95,0.3,90.9684,0.7119,7231875.0,70218750.0,2622375.0
2024-09-26,BIOCON,372.85,372.75,375.85,-0.1,94.0242,0.8317,2397500.0,36472500.0,1250000.0
2024-09-26,BOSCHLTD,37141.35,37194.55,37245.45,53.2,94.2365,0.1368,16975.0,274150.0,3400.0
2024-09-26,BPCL,345.1,344.75,347.35,-0.35,91.1668,0.7542,6210000.0,63504000.0,588600.0
2024-09-26,BRITANNIA,6254.05,6242.9,6292.35,-11.15,94.0006,0.7921,151400.0,2355200.0,17000.0
2024-09-26,BSOFT,615.95,615.7,621.05,-0.25,93.6911,0.8689,910000.0,12868000.0,646000.0
2024-09-26,CANBK,110.17,110.22,111.13,0.05,95.5464,0.8256,15329250.0,322609500.0,6257250.0
2024-09-26,CANFINHOME,885.25,887.2,877.8,1.95,78.0095,-1.0595,1264575.0,4373850.0,112125.0
2024-09-26,CHAMBLFERT,508.1,508.05,512.75,-0.05,87.9165,0.9251,1309100.0,9266300.0,258400.0
2024-09-26,CHOLAFIN,1641.75,1643.55,1654.25,1.8,90.0343,0.651,1106250.0,9946875.0,47500.0
2024-09-26,CIPLA,1621.8,1625.4,1634.4,3.6,88.7126,0.5537,1373450.0,10742550.0,52000.0
2024-09-26,COALINDIA,506.55,506.1,510.5,-0.45,94.3075,0.8694,3366300.0,54631500.0,1138200.0
2024-09-26,COFORGE,6874.25,6885.3,6926.65,11.05,95.85,0.6006,97800.0,2233950.0,24900.0
2024-09-26,COLPAL,3698.4,3706.95,3724.65,8.55,85.7091,0.4775,409500.0,2250150.0,205800.0
2024-09-26,CONCOR,891.95,891.0,898.1,-0.95,96.5917,0.7969,922000.0,25090000.0,1040000.0
2024-09-26,COROMANDEL,1634.15,1631.95,1645.0,-2.2,94.8894,0.7997,135800.0,2501100.0,20300.0
2024-09-26,CROMPTON,419.25,418.75,422.35,-0.5,95.2752,0.8597,786600.0,15631200.0,230400.0
2024-09-26,CUB,165.78,165.99,167.39,0.21,95.776,0.8434,1320000.0,29400000.0,530000.0
2024-09-26,CUMMINSIND,3794.2,3793.5,3825.65,-0.7,80.0778,0.8475,1091400.0,4347600.0,39300.0
2024-09-26,DABUR,625.75,627.5,631.1,1.75,90.594,0.5737,1672500.0,15852500.0,256250.0
2024-09-26,DALBHARAT,1915.75,1916.8,1930.8,1.05,97.8695,0.7304,66275.0,3006300.0,38225.0
2024-09-26,DEEPAKNTR,2819.4,2821.55,2842.1,2.15,84.1202,0.7283,324900.0,1684500.0,36600.0
2024-09-26,DIVISLAB,5379.3,5369.65,5393.55,-9.65,94.7959,0.4451,231800.0,4072400.0,150000.0
2024-09-26,DIXON,14099.95,14115.2,14205.85,15.25,91.2955,0.6422,163200.0,1671200.0,40500.0
2024-09-26,DLF,924.0,924.25,931.15,0.25,93.6826,0.7466,2691975.0,39636300.0,283800.0
2024-09-26,DRREDDY,6744.4,6727.15,6786.0,-17.25,86.9511,0.8748,353250.0,2326125.0,27750.0
2024-09-26,EICHERMOT,4994.25,4989.95,5031.8,-4.3,96.3209,0.8387,169400.0,4414550.0,20475.0
2024-09-26,ESCORTS,4349.5,4346.95,4376.65,-2.55,91.5889,0.6832,158675.0,1705550.0,22275.0
2024-09-26,EXIDEIND,471.75,471.75,475.45,0.0,94.9237,0.7843,1783800.0,32005800.0,1350000.0
2024-09-26,FEDERALBNK,192.57,191.96,193.64,-0.61,91.1803,0.8752,7790000.0,78710000.0,1825000.0
2024-09-26,GAIL,230.57,229.97,232.02,-0.6,88.6005,0.8914,11776050.0,89336025.0,2191425.0
2024-09-26,GLENMARK,1678.3,1676.25,1688.65,-2.05,94.5452,0.7397,285650.0,4889400.0,61625.0
2024-09-26,GMRINFRA,94.11,94.02,94.84,-0.09,97.068,0.8722,8910000.0,290171250.0,4803750.0
2024-09-26,GNFC,667.9,666.65,672.65,-1.25,92.8948,0.9,490100.0,6284200.0,123500.0
2024-09-26,GODREJCP,1422.3,1423.85,1432.2,1.55,94.5876,0.5864,541000.0,9411000.0,43500.0
2024-09-26,GODREJPROP,3305.65,3308.2,3333.8,2.55,87.6312,0.7738,456075.0,3192750.0,38475.0
2024-09-26,GRANULES,543.7,543.1,552.05,-0.6,46.9482,1.6479,3894000.0,3190000.0,256000.0
2024-09-26,GRASIM,2745.85,2745.15,2764.85,-0.7,96.365,0.7176,340250.0,8989750.0,30500.0
2024-09-26,GUJGASLTD,605.45,605.5,610.55,0.05,84.2203,0.834,1697500.0,8735000.0,325000.0
2024-09-26,HAL,4369.4,4371.65,4405.95,2.25,95.41,0.7846,610800.0,12038700.0,657600.0
2024-09-26,HAVELLS,2022.05,2027.65,2037.85,5.6,93.4528,0.503,511500.0,7250000.0,51000.0
2024-09-26,HCLTECH,1783.85,1784.55,1784.8,0.7,93.9196,0.014,1134700.0,17449250.0,77700.0
2024-09-26,HDFCAMC,4527.5,4525.6,4560.75,-1.9,97.0537,0.7767,86250.0,2825850.0,15300.0
2024-09-26,HDFCBANK,1783.45,1778.65,1793.05,-4.8,95.0102,0.8096,6760050.0,127800200.0,917950.0
2024-09-26,HDFCLIFE,729.55,729.2,734.9,-0.35,96.0299,0.7817,886600.0,21092500.0,353100.0
2024-09-26,HEROMOTOCO,6051.4,6035.45,6083.9,-15.95,90.6492,0.8028,396450.0,3803400.0,39900.0
2024-09-26,HINDALCO,734.65,732.6,738.55,-2.05,90.3659,0.8122,4356800.0,40425000.0,441000.0
2024-09-26,HINDCOPPER,343.75,343.4,348.4,-0.35,95.1313,1.456,1709250.0,33056100.0,341850.0
2024-09-26,HINDPETRO,421.95,420.95,424.4,-1.0,88.6064,0.8196,6996375.0,53956125.0,453600.0
2024-09-26,HINDUNILVR,2986.1,2979.8,2984.35,-6.3,86.4064,0.1527,2283600.0,11737800.0,2777700.0
2024-09-26,ICICIBANK,1329.1,1328.2,1331.85,-0.9,88.1075,0.2748,9639700.0,71042300.0,375200.0
2024-09-26,ICICIGI,2257.5,2262.35,2262.05,4.85,97.5197,-0.0133,121000.0,4744000.0,13500.0
2024-09-26,ICICIPRULI,782.2,784.95,789.15,2.75,80.6316,0.5351,2493000.0,10246500.0,132000.0
2024-09-26,IDEA,10.38,10.38,10.59,0.0,77.9285,2.0231,937040000.0,3247160000.0,61280000.0
2024-09-26,IDFC,110.84,110.92,111.62,0.08,85.9033,0.6311,14865000.0,89275000.0,1310000.0
2024-09-26,IDFCFIRSTB,74.04,74.02,72.72,-0.02,94.9446,-1.7563,26280000.0,449205000.0,44355000.0
2024-09-26,IEX,208.66,208.46,211.63,-0.2,86.844,1.5207,6956250.0,44047500.0,1871250.0
2024-09-26,IGL,548.9,548.25,552.35,-0.65,89.4522,0.7478,1135750.0,9521875.0,110000.0
2024-09-26,INDHOTEL,709.9,710.6,715.65,0.7,96.4017,0.7107,680000.0,18114000.0,104000.0
2024-09-26,INDIAMART,2889.5,2895.25,2914.4,5.75,92.5008,0.6614,133500.0,1599600.0,47100.0
2024-09-26,INDIGO,4867.55,4862.8,4906.25,-4.75,88.2044,0.8935,1217700.0,8982900.0,122700.0
2024-09-26,INDUSINDBK,1452.7,1455.05,1464.05,2.35,90.1683,0.6185,3508000.0,31758000.0,414500.0
2024-09-26,INDUSTOWER,393.75,394.15,397.05,0.4,91.7426,0.7358,8775400.0,95631800.0,1866600.0
2024-09-26,INFY,1900.25,1900.1,1895.95,-0.15,98.8741,-0.2184,564000.0,48928400.0,601200.0
2024-09-26,IOC,171.37,171.1,172.65,-0.27,94.1109,0.9059,11027250.0,171390375.0,4831125.0
2024-09-26,IPCALAB,1479.05,1480.7,1489.3,1.65,93.8236,0.5808,153400.0,2305550.0,24700.0
2024-09-26,IRCTC,906.75,905.0,912.35,-1.75,92.7482,0.8122,1614375.0,19685750.0,961625.0
2024-09-26,ITC,522.75,523.9,526.45,1.15,78.5682,0.4867,24897600.0,90379200.0,894400.0
2024-09-26,JINDALSTEL,1028.25,1029.35,1037.15,1.1,98.0825,0.7578,361875.0,18407500.0,103125.0
2024-09-26,JKCEMENT,4582.2,4595.45,4607.7,13.25,81.9413,0.2666,168375.0,746000.0,18000.0
2024-09-26,JSWSTEEL,1005.55,1004.05,1012.45,-1.5,92.5617,0.8366,1613250.0,19692450.0,382725.0
2024-09-26,JUBLFOOD,687.9,689.9,693.6,2.0,92.0677,0.5363,1335000.0,15251250.0,243750.0
2024-09-26,KOTAKBANK,1902.3,1901.6,1917.2,-0.7,95.2933,0.8204,1613600.0,32434400.0,234800.0
2024-09-26,LALPATHLAB,3281.25,3290.45,3287.7,9.2,76.6014,-0.0836,211500.0,687300.0,5100.0
2024-09-26,LAURUSLABS,463.2,463.05,466.8,-0.15,93.8706,0.8098,1550400.0,23407300.0,336600.0
2024-09-26,LICHSGFIN,666.45,667.15,672.1,0.7,93.0,0.742,2121000.0,27731000.0,448000.0
2024-09-26,LT,3762.15,3759.45,3782.95,-2.7,76.3531,0.6251,5349600.0,17160900.0,112350.0
2024-09-26,LTF,186.82,186.39,187.88,-0.43,95.8938,0.7994,3016312.0,69549194.0,892400.0
2024-09-26,LTIM,6164.05,6153.7,6189.85,-10.35,92.3088,0.5875,240150.0,2833500.0,48750.0
2024-09-26,LTTS,5460.1,5473.9,5414.2,13.8,88.3826,-1.0906,141500.0,1039800.0,36700.0
2024-09-26,LUPIN,2188.15,2185.45,2203.8,-2.7,89.1293,0.8396,1296250.0,10576125.0,51850.0
2024-09-26,M&M,3181.1,3172.4,3199.05,-8.7,91.7146,0.8401,1619800.0,17728550.0,201600.0
2024-09-26,M&MFIN,340.5,341.35,335.55,0.85,80.9317,-1.6991,7376000.0,30708000.0,598000.0
2024-09-26,MANAPPURAM,203.69,203.34,205.34,-0.35,90.8649,0.9836,6714000.0,65562000.0,1221000.0
2024-09-26,MARICO,693.6,695.55,698.95,1.95,95.1048,0.4888,711600.0,13749600.0,75600.0
2024-09-26,MARUTI,13383.8,13372.45,13482.25,-11.35,81.534,0.8211,794850.0,3473750.0,35800.0
2024-09-26,MCX,5715.6,5724.0,5758.4,8.4,94.2032,0.601,110000.0,1766200.0,21400.0
2024-09-26,METROPOLIS,2161.1,2158.0,2173.55,-3.1,94.7131,0.7206,70400.0,1247600.0,13600.0
2024-09-26,MFSL,1195.4,1197.5,1204.1,2.1,75.7194,0.5511,1788800.0,5562400.0,16000.0
2024-09-26,MGL,1964.95,1967.65,1936.6,2.7,88.5876,-1.578,257600.0,1962400.0,37200.0
2024-09-26,MOTHERSON,212.97,213.4,214.85,0.43,94.4162,0.6795,6794700.0,112748000.0,2144200.0
2024-09-26,MPHASIS,3053.7,3056.95,3078.0,3.25,94.8517,0.6886,199100.0,3626425.0,41800.0
2024-09-26,MRF,138850.6,138932.25,140043.5,81.65,96.0406,0.7999,2400.0,57565.0,650.0
2024-09-26,MUTHOOTFIN,2047.5,2045.6,2061.3,-1.9,87.9934,0.7675,563750.0,4110150.0,21450.0
2024-09-26,NATIONALUM,203.01,203.25,204.65,0.24,96.0431,0.6888,3041250.0,72371250.0,1447500.0
2024-09-26,NAUKRI,7947.65,7950.6,8009.45,2.95,95.6113,0.7402,66450.0,1437600.0,10050.0
2024-09-26,NAVINFLUOR,3383.3,3387.75,3410.9,4.45,95.8044,0.6833,91875.0,2068850.0,29050.0
2024-09-26,NESTLEIND,2755.45,2750.05,2764.1,-5.4,92.7836,0.5109,478200.0,6101600.0,46800.0
2024-09-26,NMDC,234.29,234.37,236.22,0.08,93.5752,0.7894,6439500.0,91098000.0,2691000.0
2024-09-26,NTPC,434.6,433.5,436.9,-1.1,80.4902,0.7843,27319500.0,110983500.0,1726500.0
2024-09-26,OBEROIRLTY,1953.2,1954.5,1964.7,1.3,94.1629,0.5219,456400.0,7340200.0,22400.0
2024-09-26,OFSS,11279.65,11275.15,11373.4,-4.5,86.9547,0.8714,159400.0,1037600.0,24900.0
2024-09-26,ONGC,295.2,295.15,297.5,-0.05,96.0186,0.7962,5070450.0,118639675.0,3644025.0
2024-09-26,PAGEIND,42033.05,42060.3,42345.5,27.25,93.5026,0.6781,13470.0,192360.0,1485.0
2024-09-26,PEL,1088.95,1091.65,1098.15,2.7,93.3604,0.5954,821250.0,11444250.0,103500.0
2024-09-26,PERSISTENT,5426.45,5412.8,5454.4,-13.65,95.989,0.7685,87600.0,2072400.0,24000.0
2024-09-26,PETRONET,336.3,336.3,339.1,0.0,89.8634,0.8326,4785000.0,41742000.0,678000.0
2024-09-26,PFC,480.45,480.45,484.45,0.0,91.0193,0.8326,5865600.0,57075200.0,2372500.0
2024-09-26,PIDILITIND,3289.65,3290.45,3316.3,0.8,95.2855,0.7856,116000.0,2334750.0,9750.0
2024-09-26,PIIND,4624.05,4610.95,4649.55,-13.1,76.7442,0.8371,432500.0,1406000.0,21250.0
2024-09-26,PNB,107.29,107.3,108.05,0.01,93.8248,0.699,19040000.0,278896000.0,10392000.0
2024-09-26,POLYCAB,6747.4,6748.4,6800.5,1.0,92.2155,0.772,182750.0,2127000.0,37875.0
2024-09-26,POWERGRID,365.45,365.0,367.8,-0.45,85.8918,0.7671,13568400.0,81720000.0,885600.0
2024-09-26,PVRINOX,1740.0,1745.45,1713.75,5.45,88.4145,-1.8162,439560.0,3185996.0,168498.0
2024-09-26,RAMCOCEM,861.0,861.75,865.35,0.75,82.7547,0.4178,1684700.0,8000200.0,84150.0
2024-09-26,RBLBANK,208.0,208.11,209.8,0.11,95.8774,0.8121,3605000.0,82037500.0,1802500.0
2024-09-26,RECLTD,544.1,544.2,548.25,0.1,94.1096,0.7442,3970000.0,60676000.0,2752000.0
2024-09-26,RELIANCE,2995.95,2994.7,3020.65,-1.25,90.045,0.8665,5454250.0,48572750.0,762250.0
2024-09-26,SAIL,139.2,139.21,140.36,0.01,93.6103,0.8261,9528000.0,135004000.0,4584000.0
2024-09-26,SBICARD,781.25,781.25,786.7,0.0,92.3071,0.6976,1499200.0,17329600.0,659200.0
2024-09-26,SBILIFE,1898.3,1900.25,1911.45,1.95,97.4672,0.5894,210750.0,8065125.0,45000.0
2024-09-26,SBIN,801.85,801.25,806.65,-0.6,95.7495,0.6739,4379250.0,95380500.0,3270000.0
2024-09-26,SHREECEM,26123.05,26148.55,26313.25,25.5,86.9835,0.6299,31425.0,208350.0,1650.0
2024-09-26,SHRIRAMFIN,3628.4,3618.55,3647.1,-9.85,96.1785,0.789,237900.0,5943600.0,43800.0
2024-09-26,SIEMENS,7077.15,7068.25,7119.35,-8.9,96.2978,0.723,93450.0,2404200.0,26550.0
2024-09-26,SRF,2458.25,2458.0,2477.7,-0.25,96.3595,0.8015,227250.0,5947500.0,67500.0
2024-09-26,SUNPHARMA,1898.4,1892.3,1909.7,-6.1,77.3334,0.9195,4750550.0,16168600.0,39200.0
2024-09-26,SUNTV,833.6,835.4,833.9,1.8,93.1174,-0.1796,382500.0,4741500.0,433500.0
2024-09-26,SYNGENE,880.35,880.1,884.35,-0.25,77.2054,0.4829,1540000.0,5165000.0,51000.0
2024-09-26,TATACHEM,1054.45,1054.6,1063.2,0.15,93.9768,0.8155,593450.0,8877000.0,382250.0
2024-09-26,TATACOMM,2145.1,2138.95,2158.05,-6.15,85.0748,0.893,1067000.0,5993000.0,89000.0
2024-09-26,TATACONSUM,1213.45,1214.15,1222.1,0.7,95.4997,0.6548,575928.0,12144192.0,77520.0
2024-09-26,TATAMOTORS,993.15,993.9,1000.95,0.75,94.8349,0.7093,5141400.0,91366550.0,3033800.0
2024-09-26,TATAPOWER,476.05,476.6,480.05,0.55,96.2109,0.7239,3592350.0,89680500.0,1534950.0
2024-09-26,TATASTEEL,165.61,165.94,166.91,0.33,89.6271,0.5845,29898000.0,250030000.0,8305000.0
2024-09-26,TCS,4292.5,4289.0,4304.9,-3.5,92.5776,0.3707,1301125.0,16070950.0,157675.0
2024-09-26,TECHM,1606.95,1608.8,1611.5,1.85,85.4773,0.1678,2290200.0,11820000.0,1659600.0
2024-09-26,TITAN,3757.55,3762.45,3787.85,4.9,97.5365,0.6751,241325.0,9500400.0,54425.0
2024-09-26,TORNTPHARM,3412.25,3409.05,3432.65,-3.2,95.2326,0.6923,82750.0,1650000.0,3000.0
2024-09-26,TRENT,7845.5,7859.2,7899.25,13.7,91.1303,0.5096,306200.0,3106800.0,39200.0
2024-09-26,TVSMOTOR,2891.05,2891.25,2914.15,0.2,95.1275,0.792,391300.0,7544600.0,94850.0
2024-09-26,UBL,2156.6,2159.3,2173.25,2.7,82.5357,0.646,357600.0,1674800.0,15200.0
2024-09-26,ULTRACEMCO,12064.95,12062.55,12149.15,-2.4,93.5329,0.7179,153800.0,2211300.0,13100.0
2024-09-26,UNITDSPR,1644.6,1647.8,1653.75,3.2,96.5376,0.3611,383600.0,10658900.0,36400.0
2024-09-26,UPL,601.1,601.55,606.2,0.45,97.1846,0.773,1033500.0,35102600.0,573300.0
2024-09-26,VEDL,501.75,501.7,501.6,-0.05,89.8328,-0.0199,14363500.0,125244200.0,1665200.0
2024-09-26,VOLTAS,1857.55,1860.0,1870.85,2.45,92.0799,0.5833,566400.0,6457800.0,127200.0
2024-09-26,WIPRO,541.9,541.7,545.3,-0.2,82.7653,0.6646,8776500.0,41089500.0,1057500.0
2024-09-26,ZYDUSLIFE,1068.0,1067.25,1075.15,-0.75,90.5003,0.7402,1656000.0,15480900.0,295200.0
2024-10-31,AARTIIND,510.9,510.5,513.55,-0.4,90.8085,0.5975,1462000.0,13659000.0,785000.0
2024-10-31,ABB,7429.55,7433.75,7481.3,4.2,86.5882,0.6397,263375.0,1672250.0,28125.0
2024-10-31,ABBOTINDIA,28978.6,28973.6,29195.5,-5.0,80.7202,0.7659,24200.0,100760.0,560.0
2024-10-31,ABCAPITAL,203.25,202.81,204.17,-0.44,94.2576,0.6706,4341600.0,69341400.0,1922400.0
2024-10-31,ABFRL,308.15,307.6,310.25,-0.55,95.5652,0.8615,2610400.0,55759600.0,491400.0
2024-10-31,ACC,2320.4,2320.95,2336.65,0.55,92.5252,0.6764,421200.0,5121900.0,91800.0
2024-10-31,ADANIENT,2947.25,2943.25,2962.55,-4.0,91.9402,0.6557,1823100.0,20099400.0,697200.0
2024-10-31,ADANIPORTS,1376.0,1375.65,1385.7,-0.35,93.2783,0.7306,1869600.0,25466800.0,478000.0
2024-10-31,ALKEM,5779.3,5784.3,5816.9,5.0,97.6562,0.5636,47200.0,1964000.0,2600.0
2024-10-31,AMBUJACEM,580.55,580.65,584.75,0.1,94.6874,0.7061,2406600.0,42464700.0,428400.0
2024-10-31,APOLLOHOSP,7022.7,7007.75,7056.45,-14.95,77.8922,0.6949,499250.0,1754500.0,4500.0
2024-10-31,APOLLOTYRE,504.95,504.7,491.0,-0.25,92.601,-2.7145,1052300.0,12795900.0,374000.0
2024-10-31,ASHOKLEY,208.2,208.0,208.45,-0.2,87.4148,0.2163,11910000.0,79205000.0,3520000.0
2024-10-31,ASIANPAINT,2935.75,2933.2,2944.45,-2.55,96.0744,0.3835,451000.0,10874400.0,163400.0
2024-10-31,ASTRAL,1770.35,1769.6,1781.15,-0.75,93.8462,0.6527,290664.0,4231510.0,201116.0
2024-10-31,ATUL,7842.0,7811.1,7874.05,-30.9,87.7543,0.8059,153500.0,1090700.0,9300.0
2024-10-31,AUBANK,612.45,612.0,616.45,-0.45,94.1704,0.7271,1190000.0,18763000.0,460000.0
2024-10-31,AUROPHARMA,1396.5,1397.1,1405.45,0.6,93.7717,0.5977,808500.0,12115400.0,57200.0
2024-10-31,AXISBANK,1159.5,1162.7,1168.65,3.2,96.1634,0.5117,2341875.0,58306250.0,391875.0
2024-10-31,BAJAJ-AUTO,9836.3,9846.05,9887.4,9.75,76.58,0.42,886050.0,2854275.0,42975.0
2024-10-31,BAJAJFINSV,1750.95,1751.7,1759.65,0.75,87.0127,0.4538,1607500.0,10562000.0,208000.0
2024-10-31,BAJFINANCE,6889.8,6899.15,6933.3,9.35,81.3923,0.495,2034750.0,8732375.0,167875.0
2024-10-31,BALKRISIND,2837.45,2843.7,2855.65,6.25,92.5339,0.4202,145500.0,1788600.0,14700.0
2024-10-31,BANDHANBNK,182.2,182.07,183.27,-0.13,94.4182,0.6591,6090000.0,98291200.0,4723600.0
2024-10-31,BANKBARODA,250.95,250.75,252.45,-0.2,95.528,0.678,8116875.0,171062775.0,2325375.0
2024-10-31,BATAINDIA,1355.65,1356.65,1329.35,1.0,95.617,-2.0123,170625.0,3488625.0,233625.0
2024-10-31,BEL,284.9,285.15,286.85,0.25,96.3029,0.5962,5118600.0,127879500.0,5452050.0
2024-10-31,BERGEPAINT,536.8,536.4,537.55,-0.4,69.3333,0.2144,3764640.0,8379360.0,132000.0
2024-10-31,BHARATFORG,1410.15,1410.5,1419.2,0.35,89.0179,0.6168,1234000.0,9841000.0,161500.0
2024-10-31,BHARTIARTL,1612.55,1611.2,1623.45,-1.35,94.8428,0.7603,2448150.0,44870875.0,151050.0
2024-10-31,BHEL,239.0,238.55,240.25,-0.45,81.7469,0.7126,21333375.0,91953750.0,3588375.0
2024-10-31,BIOCON,316.1,315.45,317.6,-0.65,94.0379,0.6816,2440000.0,37137500.0,1347500.0
2024-10-31,BOSCHLTD,35121.2,35168.35,35337.25,47.15,93.3965,0.4803,19675.0,275025.0,3250.0
2024-10-31,BPCL,310.75,311.3,312.95,0.55,92.5787,0.53,5862600.0,72405000.0,729000.0
2024-10-31,BRITANNIA,5726.9,5721.25,5750.25,-5.65,91.1559,0.5069,260000.0,2665400.0,14400.0
2024-10-31,BSOFT,550.1,548.45,552.65,-1.65,89.2164,0.7658,1690000.0,13393000.0,589000.0
2024-10-31,CANBK,102.65,102.6,103.32,-0.05,93.9725,0.7018,20364750.0,310250250.0,7249500.0
2024-10-31,CANFINHOME,867.95,866.8,873.35,-1.15,91.106,0.7557,416325.0,4168125.0,96525.0
2024-10-31,CHAMBLFERT,483.6,484.2,482.3,0.6,87.7861,-0.3924,1297700.0,9120000.0,207100.0
2024-10-31,CHOLAFIN,1272.75,1273.15,1283.35,0.4,76.5121,0.8012,2830000.0,9129375.0,89375.0
2024-10-31,CIPLA,1551.8,1549.6,1560.25,-2.2,93.6238,0.6873,981500.0,14280500.0,131300.0
2024-10-31,COALINDIA,452.05,451.95,454.35,-0.1,85.0057,0.531,10176600.0,56739900.0,953400.0
2024-10-31,COFORGE,7624.0,7622.05,7665.65,-1.95,89.1715,0.572,245250.0,1983000.0,36600.0
2024-10-31,COLPAL,3062.5,3063.5,3063.3,1.0,94.979,-0.0065,205100.0,3852100.0,27650.0
2024-10-31,CONCOR,847.1,847.15,849.05,0.05,92.1812,0.2243,1655000.0,18827000.0,685000.0
2024-10-31,COROMANDEL,1668.65,1664.25,1676.05,-4.4,93.0559,0.709,207900.0,2774100.0,11900.0
2024-10-31,CROMPTON,391.0,391.45,393.9,0.45,95.4324,0.6259,1096200.0,22761000.0,142200.0
2024-10-31,CUB,175.75,175.52,176.76,-0.23,91.1109,0.7065,3865000.0,39020000.0,595000.0
2024-10-31,CUMMINSIND,3500.6,3501.2,3527.55,0.6,86.4433,0.7526,717300.0,4544400.0,29400.0
2024-10-31,DABUR,540.0,540.1,540.2,0.1,92.4724,0.0185,1533750.0,18348750.0,492500.0
2024-10-31,DALBHARAT,1833.15,1837.95,1846.3,4.8,81.753,0.4543,412775.0,1811700.0,37675.0
2024-10-31,DEEPAKNTR,2636.25,2635.45,2654.65,-0.8,79.0998,0.7285,417900.0,1525200.0,56400.0
2024-10-31,DIVISLAB,5889.7,5898.3,5930.05,8.6,91.3638,0.5383,295600.0,3089400.0,37800.0
2024-10-31,DIXON,14061.7,14033.6,14121.95,-28.1,90.6046,0.6296,173100.0,1600200.0,69100.0
2024-10-31,DLF,819.85,821.0,825.3,1.15,95.3805,0.5238,2079000.0,42476775.0,448800.0
2024-10-31,DRREDDY,1274.2,1274.45,1283.35,0.25,90.309,0.6983,1025000.0,9461875.0,90000.0
2024-10-31,EICHERMOT,4894.65,4877.15,4914.55,-17.5,94.5604,0.7668,255325.0,4422250.0,16275.0
2024-10-31,ESCORTS,3745.15,3748.65,3777.0,3.5,80.463,0.7563,327250.0,1327150.0,20625.0
2024-10-31,EXIDEIND,455.45,454.75,457.6,-0.7,89.9255,0.6267,3432600.0,29775600.0,864000.0
2024-10-31,FEDERALBNK,203.9,203.22,204.79,-0.68,80.7831,0.7726,15215000.0,61805000.0,2155000.0
2024-10-31,GAIL,200.0,200.04,201.35,0.04,95.5738,0.6549,4199850.0,88027575.0,2658075.0
2024-10-31,GLENMARK,1694.55,1691.35,1701.35,-3.2,94.5571,0.5912,221850.0,3799000.0,55100.0
2024-10-31,GMRINFRA,79.32,79.44,79.92,0.12,90.8517,0.6042,33738750.0,324146250.0,10912500.0
2024-10-31,GNFC,625.15,624.35,628.55,-0.8,87.3104,0.6727,739700.0,4953000.0,136500.0
2024-10-31,GODREJCP,1283.15,1283.8,1292.15,0.65,89.1098,0.6504,1325500.0,10817500.0,28500.0
2024-10-31,GODREJPROP,2875.75,2877.05,2897.7,1.3,92.3055,0.7177,363150.0,4323825.0,32625.0
2024-10-31,GRANULES,569.6,570.1,574.35,0.5,93.2907,0.7455,1070000.0,14668000.0,210000.0
2024-10-31,GRASIM,2695.8,2700.55,2710.35,4.75,90.6734,0.3629,872500.0,8465750.0,16750.0
2024-10-31,GUJGASLTD,519.15,518.35,522.45,-0.8,85.4626,0.791,1320000.0,7473750.0,286250.0
2024-10-31,HAL,4246.7,4247.05,4274.25,0.35,96.8843,0.6404,409500.0,12194700.0,538800.0
2024-10-31,HAVELLS,1638.4,1641.5,1650.5,3.1,91.7757,0.5483,870500.0,9641500.0,72500.0
2024-10-31,HCLTECH,1766.1,1763.25,1775.8,-2.85,75.9593,0.7118,4196850.0,13199900.0,60550.0
2024-10-31,HDFCAMC,4299.45,4305.85,4334.1,6.4,95.7197,0.6561,155550.0,3458850.0,19650.0
2024-10-31,HDFCBANK,1735.65,1737.0,1747.8,1.35,95.5859,0.6218,6878300.0,147848250.0,1098350.0
2024-10-31,HDFCLIFE,720.1,721.15,724.2,1.05,93.9035,0.4229,1335400.0,20323600.0,245300.0
2024-10-31,HEROMOTOCO,4989.55,4981.6,5010.9,-7.95,90.0304,0.5882,585900.0,5221200.0,69750.0
2024-10-31,HINDALCO,686.05,687.15,690.55,1.1,93.9422,0.4948,2590000.0,39852400.0,312200.0
2024-10-31,HINDCOPPER,294.2,294.3,296.35,0.1,96.5997,0.6966,1287900.0,35735250.0,853300.0
2024-10-31,HINDPETRO,380.9,381.5,383.4,0.6,84.1152,0.498,8132400.0,41881050.0,1182600.0
2024-10-31,HINDUNILVR,2528.15,2529.4,2517.35,1.25,94.7521,-0.4764,885300.0,15733200.0,251100.0
2024-10-31,ICICIBANK,1292.25,1294.15,1301.55,1.9,93.0673,0.5718,6204100.0,82772900.0,513800.0
2024-10-31,ICICIGI,1917.35,1917.85,1932.45,0.5,91.8125,0.7613,676000.0,7561000.0,19500.0
2024-10-31,ICICIPRULI,741.0,742.2,746.55,1.2,94.9477,0.5861,565500.0,10548000.0,79500.0
2024-10-31,IDEA,8.12,8.09,8.15,-0.03,95.1292,0.7417,182080000.0,3440520000.0,115560000.0
2024-10-31,IDFCFIRSTB,65.93,65.89,66.11,-0.04,81.8739,0.3339,62827500.0,267037500.0,16747500.0
2024-10-31,IEX,177.75,178.17,178.78,0.42,81.8289,0.3424,10953750.0,48232500.0,1095000.0
2024-10-31,IGL,420.15,420.25,417.65,0.1,83.3147,-0.6187,2671625.0,12577125.0,763125.0
2024-10-31,INDHOTEL,676.7,676.9,681.75,0.2,97.172,0.7165,620000.0,21115000.0,189000.0
2024-10-31,INDIAMART,2500.0,2499.0,2527.9,-1.0,56.973,1.1565,608100.0,772800.0,32400.0
2024-10-31,INDIGO,4052.5,4046.65,4076.2,-5.85,86.6426,0.7302,1252500.0,7943100.0,181200.0
2024-10-31,INDUSINDBK,1055.6,1056.1,1063.2,0.5,94.0038,0.6723,2731500.0,41607000.0,1215500.0
2024-10-31,INDUSTOWER,340.55,340.4,343.1,-0.15,95.2208,0.7932,4695400.0,92282800.0,1268200.0
2024-10-31,INFY,1757.25,1761.2,1769.65,3.95,93.1752,0.4798,3304400.0,44791200.0,322000.0
2024-10-31,IOC,142.6,142.68,143.43,0.08,84.3338,0.5257,28640625.0,148663125.0,5513625.0
2024-10-31,IPCALAB,1588.8,1584.75,1592.7,-4.05,92.1173,0.5017,167700.0,1955200.0,4550.0
2024-10-31,IRCTC,821.3,820.8,823.6,-0.5,93.5448,0.3411,1262625.0,17300500.0,996625.0
2024-10-31,ITC,488.8,487.45,490.95,-1.35,92.5963,0.718,8584000.0,102878400.0,4480000.0
2024-10-31,JINDALSTEL,920.5,919.4,925.8,-1.1,95.6104,0.6961,1007500.0,21853750.0,90625.0
2024-10-31,JKCEMENT,4322.25,4319.15,4347.05,-3.1,91.4802,0.646,51875.0,553750.0,3250.0
2024-10-31,JSWSTEEL,963.7,964.95,968.75,1.25,91.8834,0.3938,2049300.0,23085675.0,113400.0
2024-10-31,JUBLFOOD,576.0,575.85,579.3,-0.15,90.1936,0.5991,1722500.0,15563750.0,278750.0
2024-10-31,KOTAKBANK,1731.05,1733.35,1743.6,2.3,93.3857,0.5913,2910400.0,40655200.0,436000.0
2024-10-31,LALPATHLAB,3113.0,3116.65,3120.3,3.65,76.2578,0.1171,261900.0,830400.0,10800.0
2024-10-31,LAURUSLABS,491.3,490.55,493.35,-0.75,92.4744,0.5708,1511300.0,18222300.0,348500.0
2024-10-31,LICHSGFIN,631.1,631.2,634.9,0.1,94.9518,0.5862,1561000.0,28777000.0,584000.0
2024-10-31,LT,3622.55,3633.95,3646.7,11.4,86.5656,0.3509,2772900.0,17673000.0,194400.0
2024-10-31,LTF,146.0,146.56,147.14,0.56,87.3451,0.3957,9566528.0,59237512.0,6791164.0
2024-10-31,LTIM,5710.8,5705.05,5732.25,-5.75,88.0878,0.4768,394050.0,2877300.0,36600.0
2024-10-31,LTTS,4945.9,4942.15,4962.75,-3.75,82.5399,0.4168,213100.0,962400.0,45000.0
2024-10-31,LUPIN,2186.95,2192.8,2202.45,5.85,96.2503,0.4401,441575.0,11277375.0,57375.0
2024-10-31,M&M,2728.5,2728.15,2750.8,-0.35,93.3172,0.8302,1874600.0,26012700.0,163800.0
2024-10-31,M&MFIN,270.6,271.05,269.0,0.45,91.3985,-0.7563,3042000.0,31522000.0,802000.0
2024-10-31,MANAPPURAM,157.05,157.44,157.33,0.39,80.6242,-0.0699,12777000.0,52002000.0,1164000.0
2024-10-31,MARICO,640.0,640.95,644.85,0.95,95.9462,0.6085,766800.0,17994000.0,154800.0
2024-10-31,MARUTI,11076.6,11077.15,11148.95,0.55,89.2932,0.6482,426450.0,3514700.0,41850.0
2024-10-31,MCX,6515.95,6502.4,6513.4,-13.55,84.8555,0.1692,289200.0,1590000.0,30400.0
2024-10-31,METROPOLIS,2146.2,2149.05,2160.05,2.85,87.3343,0.5119,145200.0,991200.0,10000.0
2024-10-31,MFSL,1283.0,1283.2,1286.85,0.2,76.9408,0.2844,1278400.0,4144800.0,120800.0
2024-10-31,MGL,1441.6,1443.45,1449.65,1.85,79.5235,0.4295,457200.0,1719200.0,56400.0
2024-10-31,MOTHERSON,180.95,180.6,181.9,-0.35,91.239,0.7198,9940000.0,101125300.0,2392700.0
2024-10-31,MPHASIS,2879.55,2873.75,2892.3,-5.8,91.0921,0.6455,372350.0,3758975.0,48675.0
2024-10-31,MRF,122520.7,122234.15,123053.95,-286.55,90.3773,0.6707,6975.0,64445.0,1065.0
2024-10-31,MUTHOOTFIN,1930.45,1926.0,1941.2,-4.45,95.0005,0.7892,297000.0,5609450.0,34100.0
2024-10-31,NATIONALUM,227.3,226.59,227.4,-0.71,82.9895,0.3575,12521250.0,60240000.0,847500.0
2024-10-31,NAUKRI,7440.9,7454.65,7485.6,13.75,88.4406,0.4152,190800.0,1446150.0,13650.0
2024-10-31,NAVINFLUOR,3329.85,3328.7,3345.45,-1.15,94.4511,0.5032,114275.0,1922025.0,23100.0
2024-10-31,NESTLEIND,2263.0,2267.95,2279.05,4.95,87.8851,0.4894,1108000.0,7874400.0,163400.0
2024-10-31,NMDC,221.85,221.83,223.45,-0.02,91.6951,0.7303,7785000.0,83713500.0,2241000.0
2024-10-31,NTPC,408.15,408.4,410.45,0.25,96.9199,0.502,3534000.0,110253000.0,949500.0
2024-10-31,OBEROIRLTY,1966.75,1960.5,1969.85,-6.25,93.6462,0.4769,479500.0,7025900.0,41300.0
2024-10-31,OFSS,10886.55,10897.5,10959.2,10.95,88.7951,0.5662,95600.0,746800.0,10800.0
2024-10-31,ONGC,266.15,266.05,266.85,-0.1,80.4672,0.3007,27668025.0,111189925.0,2791250.0
2024-10-31,PAGEIND,43163.8,43041.05,43240.65,-122.75,94.3693,0.4637,15735.0,262920.0,795.0
2024-10-31,PEL,1061.15,1061.45,1068.15,0.3,97.2577,0.6312,300750.0,10571250.0,95250.0
2024-10-31,PERSISTENT,5372.55,5364.5,5399.9,-8.05,88.8747,0.6599,209400.0,1649400.0,23400.0
2024-10-31,PETRONET,333.0,332.3,334.7,-0.7,81.0307,0.7222,6957000.0,29463000.0,255000.0
2024-10-31,PFC,454.95,454.1,455.2,-0.85,91.6435,0.2422,5086900.0,52968500.0,2818400.0
2024-10-31,PIDILITIND,3145.85,3150.25,3166.35,4.4,95.1956,0.5111,130500.0,2573500.0,12250.0
2024-10-31,PIIND,4488.5,4499.55,4514.7,11.05,79.8744,0.3367,272500.0,1077250.0,4250.0
2024-10-31,PNB,97.9,97.82,99.03,-0.08,73.3157,1.237,70248000.0,187432000.0,5576000.0
2024-10-31,POLYCAB,6480.4,6461.05,6505.35,-19.35,87.5635,0.6856,327250.0,2246125.0,58000.0
2024-10-31,POWERGRID,320.8,320.5,318.55,-0.3,95.6643,-0.6084,4579200.0,100062000.0,975600.0
2024-10-31,PVRINOX,1570.2,1568.3,1580.85,-1.9,84.9379,0.8002,760276.0,4094013.0,193325.0
2024-10-31,RAMCOCEM,886.55,887.45,890.85,0.9,74.457,0.3831,2469250.0,7162950.0,34850.0
2024-10-31,RBLBANK,169.75,169.64,171.84,-0.11,67.3301,1.2969,18590000.0,37625000.0,687500.0
2024-10-31,RECLTD,522.6,523.1,522.4,0.5,95.3126,-0.1338,2870000.0,56668000.0,1690000.0
2024-10-31,RELIANCE,1332.1,1330.95,1338.75,-1.15,95.7291,0.586,7059000.0,152392500.0,5828000.0
2024-10-31,SAIL,115.75,115.63,116.46,-0.12,92.4648,0.7178,12252000.0,141644000.0,8700000.0
2024-10-31,SBICARD,688.4,689.85,673.4,1.45,93.6624,-2.3846,1450400.0,20081600.0,1353600.0
2024-10-31,SBILIFE,1622.15,1620.75,1631.7,-1.4,95.73,0.6756,421500.0,9401250.0,48375.0
2024-10-31,SBIN,820.2,820.2,826.15,0.0,95.6387,0.7254,4713750.0,101869500.0,1497750.0
2024-10-31,SHREECEM,25072.15,25061.9,25013.25,-10.25,92.9245,-0.1941,23650.0,306675.0,3925.0
2024-10-31,SHRIRAMFIN,3138.9,3134.6,3138.4,-4.3,96.5829,0.1212,280500.0,7878900.0,49200.0
2024-10-31,SIEMENS,6976.3,6960.35,7011.35,-15.95,91.8877,0.7327,172500.0,1935900.0,18000.0
2024-10-31,SRF,2243.15,2242.4,2257.55,-0.75,94.4395,0.6756,376500.0,6312375.0,82125.0
2024-10-31,SUNPHARMA,1848.9,1850.7,1860.25,1.8,94.7097,0.516,999600.0,17846150.0,49350.0
2024-10-31,SUNTV,752.2,754.95,719.85,2.75,84.8593,-4.6493,888000.0,4836000.0,141000.0
2024-10-31,SYNGENE,860.25,860.4,866.15,0.15,86.1713,0.6683,817000.0,5052000.0,39000.0
2024-10-31,TATACHEM,1148.9,1148.4,1155.95,-0.5,91.4484,0.6574,752400.0,7835850.0,210100.0
2024-10-31,TATACOMM,1774.6,1773.9,1782.95,-0.7,79.7657,0.5102,1477000.0,5718000.0,104500.0
2024-10-31,TATACONSUM,1002.55,1000.8,1006.75,-1.75,91.2035,0.5945,1091208.0,11076696.0,237120.0
2024-10-31,TATAMOTORS,834.05,834.65,839.8,0.6,94.1822,0.617,5864100.0,90871550.0,4060650.0
2024-10-31,TATAPOWER,440.05,440.05,443.3,0.0,94.7545,0.7386,4611600.0,81581850.0,1722600.0
2024-10-31,TATASTEEL,148.55,148.5,149.58,-0.05,89.8229,0.7273,29777000.0,254012000.0,8800000.0
2024-10-31,TCS,3968.7,3972.5,3993.85,3.8,90.8176,0.5374,1679825.0,16389625.0,224525.0
2024-10-31,TECHM,1608.6,1608.9,1620.3,0.3,87.0182,0.7086,2101800.0,13871400.0,217200.0
2024-10-31,TITAN,3267.4,3264.65,3285.0,-2.75,93.6367,0.6233,738675.0,10687250.0,182525.0
2024-10-31,TORNTPHARM,3202.65,3202.7,3225.95,0.05,86.9805,0.7259,396250.0,2645000.0,2250.0
2024-10-31,TRENT,7128.25,7129.3,7180.45,1.05,86.2141,0.7175,539800.0,3328600.0,47200.0
2024-10-31,TVSMOTOR,2493.7,2489.7,2503.05,-4.0,92.3697,0.5362,686000.0,8225350.0,79100.0
2024-10-31,UBL,1921.55,1925.9,1935.7,4.35,78.0143,0.5089,466800.0,1641200.0,15200.0
2024-10-31,ULTRACEMCO,11065.7,11093.7,11145.1,28.0,93.4463,0.4633,175600.0,2457700.0,46100.0
2024-10-31,UNITDSPR,1449.1,1446.15,1456.4,-2.95,96.3631,0.7088,422100.0,11141900.0,42000.0
2024-10-31,UPL,553.65,553.55,557.65,-0.1,96.0439,0.7407,1411800.0,33498400.0,776100.0
2024-10-31,VEDL,464.05,463.55,466.55,-0.5,96.1218,0.6472,4892100.0,119429800.0,1821600.0
2024-10-31,VOLTAS,1649.5,1647.25,1659.75,-2.25,87.001,0.7588,1389000.0,9177600.0,118800.0
2024-10-31,WIPRO,551.8,551.45,555.3,-0.35,93.862,0.6982,2938500.0,44272500.0,663000.0
2024-10-31,ZYDUSLIFE,1001.25,1001.8,1008.25,0.55,94.0082,0.6438,968400.0,14970600.0,223200.0
2024-11-28,AARTIIND,448.35,447.7,450.6,-0.65,93.4686,0.6478,1075000.0,14530000.0,854000.0
2024-11-28,ABB,7394.8,7404.75,7448.1,9.95,86.8004,0.5854,222875.0,1445125.0,20500.0
2024-11-28,ABBOTINDIA,27378.0,27323.35,27485.25,-54.65,90.3403,0.5925,10220.0,94780.0,800.0
2024-11-28,ABCAPITAL,193.8,193.73,195.29,-0.07,94.2023,0.8052,4122900.0,65777400.0,1212300.0
2024-11-28,ABFRL,315.7,315.65,317.8,-0.05,96.128,0.6811,2129400.0,52455000.0,410800.0
2024-11-28,ACC,2188.55,2190.75,2201.25,2.2,67.9965,0.4793,1667700.0,3477000.0,66300.0
2024-11-28,ADANIENT,2437.1,2438.75,2452.4,1.65,89.6773,0.5597,1971900.0,16796100.0,334500.0
2024-11-28,ADANIPORTS,1167.55,1169.05,1176.25,1.5,95.2588,0.6159,1516800.0,29637600.0,837600.0
2024-11-28,ALKEM,5457.15,5463.35,5493.35,6.2,83.9795,0.5491,209500.0,1094500.0,3700.0
2024-11-28,AMBUJACEM,513.0,512.6,516.3,-0.4,94.5961,0.7218,2245500.0,38348100.0,959400.0
2024-11-28,APOLLOHOSP,6841.1,6853.1,6886.15,12.0,91.8209,0.4823,149750.0,1661875.0,19250.0
2024-11-28,APOLLOTYRE,510.4,511.0,498.25,0.6,85.312,-2.4951,2216800.0,12627600.0,248200.0
2024-11-28,ASHOKLEY,231.6,231.25,231.91,-0.35,83.4764,0.2854,12272500.0,60030000.0,1970000.0
2024-11-28,ASIANPAINT,2458.05,2458.45,2471.75,0.4,91.3464,0.541,1255000.0,12778600.0,469000.0
2024-11-28,ASTRAL,1808.45,1805.8,1816.55,-2.65,93.8828,0.5953,294701.0,4409138.0,113770.0
2024-11-28,ATUL,7224.4,7212.35,7266.2,-12.05,96.5525,0.7466,31700.0,874500.0,13300.0
2024-11-28,AUBANK,585.8,585.75,588.1,-0.05,92.0015,0.4012,1744000.0,19462000.0,598000.0
2024-11-28,AUROPHARMA,1238.35,1237.4,1245.95,-0.95,94.1406,0.691,824450.0,13159300.0,86900.0
2024-11-28,AXISBANK,1132.5,1133.8,1140.45,1.3,97.5433,0.5865,1803750.0,71106875.0,512500.0
2024-11-28,BAJAJ-AUTO,9013.5,9019.0,9077.45,5.5,93.5632,0.6481,200175.0,2849400.0,60300.0
2024-11-28,BAJAJFINSV,1575.05,1571.6,1582.25,-3.45,96.2517,0.6777,568500.0,14320500.0,278000.0
2024-11-28,BAJFINANCE,6509.5,6518.5,6554.95,9.0,96.6276,0.5592,350250.0,9806750.0,228750.0
2024-11-28,BALKRISIND,2717.95,2720.85,2738.5,2.9,95.369,0.6487,86400.0,1766400.0,12900.0
2024-11-28,BANDHANBNK,170.95,170.71,171.97,-0.24,94.8733,0.7381,5768000.0,103233200.0,3508400.0
2024-11-28,BANKBARODA,249.0,248.75,250.45,-0.25,96.0659,0.6834,6867900.0,165060675.0,2644200.0
2024-11-28,BATAINDIA,1362.25,1362.1,1369.4,-0.15,89.8343,0.5359,372750.0,3063750.0,230250.0
2024-11-28,BEL,305.75,305.8,307.85,0.05,96.0905,0.6704,4990350.0,119030250.0,3625200.0
2024-11-28,BERGEPAINT,489.45,490.3,489.65,0.85,87.2789,-0.1326,987360.0,6481200.0,293040.0
2024-11-28,BHARATFORG,1329.2,1326.3,1337.1,-2.9,94.6911,0.8143,614000.0,10822000.0,129500.0
2024-11-28,BHARTIARTL,1560.4,1564.5,1572.05,4.1,93.4579,0.4826,3706425.0,52330750.0,617500.0
2024-11-28,BHEL,252.5,252.0,253.94,-0.5,96.1192,0.7698,3378375.0,81661125.0,2013375.0
2024-11-28,BIOCON,363.95,364.6,366.35,0.65,81.7117,0.48,7062500.0,30800000.0,755000.0
2024-11-28,BOSCHLTD,34675.7,34727.75,34941.0,52.05,95.1115,0.6141,14250.0,275250.0,2000.0
2024-11-28,BPCL,290.95,290.8,292.5,-0.15,76.34,0.5846,18115200.0,57301200.0,1148400.0
2024-11-28,BRITANNIA,4923.7,4920.05,4954.1,-3.65,91.4357,0.6921,245700.0,2556700.0,66500.0
2024-11-28,BSOFT,591.2,590.15,594.1,-1.05,93.5673,0.6693,788000.0,10978000.0,484000.0
2024-11-28,CANBK,102.9,102.83,103.51,-0.07,95.8319,0.6613,12528000.0,281846250.0,6196500.0
2024-11-28,CANFINHOME,821.85,821.25,821.6,-0.6,89.4923,0.0426,433875.0,3613350.0,81900.0
2024-11-28,CHAMBLFERT,498.0,498.2,501.45,0.2,92.8965,0.6523,735300.0,9431600.0,184300.0
2024-11-28,CHOLAFIN,1268.35,1270.35,1277.75,2.0,97.2159,0.5825,326250.0,11303750.0,88125.0
2024-11-28,CIPLA,1492.75,1493.05,1501.95,0.3,95.6666,0.5961,617500.0,13559325.0,72800.0
2024-11-28,COALINDIA,415.2,415.85,418.3,0.65,93.7651,0.5892,4039350.0,59123400.0,1623300.0
2024-11-28,COFORGE,8661.0,8635.4,8668.4,-25.6,75.0989,0.3821,655875.0,1952475.0,25575.0
2024-11-28,COLPAL,3001.15,3001.9,3021.7,0.75,95.328,0.6596,210350.0,4243050.0,49000.0
2024-11-28,CONCOR,821.2,818.85,825.3,-2.35,93.7125,0.7877,1268000.0,18161000.0,738000.0
2024-11-28,COROMANDEL,1755.7,1757.25,1767.15,1.55,92.1414,0.5634,192150.0,2246300.0,6650.0
2024-11-28,CROMPTON,406.65,405.6,408.1,-1.05,93.0816,0.6164,1866600.0,25016400.0,97200.0
2024-11-28,CUB,179.7,179.06,180.33,-0.64,93.148,0.7093,2280000.0,30580000.0,415000.0
2024-11-28,CUMMINSIND,3481.25,3478.75,3497.45,-2.5,95.3115,0.5375,195750.0,3952800.0,26550.0
2024-11-28,DABUR,526.0,525.0,528.3,-1.0,93.4848,0.6286,1372500.0,18941250.0,752500.0
2024-11-28,DALBHARAT,1819.3,1821.85,1832.7,2.55,95.8751,0.5955,127875.0,2953225.0,18975.0
2024-11-28,DEEPAKNTR,2706.0,2704.8,2716.8,-1.2,92.7102,0.4437,162600.0,1991700.0,76200.0
2024-11-28,DIVISLAB,5951.85,5962.1,5994.7,10.25,97.4137,0.5468,83800.0,3137500.0,18800.0
2024-11-28,DIXON,15608.45,15616.65,15698.95,8.2,90.3588,0.527,151950.0,1388950.0,35150.0
2024-11-28,DLF,813.85,814.05,819.45,0.2,96.723,0.6633,1476750.0,43031175.0,556050.0
2024-11-28,DRREDDY,1191.95,1193.8,1200.55,1.85,94.9481,0.5654,566250.0,10519375.0,123125.0
2024-11-28,EICHERMOT,4815.95,4821.85,4850.45,5.9,95.0297,0.5931,183050.0,3473750.0,26075.0
2024-11-28,ESCORTS,3513.4,3506.05,3526.35,-7.35,86.9213,0.579,163350.0,1076625.0,9000.0
2024-11-28,EXIDEIND,457.05,456.5,459.55,-0.55,93.0277,0.6681,2680200.0,34990200.0,770400.0
2024-11-28,FEDERALBNK,211.05,211.16,212.53,0.11,94.9207,0.6488,3810000.0,70010000.0,1190000.0
2024-11-28,GAIL,196.7,197.03,198.15,0.33,88.5337,0.5684,12681900.0,96413550.0,1506350.0
2024-11-28,GLENMARK,1495.15,1494.8,1504.45,-0.35,87.8351,0.6456,430650.0,3071100.0,38350.0
2024-11-28,GMRINFRA,82.52,82.24,82.88,-0.28,94.3523,0.7782,18731250.0,308205000.0,4725000.0
2024-11-28,GNFC,614.25,613.0,617.4,-1.25,85.5378,0.7178,776100.0,4425200.0,165100.0
2024-11-28,GODREJCP,1251.25,1252.0,1258.15,0.75,95.2026,0.4912,517500.0,10224500.0,45000.0
2024-11-28,GODREJPROP,2815.75,2812.75,2833.8,-3.0,94.2679,0.7484,261000.0,4244625.0,47700.0
2024-11-28,GRANULES,583.65,583.25,587.95,-0.4,97.4879,0.8058,451000.0,17404000.0,98000.0
2024-11-28,GRASIM,2570.5,2574.1,2590.3,3.6,97.1896,0.6293,279000.0,9555750.0,92750.0
2024-11-28,GUJGASLTD,472.0,471.45,474.35,-0.55,86.4972,0.6151,936250.0,5666250.0,331250.0
2024-11-28,HAL,4466.95,4462.75,4489.5,-4.2,95.9293,0.5994,453300.0,10370400.0,312000.0
2024-11-28,HAVELLS,1717.6,1719.35,1728.95,1.75,93.0546,0.5584,684500.0,9119500.0,51500.0
2024-11-28,HCLTECH,1840.9,1843.1,1854.8,2.2,81.845,0.6348,2623600.0,11689300.0,138250.0
2024-11-28,HDFCAMC,4209.7,4208.85,4235.05,-0.85,95.3413,0.6225,177000.0,3603000.0,19350.0
2024-11-28,HDFCBANK,1793.15,1793.2,1805.6,0.05,89.7265,0.6915,16445550.0,140201050.0,3431450.0
2024-11-28,HDFCLIFE,657.7,658.95,661.15,1.25,95.5652,0.3339,1056000.0,22267300.0,488400.0
2024-11-28,HEROMOTOCO,4783.5,4786.45,4811.35,2.95,91.4911,0.5202,388950.0,4104450.0,77700.0
2024-11-28,HINDALCO,650.25,651.0,654.9,0.75,95.9886,0.5991,1947400.0,45565800.0,1033200.0
2024-11-28,HINDCOPPER,274.85,275.0,276.7,0.15,96.5372,0.6182,1346200.0,36302350.0,1226950.0
2024-11-28,HINDPETRO,380.0,379.8,382.65,-0.2,94.0758,0.7504,2511000.0,38691675.0,1182600.0
2024-11-28,HINDUNILVR,2462.2,2465.8,2479.55,3.6,94.6549,0.5576,859500.0,14903100.0,317400.0
2024-11-28,ICICIBANK,1286.35,1286.75,1295.6,0.4,93.7764,0.6878,5463500.0,81221000.0,1101800.0
2024-11-28,ICICIGI,1871.1,1868.35,1878.0,-2.75,95.9147,0.5165,269750.0,6302750.0,30500.0
2024-11-28,ICICIPRULI,691.85,692.2,696.9,0.35,97.2839,0.679,270750.0,9646500.0,51000.0
2024-11-28,IDEA,8.36,8.35,8.41,-0.01,95.0324,0.7186,193120000.0,3572720000.0,121760000.0
2024-11-28,IDFCFIRSTB,64.26,64.23,64.65,-0.03,95.9278,0.6539,17932500.0,398055000.0,24375000.0
2024-11-28,IEX,174.9,174.89,176.01,-0.01,85.9429,0.6404,6851250.0,40365000.0,1522500.0
2024-11-28,IGL,319.45,319.8,321.95,0.35,77.7805,0.6723,4988500.0,16267625.0,1194875.0
2024-11-28,INDHOTEL,778.55,779.9,784.25,1.35,92.3188,0.5578,1549000.0,18271000.0,346000.0
2024-11-28,INDIAMART,2341.45,2339.8,2353.75,-1.65,91.4131,0.5962,123600.0,1263000.0,52800.0
2024-11-28,INDIGO,4352.65,4355.55,4368.25,2.9,91.4817,0.2916,714450.0,7441200.0,231600.0
2024-11-28,INDUSINDBK,993.6,995.05,1000.75,1.45,95.0128,0.5728,2591500.0,48207500.0,1164500.0
2024-11-28,INDUSTOWER,348.25,347.95,350.3,-0.3,89.8946,0.6754,9032100.0,79519200.0,827900.0
2024-11-28,INFY,1856.65,1857.95,1869.85,1.3,85.8784,0.6405,7870000.0,47203200.0,657200.0
2024-11-28,IOC,137.75,137.81,138.56,0.06,94.0266,0.5442,8560500.0,129094875.0,5655000.0
2024-11-28,IPCALAB,1513.0,1515.05,1522.2,2.05,92.6875,0.4719,176150.0,2205450.0,27300.0
2024-11-28,IRCTC,814.35,812.45,818.3,-1.9,92.0502,0.72,1423625.0,15746500.0,737625.0
2024-11-28,ITC,474.9,475.0,478.2,0.1,96.3228,0.6737,4236800.0,108736000.0,2246400.0
2024-11-28,JINDALSTEL,897.0,894.9,901.05,-2.1,96.5111,0.6872,767500.0,21133750.0,96875.0
2024-11-28,JKCEMENT,4144.0,4138.85,4169.55,-5.15,94.7368,0.7418,39875.0,704625.0,13125.0
2024-11-28,JSWSTEEL,954.15,956.45,960.0,2.3,71.8224,0.3712,9852300.0,24777225.0,335475.0
2024-11-28,JUBLFOOD,642.3,642.1,646.3,-0.2,92.7525,0.6541,1162500.0,14718750.0,158750.0
2024-11-28,KOTAKBANK,1759.2,1762.15,1771.0,2.95,95.7374,0.5022,1711600.0,37946000.0,496000.0
2024-11-28,LALPATHLAB,2980.6,2979.05,2995.75,-1.55,88.2097,0.5606,77250.0,570150.0,7800.0
2024-11-28,LAURUSLABS,551.7,552.35,554.8,0.65,96.0288,0.4436,992800.0,23664000.0,343400.0
2024-11-28,LICHSGFIN,634.65,632.8,637.3,-1.85,96.1315,0.7111,1087000.0,26820000.0,192000.0
2024-11-28,LT,3666.05,3665.7,3692.05,-0.35,92.2306,0.7188,1340700.0,15604650.0,310800.0
2024-11-28,LTF,144.3,144.06,144.94,-0.24,94.0859,0.6109,4694024.0,73176800.0,1499232.0
2024-11-28,LTIM,6159.7,6146.0,6180.45,-13.7,96.0549,0.5605,102600.0,2436300.0,61800.0
2024-11-28,LTTS,5249.7,5241.45,5269.2,-8.25,89.4679,0.5294,86500.0,716900.0,17900.0
2024-11-28,LUPIN,1998.4,2002.15,2011.55,3.75,91.8551,0.4695,783700.0,8710375.0,127925.0
2024-11-28,M&M,2898.7,2902.15,2918.95,3.45,94.2373,0.5789,1157450.0,18704000.0,223825.0
2024-11-28,M&MFIN,272.0,271.15,271.9,-0.85,91.0984,0.2766,3112000.0,31258000.0,590000.0
2024-11-28,MANAPPURAM,156.7,156.7,157.92,0.0,95.6766,0.7786,2745000.0,59823000.0,924000.0
2024-11-28,MARICO,644.75,645.7,649.45,0.95,96.3433,0.5808,898800.0,23606400.0,74400.0
2024-11-28,MARUTI,10950.95,10931.25,10998.25,-19.7,96.9678,0.6129,107100.0,3392200.0,32750.0
2024-11-28,MCX,6103.05,6090.5,6134.8,-12.55,80.0155,0.7274,387200.0,1534000.0,16300.0
2024-11-28,METROPOLIS,2139.85,2140.4,2152.4,0.55,91.3553,0.5606,94400.0,987200.0,10400.0
2024-11-28,MFSL,1140.3,1141.35,1145.15,1.05,90.6699,0.3329,425600.0,4112800.0,23200.0
2024-11-28,MGL,1180.0,1178.4,1187.3,-1.6,80.0513,0.7553,777200.0,3025600.0,93200.0
2024-11-28,MOTHERSON,161.8,161.38,162.48,-0.42,93.5256,0.6816,7202950.0,101498050.0,2552450.0
2024-11-28,MPHASIS,2957.6,2951.65,2970.25,-5.95,91.7567,0.6302,320925.0,3525225.0,47025.0
2024-11-28,MRF,123662.25,123731.2,124505.35,68.95,95.343,0.6257,2800.0,56635.0,690.0
2024-11-28,MUTHOOTFIN,1911.95,1911.95,1923.2,0.0,96.4452,0.5884,174350.0,4701125.0,29150.0
2024-11-28,NATIONALUM,249.0,249.02,246.66,0.02,83.0877,-0.9477,10200000.0,49320000.0,791250.0
2024-11-28,NAUKRI,8201.85,8208.55,8255.9,6.7,90.0487,0.5768,142500.0,1277850.0,11625.0
2024-11-28,NAVINFLUOR,3468.95,3462.1,3486.75,-6.85,95.9118,0.712,64925.0,1510950.0,12250.0
2024-11-28,NESTLEIND,2236.3,2236.85,2250.35,0.55,93.8009,0.6035,528000.0,7856600.0,132800.0
2024-11-28,NMDC,227.75,227.8,229.3,0.05,89.2798,0.6585,8788500.0,70128000.0,3064500.0
2024-11-28,NTPC,362.05,362.05,364.45,0.0,95.4129,0.6629,5806500.0,119319000.0,1456500.0
2024-11-28,OBEROIRLTY,2019.3,2019.5,1980.9,0.2,94.1675,-1.9114,445200.0,7098700.0,89250.0
2024-11-28,OFSS,11658.0,11646.6,11724.95,-11.4,90.3735,0.6727,63150.0,583550.0,9300.0
2024-11-28,ONGC,252.2,252.15,253.85,-0.05,91.8017,0.6742,9392075.0,102960550.0,2207975.0
2024-11-28,PAGEIND,44816.1,44854.8,45154.4,38.7,85.0631,0.6679,29295.0,166065.0,765.0
2024-11-28,PEL,1180.0,1181.6,1187.5,1.6,95.7791,0.4993,471750.0,10625250.0,79500.0
2024-11-28,PERSISTENT,5820.7,5810.5,5846.85,-10.2,93.2971,0.6256,111000.0,1529300.0,15700.0
2024-11-28,PETRONET,328.05,327.55,329.95,-0.5,96.6889,0.7327,954000.0,27696000.0,162000.0
2024-11-28,PFC,494.0,493.9,497.3,-0.1,97.7375,0.6884,1333800.0,56491500.0,1128400.0
2024-11-28,PIDILITIND,3043.9,3048.15,3062.4,4.25,89.9716,0.4675,238250.0,2123000.0,14500.0
2024-11-28,PIIND,4042.55,4050.1,4072.15,7.55,91.0272,0.5444,135500.0,1363875.0,10750.0
2024-11-28,PNB,106.29,106.66,106.97,0.37,91.029,0.2906,28176000.0,277952000.0,7952000.0
2024-11-28,POLYCAB,7149.2,7122.9,7173.4,-26.3,91.6779,0.709,177500.0,1935750.0,19625.0
2024-11-28,POWERGRID,333.65,333.1,335.15,-0.55,87.5306,0.6154,11197800.0,77913000.0,691200.0
2024-11-28,PVRINOX,1519.2,1517.55,1528.5,-1.65,94.7286,0.7216,246642.0,4306874.0,125356.0
2024-11-28,RAMCOCEM,974.9,975.25,981.75,0.35,88.2899,0.6665,1083750.0,8127700.0,43350.0
2024-11-28,RBLBANK,157.5,157.26,158.37,-0.24,96.7056,0.7058,2145000.0,61292500.0,1672500.0
2024-11-28,RECLTD,528.25,528.25,531.45,0.0,95.9557,0.6058,2156000.0,49869000.0,1285000.0
2024-11-28,RELIANCE,1270.8,1273.3,1280.5,2.5,94.0098,0.5655,11104500.0,167532500.0,6742000.0
2024-11-28,SAIL,116.3,116.09,117.04,-0.21,92.7661,0.8183,10892000.0,132904000.0,6772000.0
2024-11-28,SBICARD,712.0,711.45,701.85,-0.55,95.9529,-1.3494,833600.0,18564000.0,1200000.0
2024-11-28,SBILIFE,1428.5,1428.45,1436.45,-0.05,94.7582,0.56,635250.0,11325375.0,158250.0
2024-11-28,SBIN,838.85,840.45,844.35,1.6,83.0568,0.464,19821000.0,95108250.0,2055750.0
2024-11-28,SHREECEM,25545.7,25579.8,25433.45,34.1,94.7903,-0.5721,16800.0,301100.0,4575.0
2024-11-28,SHRIRAMFIN,3043.7,3041.1,3058.7,-2.6,95.5637,0.5787,332850.0,7106850.0,63150.0
2024-11-28,SIEMENS,7420.0,7436.75,7473.7,16.75,92.7882,0.4969,151875.0,1939050.0,15000.0
2024-11-28,SRF,2262.4,2259.1,2273.65,-3.3,96.7853,0.6441,207000.0,6157500.0,74625.0
2024-11-28,SUNPHARMA,1734.25,1738.9,1746.8,4.65,97.4739,0.4543,457100.0,17521350.0,116550.0
2024-11-28,SUNTV,746.2,746.1,743.65,-0.1,89.0904,-0.3284,550500.0,4437000.0,58500.0
2024-11-28,SYNGENE,916.85,915.75,920.8,-1.1,91.6594,0.5515,576000.0,6297000.0,33000.0
2024-11-28,TATACHEM,1103.8,1102.45,1111.75,-1.35,94.772,0.8436,370150.0,6600550.0,109450.0
2024-11-28,TATACOMM,1745.1,1743.85,1754.65,-1.25,95.739,0.6193,256500.0,5713000.0,50250.0
2024-11-28,TATACONSUM,941.05,942.35,947.85,1.3,96.6082,0.5836,526680.0,14803584.0,197904.0
2024-11-28,TATAMOTORS,779.45,780.0,784.95,0.55,96.3441,0.6346,3705350.0,92066700.0,5579200.0
2024-11-28,TATAPOWER,414.5,414.55,417.05,0.05,96.1809,0.6031,3343950.0,80968950.0,3245400.0
2024-11-28,TATASTEEL,143.4,143.6,144.31,0.2,90.8989,0.4944,25514500.0,237990500.0,16841000.0
2024-11-28,TCS,4244.95,4247.4,4273.3,2.45,88.8074,0.6098,1577625.0,12367950.0,149625.0
2024-11-28,TECHM,1713.35,1712.25,1724.4,-1.1,85.2823,0.7096,1883400.0,10469400.0,444000.0
2024-11-28,TITAN,3212.35,3217.05,3234.55,4.7,95.7453,0.544,413525.0,9052750.0,252875.0
2024-11-28,TORNTPHARM,3202.95,3199.35,3216.6,-3.6,91.117,0.5392,208750.0,2140250.0,1000.0
2024-11-28,TRENT,6743.35,6751.45,6794.55,8.1,92.8864,0.6384,298500.0,3781000.0,116700.0
2024-11-28,TVSMOTOR,2415.45,2409.2,2424.15,-6.25,95.747,0.6205,363650.0,8157100.0,29750.0
2024-11-28,UBL,1933.35,1931.4,1923.95,-1.95,90.0963,-0.3857,185200.0,1658800.0,26000.0
2024-11-28,ULTRACEMCO,10997.8,11021.2,11089.2,23.4,95.938,0.617,108050.0,2522350.0,29600.0
2024-11-28,UNITDSPR,1502.75,1501.15,1512.95,-1.6,92.1137,0.7861,813400.0,9428650.0,72100.0
2024-11-28,UPL,546.9,547.4,550.9,0.5,87.4026,0.6394,3833295.0,26045810.0,550130.0
2024-11-28,VEDL,451.85,451.85,454.9,0.0,95.6144,0.675,5023200.0,108281700.0,1232800.0
2024-11-28,VOLTAS,1647.25,1646.65,1657.6,-0.6,86.35,0.665,1423500.0,8908800.0,96300.0
2024-11-28,WIPRO,572.2,572.25,576.5,0.05,93.9681,0.7427,2556000.0,39241500.0,577500.0
2024-11-28,ZYDUSLIFE,948.7,948.5,954.7,-0.2,96.4745,0.6537,434700.0,11664900.0,230400.0
2024-12-26,AARTIIND,413.25,413.15,416.2,-0.1,89.4746,0.7382,1879000.0,15001000.0,972000.0
2024-12-26,ABB,6945.3,6930.35,6981.6,-14.95,91.1443,0.7395,154875.0,1571625.0,22375.0
2024-12-26,ABBOTINDIA,28597.3,28595.85,28842.35,-1.45,92.3565,0.862,6980.0,83880.0,460.0
2024-12-26,ABCAPITAL,184.35,184.55,185.91,0.2,94.5826,0.7369,3553200.0,60639300.0,1395900.0
2024-12-26,ABFRL,282.3,282.2,284.7,-0.1,96.2401,0.8859,2272400.0,57530200.0,634400.0
2024-12-26,ACC,2087.7,2088.0,2105.0,0.3,82.2652,0.8142,899100.0,4115400.0,55200.0
2024-12-26,ADANIENSOL,792.3,792.2,798.8,-0.1,91.1997,0.8331,516250.0,5308750.0,41250.0
2024-12-26,ADANIENT,2400.4,2397.6,2418.15,-2.8,90.6735,0.8571,1738500.0,16504500.0,397500.0
2024-12-26,ADANIGREEN,1064.25,1064.8,1073.15,0.55,82.9701,0.7842,1699500.0,8136000.0,144000.0
2024-12-26,ADANIPORTS,1243.95,1242.3,1251.55,-1.65,93.6442,0.7446,1852800.0,26720000.0,578400.0
2024-12-26,ALKEM,5408.55,5410.55,5438.1,2.0,83.961,0.5092,202300.0,1055200.0,3800.0
2024-12-26,AMBUJACEM,548.8,548.5,552.7,-0.3,93.5919,0.7657,2490300.0,36180900.0,190800.0
2024-12-26,ANGELONE,2903.9,2906.3,2923.7,2.4,84.1091,0.5987,361200.0,1879000.0,32800.0
2024-12-26,APLAPOLLO,1497.2,1494.6,1505.7,-2.6,84.3524,0.7427,430850.0,2317000.0,5600.0
2024-12-26,APOLLOHOSP,7261.15,7250.5,7296.45,-10.65,93.3314,0.6337,114625.0,1599750.0,4500.0
2024-12-26,APOLLOTYRE,542.25,542.7,530.9,0.45,79.7221,-2.1743,3423800.0,13316100.0,144500.0
2024-12-26,ASHOKLEY,220.15,220.01,221.21,-0.14,86.2423,0.5454,9547500.0,58480000.0,1370000.0
2024-12-26,ASIANPAINT,2262.35,2258.2,2274.8,-4.15,93.7667,0.7351,977400.0,14150600.0,552200.0
2024-12-26,ASTRAL,1671.5,1671.75,1684.35,0.25,96.7357,0.7537,154507.0,4446205.0,132487.0
2024-12-26,ATGL,672.05,672.6,674.05,0.55,77.3924,0.2156,671925.0,2185500.0,114700.0
2024-12-26,ATUL,7097.4,7087.2,7133.2,-10.2,86.1085,0.6491,104700.0,635200.0,13800.0
2024-12-26,AUBANK,548.3,548.15,552.2,-0.15,92.5564,0.7388,1876000.0,22537000.0,790000.0
2024-12-26,AUROPHARMA,1256.25,1254.65,1263.9,-1.6,94.4191,0.7373,773300.0,13004750.0,78100.0
2024-12-26,AXISBANK,1076.7,1075.7,1083.7,-1.0,97.1767,0.7437,2234375.0,76214375.0,692500.0
2024-12-26,BAJAJ-AUTO,8878.5,8856.35,8920.95,-22.15,94.8708,0.7294,164100.0,2988225.0,47025.0
2024-12-26,BAJAJFINSV,1559.3,1557.65,1569.05,-1.65,91.1556,0.7319,1358500.0,13792000.0,209500.0
2024-12-26,BAJFINANCE,6815.8,6803.3,6860.4,-12.5,96.7001,0.8393,353875.0,10217875.0,152125.0
2024-12-26,BALKRISIND,2824.7,2823.55,2844.65,-1.15,96.3448,0.7473,63600.0,1671300.0,5100.0
2024-12-26,BANDHANBNK,161.45,161.36,162.79,-0.09,92.703,0.8862,7828800.0,95519200.0,3939600.0
2024-12-26,BANKBARODA,246.7,246.08,248.11,-0.62,96.2876,0.8249,6408675.0,164572200.0,1649700.0
2024-12-26,BANKINDIA,103.15,103.14,103.89,-0.01,58.4156,0.7272,16868200.0,22981475.0,714100.0
2024-12-26,BATAINDIA,1350.45,1351.55,1339.1,1.1,91.4853,-0.9212,270000.0,2840250.0,60750.0
2024-12-26,BEL,295.2,294.6,296.95,-0.6,94.3492,0.7977,6671850.0,107031750.0,4366200.0
2024-12-26,BERGEPAINT,441.0,440.75,444.35,-0.25,92.9931,0.8168,762960.0,9775920.0,349800.0
2024-12-26,BHARATFORG,1314.25,1312.3,1323.6,-1.95,94.158,0.8611,694000.0,11072500.0,113000.0
2024-12-26,BHARTIARTL,1599.5,1598.15,1609.95,-1.35,98.0629,0.7384,873050.0,44025850.0,170525.0
2024-12-26,BHEL,241.75,241.6,243.55,-0.15,94.8203,0.8071,4415250.0,78755250.0,2071125.0
2024-12-26,BIOCON,346.45,345.7,348.55,-0.75,91.928,0.8244,2767500.0,30965000.0,552500.0
2024-12-26,BOSCHLTD,34190.2,34205.3,34455.2,15.1,92.4738,0.7306,18825.0,229175.0,2125.0
2024-12-26,BPCL,295.6,295.05,297.6,-0.55,96.997,0.8643,1749600.0,55722600.0,790200.0
2024-12-26,BRITANNIA,4761.7,4745.0,4778.05,-16.7,93.1867,0.6965,192000.0,2593200.0,32800.0
2024-12-26,BSE,5442.35,5444.25,5484.05,1.9,87.8012,0.731,331625.0,2359750.0,27125.0
2024-12-26,BSOFT,570.25,570.55,574.5,0.3,87.0339,0.6923,1551000.0,10046000.0,365000.0
2024-12-26,CAMS,4962.9,4950.3,4991.6,-12.6,91.2657,0.8343,47875.0,488125.0,12125.0
2024-12-26,CANBK,101.05,100.96,101.69,-0.09,93.6827,0.7231,17550000.0,254124000.0,6135750.0
2024-12-26,CANFINHOME,723.95,723.3,729.65,-0.65,78.9546,0.8779,1338675.0,4916925.0,105300.0
2024-12-26,CDSL,1806.65,1805.65,1820.75,-1.0,91.8739,0.8363,415100.0,4565400.0,127750.0
2024-12-26,CESC,184.8,185.03,186.25,0.23,81.5498,0.6594,1901250.0,8309925.0,93600.0
2024-12-26,CGPOWER,743.75,740.95,747.3,-2.8,83.9861,0.857,800400.0,4133950.0,63800.0
2024-12-26,CHAMBLFERT,500.4,500.55,504.35,0.15,90.4569,0.7592,896800.0,8373300.0,127300.0
2024-12-26,CHOLAFIN,1189.35,1189.05,1198.85,-0.3,95.0396,0.8242,642500.0,12212500.0,97500.0
2024-12-26,CIPLA,1490.55,1486.65,1497.8,-3.9,92.4978,0.75,1061775.0,13014950.0,76050.0
2024-12-26,COALINDIA,386.6,386.2,388.85,-0.4,87.262,0.6862,8154300.0,53436600.0,2424450.0
2024-12-26,COFORGE,9493.15,9509.95,9556.15,16.8,88.4832,0.4858,330000.0,2505675.0,29700.0
2024-12-26,COLPAL,2719.2,2715.95,2739.35,-3.25,92.647,0.8616,397950.0,4978575.0,35525.0
2024-12-26,CONCOR,776.35,775.05,781.6,-1.3,91.0479,0.8451,1718000.0,16810000.0,663000.0
2024-12-26,COROMANDEL,1845.05,1843.65,1859.5,-1.4,66.1689,0.8597,1728650.0,3369800.0,11200.0
2024-12-26,CROMPTON,393.6,393.1,396.75,-0.5,93.5839,0.9285,1729800.0,25144200.0,86400.0
2024-12-26,CUB,173.55,173.43,174.9,-0.12,89.6264,0.8476,3235000.0,27465000.0,485000.0
2024-12-26,CUMMINSIND,3364.3,3352.3,3377.1,-12.0,93.9864,0.7398,202200.0,3125550.0,34650.0
2024-12-26,CYIENT,1928.3,1924.05,1939.85,-4.25,84.554,0.8212,127800.0,695100.0,4500.0
2024-12-26,DABUR,505.6,504.85,508.8,-0.75,93.7669,0.7824,1383750.0,20120000.0,696250.0
2024-12-26,DALBHARAT,1738.6,1741.05,1748.85,2.45,86.1288,0.448,402325.0,2464275.0,33825.0
2024-12-26,DEEPAKNTR,2571.25,2571.4,2588.3,0.15,80.2149,0.6572,414300.0,1643400.0,36300.0
2024-12-26,DELHIVERY,350.95,351.4,351.35,0.45,90.579,-0.0142,838750.0,7669225.0,394975.0
2024-12-26,DIVISLAB,5886.6,5876.25,5911.4,-10.35,90.5707,0.5982,332900.0,3179800.0,17800.0
2024-12-26,DIXON,18036.4,18024.8,18165.4,-11.6,84.6807,0.78,276850.0,1499050.0,31300.0
2024-12-26,DLF,838.7,837.9,844.6,-0.8,95.9029,0.7996,1725900.0,40084275.0,314325.0
2024-12-26,DMART,3511.6,3508.85,3521.45,-2.75,85.8899,0.3591,380400.0,2242050.0,73500.0
2024-12-26,DRREDDY,1355.15,1355.6,1359.0,0.45,86.0128,0.2508,1932500.0,11828125.0,55625.0
2024-12-26,EICHERMOT,4801.3,4797.0,4827.5,-4.3,95.2084,0.6358,172200.0,3406900.0,14700.0
2024-12-26,ESCORTS,3151.1,3146.55,3175.8,-4.55,85.1161,0.9296,217525.0,1216650.0,27300.0
2024-12-26,EXIDEIND,418.3,417.9,421.25,-0.4,89.2495,0.8016,4048200.0,32823000.0,784800.0
2024-12-26,FEDERALBNK,197.7,197.2,198.91,-0.5,91.6517,0.8671,7195000.0,77370000.0,1620000.0
2024-12-26,GAIL,197.65,197.27,199.03,-0.38,95.3972,0.8922,5027925.0,101672750.0,2535650.0
2024-12-26,GLENMARK,1541.45,1544.95,1554.35,3.5,84.8118,0.6084,444425.0,2466100.0,15600.0
2024-12-26,GMRAIRPORT,79.04,79.02,79.66,-0.02,91.8228,0.8099,24406875.0,268627500.0,5439375.0
2024-12-26,GNFC,575.5,575.05,579.8,-0.45,90.4097,0.826,553800.0,5132400.0,88400.0
2024-12-26,GODREJCP,1071.2,1069.7,1077.95,-1.5,94.4736,0.7712,727000.0,12309500.0,118500.0
2024-12-26,GODREJPROP,2855.7,2850.85,2876.25,-4.85,86.0036,0.891,807075.0,4917375.0,41850.0
2024-12-26,GRANULES,592.95,592.7,598.0,-0.25,90.5924,0.8942,1353000.0,12939000.0,90000.0
2024-12-26,GRASIM,2482.05,2483.1,2501.4,1.05,97.3427,0.737,294000.0,10747000.0,23000.0
2024-12-26,GUJGASLTD,509.0,510.4,513.25,1.4,81.0704,0.5584,1498750.0,6213750.0,205000.0
2024-12-26,HAL,4229.2,4228.25,4260.5,-0.95,93.4313,0.7627,652500.0,8851800.0,429150.0
2024-12-26,HAVELLS,1676.4,1677.95,1688.45,1.55,85.8707,0.6258,1303000.0,7883500.0,35500.0
2024-12-26,HCLTECH,1900.75,1899.55,1901.0,-1.2,85.7877,0.0763,1866900.0,11226950.0,42000.0
2024-12-26,HDFCAMC,4269.4,4255.15,4292.55,-14.25,96.8203,0.8789,98100.0,2971950.0,15150.0
2024-12-26,HDFCBANK,1790.8,1789.1,1801.85,-1.7,97.4955,0.7126,3122900.0,120937300.0,629200.0
2024-12-26,HDFCLIFE,626.4,624.8,629.9,-1.6,90.3758,0.8163,2952400.0,27262400.0,462000.0
2024-12-26,HEROMOTOCO,4275.05,4273.3,4304.1,-1.75,92.0283,0.7208,568650.0,6432150.0,132600.0
2024-12-26,HFCL,114.65,114.73,115.6,0.08,90.5338,0.7583,3407150.0,31984050.0,601750.0
2024-12-26,HINDALCO,628.75,628.25,633.3,-0.5,93.8622,0.8038,2665600.0,40406800.0,357000.0
2024-12-26,HINDCOPPER,263.2,262.9,265.1,-0.3,96.4355,0.8368,1415100.0,37592900.0,691650.0
2024-12-26,HINDPETRO,419.3,419.75,416.35,0.45,84.6548,-0.81,7223175.0,38720025.0,1127925.0
2024-12-26,HINDUNILVR,2332.75,2329.0,2346.15,-3.75,94.1228,0.7364,919500.0,14467800.0,258000.0
2024-12-26,HUDCO,227.6,227.17,229.03,-0.43,91.19,0.8188,1299800.0,12818550.0,635350.0
2024-12-26,ICICIBANK,1297.35,1295.75,1304.5,-1.6,97.6811,0.6753,1984500.0,83177500.0,417200.0
2024-12-26,ICICIGI,1861.15,1859.05,1874.1,-2.1,97.8135,0.8096,131250.0,5859000.0,12500.0
2024-12-26,ICICIPRULI,668.1,665.9,672.7,-2.2,95.8815,1.0212,400500.0,9244500.0,79500.0
2024-12-26,IDEA,7.56,7.55,7.61,-0.01,96.0218,0.7947,141360000.0,3297800000.0,114200000.0
2024-12-26,IDFCFIRSTB,61.75,61.75,62.22,0.0,93.7382,0.7611,31477500.0,451275000.0,19935000.0
2024-12-26,IEX,180.15,180.25,181.67,0.1,92.5874,0.7878,2760000.0,33240000.0,1233750.0
2024-12-26,IGL,390.5,390.3,389.55,-0.2,70.0669,-0.1922,8485125.0,19420500.0,441375.0
2024-12-26,INDHOTEL,868.3,869.1,875.1,0.8,95.6056,0.6904,640000.0,13769000.0,155000.0
2024-12-26,INDIAMART,2231.55,2232.6,2251.55,1.05,84.936,0.8488,204900.0,1109700.0,45600.0
2024-12-26,INDIANB,543.8,543.1,548.0,-0.7,83.2808,0.9022,605150.0,2981100.0,33250.0
2024-12-26,INDIGO,4725.0,4712.4,4744.6,-12.6,95.4666,0.6833,340800.0,7125450.0,51300.0
2024-12-26,INDUSINDBK,931.95,932.25,938.85,0.3,95.4927,0.708,2855500.0,59073000.0,1424500.0
2024-12-26,INDUSTOWER,332.35,332.1,334.95,-0.25,91.2075,0.8582,9083100.0,93069900.0,1152600.0
2024-12-26,INFY,1907.3,1911.25,1922.65,3.95,93.2368,0.5965,2955200.0,40527200.0,213200.0
2024-12-26,IOC,137.85,137.8,138.93,-0.05,90.6816,0.82,13508625.0,126998625.0,4460625.0
2024-12-26,IPCALAB,1594.35,1590.7,1601.4,-3.65,92.0862,0.6727,212550.0,2458950.0,14300.0
2024-12-26,IRB,55.87,55.73,56.15,-0.14,85.3885,0.7536,5975750.0,33968500.0,953250.0
2024-12-26,IRCTC,782.4,780.75,787.2,-1.65,91.9986,0.8261,1434125.0,15662500.0,826875.0
2024-12-26,IRFC,146.9,147.03,145.02,0.13,79.8435,-1.3671,10349400.0,37840875.0,3154875.0
2024-12-26,ITC,476.95,477.5,478.55,0.55,87.7631,0.2199,12745600.0,89286400.0,2124800.0
2024-12-26,JINDALSTEL,941.35,940.4,946.6,-0.95,88.6077,0.6593,2394375.0,18438750.0,184375.0
2024-12-26,JIOFIN,305.55,305.7,308.05,0.15,91.539,0.7687,3763650.0,37910400.0,2808300.0
2024-12-26,JKCEMENT,4594.95,4578.5,4614.6,-16.45,91.7774,0.7885,75000.0,836750.0,375.0
2024-12-26,JSL,733.75,734.1,739.8,0.35,84.9501,0.7765,257300.0,1436850.0,15500.0
2024-12-26,JSWENERGY,636.5,638.45,641.85,1.95,95.795,0.5325,281250.0,6339750.0,67500.0
2024-12-26,JSWSTEEL,914.45,915.55,922.15,1.1,90.5924,0.7209,3065850.0,29444175.0,78975.0
2024-12-26,JUBLFOOD,703.9,705.45,709.1,1.55,80.4853,0.5174,3850000.0,15800000.0,78750.0
2024-12-26,KALYANKJIL,726.5,726.75,733.5,0.25,91.5768,0.9288,568850.0,6139550.0,44950.0
2024-12-26,KEI,4320.2,4312.65,4344.9,-7.55,84.0164,0.7478,64350.0,336900.0,1350.0
2024-12-26,KOTAKBANK,1752.8,1750.95,1763.9,-1.85,95.8137,0.7396,1670400.0,37987600.0,243600.0
2024-12-26,KPITTECH,1452.2,1448.9,1459.65,-3.3,74.688,0.7419,519200.0,1468400.0,63600.0
2024-12-26,LALPATHLAB,2954.5,2956.45,2976.6,1.95,79.3954,0.6816,177900.0,676800.0,8700.0
2024-12-26,LAURUSLABS,570.6,571.05,574.7,0.45,94.9414,0.6392,1188300.0,22064300.0,238000.0
2024-12-26,LICHSGFIN,588.2,587.65,592.1,-0.55,95.2447,0.7573,1332000.0,26155000.0,524000.0
2024-12-26,LICI,891.9,892.75,898.85,0.85,85.936,0.6833,854450.0,5022050.0,198950.0
2024-12-26,LODHA,1414.05,1413.75,1423.35,-0.3,90.9543,0.679,261900.0,2625750.0,7650.0
2024-12-26,LT,3629.5,3622.65,3650.1,-6.85,94.736,0.7577,835350.0,14912850.0,120900.0
2024-12-26,LTF,136.8,136.8,137.09,0.0,93.1089,0.212,6639456.0,82484532.0,7223978.0
2024-12-26,LTIM,5752.35,5767.2,5799.9,14.85,85.3685,0.567,417150.0,2387850.0,46050.0
2024-12-26,LTTS,4668.05,4670.05,4703.35,2.0,86.796,0.7131,113700.0,706600.0,40800.0
2024-12-26,LUPIN,2182.1,2180.6,2199.35,-1.5,91.8322,0.8599,644725.0,7222450.0,26350.0
2024-12-26,M&M,2975.65,2974.9,3000.05,-0.75,93.47,0.8454,1199100.0,17085950.0,77875.0
2024-12-26,M&MFIN,265.6,266.2,264.95,0.6,93.6448,-0.4696,2062000.0,29738000.0,646000.0
2024-12-26,MANAPPURAM,184.3,184.27,185.9,-0.03,90.8118,0.8846,5973000.0,58356000.0,678000.0
2024-12-26,MARICO,632.6,631.7,636.4,-0.9,95.8832,0.744,771600.0,17944800.0,26400.0
2024-12-26,MARUTI,10896.0,10869.4,10946.25,-26.6,90.6068,0.707,327250.0,3128850.0,27800.0
2024-12-26,MAXHEALTH,1155.7,1157.65,1165.05,1.95,89.3337,0.6392,442050.0,3685500.0,16800.0
2024-12-26,MCX,6352.75,6358.1,6407.4,5.35,86.5774,0.7754,205500.0,1312900.0,12600.0
2024-12-26,METROPOLIS,2028.1,2031.2,2043.65,3.1,84.034,0.6129,285600.0,1497200.0,6000.0
2024-12-26,MFSL,1114.2,1112.75,1121.8,-1.45,90.3656,0.8133,381600.0,3552800.0,26400.0
2024-12-26,MGL,1239.0,1235.9,1245.25,-3.1,89.7651,0.7565,536800.0,4597600.0,110400.0
2024-12-26,MOTHERSON,156.4,156.03,157.27,-0.37,89.8617,0.7947,13482900.0,116386750.0,3120450.0
2024-12-26,MPHASIS,2908.45,2908.55,2927.15,0.1,87.475,0.6395,499675.0,3458675.0,31075.0
2024-12-26,MRF,131206.15,131204.55,132246.4,-1.6,96.5154,0.7941,2070.0,56955.0,380.0
2024-12-26,MUTHOOTFIN,2062.55,2061.45,2072.8,-1.1,95.3822,0.5506,172425.0,3551350.0,10175.0
2024-12-26,NATIONALUM,217.05,216.95,218.5,-0.1,92.0934,0.7145,4597500.0,52548750.0,1001250.0
2024-12-26,NAUKRI,8667.5,8660.0,8721.4,-7.5,93.5731,0.709,75600.0,1093350.0,7350.0
2024-12-26,NAVINFLUOR,3326.25,3330.55,3352.35,4.3,82.6204,0.6545,304325.0,1428525.0,18200.0
2024-12-26,NCC,284.5,284.7,286.8,0.2,89.6756,0.7376,864425.0,7199400.0,308850.0
2024-12-26,NESTLEIND,2149.9,2145.9,2160.25,-4.0,94.852,0.6687,499600.0,8920800.0,284400.0
2024-12-26,NHPC,82.04,81.96,82.66,-0.08,87.3085,0.8541,5779200.0,37555200.0,2201600.0
2024-12-26,NMDC,214.45,214.38,215.97,-0.07,93.1222,0.7417,5863500.0,77170500.0,2218500.0
2024-12-26,NTPC,334.65,333.7,336.25,-0.95,95.3125,0.7642,6319500.0,126634500.0,1861500.0
2024-12-26,NYKAA,160.85,161.12,161.83,0.27,72.5589,0.4407,9310200.0,24293250.0,324500.0
2024-12-26,OBEROIRLTY,2322.65,2326.15,2338.4,3.5,89.3451,0.5266,683900.0,5695900.0,38850.0
2024-12-26,OFSS,12279.95,12313.8,12312.95,33.85,88.2878,-0.0069,80100.0,598350.0,5450.0
2024-12-26,OIL,427.05,427.05,430.5,0.0,90.2224,0.8079,727775.0,6565025.0,150500.0
2024-12-26,ONGC,240.25,239.6,241.35,-0.65,95.9731,0.7304,4260025.0,98660100.0,2870175.0
2024-12-26,PAGEIND,47083.65,47013.9,47374.2,-69.75,93.9641,0.7664,11655.0,179730.0,1710.0
2024-12-26,PAYTM,1002.25,1000.35,1007.85,-1.9,94.715,0.7497,620750.0,10990850.0,133900.0
2024-12-26,PEL,1098.45,1096.0,1105.75,-2.45,93.7875,0.8896,667500.0,9992250.0,84750.0
2024-12-26,PERSISTENT,6395.9,6391.9,6433.3,-4.0,79.4572,0.6477,328500.0,1261400.0,9200.0
2024-12-26,PETRONET,344.75,343.4,346.6,-1.35,96.8411,0.9319,900000.0,27486000.0,105000.0
2024-12-26,PFC,463.25,462.15,465.45,-1.1,94.2708,0.7141,3469700.0,55272100.0,1820000.0
2024-12-26,PIDILITIND,2932.5,2937.8,2959.4,5.3,82.7083,0.7352,547500.0,2582000.0,36750.0
2024-12-26,PIIND,3746.1,3751.6,3775.7,5.5,94.1705,0.6424,98125.0,1564125.0,21000.0
2024-12-26,PNB,102.15,102.06,102.94,-0.09,94.9953,0.8622,17288000.0,318984000.0,9160000.0
2024-12-26,POLICYBZR,2037.2,2038.55,2053.9,1.35,89.7991,0.753,277225.0,2428725.0,11700.0
2024-12-26,POLYCAB,7144.6,7135.65,7198.45,-8.95,95.6592,0.8801,73625.0,1605000.0,17500.0
2024-12-26,POONAWALLA,320.45,321.4,314.85,0.95,87.0476,-2.038,1811050.0,11710200.0,461100.0
2024-12-26,POWERGRID,310.3,309.7,312.4,-0.6,94.8022,0.8718,4149000.0,74518200.0,1155600.0
2024-12-26,PRESTIGE,1751.8,1747.85,1757.45,-3.95,84.5854,0.5492,386100.0,2116075.0,2600.0
2024-12-26,PVRINOX,1336.8,1336.4,1347.05,-0.4,85.2923,0.7969,680911.0,3795682.0,153032.0
2024-12-26,RAMCOCEM,976.55,975.0,982.7,-1.55,94.8693,0.7897,351900.0,6450650.0,56100.0
2024-12-26,RBLBANK,162.4,162.17,163.69,-0.23,89.2508,0.9373,5660000.0,46432500.0,562500.0
2024-12-26,RECLTD,519.1,517.55,521.85,-1.55,94.4294,0.8308,2484000.0,40898000.0,1209000.0
2024-12-26,RELIANCE,1216.55,1215.9,1226.95,-0.65,93.8649,0.9088,12345000.0,181771500.0,7101500.0
2024-12-26,SAIL,117.6,117.57,118.36,-0.03,89.6204,0.6719,16200000.0,134676000.0,5200000.0
2024-12-26,SBICARD,679.2,678.85,683.45,-0.35,94.7684,0.6776,1165600.0,20217600.0,896800.0
2024-12-26,SBILIFE,1409.05,1406.1,1416.95,-2.95,95.0549,0.7716,654000.0,12494625.0,76500.0
2024-12-26,SBIN,812.45,811.2,817.45,-1.25,96.467,0.7705,3895500.0,104952750.0,1410750.0
2024-12-26,SHREECEM,26342.65,26420.0,25940.85,77.35,86.8676,-1.8136,57175.0,375725.0,2475.0
2024-12-26,SHRIRAMFIN,2926.95,2924.65,2947.7,-2.3,94.4178,0.7881,382650.0,6415350.0,56850.0
2024-12-26,SIEMENS,6705.5,6704.15,6745.25,-1.35,84.1853,0.6131,368025.0,1932900.0,26175.0
2024-12-26,SJVN,108.85,108.8,109.74,-0.05,77.0435,0.864,3118500.0,9719325.0,746550.0
2024-12-26,SONACOMS,593.55,594.45,598.1,0.9,86.1033,0.614,537850.0,3248025.0,84475.0
2024-12-26,SRF,2262.15,2259.0,2275.0,-3.15,97.9623,0.7083,119625.0,5703375.0,47625.0
2024-12-26,SUNPHARMA,1841.35,1836.7,1852.05,-4.65,87.9577,0.8357,2354100.0,17143700.0,50750.0
2024-12-26,SUNTV,686.45,684.7,690.4,-1.75,85.4502,0.8325,779250.0,4485000.0,91500.0
2024-12-26,SUPREMEIND,4756.2,4763.05,4784.5,6.85,91.0306,0.4503,37750.0,382125.0,1000.0
2024-12-26,SYNGENE,846.6,847.3,854.85,0.7,91.5209,0.8911,538000.0,5764000.0,43000.0
2024-12-26,TATACHEM,1057.7,1054.85,1063.75,-2.85,89.065,0.8437,800800.0,6358550.0,163900.0
2024-12-26,TATACOMM,1733.35,1732.35,1747.2,-1.0,93.1963,0.8572,435250.0,5874250.0,87750.0
2024-12-26,TATACONSUM,900.95,899.4,907.2,-1.55,90.5928,0.8672,1546296.0,14606136.0,285000.0
2024-12-26,TATAELXSI,6895.9,6897.5,6935.15,1.6,64.2476,0.5458,341900.0,601800.0,12600.0
2024-12-26,TATAMOTORS,740.8,739.2,744.7,-1.6,95.324,0.744,5220050.0,102661900.0,3753750.0
2024-12-26,TATAPOWER,404.3,403.2,407.2,-1.1,94.0056,0.9921,5177250.0,79353000.0,1837350.0
2024-12-26,TATASTEEL,140.35,140.06,141.1,-0.29,90.1361,0.7425,25272500.0,222755500.0,8184000.0
2024-12-26,TCS,4169.1,4168.3,4167.0,-0.8,90.3313,-0.0312,1113525.0,10271975.0,131250.0
2024-12-26,TECHM,1698.7,1696.1,1710.75,-2.6,88.4013,0.8637,1336800.0,10131000.0,57600.0
2024-12-26,TIINDIA,3636.85,3624.0,3651.6,-12.85,95.2941,0.7616,24000.0,478800.0,7200.0
2024-12-26,TITAN,3323.0,3320.45,3348.1,-2.55,89.042,0.8327,918225.0,7370475.0,90825.0
2024-12-26,TORNTPHARM,3421.25,3416.45,3442.1,-4.8,92.6822,0.7508,128500.0,1624500.0,3000.0
2024-12-26,TRENT,7063.7,7056.3,7110.0,-7.4,94.9913,0.761,168900.0,3170000.0,33200.0
2024-12-26,TVSMOTOR,2438.55,2434.25,2453.2,-4.3,94.1664,0.7785,494900.0,7935200.0,53550.0
2024-12-26,UBL,2015.1,2008.75,2020.95,-6.35,78.1859,0.6073,389600.0,1392400.0,4000.0
2024-12-26,ULTRACEMCO,11460.5,11413.7,11506.45,-46.8,90.5659,0.8126,246250.0,2350100.0,13850.0
2024-12-26,UNIONBANK,119.05,118.82,119.74,-0.23,91.549,0.7743,2066475.0,21987825.0,398250.0
2024-12-26,UNITDSPR,1566.95,1566.15,1576.1,-0.8,97.9947,0.6353,223650.0,10901450.0,28000.0
2024-12-26,UPL,499.65,499.15,503.15,-0.5,92.3411,0.8014,2413255.0,28467195.0,628720.0
2024-12-26,VBL,624.1,623.15,628.45,-0.95,88.6023,0.8505,1330000.0,10272500.0,66500.0
2024-12-26,VEDL,460.45,460.15,463.9,-0.3,93.6452,0.815,6877000.0,99936150.0,1404150.0
2024-12-26,VOLTAS,1711.3,1707.55,1721.25,-3.75,94.4488,0.8023,428400.0,7252800.0,36000.0
2024-12-26,WIPRO,304.95,304.95,306.6,0.0,81.9843,0.5411,12039000.0,53916000.0,870000.0
2024-12-26,YESBANK,19.8,19.83,19.97,0.03,88.0059,0.706,33592000.0,225056000.0,21424000.0
2024-12-26,ZOMATO,273.2,273.3,275.5,0.1,90.1246,0.805,11002000.0,98406000.0,2000000.0
2024-12-26,ZYDUSLIFE,957.65,959.65,966.75,2.0,95.3331,0.7399,522000.0,10514700.0,148500.0
2025-01-30,AARTIIND,438.0,438.75,441.05,0.75,93.5529,0.5242,1108000.0,15481000.0,597000.0
2025-01-30,ABB,5719.35,5719.0,5755.2,-0.35,95.5142,0.633,114000.0,2390125.0,37250.0
2025-01-30,ABBOTINDIA,26128.65,26057.5,26201.55,-71.15,93.4083,0.5528,4220.0,59800.0,0.0
2025-01-30,ABCAPITAL,177.15,176.89,178.35,-0.26,91.0799,0.8254,7025400.0,70850700.0,882900.0
2025-01-30,ABFRL,265.7,265.55,267.25,-0.15,96.6563,0.6402,1908400.0,54503800.0,663000.0
2025-01-30,ACC,1993.55,1987.95,2002.35,-5.6,90.1279,0.7244,467700.0,4165500.0,104400.0
2025-01-30,ADANIENSOL,740.2,741.2,744.6,1.0,87.0894,0.4587,987500.0,6508125.0,153125.0
2025-01-30,ADANIENT,2252.6,2252.85,2264.95,0.25,91.3043,0.5371,1615800.0,16700700.0,265200.0
2025-01-30,ADANIGREEN,971.85,973.05,973.05,1.2,92.5617,0.0,753375.0,9170625.0,204375.0
2025-01-30,ADANIPORTS,1077.05,1078.35,1084.0,1.3,95.394,0.5239,1711200.0,34772400.0,667600.0
2025-01-30,ALKEM,5050.5,5062.75,5025.75,12.25,89.073,-0.7308,118700.0,963500.0,4100.0
2025-01-30,AMBUJACEM,509.55,508.5,512.15,-1.05,93.2303,0.7178,2622600.0,35688600.0,429300.0
2025-01-30,ANGELONE,2277.8,2284.2,2161.55,6.4,89.2524,-5.3695,371200.0,2970400.0,112200.0
2025-01-30,APLAPOLLO,1475.9,1474.75,1485.65,-1.15,91.8419,0.7391,306950.0,3447850.0,7700.0
2025-01-30,APOLLOHOSP,6824.7,6812.5,6857.0,-12.2,91.7234,0.6532,153500.0,1690125.0,11000.0
2025-01-30,APOLLOTYRE,432.8,432.8,434.3,0.0,70.2338,0.3466,4241500.0,9639000.0,368900.0
2025-01-30,ASHOKLEY,210.35,210.44,211.51,0.09,89.9733,0.5085,5717500.0,49930000.0,1375000.0
2025-01-30,ASIANPAINT,2249.85,2249.4,2263.2,-0.45,94.5302,0.6135,853000.0,14250800.0,491000.0
2025-01-30,ASTRAL,1467.75,1466.7,1475.25,-1.05,92.9189,0.5829,429757.0,5499128.0,140194.0
2025-01-30,ATGL,641.5,643.55,600.6,2.05,88.4571,-6.6739,538625.0,3909100.0,218550.0
2025-01-30,ATUL,6330.3,6327.3,6364.85,-3.0,96.4112,0.5935,22100.0,593700.0,0.0
2025-01-30,AUBANK,596.15,597.9,572.25,1.75,91.0339,-4.29,3056000.0,30069000.0,959000.0
2025-01-30,AUROPHARMA,1183.15,1184.05,1190.25,0.9,92.7244,0.5236,930050.0,11783200.0,69850.0
2025-01-30,AXISBANK,984.7,985.95,990.45,1.25,83.015,0.4564,22774375.0,110047500.0,1263125.0
2025-01-30,BAJAJ-AUTO,8748.0,8746.2,8797.9,-1.8,89.3684,0.5911,391125.0,3260400.0,27375.0
2025-01-30,BAJAJFINSV,1745.2,1741.85,1754.3,-3.35,76.8622,0.7148,4519500.0,14910000.0,103500.0
2025-01-30,BAJFINANCE,7901.6,7894.1,7942.5,-7.5,90.6914,0.6131,875125.0,8428375.0,97750.0
2025-01-30,BALKRISIND,2764.7,2767.3,2780.2,2.6,94.343,0.4662,103200.0,1714200.0,6900.0
2025-01-30,BANDHANBNK,148.25,148.21,149.18,-0.04,94.3744,0.6545,5359200.0,85498000.0,4407200.0
2025-01-30,BANKBARODA,222.4,222.22,223.8,-0.18,92.9188,0.711,11966175.0,154688625.0,2331225.0
2025-01-30,BANKINDIA,111.25,111.27,111.99,0.02,78.5286,0.6471,12434025.0,44447900.0,1027725.0
2025-01-30,BATAINDIA,1267.2,1266.55,1271.75,-0.65,92.9031,0.4106,198750.0,2601750.0,0.0
2025-01-30,BEL,278.75,278.45,280.0,-0.3,90.0007,0.5567,12215100.0,105173550.0,4770900.0
2025-01-30,BERGEPAINT,475.8,476.6,474.7,0.8,60.917,-0.3987,4399560.0,6584160.0,273240.0
2025-01-30,BHARATFORG,1184.05,1185.9,1191.9,1.85,96.4944,0.5059,432500.0,11724000.0,181000.0
2025-01-30,BHARTIARTL,1640.75,1640.45,1648.95,-0.3,96.4607,0.5182,1565125.0,42569025.0,87400.0
2025-01-30,BHEL,196.35,196.17,197.2,-0.18,94.6567,0.5251,5003250.0,85674750.0,2958375.0
2025-01-30,BIOCON,357.0,358.25,359.2,1.25,92.8782,0.2652,1997500.0,25445000.0,605000.0
2025-01-30,BOSCHLTD,28583.85,28596.65,28776.25,12.8,93.7731,0.628,21475.0,320375.0,3025.0
2025-01-30,BPCL,257.15,256.7,258.15,-0.45,92.8726,0.5649,5275800.0,67761000.0,984600.0
2025-01-30,BRITANNIA,5075.45,5072.65,5079.85,-2.8,87.5322,0.1419,426000.0,2969000.0,21800.0
2025-01-30,BSE,5238.9,5235.9,5272.5,-3.0,90.9009,0.699,276875.0,2734875.0,31125.0
2025-01-30,BSOFT,530.15,531.0,532.85,0.85,90.357,0.3484,1110000.0,10049000.0,352000.0
2025-01-30,CAMS,3637.15,3635.2,3641.1,-1.95,90.78,0.1623,116875.0,1104000.0,46750.0
2025-01-30,CANBK,90.9,90.88,91.45,-0.02,92.5133,0.6272,24826500.0,300213000.0,6567750.0
2025-01-30,CANFINHOME,653.7,653.25,658.3,-0.45,66.9749,0.7731,2541825.0,5154825.0,0.0
2025-01-30,CDSL,1270.8,1271.8,1278.5,1.0,87.4334,0.5268,990500.0,6596100.0,295400.0
2025-01-30,CESC,141.55,141.99,142.42,0.44,88.4599,0.3028,3147300.0,23946975.0,178425.0
2025-01-30,CGPOWER,620.6,621.05,624.75,0.45,86.1229,0.5958,1449275.0,8875450.0,118900.0
2025-01-30,CHAMBLFERT,494.0,493.4,496.2,-0.6,88.5533,0.5675,856900.0,6448600.0,180500.0
2025-01-30,CHOLAFIN,1279.4,1279.45,1286.0,0.05,94.0547,0.5119,628125.0,9840625.0,96250.0
2025-01-30,CIPLA,1457.45,1460.65,1466.4,3.2,97.1089,0.3937,406900.0,13572000.0,95225.0
2025-01-30,COALINDIA,385.05,384.7,381.6,-0.35,93.8598,-0.8058,3750600.0,56198100.0,1134000.0
2025-01-30,COFORGE,8327.3,8302.95,8367.75,-24.35,86.0615,0.7804,461025.0,2825025.0,21525.0
2025-01-30,COLPAL,2771.3,2775.75,2788.85,4.45,92.5083,0.4719,320775.0,3934000.0,26950.0
2025-01-30,CONCOR,756.25,756.6,757.45,0.35,94.973,0.1123,875000.0,16153000.0,378000.0
2025-01-30,COROMANDEL,1823.5,1827.3,1828.0,3.8,94.0889,0.0383,190400.0,3030650.0,0.0
2025-01-30,CROMPTON,342.8,343.35,345.4,0.55,96.9828,0.5971,775800.0,24789600.0,147600.0
2025-01-30,CUB,173.2,172.82,173.31,-0.38,87.0746,0.2835,4330000.0,29170000.0,0.0
2025-01-30,CUMMINSIND,2852.95,2854.9,2855.05,1.95,93.9695,0.0053,255000.0,3939150.0,34350.0
2025-01-30,CYIENT,1362.55,1365.5,1364.15,2.95,74.2233,-0.0989,779100.0,2191200.0,52200.0
2025-01-30,DABUR,533.7,533.15,537.6,-0.55,92.5493,0.8347,1497500.0,18180000.0,421250.0
2025-01-30,DALBHARAT,1851.9,1857.8,1824.55,5.9,68.9129,-1.7898,1371425.0,3003000.0,37125.0
2025-01-30,DEEPAKNTR,2272.95,2271.05,2285.9,-1.9,89.4888,0.6539,197400.0,1607100.0,73500.0
2025-01-30,DELHIVERY,322.6,323.6,316.7,1.0,91.6597,-2.1323,760975.0,8094700.0,268400.0
2025-01-30,DIVISLAB,5735.85,5751.65,5756.9,15.8,90.5065,0.0913,257700.0,2438100.0,18700.0
2025-01-30,DIXON,14659.5,14676.25,14738.5,16.75,81.8935,0.4242,260000.0,1140900.0,35050.0
2025-01-30,DLF,750.05,749.7,754.25,-0.35,91.7314,0.6069,3239775.0,35564925.0,377025.0
2025-01-30,DMART,3575.35,3572.65,3594.05,-2.7,91.3447,0.599,338700.0,3544500.0,30000.0
2025-01-30,DRREDDY,1194.5,1195.55,1202.35,1.05,81.9044,0.5688,2195000.0,9855000.0,80000.0
2025-01-30,EICHERMOT,5164.35,5162.05,5188.0,-2.3,90.4085,0.5027,352975.0,3307850.0,19250.0
2025-01-30,ESCORTS,3590.85,3596.75,3606.05,5.9,81.4667,0.2586,194850.0,848550.0,7950.0
2025-01-30,EXIDEIND,360.0,359.25,361.5,-0.75,90.0303,0.6263,3142800.0,27100800.0,1279800.0
2025-01-30,FEDERALBNK,184.95,184.82,186.1,-0.13,88.0979,0.6926,13585000.0,98520000.0,2035000.0
2025-01-30,GAIL,167.1,167.05,167.84,-0.05,96.3732,0.4729,4634200.0,121182450.0,1959900.0
2025-01-30,GLENMARK,1448.85,1447.15,1456.35,-1.7,90.1017,0.6357,287950.0,2574650.0,46475.0
2025-01-30,GMRAIRPORT,71.2,71.23,71.69,0.03,92.5363,0.6458,20019375.0,242876250.0,5326875.0
2025-01-30,GNFC,545.6,545.55,548.85,-0.05,94.6595,0.6049,297700.0,5276700.0,0.0
2025-01-30,GODREJCP,1118.5,1120.55,1121.7,2.05,95.565,0.1026,559500.0,12004000.0,52000.0
2025-01-30,GODREJPROP,2288.4,2289.35,2304.0,0.95,96.4522,0.6399,239175.0,6441300.0,60975.0
2025-01-30,GRANULES,564.45,564.95,568.5,0.5,88.9597,0.6284,1836000.0,14716000.0,78000.0
2025-01-30,GRASIM,2491.75,2490.85,2505.6,-0.9,90.8848,0.5922,1145000.0,11403000.0,13500.0
2025-01-30,GUJGASLTD,478.8,478.3,481.9,-0.5,87.0861,0.7527,780000.0,5260000.0,0.0
2025-01-30,HAL,3779.0,3776.2,3789.75,-2.8,85.5463,0.3588,1618800.0,8909400.0,671700.0
2025-01-30,HAVELLS,1544.05,1541.75,1550.2,-2.3,94.0519,0.5481,399000.0,6252500.0,56500.0
2025-01-30,HCLTECH,1713.1,1713.45,1723.8,0.35,95.4285,0.604,933800.0,19373900.0,119000.0
2025-01-30,HDFCAMC,3769.3,3769.75,3793.2,0.45,96.1826,0.6221,113550.0,2837850.0,23100.0
2025-01-30,HDFCBANK,1691.5,1689.95,1701.3,-1.55,95.61,0.6716,6686350.0,144641200.0,981750.0
2025-01-30,HDFCLIFE,634.15,633.9,636.85,-0.25,94.3014,0.4654,1597200.0,26218500.0,212300.0
2025-01-30,HEROMOTOCO,4177.85,4175.05,4180.9,-2.8,78.1819,0.1401,1617150.0,5697000.0,97800.0
2025-01-30,HFCL,95.15,95.05,95.66,-0.1,90.4423,0.6418,4008900.0,37088550.0,846600.0
2025-01-30,HINDALCO,587.85,586.95,590.2,-0.9,94.0189,0.5537,3388000.0,52676400.0,581000.0
2025-01-30,HINDCOPPER,229.95,229.93,231.42,-0.02,93.475,0.648,2644700.0,37338500.0,548550.0
2025-01-30,HINDPETRO,351.6,350.95,353.3,-0.65,91.3478,0.6696,3699675.0,38134800.0,925425.0
2025-01-30,HINDUNILVR,2408.8,2412.85,2424.6,4.05,83.6282,0.487,2487300.0,12454200.0,251100.0
2025-01-30,HUDCO,216.3,216.01,217.42,-0.29,92.284,0.6527,1338600.0,15454525.0,555325.0
2025-01-30,ICICIBANK,1255.6,1258.2,1262.4,2.6,96.6798,0.3338,3849300.0,111670300.0,417200.0
2025-01-30,ICICIGI,1845.5,1842.35,1853.8,-3.15,93.1256,0.6215,423500.0,5722000.0,15000.0
2025-01-30,ICICIPRULI,611.4,610.4,613.85,-1.0,91.4794,0.5652,1041000.0,11127750.0,48750.0
2025-01-30,IDEA,8.99,8.99,9.06,0.0,95.9657,0.7786,140800000.0,3240960000.0,108320000.0
2025-01-30,IDFCFIRSTB,61.19,61.23,61.57,0.04,94.1562,0.5553,28237500.0,434550000.0,20415000.0
2025-01-30,IEX,175.3,174.89,174.46,-0.41,91.2984,-0.2459,3551250.0,36420000.0,840000.0
2025-01-30,IGL,395.7,395.85,395.6,0.15,87.5673,-0.0632,2032250.0,13651000.0,662750.0
2025-01-30,INDHOTEL,761.2,761.55,766.4,0.35,93.093,0.6369,1320000.0,17650000.0,141000.0
2025-01-30,INDIAMART,2077.9,2081.55,2089.05,3.65,70.6322,0.3603,365100.0,878100.0,0.0
2025-01-30,INDIANB,545.8,546.8,549.3,1.0,88.8113,0.4572,608950.0,4772800.0,60800.0
2025-01-30,INDIGO,4227.75,4240.65,4239.05,12.9,83.2516,-0.0377,1387800.0,6829650.0,68700.0
2025-01-30,INDUSINDBK,957.05,958.8,963.55,1.75,90.6915,0.4954,5423000.0,51865500.0,970000.0
2025-01-30,INDUSTOWER,345.6,345.45,348.15,-0.15,96.513,0.7816,3041300.0,83311900.0,865300.0
2025-01-30,INFY,1859.95,1863.5,1870.4,3.55,91.2527,0.3703,3531200.0,36662000.0,176000.0
2025-01-30,IOC,127.1,127.24,127.87,0.14,81.955,0.4951,25018500.0,109984875.0,3641625.0
2025-01-30,IPCALAB,1454.75,1452.5,1461.0,-2.25,84.287,0.5852,456950.0,2451150.0,0.0
2025-01-30,IRB,53.65,53.51,53.9,-0.14,95.9763,0.7288,4110250.0,96801000.0,1240250.0
2025-01-30,IRCTC,779.0,779.1,782.0,0.1,91.6562,0.3722,1400875.0,14534625.0,854000.0
2025-01-30,IRFC,148.25,148.57,136.31,0.32,80.4471,-8.252,18069150.0,66287625.0,8054625.0
2025-01-30,ITC,436.2,437.0,433.6,0.8,90.5778,-0.778,6627200.0,63025600.0,683200.0
2025-01-30,JINDALSTEL,840.05,843.85,842.0,3.8,94.5138,-0.2192,1046250.0,17948125.0,76250.0
2025-01-30,JIOFIN,234.8,235.25,236.55,0.45,75.3424,0.5526,34991550.0,101806650.0,5111700.0
2025-01-30,JKCEMENT,4800.35,4811.95,4821.65,11.6,88.897,0.2016,76250.0,607625.0,2875.0
2025-01-30,JSL,648.85,649.15,650.1,0.3,91.6261,0.1463,306900.0,3348775.0,9300.0
2025-01-30,JSWENERGY,483.85,484.3,487.3,0.45,88.8103,0.6195,2018250.0,15871500.0,147000.0
2025-01-30,JSWSTEEL,950.85,953.25,956.5,2.4,93.2963,0.3409,2226150.0,30887325.0,94500.0
2025-01-30,JUBLFOOD,688.95,688.95,692.4,0.0,89.1869,0.5008,1900000.0,15555000.0,116250.0
2025-01-30,KALYANKJIL,440.65,440.95,443.05,0.3,76.6388,0.4762,5084775.0,16285850.0,395250.0
2025-01-30,KEI,3961.2,3975.55,3932.05,14.35,80.1123,-1.0942,138150.0,547500.0,9000.0
2025-01-30,KOTAKBANK,1901.5,1898.85,1911.6,-2.65,91.2469,0.6715,3602000.0,37336000.0,213200.0
2025-01-30,KPITTECH,1432.95,1431.55,1439.3,-1.4,83.4736,0.5414,502800.0,2505600.0,34000.0
2025-01-30,LALPATHLAB,2877.9,2879.3,2888.8,1.4,89.0661,0.3299,142950.0,1164450.0,0.0
2025-01-30,LAURUSLABS,588.45,588.95,592.3,0.5,92.1581,0.5688,1625200.0,18700000.0,399500.0
2025-01-30,LICHSGFIN,584.35,582.4,586.5,-1.95,94.9479,0.704,1208000.0,22475000.0,228000.0
2025-01-30,LICI,824.9,824.45,829.45,-0.45,88.926,0.6065,706100.0,5282525.0,387550.0
2025-01-30,LODHA,1160.6,1159.55,1164.25,-1.05,89.4552,0.4053,648000.0,5481000.0,16200.0
2025-01-30,LT,3420.95,3419.45,3438.15,-1.5,89.6957,0.5469,1908600.0,16433850.0,180000.0
2025-01-30,LTF,144.35,144.72,143.68,0.37,91.0495,-0.7186,6179870.0,55435888.0,7429230.0
2025-01-30,LTIM,5840.3,5839.45,5868.7,-0.85,82.4723,0.5009,344550.0,1604550.0,16650.0
2025-01-30,LTTS,5410.65,5425.65,5449.5,15.0,80.3582,0.4396,170000.0,688400.0,7100.0
2025-01-30,LUPIN,2064.4,2066.8,2077.65,2.4,92.5226,0.525,534650.0,6565825.0,49725.0
2025-01-30,M&M,2971.45,2965.3,2986.15,-6.15,85.8267,0.7031,2805425.0,16893100.0,95200.0
2025-01-30,M&MFIN,276.65,277.45,276.3,0.8,80.9455,-0.4145,6296000.0,26304000.0,442000.0
2025-01-30,MANAPPURAM,199.15,198.89,199.62,-0.26,95.7968,0.367,2643000.0,59736000.0,501000.0
2025-01-30,MARICO,672.15,673.15,670.15,1.0,89.2361,-0.4457,1711200.0,14157600.0,28800.0
2025-01-30,MARUTI,12000.0,11991.55,12069.1,-8.45,77.7834,0.6467,828100.0,2882950.0,16350.0
2025-01-30,MAXHEALTH,1043.85,1041.55,1050.35,-2.3,78.2294,0.8449,1816500.0,6513150.0,14175.0
2025-01-30,MCX,5599.35,5594.35,5612.4,-5.0,82.5117,0.3226,272100.0,1254200.0,29600.0
2025-01-30,METROPOLIS,1804.65,1806.45,1818.0,1.8,80.3932,0.6394,291200.0,1194000.0,0.0
2025-01-30,MFSL,1081.6,1082.35,1087.85,0.75,88.0059,0.5082,590400.0,4317600.0,14400.0
2025-01-30,MGL,1303.5,1303.3,1301.35,-0.2,90.7677,-0.1496,565200.0,5498400.0,58400.0
2025-01-30,MOTHERSON,138.7,138.79,139.61,0.09,88.4062,0.5908,15005850.0,111931500.0,2492100.0
2025-01-30,MPHASIS,2867.6,2870.25,2887.75,2.65,89.6334,0.6097,392700.0,3342075.0,53350.0
2025-01-30,MRF,112622.15,112627.2,113333.25,5.05,93.2738,0.6269,4630.0,62815.0,1390.0
2025-01-30,MUTHOOTFIN,2209.6,2202.9,2215.8,-6.7,95.2418,0.5856,134750.0,2689500.0,7700.0
2025-01-30,NATIONALUM,193.15,193.6,193.49,0.45,77.2225,-0.0568,12990000.0,42933750.0,1106250.0
2025-01-30,NAUKRI,7628.85,7619.7,7658.65,-9.15,84.2576,0.5112,311250.0,1657800.0,8100.0
2025-01-30,NAVINFLUOR,3908.15,3913.85,3926.65,5.7,85.6262,0.327,204050.0,1215550.0,0.0
2025-01-30,NCC,241.9,241.55,242.8,-0.35,81.1488,0.5175,1281550.0,5117325.0,399375.0
2025-01-30,NESTLEIND,2217.4,2219.9,2220.4,2.5,95.1327,0.0225,491600.0,9467000.0,141400.0
2025-01-30,NHPC,75.47,75.75,75.08,0.28,88.0657,-0.8845,7763200.0,55961600.0,1324800.0
2025-01-30,NMDC,65.04,64.99,65.36,-0.05,86.5656,0.5693,37921500.0,237397500.0,6952500.0
2025-01-30,NTPC,323.0,322.95,322.35,-0.05,94.2681,-0.1858,6804000.0,110805000.0,1095000.0
2025-01-30,NYKAA,168.6,169.08,162.61,0.48,67.1768,-3.8266,16640950.0,33712600.0,345150.0
2025-01-30,OBEROIRLTY,1755.75,1757.25,1731.4,1.5,82.8956,-1.471,1153250.0,5476100.0,113050.0
2025-01-30,OFSS,8994.6,8989.1,9052.05,-5.5,79.05,0.7003,215450.0,796850.0,16100.0
2025-01-30,OIL,417.75,418.7,417.75,0.95,81.6508,-0.2269,2057550.0,8992375.0,163400.0
2025-01-30,ONGC,256.7,256.54,255.11,-0.16,86.2363,-0.5574,15124725.0,93539600.0,1224300.0
2025-01-30,PAGEIND,44303.5,44352.05,44448.6,48.55,91.5555,0.2177,15195.0,163935.0,810.0
2025-01-30,PAYTM,771.9,770.55,774.2,-1.35,86.3047,0.4737,3480750.0,21762650.0,172250.0
2025-01-30,PEL,976.3,974.9,982.05,-1.4,84.3655,0.7334,1581000.0,8468250.0,63000.0
2025-01-30,PERSISTENT,6056.8,6039.8,6066.25,-17.0,82.2318,0.4379,428800.0,1966400.0,18100.0
2025-01-30,PETRONET,300.6,300.4,302.65,-0.2,90.1792,0.749,3601500.0,32740500.0,330000.0
2025-01-30,PFC,413.7,413.35,413.55,-0.35,84.9843,0.0484,9642100.0,52240500.0,2330900.0
2025-01-30,PIDILITIND,2886.6,2889.45,2905.2,2.85,93.781,0.5451,244250.0,3668500.0,14750.0
2025-01-30,PIIND,3456.6,3459.2,3473.7,2.6,92.0295,0.4192,160875.0,1839250.0,18250.0
2025-01-30,PNB,96.5,96.31,96.92,-0.19,91.5959,0.6334,28960000.0,306488000.0,9144000.0
2025-01-30,POLICYBZR,1656.05,1656.9,1665.4,0.85,89.7768,0.513,541775.0,4742725.0,14950.0
2025-01-30,POLYCAB,5788.45,5777.2,5817.65,-11.25,75.5452,0.7002,661625.0,1999875.0,44000.0
2025-01-30,POONAWALLA,308.6,308.1,302.35,-0.5,90.4483,-1.8663,1251350.0,11307100.0,542300.0
2025-01-30,POWERGRID,295.35,295.65,292.9,0.3,91.2509,-0.9302,6613200.0,68034600.0,939600.0
2025-01-30,PRESTIGE,1342.35,1344.15,1352.25,1.8,84.5337,0.6026,624650.0,3406325.0,7800.0
2025-01-30,PVRINOX,1068.8,1066.65,1073.6,-2.15,83.2327,0.6516,632885.0,3141633.0,0.0
2025-01-30,RAMCOCEM,925.4,926.65,930.55,1.25,93.9341,0.4209,297500.0,4578100.0,28900.0
2025-01-30,RBLBANK,162.5,162.62,163.33,0.12,93.6556,0.4366,3602500.0,51215000.0,1965000.0
2025-01-30,RECLTD,440.35,440.15,440.1,-0.2,89.0245,-0.0114,7797000.0,55298000.0,7945000.0
2025-01-30,RELIANCE,1253.1,1251.75,1260.25,-1.35,90.2962,0.679,16420500.0,148938500.0,3859000.0
2025-01-30,SAIL,105.45,105.58,105.96,0.13,84.9091,0.3599,24728000.0,131856000.0,7276000.0
2025-01-30,SBICARD,774.8,776.3,770.9,1.5,81.5128,-0.6956,3834400.0,16476800.0,429600.0
2025-01-30,SBILIFE,1472.9,1473.8,1479.15,0.9,96.0646,0.363,358125.0,8664000.0,78000.0
2025-01-30,SBIN,762.6,761.85,766.85,-0.75,94.5747,0.6563,6837750.0,116989500.0,2206500.0
2025-01-30,SHREECEM,26830.05,26877.7,26846.65,47.65,76.5029,-0.1155,84525.0,273450.0,1750.0
2025-01-30,SHRIRAMFIN,538.3,538.15,539.1,-0.15,92.3632,0.1765,2920500.0,35063250.0,258750.0
2025-01-30,SIEMENS,5874.75,5872.7,5906.9,-2.05,90.8996,0.5824,228150.0,2257875.0,21000.0
2025-01-30,SJVN,94.65,94.82,90.61,0.17,85.8239,-4.44,4016250.0,23247000.0,1067850.0
2025-01-30,SONACOMS,503.8,504.05,505.2,0.25,93.5735,0.2282,523900.0,7515175.0,113150.0
2025-01-30,SRF,2831.1,2831.0,2838.55,-0.1,86.6488,0.2667,823500.0,5260500.0,84000.0
2025-01-30,SUNPHARMA,1739.15,1743.25,1742.65,4.1,90.1447,-0.0344,1599500.0,14560350.0,70000.0
2025-01-30,SUNTV,631.45,634.35,624.9,2.9,75.9682,-1.4897,1089000.0,3442500.0,0.0
2025-01-30,SUPREMEIND,3773.0,3777.3,3786.75,4.3,93.1829,0.2502,91750.0,1251625.0,2500.0
2025-01-30,SYNGENE,759.7,758.95,762.75,-0.75,89.9485,0.5007,585000.0,5192000.0,43000.0
2025-01-30,TATACHEM,967.95,967.75,973.65,-0.2,93.6245,0.6097,506550.0,7224800.0,213950.0
2025-01-30,TATACOMM,1586.95,1587.6,1596.85,0.65,94.628,0.5826,285750.0,4944500.0,89000.0
2025-01-30,TATACONSUM,966.7,967.5,972.7,0.8,96.7906,0.5375,502512.0,15015624.0,139536.0
2025-01-30,TATAELXSI,6135.85,6125.0,6105.25,-10.85,89.424,-0.3224,148000.0,1214000.0,37400.0
2025-01-30,TATAMOTORS,696.85,695.4,699.9,-1.45,91.6888,0.6471,8693300.0,92108500.0,3796100.0
2025-01-30,TATAPOWER,352.15,352.05,353.9,-0.1,93.1682,0.5255,5942700.0,78796800.0,2246400.0
2025-01-30,TATASTEEL,131.1,130.83,131.63,-0.27,88.0083,0.6115,31790000.0,225230500.0,8079500.0
2025-01-30,TCS,4100.1,4105.2,4123.35,5.1,95.3353,0.4421,621775.0,12632725.0,74725.0
2025-01-30,TECHM,1670.1,1669.85,1678.5,-0.25,91.7331,0.518,1201200.0,13210200.0,118800.0
2025-01-30,TIINDIA,3288.6,3292.15,3308.25,3.55,89.3714,0.489,91050.0,765000.0,600.0
2025-01-30,TITAN,3368.4,3370.45,3385.4,2.05,97.0033,0.4436,298725.0,9601025.0,68775.0
2025-01-30,TORNTPHARM,3358.25,3358.3,3352.85,0.05,92.4624,-0.1623,148000.0,1811250.0,4250.0
2025-01-30,TRENT,5511.25,5507.9,5541.7,-3.35,86.743,0.6137,782800.0,5016300.0,105700.0
2025-01-30,TVSMOTOR,2455.3,2455.15,2467.15,-0.15,96.9565,0.4888,334600.0,10612000.0,47250.0
2025-01-30,UBL,2124.4,2126.4,2138.1,2.0,90.35,0.5502,199600.0,1868800.0,0.0
2025-01-30,ULTRACEMCO,11479.45,11512.4,11552.95,32.95,91.0652,0.3522,231500.0,2352700.0,6800.0
2025-01-30,UNIONBANK,111.05,111.24,111.74,0.19,75.5129,0.4495,14102475.0,41395875.0,2093025.0
2025-01-30,UNITDSPR,1426.9,1424.95,1436.15,-1.95,87.1801,0.786,1791650.0,12159350.0,24500.0
2025-01-30,UPL,566.95,568.6,570.45,1.65,93.2387,0.3254,2051470.0,27948230.0,341460.0
2025-01-30,VBL,540.6,540.95,544.4,0.35,92.2149,0.6378,1501500.0,17495625.0,289625.0
2025-01-30,VEDL,432.45,431.95,434.75,-0.5,95.6016,0.6482,4709250.0,101189650.0,1167250.0
2025-01-30,VOLTAS,1269.25,1270.75,1278.45,1.5,86.628,0.6059,1376700.0,8700300.0,218400.0
2025-01-30,WIPRO,309.0,309.7,311.15,0.7,87.556,0.4682,9174000.0,63747000.0,801000.0
2025-01-30,YESBANK,18.95,18.95,19.06,0.0,86.1985,0.5805,49868000.0,290992000.0,20462000.0
2025-01-30,ZOMATO,218.8,218.35,219.9,-0.45,84.1462,0.7099,25564000.0,134018000.0,1666000.0
2025-01-30,ZYDUSLIFE,953.45,951.75,957.3,-1.7,94.4577,0.5831,503100.0,8436600.0,137700.0
2025-02-27,AARTIIND,395.85,396.0,398.3,0.15,94.0797,0.5808,963000.0,14748000.0,555000.0
2025-02-27,ABB,5144.7,5138.3,5165.7,-6.4,96.0216,0.5333,122750.0,2926000.0,36625.0
2025-02-27,ABCAPITAL,157.65,157.58,158.62,-0.07,92.2732,0.66,5718600.0,66727800.0,1563300.0
2025-02-27,ABFRL,242.3,242.15,243.4,-0.15,97.2795,0.5162,1549600.0,54628600.0,782600.0
2025-02-27,ACC,1825.3,1822.4,1834.3,-2.9,89.4562,0.653,496200.0,4117200.0,92700.0
2025-02-27,ADANIENSOL,661.65,661.95,666.3,0.3,94.0372,0.6571,474375.0,7376875.0,104375.0
2025-02-27,ADANIENT,2110.9,2109.75,2121.05,-1.15,92.7215,0.5356,1366500.0,17226900.0,181200.0
2025-02-27,ADANIGREEN,811.7,812.35,807.45,0.65,92.9683,-0.6032,1020000.0,12516000.0,969750.0
2025-02-27,ADANIPORTS,1078.95,1078.7,1082.7,-0.25,93.8463,0.3708,1680000.0,25175600.0,445200.0
2025-02-27,ALKEM,4612.45,4617.95,4638.4,5.5,87.1599,0.4428,126000.0,850800.0,4500.0
2025-02-27,AMBUJACEM,469.8,468.4,471.25,-1.4,93.782,0.6085,2207700.0,32900400.0,396900.0
2025-02-27,ANGELONE,2195.85,2200.75,2053.55,4.9,92.2293,-6.6886,392000.0,4217400.0,435200.0
2025-02-27,APLAPOLLO,1438.3,1441.45,1447.95,3.15,96.4266,0.4509,159950.0,4295200.0,21000.0
2025-02-27,APOLLOHOSP,6185.2,6177.75,6217.5,-7.45,93.7034,0.6434,165875.0,2450250.0,18250.0
2025-02-27,APOLLOTYRE,389.95,390.75,392.2,0.8,82.3777,0.3711,2063800.0,9270100.0,377400.0
2025-02-27,ASHOKLEY,225.4,224.9,222.57,-0.5,94.3234,-1.036,2885000.0,46700000.0,1237500.0
2025-02-27,ASIANPAINT,2213.65,2210.15,2222.9,-3.5,94.247,0.5769,915000.0,14563400.0,426400.0
2025-02-27,ASTRAL,1388.1,1386.25,1394.55,-1.85,95.0665,0.5987,279287.0,5215804.0,165884.0
2025-02-27,ATGL,580.7,583.2,545.05,2.5,93.6376,-6.5415,326275.0,4539950.0,261950.0
2025-02-27,AUBANK,556.7,556.0,557.45,-0.7,84.1314,0.2608,4742000.0,24449000.0,692000.0
2025-02-27,AUROPHARMA,1080.7,1080.35,1086.65,-0.35,96.4988,0.5831,443300.0,12172600.0,45650.0
2025-02-27,AXISBANK,1016.7,1014.35,1020.3,-2.35,97.5064,0.5866,2295000.0,89320625.0,418750.0
2025-02-27,BAJAJ-AUTO,8232.35,8235.9,8267.5,3.55,78.1405,0.3837,704625.0,2493900.0,24900.0
2025-02-27,BAJAJFINSV,1925.5,1923.75,1936.15,-1.75,81.3006,0.6446,3790000.0,16273000.0,205000.0
2025-02-27,BAJFINANCE,8705.2,8683.05,8733.05,-22.15,93.3863,0.5758,661000.0,8339500.0,993875.0
2025-02-27,BALKRISIND,2685.85,2688.0,2686.75,2.15,96.7919,-0.0465,64800.0,1948500.0,6600.0
2025-02-27,BANDHANBNK,136.9,137.15,137.91,0.25,96.8497,0.5541,3231200.0,95076800.0,4261600.0
2025-02-27,BANKBARODA,203.2,202.87,203.96,-0.33,95.5872,0.5373,6692400.0,142002900.0,2963025.0
2025-02-27,BANKINDIA,96.6,96.51,97.17,-0.09,85.399,0.6839,8969675.0,51675750.0,786475.0
2025-02-27,BEL,252.45,252.3,252.75,-0.15,92.0582,0.1784,8498700.0,94286550.0,4226550.0
2025-02-27,BERGEPAINT,505.25,506.95,494.4,1.7,63.4332,-2.4756,6025800.0,10132320.0,320760.0
2025-02-27,BHARATFORG,1038.4,1035.75,1041.45,-2.65,91.9728,0.5503,1198500.0,13616000.0,116000.0
2025-02-27,BHARTIARTL,1650.4,1646.05,1656.55,-4.35,95.0083,0.6379,2120400.0,40178825.0,179075.0
2025-02-27,BHEL,187.45,187.42,188.46,-0.03,95.329,0.5549,3711750.0,73689000.0,2063250.0
2025-02-27,BIOCON,311.85,312.25,313.85,0.4,88.459,0.5124,3512500.0,26382500.0,540000.0
2025-02-27,BOSCHLTD,26822.15,26775.0,26918.85,-47.15,90.5552,0.5373,34450.0,329400.0,900.0
2025-02-27,BPCL,244.75,244.95,246.0,0.2,94.3297,0.4287,3801600.0,62512200.0,730800.0
2025-02-27,BRITANNIA,4782.8,4779.95,4802.35,-2.85,93.7315,0.4686,192500.0,2845900.0,32500.0
2025-02-27,BSE,5162.5,5165.9,5107.05,3.4,85.7408,-1.1392,663125.0,3912875.0,74500.0
2025-02-27,BSOFT,449.7,449.65,453.1,-0.05,92.0296,0.7673,906000.0,10129000.0,332000.0
2025-02-27,CAMS,3257.75,3260.4,3277.95,2.65,93.0871,0.5383,93125.0,1225375.0,28625.0
2025-02-27,CANBK,83.46,83.31,83.8,-0.15,92.456,0.5882,22032000.0,263135250.0,6878250.0
2025-02-27,CDSL,1153.75,1152.45,1151.75,-1.3,90.4586,-0.0607,1012900.0,9104200.0,498750.0
2025-02-27,CESC,134.25,133.79,134.65,-0.46,96.0987,0.6428,1082250.0,26439075.0,219375.0
2025-02-27,CGPOWER,580.35,581.1,584.4,0.75,84.3235,0.5679,1419550.0,7554500.0,81200.0
2025-02-27,CHAMBLFERT,574.75,575.1,552.6,0.35,76.6707,-3.9124,2202100.0,6929300.0,307800.0
2025-02-27,CHOLAFIN,1438.6,1442.05,1442.25,3.45,76.4429,0.0139,2841875.0,9153750.0,68125.0
2025-02-27,CIPLA,1441.15,1442.05,1449.35,0.9,96.1738,0.5062,454025.0,11383450.0,28600.0
2025-02-27,COALINDIA,363.85,363.45,365.85,-0.4,92.9408,0.6603,4599000.0,56370300.0,4180050.0
2025-02-27,COFORGE,7489.15,7477.35,7538.05,-11.8,86.2813,0.8118,470475.0,2942025.0,16950.0
2025-02-27,COLPAL,2497.05,2495.25,2509.55,-1.8,95.842,0.5731,164675.0,3767750.0,28000.0
2025-02-27,CONCOR,662.55,660.9,664.5,-1.65,92.0676,0.5447,1398000.0,15463000.0,763000.0
2025-02-27,CROMPTON,325.6,325.35,327.15,-0.25,98.5299,0.5533,450000.0,29998800.0,162000.0
2025-02-27,CUMMINSIND,2811.15,2810.1,2826.5,-1.05,95.4719,0.5836,186750.0,3908700.0,28800.0
2025-02-27,CYIENT,1307.95,1308.85,1315.8,0.9,92.7825,0.531,207300.0,2632800.0,32100.0
2025-02-27,DABUR,503.25,503.0,505.65,-0.25,91.1763,0.5268,1621250.0,16383750.0,368750.0
2025-02-27,DALBHARAT,1730.1,1735.6,1699.4,5.5,71.6949,-2.0857,856075.0,2107600.0,60775.0
2025-02-27,DEEPAKNTR,1884.45,1885.25,1891.75,0.8,83.027,0.3448,387900.0,1818900.0,78600.0
2025-02-27,DELHIVERY,256.05,256.75,257.5,0.7,86.3323,0.2921,1358775.0,8068775.0,513925.0
2025-02-27,DIVISLAB,5615.75,5612.35,5650.7,-3.4,92.6044,0.6833,195400.0,2433600.0,13100.0
2025-02-27,DIXON,13823.6,13811.25,13819.1,-12.35,91.5478,0.0568,109300.0,1159200.0,24650.0
2025-02-27,DLF,642.4,643.05,646.0,0.65,93.2408,0.4588,2917200.0,39524100.0,717750.0
2025-02-27,DMART,3507.2,3507.1,3527.35,-0.1,97.0412,0.5774,138300.0,4514850.0,21000.0
2025-02-27,DRREDDY,1125.55,1126.1,1132.3,0.55,88.2724,0.5506,1405625.0,10482500.0,97500.0
2025-02-27,EICHERMOT,4935.5,4934.9,4968.05,-0.6,92.7118,0.6717,308350.0,3904250.0,18200.0
2025-02-27,ESCORTS,2924.4,2932.4,2943.45,8.0,65.0065,0.3768,604950.0,1100250.0,23550.0
2025-02-27,EXIDEIND,354.5,354.3,356.45,-0.2,94.2803,0.6068,1467000.0,23513400.0,667800.0
2025-02-27,FEDERALBNK,178.7,178.68,179.61,-0.02,96.0215,0.5205,3705000.0,88320000.0,1100000.0
2025-02-27,GAIL,159.35,159.15,159.97,-0.2,97.186,0.5152,3475650.0,118576300.0,1459350.0
2025-02-27,GLENMARK,1313.35,1315.0,1321.65,1.65,96.8829,0.5057,173225.0,5357300.0,26650.0
2025-02-27,GMRAIRPORT,69.29,69.19,69.55,-0.1,94.7568,0.5203,12813750.0,227120625.0,4455000.0
2025-02-27,GODREJCP,1051.4,1050.25,1056.4,-1.15,97.8649,0.5856,313500.0,14309500.0,60000.0
2025-02-27,GODREJPROP,1939.25,1937.15,1947.85,-2.1,96.3154,0.5524,285075.0,7353225.0,98550.0
2025-02-27,GRANULES,506.95,507.85,508.2,0.9,95.8719,0.0689,620000.0,14370000.0,29000.0
2025-02-27,GRASIM,2339.95,2339.5,2353.35,-0.45,91.962,0.592,919000.0,10488250.0,26000.0
2025-02-27,HAL,3242.65,3238.1,3256.15,-4.55,93.082,0.5574,717000.0,9207000.0,440250.0
2025-02-27,HAVELLS,1451.25,1449.05,1456.1,-2.2,96.3755,0.4865,291500.0,7642500.0,108500.0
2025-02-27,HCLTECH,1629.3,1628.0,1638.1,-1.3,95.1835,0.6204,934500.0,18390750.0,76650.0
2025-02-27,HDFCAMC,3688.8,3695.5,3709.25,6.7,86.9348,0.3721,376650.0,2473650.0,32550.0
2025-02-27,HDFCBANK,1700.7,1698.5,1707.15,-2.2,93.2301,0.5093,10003950.0,135265350.0,2502500.0
2025-02-27,HDFCLIFE,618.4,617.65,622.1,-0.75,90.9713,0.7205,2872100.0,28758400.0,180400.0
2025-02-27,HEROMOTOCO,3759.55,3761.35,3781.45,1.8,91.8467,0.5344,537750.0,5927250.0,130500.0
2025-02-27,HFCL,83.15,83.3,83.68,0.15,91.8357,0.4562,4141700.0,45454950.0,1132950.0
2025-02-27,HINDALCO,631.95,631.5,635.7,-0.45,89.1437,0.6651,5195400.0,42413000.0,247800.0
2025-02-27,HINDCOPPER,212.65,212.21,213.44,-0.44,96.9274,0.5796,1200450.0,37261650.0,606850.0
2025-02-27,HINDPETRO,307.0,307.15,308.65,0.15,92.8088,0.4884,3657150.0,46095075.0,1103625.0
2025-02-27,HINDUNILVR,2244.95,2241.05,2256.0,-3.9,92.2726,0.6671,1234200.0,14458500.0,279000.0
2025-02-27,HUDCO,173.25,173.09,173.94,-0.16,85.9528,0.4911,2427425.0,14232325.0,620800.0
2025-02-27,ICICIBANK,1222.45,1220.85,1227.4,-1.6,97.8594,0.5365,2441600.0,111209000.0,410900.0
2025-02-27,ICICIGI,1701.2,1696.4,1705.8,-4.8,97.4651,0.5541,169250.0,6485250.0,22250.0
2025-02-27,ICICIPRULI,559.75,558.65,563.15,-1.1,88.0144,0.8055,1627500.0,11887500.0,63750.0
2025-02-27,IDEA,7.8,7.81,7.86,0.01,95.6532,0.6402,150600000.0,3223240000.0,90800000.0
2025-02-27,IDFCFIRSTB,59.22,59.24,59.57,0.02,95.57,0.5571,20887500.0,432315000.0,18300000.0
2025-02-27,IEX,156.95,156.96,157.85,0.01,94.0351,0.567,2535000.0,38452500.0,1511250.0
2025-02-27,IGL,196.0,195.87,196.63,-0.13,92.4333,0.388,2447500.0,28366250.0,1531750.0
2025-02-27,INDHOTEL,724.35,723.5,726.7,-0.85,94.1522,0.4423,1146000.0,18185000.0,266000.0
2025-02-27,INDIANB,521.55,520.55,522.05,-1.0,95.3904,0.2882,254600.0,5241150.0,27550.0
2025-02-27,INDIGO,4443.4,4438.4,4469.0,-5.0,91.2852,0.6894,709050.0,7338450.0,88650.0
2025-02-27,INDUSINDBK,1046.7,1043.85,1048.15,-2.85,94.2066,0.4119,2691000.0,43354000.0,404500.0
2025-02-27,INDUSTOWER,338.25,336.95,339.4,-1.3,95.1171,0.7271,4057900.0,78349600.0,697000.0
2025-02-27,INFY,1764.3,1762.7,1774.95,-1.6,92.201,0.695,3938400.0,46251600.0,308800.0
2025-02-27,IOC,116.4,116.49,117.02,0.09,85.7492,0.455,17325750.0,100327500.0,3924375.0
2025-02-27,IRB,45.24,45.21,45.49,-0.03,93.8243,0.6193,6713750.0,99589000.0,2408750.0
2025-02-27,IRCTC,694.35,694.35,698.15,0.0,92.5218,0.5473,1180375.0,13742750.0,861000.0
2025-02-27,IRFC,120.35,120.68,110.13,0.33,92.0926,-8.7421,6609375.0,67771650.0,9203775.0
2025-02-27,ITC,401.6,401.3,403.4,-0.3,94.9967,0.5233,4073600.0,76099200.0,1244800.0
2025-02-27,JINDALSTEL,862.0,862.25,866.7,0.25,92.0799,0.5161,1399375.0,16208750.0,60625.0
2025-02-27,JIOFIN,221.7,221.31,222.77,-0.39,92.4003,0.6597,10432950.0,117027900.0,9820800.0
2025-02-27,JKCEMENT,4517.2,4516.7,4541.8,-0.5,92.9526,0.5557,40875.0,539125.0,0.0
2025-02-27,JSL,596.55,597.7,599.2,1.15,94.4174,0.251,258075.0,4360150.0,4650.0
2025-02-27,JSWENERGY,458.8,458.9,461.65,0.1,95.0625,0.5993,924750.0,17704500.0,99750.0
2025-02-27,JSWSTEEL,975.0,974.1,980.95,-0.9,98.1103,0.7032,535275.0,27740475.0,50625.0
2025-02-27,JUBLFOOD,670.9,672.9,675.0,2.0,94.6892,0.3121,880000.0,15593750.0,96250.0
2025-02-27,KALYANKJIL,469.2,468.05,463.6,-1.15,79.1524,-0.9508,3541750.0,13260250.0,186775.0
2025-02-27,KEI,2999.0,2996.85,2964.6,-2.15,91.0656,-1.0761,122250.0,1205400.0,40650.0
2025-02-27,KOTAKBANK,1947.55,1944.6,1955.85,-2.95,92.0161,0.5785,3318400.0,38060000.0,185200.0
2025-02-27,KPITTECH,1251.95,1249.5,1255.9,-2.45,73.5737,0.5122,568800.0,1538000.0,45600.0
2025-02-27,LAURUSLABS,543.0,541.55,545.35,-1.45,82.488,0.7017,3967800.0,18356600.0,333200.0
2025-02-27,LICHSGFIN,513.45,513.6,516.4,0.15,94.5981,0.5452,1365000.0,23381000.0,523000.0
2025-02-27,LICI,741.1,740.45,745.15,-0.65,87.616,0.6347,1012575.0,6370425.0,793500.0
2025-02-27,LODHA,1195.15,1193.65,1180.35,-1.5,89.6257,-1.1142,541350.0,4644900.0,31950.0
2025-02-27,LT,3209.5,3207.3,3224.8,-2.2,91.6653,0.5456,1480050.0,16046550.0,231150.0
2025-02-27,LTF,139.5,139.47,139.08,-0.03,97.1759,-0.2796,1798186.0,58867166.0,3007388.0
2025-02-27,LTIM,4878.6,4870.0,4902.0,-8.6,78.1936,0.6571,562050.0,1987800.0,27600.0
2025-02-27,LTTS,4645.7,4656.5,4676.2,10.8,91.7346,0.4231,66900.0,742500.0,0.0
2025-02-27,LUPIN,1891.05,1886.5,1897.6,-4.55,83.4281,0.5884,1176825.0,5859900.0,64600.0
2025-02-27,M&M,2726.55,2720.25,2737.9,-6.3,93.6122,0.6488,1125600.0,16349200.0,146300.0
2025-02-27,M&MFIN,281.9,282.15,282.6,0.25,92.6222,0.1595,1548000.0,19038000.0,396000.0
2025-02-27,MANAPPURAM,208.25,207.91,210.62,-0.34,60.0819,1.3034,26916000.0,40218000.0,294000.0
2025-02-27,MARICO,623.3,623.1,626.05,-0.2,81.8633,0.4734,3202800.0,14418000.0,38400.0
2025-02-27,MARUTI,12380.65,12385.85,12437.35,5.2,88.1477,0.4158,338300.0,2501200.0,14800.0
2025-02-27,MAXHEALTH,1016.1,1014.3,1023.05,-1.8,93.0614,0.8627,584850.0,7825650.0,18375.0
2025-02-27,MCX,5371.65,5374.5,5409.0,2.85,87.0734,0.6419,212500.0,1416300.0,15100.0
2025-02-27,MFSL,1026.1,1027.5,1033.45,1.4,83.1071,0.5791,736800.0,3612800.0,12000.0
2025-02-27,MGL,1311.3,1308.9,1316.9,-2.4,95.5864,0.6112,225200.0,4858000.0,19200.0
2025-02-27,MOTHERSON,122.9,122.89,123.6,-0.01,94.7928,0.5778,7440800.0,133039800.0,2414000.0
2025-02-27,MPHASIS,2376.4,2374.7,2390.75,-1.7,89.484,0.6759,440550.0,3704250.0,44550.0
2025-02-27,MRF,105718.9,105639.55,106205.15,-79.35,95.3371,0.5354,3185.0,64020.0,1100.0
2025-02-27,MUTHOOTFIN,2208.6,2205.8,2221.4,-2.8,87.2803,0.7072,523325.0,3565650.0,25300.0
2025-02-27,NATIONALUM,179.35,179.67,180.57,0.32,92.8679,0.5009,3210000.0,40875000.0,922500.0
2025-02-27,NAUKRI,7381.25,7358.5,7406.85,-22.75,75.4568,0.6571,437250.0,1338975.0,5325.0
2025-02-27,NBCC,75.75,75.72,76.14,-0.03,79.417,0.5547,5365000.0,19569200.0,1131000.0
2025-02-27,NCC,178.7,178.95,179.6,0.25,83.211,0.3632,2355425.0,10719225.0,954950.0
2025-02-27,NESTLEIND,2278.2,2274.7,2286.55,-3.5,96.2736,0.5209,388400.0,9059800.0,974800.0
2025-02-27,NHPC,74.31,74.42,73.81,0.11,85.5359,-0.8197,10598400.0,61395200.0,1280000.0
2025-02-27,NMDC,65.19,65.27,65.53,0.08,87.1281,0.3983,32359500.0,208264500.0,10773000.0
2025-02-27,NTPC,315.7,315.15,317.25,-0.55,88.1719,0.6663,11361000.0,83736000.0,954000.0
2025-02-27,NYKAA,160.7,161.06,161.18,0.36,77.2179,0.0745,10522650.0,35429500.0,236000.0
2025-02-27,OBEROIRLTY,1507.75,1512.7,1512.7,4.95,83.1909,0.0,956900.0,4663400.0,72450.0
2025-02-27,OFSS,8082.25,8062.75,8118.4,-19.5,66.6361,0.6902,291350.0,575500.0,6400.0
2025-02-27,OIL,365.9,366.45,368.15,0.55,91.1728,0.4639,1069625.0,10986500.0,61275.0
2025-02-27,ONGC,231.0,231.35,232.2,0.35,91.2194,0.3674,9944550.0,101782450.0,1528450.0
2025-02-27,PAGEIND,41869.55,41892.9,41094.6,23.35,94.1344,-1.9056,11430.0,181350.0,2085.0
2025-02-27,PAYTM,725.55,727.4,729.55,1.85,94.2187,0.2956,1268800.0,20590700.0,87100.0
2025-02-27,PEL,905.2,904.3,910.15,-0.9,95.0276,0.6469,452250.0,8554500.0,88500.0
2025-02-27,PERSISTENT,5473.2,5459.2,5492.2,-14.0,72.2554,0.6045,771800.0,1993300.0,16700.0
2025-02-27,PETRONET,298.3,299.3,299.9,1.0,96.2611,0.2005,1512000.0,32473500.0,6454500.0
2025-02-27,PFC,378.1,377.45,376.05,-0.65,94.8749,-0.3709,2938000.0,52874900.0,1513200.0
2025-02-27,PHOENIXLTD,1511.8,1517.75,1522.1,5.95,81.7662,0.2866,200900.0,899500.0,1400.0
2025-02-27,PIDILITIND,2677.1,2679.95,2692.3,2.85,93.116,0.4608,292500.0,3946250.0,10250.0
2025-02-27,PIIND,3012.4,3012.3,3029.45,-0.1,93.5232,0.5693,141250.0,2015875.0,23750.0
2025-02-27,PNB,91.95,91.81,92.31,-0.14,91.7032,0.5446,27112000.0,292112000.0,7552000.0
2025-02-27,POLICYBZR,1500.8,1506.3,1506.65,5.5,89.696,0.0232,548600.0,4755725.0,19825.0
2025-02-27,POLYCAB,4679.3,4682.7,4708.6,3.4,82.4573,0.5531,713375.0,3251625.0,101500.0
2025-02-27,POONAWALLA,282.95,283.6,277.95,0.65,94.8788,-1.9922,680050.0,12042250.0,556800.0
2025-02-27,POWERGRID,256.25,256.3,257.25,0.05,85.2586,0.3707,15845400.0,90493200.0,1150200.0
2025-02-27,PRESTIGE,1134.55,1137.9,1141.8,3.35,86.3306,0.3427,770250.0,4854525.0,10075.0
2025-02-27,RAMCOCEM,842.85,843.0,846.55,0.15,95.9366,0.4211,193800.0,4560250.0,15300.0
2025-02-27,RBLBANK,162.85,163.04,163.81,0.19,97.7434,0.4723,1157500.0,48907500.0,1230000.0
2025-02-27,RECLTD,378.5,378.2,380.35,-0.3,96.4141,0.5685,2627000.0,69517000.0,1115000.0
2025-02-27,RELIANCE,1207.1,1206.15,1212.25,-0.95,93.7504,0.5057,9623000.0,138744500.0,5611500.0
2025-02-27,SAIL,106.0,106.07,106.63,0.07,90.4092,0.528,13952000.0,126816000.0,4704000.0
2025-02-27,SBICARD,856.75,858.4,861.25,1.65,92.9971,0.332,1077600.0,13978400.0,332000.0
2025-02-27,SBILIFE,1469.75,1469.45,1476.8,-0.3,89.4401,0.5002,1079250.0,9108750.0,32250.0
2025-02-27,SBIN,703.9,703.25,706.9,-0.65,92.6354,0.519,9661500.0,117916500.0,3609750.0
2025-02-27,SHREECEM,28306.35,28441.1,28001.65,134.75,86.4727,-1.5451,41850.0,266950.0,575.0
2025-02-27,SHRIRAMFIN,606.8,606.35,608.8,-0.45,79.8361,0.4041,6512250.0,25557750.0,226500.0
2025-02-27,SIEMENS,4686.6,4679.0,4703.65,-7.6,96.1782,0.5268,138675.0,3459225.0,30600.0
2025-02-27,SJVN,87.97,88.24,83.61,0.27,90.2974,-5.2471,2527875.0,22415400.0,1110375.0
2025-02-27,SOLARINDS,8723.5,8725.35,8749.9,1.85,91.9888,0.2814,23625.0,253050.0,18225.0
2025-02-27,SONACOMS,503.0,501.8,501.4,-1.2,92.6122,-0.0797,627750.0,7823625.0,45725.0
2025-02-27,SRF,2854.0,2859.5,2862.3,5.5,85.9643,0.0979,571500.0,3455625.0,44625.0
2025-02-27,SUNPHARMA,1647.5,1644.05,1653.65,-3.45,93.0994,0.5839,1280300.0,17096450.0,176750.0
2025-02-27,SUPREMEIND,3489.5,3492.25,3515.45,2.75,65.9288,0.6643,544500.0,1051000.0,2625.0
2025-02-27,SYNGENE,677.3,676.9,680.4,-0.4,93.3428,0.5171,422000.0,5880000.0,37000.0
2025-02-27,TATACHEM,801.85,801.3,805.9,-0.55,90.0291,0.5741,923450.0,7917800.0,420200.0
2025-02-27,TATACOMM,1388.95,1386.15,1395.65,-2.8,95.3801,0.6854,268000.0,5473000.0,60000.0
2025-02-27,TATACONSUM,1008.0,1009.6,1014.5,1.6,87.3804,0.4853,1912464.0,13164264.0,77976.0
2025-02-27,TATAELXSI,5563.0,5579.0,5564.05,16.0,94.5633,-0.268,68600.0,1162200.0,31000.0
2025-02-27,TATAMOTORS,648.55,648.15,651.7,-0.4,92.1064,0.5477,6891500.0,77195800.0,3217500.0
2025-02-27,TATAPOWER,343.3,342.75,344.95,-0.55,92.1088,0.6419,6089850.0,69616800.0,1466100.0
2025-02-27,TATASTEEL,138.7,138.49,139.38,-0.21,92.8787,0.6426,15708000.0,199760000.0,5109500.0
2025-02-27,TCS,3612.55,3618.6,3634.3,6.05,94.6477,0.4339,982625.0,16950150.0,426125.0
2025-02-27,TECHM,1588.25,1583.8,1594.45,-4.45,90.9261,0.6724,1305600.0,13053600.0,29400.0
2025-02-27,TIINDIA,2543.8,2547.75,2558.9,3.95,93.8978,0.4376,84000.0,1276050.0,16500.0
2025-02-27,TITAN,3223.1,3219.4,3236.2,-3.7,95.1495,0.5218,527975.0,10249575.0,107450.0
2025-02-27,TORNTPHARM,2987.0,2989.7,3004.4,2.7,95.7725,0.4917,97000.0,2197500.0,0.0
2025-02-27,TORNTPOWER,1312.65,1310.75,1318.4,-1.9,94.0052,0.5836,69375.0,1085250.0,2625.0
2025-02-27,TRENT,4805.3,4800.1,4832.45,-5.2,73.7964,0.6739,1979600.0,5444300.0,130800.0
2025-02-27,TVSMOTOR,2338.95,2336.5,2345.25,-2.45,87.3015,0.3745,1324050.0,9066050.0,36750.0
2025-02-27,ULTRACEMCO,10442.9,10441.25,10511.85,-1.65,96.4364,0.6762,116200.0,3127100.0,17450.0
2025-02-27,UNIONBANK,115.15,115.31,115.19,0.16,83.7751,-0.1041,9128775.0,45785475.0,1349625.0
2025-02-27,UNITDSPR,1335.4,1330.6,1338.65,-4.8,98.1849,0.605,218400.0,11768750.0,45150.0
2025-02-27,UPL,643.65,644.0,647.35,0.35,89.1642,0.5202,3181540.0,24932000.0,1247955.0
2025-02-27,VBL,448.3,448.65,451.15,0.35,96.0368,0.5572,1589000.0,37808750.0,696500.0
2025-02-27,VEDL,404.55,404.4,406.6,-0.15,95.7137,0.544,3982450.0,87742700.0,1185650.0
2025-02-27,VOLTAS,1312.6,1309.5,1318.25,-3.1,70.267,0.6682,3778200.0,8708700.0,220200.0
2025-02-27,WIPRO,294.5,293.95,294.6,-0.55,89.4788,0.2211,7515000.0,63285000.0,627000.0
2025-02-27,YESBANK,17.36,17.36,17.47,0.0,93.2015,0.6336,26910000.0,354094000.0,14820000.0
2025-02-27,ZOMATO,229.05,228.52,228.88,-0.53,95.0026,0.1575,6830000.0,128816000.0,1024000.0
2025-02-27,ZYDUSLIFE,886.45,887.55,893.5,1.1,80.7353,0.6704,2259000.0,9356400.0,110700.0
2025-03-27,AARTIIND,395.5,396.0,398.85,0.5,96.5789,0.7197,612000.0,16762000.0,515000.0
2025-03-27,ABB,5540.5,5536.0,5580.4,-4.5,96.2462,0.802,120625.0,3029375.0,63375.0
2025-03-27,ABCAPITAL,185.2,185.59,186.46,0.39,93.9219,0.4688,4195800.0,63676800.0,1158300.0
2025-03-27,ABFRL,256.25,256.35,258.76,0.1,97.1025,0.9401,1604200.0,53214200.0,546000.0
2025-03-27,ACC,1964.1,1966.4,1979.1,2.3,80.0641,0.6459,914700.0,3534000.0,139500.0
2025-03-27,ADANIENSOL,872.9,873.5,877.65,0.6,91.6495,0.4751,1163125.0,12505000.0,260625.0
2025-03-27,ADANIENT,2363.3,2357.45,2375.25,-5.85,95.6406,0.7551,1096500.0,20461200.0,3594600.0
2025-03-27,ADANIGREEN,959.9,961.55,965.8,1.65,88.9332,0.442,1948125.0,15372375.0,282750.0
2025-03-27,ADANIPORTS,1196.8,1196.1,1204.55,-0.7,90.4265,0.7065,2589600.0,22884000.0,1576000.0
2025-03-27,ALKEM,4960.15,4966.55,4988.1,6.4,89.4851,0.4339,96800.0,817900.0,5900.0
2025-03-27,AMBUJACEM,542.8,541.7,546.05,-1.1,93.6149,0.803,2126700.0,30598200.0,582300.0
2025-03-27,ANGELONE,2318.3,2323.3,2224.4,5.0,88.5397,-4.2569,598000.0,4258200.0,361800.0
2025-03-27,APLAPOLLO,1531.05,1532.1,1543.15,1.05,97.1224,0.7212,122500.0,4125100.0,9450.0
2025-03-27,APOLLOHOSP,6492.0,6502.35,6542.4,10.35,94.3304,0.6159,137750.0,2280500.0,11375.0
2025-03-27,APOLLOTYRE,428.0,428.3,431.1,0.3,87.2836,0.6537,1336200.0,8991300.0,180200.0
2025-03-27,ASHOKLEY,208.5,208.43,206.14,-0.07,95.4165,-1.0987,3012500.0,60915000.0,1797500.0
2025-03-27,ASIANPAINT,2338.1,2330.7,2350.6,-7.4,94.2662,0.8538,764200.0,12357600.0,206200.0
2025-03-27,ASTRAL,1294.55,1295.2,1303.95,0.65,96.8699,0.6756,189005.0,5691069.0,158177.0
2025-03-27,ATGL,611.9,612.15,614.7,0.25,92.2969,0.4166,382075.0,4374875.0,203050.0
2025-03-27,AUBANK,554.4,553.7,541.45,-0.7,96.1714,-2.2124,1029000.0,24861000.0,987000.0
2025-03-27,AUROPHARMA,1164.25,1164.05,1172.25,-0.2,95.5812,0.7044,601700.0,12949750.0,65450.0
2025-03-27,AXISBANK,1098.35,1097.35,1106.55,-1.0,92.6662,0.8384,4808125.0,60217500.0,535625.0
2025-03-27,BAJAJ-AUTO,7974.3,7951.35,8014.1,-22.95,94.3163,0.7892,156525.0,2575350.0,22050.0
2025-03-27,BAJAJFINSV,2005.75,2002.05,2016.65,-3.7,73.5872,0.7293,5683500.0,15711500.0,123000.0
2025-03-27,BAJFINANCE,9003.7,8998.85,9075.4,-4.85,92.9585,0.8507,678500.0,8760375.0,196875.0
2025-03-27,BALKRISIND,2550.25,2550.05,2570.8,-0.2,91.5741,0.8137,234300.0,2536200.0,10200.0
2025-03-27,BANDHANBNK,148.0,148.17,149.3,0.17,96.6318,0.7626,3136000.0,85988000.0,3981600.0
2025-03-27,BANKBARODA,231.0,230.66,232.02,-0.34,92.8659,0.5896,12963600.0,147443400.0,21305700.0
2025-03-27,BANKINDIA,107.8,107.64,108.63,-0.16,93.2235,0.9197,3671825.0,49470725.0,1042200.0
2025-03-27,BEL,300.65,301.24,303.1,0.59,90.2306,0.6174,8632650.0,73809300.0,5922300.0
2025-03-27,BERGEPAINT,501.75,501.6,504.0,-0.15,93.4241,0.4785,522720.0,7426320.0,0.0
2025-03-27,BHARATFORG,1159.15,1163.3,1146.75,4.15,75.9479,-1.4227,4082000.0,12710000.0,179500.0
2025-03-27,BHARTIARTL,1724.7,1721.6,1735.45,-3.1,83.0258,0.8045,7943425.0,38636975.0,216600.0
2025-03-27,BHEL,214.0,215.19,215.85,1.19,93.4963,0.3067,6103125.0,76329750.0,11408250.0
2025-03-27,BIOCON,345.55,345.4,348.15,-0.15,92.0835,0.7962,1725000.0,19502500.0,562500.0
2025-03-27,BOSCHLTD,28355.35,28246.55,28455.2,-108.8,83.2839,0.7387,53500.0,263450.0,3100.0
2025-03-27,BPCL,276.05,276.43,278.44,0.38,77.0129,0.7271,19600200.0,65291400.0,374400.0
2025-03-27,BRITANNIA,4841.2,4857.15,4883.15,15.95,91.9675,0.5353,239000.0,2716700.0,19700.0
2025-03-27,BSE,4684.35,4676.35,4605.05,-8.0,78.3874,-1.5247,1286625.0,4502375.0,164125.0
2025-03-27,BSOFT,395.9,395.9,399.4,0.0,94.8695,0.8841,735000.0,12732000.0,859000.0
2025-03-27,CAMS,3687.85,3692.45,3591.55,4.6,91.2799,-2.7326,137375.0,1392750.0,45250.0
2025-03-27,CANBK,89.65,89.38,90.05,-0.27,92.9565,0.7496,19109250.0,245052000.0,7141500.0
2025-03-27,CDSL,1187.7,1187.5,1184.1,-0.2,94.2946,-0.2863,743400.0,11439400.0,847000.0
2025-03-27,CESC,152.9,152.9,154.15,0.0,97.3409,0.8175,640575.0,23274225.0,175500.0
2025-03-27,CGPOWER,637.15,635.75,639.5,-1.4,94.074,0.5899,677875.0,10677075.0,84100.0
2025-03-27,CHAMBLFERT,619.35,620.35,620.55,1.0,89.3027,0.0322,894900.0,7309300.0,161500.0
2025-03-27,CHOLAFIN,1531.55,1529.3,1536.05,-2.25,94.1947,0.4414,684375.0,11046250.0,58125.0
2025-03-27,CIPLA,1482.9,1481.1,1490.5,-1.8,95.0728,0.6347,627575.0,12052300.0,57200.0
2025-03-27,COALINDIA,396.85,395.9,399.2,-0.95,92.5757,0.8335,4610550.0,55871550.0,1619100.0
2025-03-27,COFORGE,8107.7,8127.7,8167.05,20.0,84.0029,0.4841,479625.0,2503200.0,15375.0
2025-03-27,COLPAL,2393.75,2392.9,2407.45,-0.85,96.9062,0.608,166075.0,5122425.0,79450.0
2025-03-27,CONCOR,700.45,702.1,706.0,1.65,95.6983,0.5555,709000.0,15228000.0,545000.0
2025-03-27,CROMPTON,354.75,354.95,357.25,0.2,98.0248,0.648,619200.0,30607200.0,122400.0
2025-03-27,CUMMINSIND,3004.35,3001.75,3028.05,-2.6,95.961,0.8762,124200.0,2931450.0,19350.0
2025-03-27,CYIENT,1280.75,1282.3,1291.5,1.55,95.0335,0.7175,169200.0,3216000.0,21600.0
2025-03-27,DABUR,512.85,511.2,515.7,-1.65,92.2912,0.8803,1347500.0,15721250.0,411250.0
2025-03-27,DALBHARAT,1813.5,1814.75,1827.5,1.25,87.5131,0.7026,328900.0,2275625.0,29425.0
2025-03-27,DEEPAKNTR,1991.15,1987.2,2004.2,-3.95,84.2765,0.8555,240900.0,1245600.0,45600.0
2025-03-27,DELHIVERY,252.9,252.56,254.56,-0.34,90.2356,0.7919,1137650.0,10133625.0,379725.0
2025-03-27,DIVISLAB,5871.5,5869.45,5901.75,-2.05,96.3662,0.5503,83000.0,2189900.0,11200.0
2025-03-27,DIXON,13511.1,13545.05,13622.25,33.95,92.5604,0.5699,117200.0,1422500.0,35650.0
2025-03-27,DLF,688.5,686.95,692.5,-1.55,96.8352,0.8079,1403325.0,38776650.0,4161300.0
2025-03-27,DMART,4065.0,4074.4,4068.95,9.4,59.3145,-0.1338,2182800.0,3167100.0,15150.0
2025-03-27,DRREDDY,1162.2,1160.1,1144.5,-2.1,94.988,-1.3447,702500.0,13216875.0,96875.0
2025-03-27,EICHERMOT,5345.75,5345.55,5387.9,-0.2,89.2284,0.7922,480550.0,3960775.0,19950.0
2025-03-27,ESCORTS,3254.2,3248.55,3269.4,-5.65,95.4792,0.6418,77550.0,1626750.0,11100.0
2025-03-27,EXIDEIND,360.05,360.4,362.8,0.35,93.0012,0.6659,1980000.0,25261200.0,1049400.0
2025-03-27,FEDERALBNK,197.6,197.4,196.29,-0.2,93.6213,-0.5623,5235000.0,75915000.0,920000.0
2025-03-27,GAIL,181.55,181.81,182.55,0.26,93.3115,0.407,8142750.0,111897600.0,1701400.0
2025-03-27,GLENMARK,1519.85,1521.7,1525.85,1.85,94.4494,0.2727,323375.0,5470400.0,32175.0
2025-03-27,GMRAIRPORT,75.94,76.05,76.55,0.11,86.0476,0.6575,31286250.0,189995625.0,2953125.0
2025-03-27,GODREJCP,1144.55,1145.9,1149.75,1.35,83.6266,0.336,2554000.0,13015500.0,29000.0
2025-03-27,GODREJPROP,2126.2,2126.1,2144.15,-0.1,90.0164,0.849,587250.0,5232375.0,62550.0
2025-03-27,GRANULES,490.4,489.3,493.35,-1.1,95.0737,0.8277,692000.0,13297000.0,58000.0
2025-03-27,GRASIM,2618.7,2613.2,2630.6,-5.5,95.9543,0.6659,484000.0,11450750.0,28500.0
2025-03-27,HAL,4160.95,4164.15,4194.5,3.2,93.795,0.7288,496050.0,7195350.0,303000.0
2025-03-27,HAVELLS,1515.35,1510.4,1525.35,-4.95,92.718,0.9898,551500.0,6949500.0,72500.0
2025-03-27,HCLTECH,1630.05,1628.85,1627.25,-1.2,63.819,-0.0982,6473250.0,8707300.0,2710750.0
2025-03-27,HDFCAMC,4073.4,4083.3,4106.35,9.9,91.8422,0.5645,257400.0,2880600.0,17250.0
2025-03-27,HDFCBANK,1825.35,1822.95,1836.9,-2.4,94.3371,0.7652,6648950.0,108930250.0,1833700.0
2025-03-27,HDFCLIFE,681.9,679.85,685.55,-2.05,88.1349,0.8384,3019500.0,22269500.0,159500.0
2025-03-27,HEROMOTOCO,3771.8,3757.35,3789.4,-14.45,94.7404,0.853,318600.0,5646750.0,92100.0
2025-03-27,HFCL,81.25,81.32,81.98,0.07,94.2468,0.8116,3730850.0,59635500.0,1481550.0
2025-03-27,HINDALCO,693.35,691.7,697.6,-1.65,88.1902,0.853,4919600.0,36318800.0,418600.0
2025-03-27,HINDCOPPER,223.5,223.2,225.95,-0.3,92.9925,1.2321,2851400.0,37216600.0,622750.0
2025-03-27,HINDPETRO,359.55,360.95,362.65,1.4,84.6862,0.471,9402075.0,51730650.0,263250.0
2025-03-27,HINDUNILVR,2244.55,2244.55,2263.0,0.0,94.5884,0.822,943800.0,16187100.0,309300.0
2025-03-27,HUDCO,200.2,200.65,201.93,0.45,93.6126,0.6379,1253725.0,17624900.0,749325.0
2025-03-27,ICICIBANK,1336.65,1337.75,1347.05,1.1,93.6313,0.6952,6640900.0,97286700.0,345800.0
2025-03-27,ICICIGI,1794.25,1788.8,1802.7,-5.45,95.3345,0.7771,333500.0,6807500.0,7250.0
2025-03-27,ICICIPRULI,591.4,591.55,595.65,0.15,96.4419,0.6931,465750.0,12570750.0,53250.0
2025-03-27,IDEA,6.92,6.94,7.0,0.02,93.7074,0.8646,250880000.0,3616600000.0,119440000.0
2025-03-27,IDFCFIRSTB,56.94,57.0,57.42,0.06,94.9172,0.7368,24795000.0,436027500.0,27000000.0
2025-03-27,IEX,178.45,178.85,179.81,0.4,89.8042,0.5368,4316250.0,36881250.0,1136250.0
2025-03-27,IGL,195.5,195.12,195.58,-0.38,93.4132,0.2358,2057000.0,27797000.0,1375000.0
2025-03-27,IIFL,336.9,337.8,339.95,0.9,88.2448,0.6365,1012150.0,7522150.0,75950.0
2025-03-27,INDHOTEL,790.55,791.25,796.45,0.7,96.2502,0.6572,754000.0,19153000.0,201000.0
2025-03-27,INDIANB,552.9,552.7,551.05,-0.2,93.7421,-0.2985,327750.0,4901050.0,8550.0
2025-03-27,INDIGO,5127.8,5141.7,5161.45,13.9,96.8326,0.3841,205800.0,6251700.0,39900.0
2025-03-27,INDUSINDBK,673.55,673.55,676.85,0.0,88.6233,0.4899,4700000.0,34010500.0,2602000.0
2025-03-27,INDUSTOWER,338.4,338.55,341.45,0.15,95.3937,0.8566,3804600.0,78137100.0,654500.0
2025-03-27,INFY,1603.55,1601.5,1612.8,-2.05,97.7323,0.7056,1265200.0,52537200.0,1990400.0
2025-03-27,IOC,130.35,130.46,131.31,0.11,81.7457,0.6515,19748625.0,85307625.0,3129750.0
2025-03-27,IRB,46.04,46.05,46.4,0.01,96.6147,0.76,3915500.0,103279000.0,8466500.0
2025-03-27,IRCTC,718.05,717.9,724.45,-0.15,92.169,0.9124,1239000.0,13840750.0,742000.0
2025-03-27,IREDA,161.65,162.02,155.95,0.37,89.2662,-3.7465,4335500.0,31453400.0,4602300.0
2025-03-27,IRFC,124.35,124.26,121.91,-0.09,93.1261,-1.8912,4723500.0,57270675.0,6722175.0
2025-03-27,ITC,409.45,408.75,411.65,-0.7,96.058,0.7095,4112000.0,99064000.0,1137600.0
2025-03-27,JINDALSTEL,916.05,914.2,921.35,-1.85,95.3717,0.7821,895000.0,18375625.0,66875.0
2025-03-27,JIOFIN,225.8,225.27,227.08,-0.53,95.0937,0.8035,7405200.0,135799950.0,7726950.0
2025-03-27,JSL,581.95,582.15,586.5,0.2,92.8397,0.7472,545600.0,6987400.0,86800.0
2025-03-27,JSWENERGY,548.35,550.4,552.65,2.05,93.5526,0.4088,1136250.0,16250250.0,237000.0
2025-03-27,JSWSTEEL,1059.75,1061.1,1068.05,1.35,96.0156,0.655,1020600.0,24229800.0,364500.0
2025-03-27,JUBLFOOD,674.6,674.75,677.85,0.15,95.0091,0.4594,887500.0,16743750.0,151250.0
2025-03-27,KALYANKJIL,469.05,469.0,471.1,-0.05,79.2506,0.4478,3223225.0,11947400.0,363475.0
2025-03-27,KEI,2883.25,2875.75,2904.3,-7.5,83.0057,0.9928,369600.0,1732050.0,73200.0
2025-03-27,KOTAKBANK,2128.65,2131.25,2145.45,2.6,90.6682,0.6663,2999600.0,28810400.0,334000.0
2025-03-27,KPITTECH,1334.1,1338.05,1336.85,3.95,93.2831,-0.0897,153200.0,2079200.0,48400.0
2025-03-27,LAURUSLABS,617.7,617.25,622.0,-0.45,89.7956,0.7695,1951600.0,16959200.0,214200.0
2025-03-27,LICHSGFIN,569.5,569.55,573.55,0.05,95.6184,0.7023,1076000.0,23181000.0,300000.0
2025-03-27,LICI,801.15,803.45,807.65,2.3,92.8056,0.5227,464600.0,5777025.0,216200.0
2025-03-27,LODHA,1241.25,1244.15,1226.3,2.9,94.5999,-1.4347,299700.0,5233950.0,16200.0
2025-03-27,LT,3501.6,3492.95,3521.85,-8.65,89.9896,0.8274,1389900.0,12370650.0,124050.0
2025-03-27,LTF,155.55,155.25,151.35,-0.3,95.0103,-2.5121,3466974.0,62526006.0,3489284.0
2025-03-27,LTIM,4655.95,4641.0,4676.75,-14.95,85.9733,0.7703,326100.0,1939350.0,59400.0
2025-03-27,LUPIN,2018.8,2022.1,2034.8,3.3,94.5816,0.6281,326400.0,5649525.0,48025.0
2025-03-27,M&M,2733.0,2729.9,2753.95,-3.1,90.723,0.881,1821575.0,17690050.0,123725.0
2025-03-27,M&MFIN,290.1,290.1,291.6,0.0,94.503,0.5171,980000.0,16626000.0,222000.0
2025-03-27,MANAPPURAM,232.85,233.51,234.86,0.66,87.2617,0.5781,5994000.0,40749000.0,312000.0
2025-03-27,MARICO,649.05,649.4,652.65,0.35,93.9899,0.5005,1444800.0,22572000.0,22800.0
2025-03-27,MARUTI,11721.95,11695.25,11788.6,-26.7,92.4122,0.7982,212600.0,2572150.0,17100.0
2025-03-27,MAXHEALTH,1129.4,1131.55,1137.5,2.15,95.8632,0.5258,375900.0,8691375.0,19425.0
2025-03-27,MCX,5246.1,5235.45,5285.75,-10.65,94.8103,0.9608,151700.0,2427200.0,344200.0
2025-03-27,MFSL,1147.35,1147.6,1153.75,0.25,91.4499,0.5359,541600.0,5784000.0,8800.0
2025-03-27,MGL,1367.35,1367.3,1379.8,-0.05,97.7808,0.9142,124800.0,5470800.0,28000.0
2025-03-27,MOTHERSON,131.9,131.94,132.33,0.04,89.7149,0.2956,14995200.0,128073350.0,2726400.0
2025-03-27,MPHASIS,2528.2,2533.9,2548.35,5.7,90.2246,0.5703,410575.0,3743025.0,46475.0
2025-03-27,MRF,113265.55,113298.8,114134.85,33.25,95.8974,0.7379,2950.0,68385.0,570.0
2025-03-27,MUTHOOTFIN,2337.7,2339.3,2348.1,1.6,79.018,0.3762,800250.0,2981275.0,32450.0
2025-03-27,NATIONALUM,178.8,178.75,180.25,-0.05,95.1764,0.8392,3071250.0,58852500.0,1747500.0
2025-03-27,NAUKRI,7214.65,7191.2,7247.1,-23.45,95.7869,0.7773,65175.0,1472850.0,8925.0
2025-03-27,NBCC,82.71,82.93,83.51,0.22,94.6198,0.6994,1809600.0,30647200.0,1177400.0
2025-03-27,NCC,208.55,208.35,210.19,-0.2,88.4174,0.8831,2257800.0,16416975.0,818275.0
2025-03-27,NESTLEIND,2242.05,2246.9,2259.65,4.85,91.4357,0.5674,827000.0,8762000.0,67400.0
2025-03-27,NHPC,81.28,81.29,82.01,0.01,75.6056,0.8857,22752000.0,69088000.0,1427200.0
2025-03-27,NMDC,68.55,68.59,69.02,0.04,90.3373,0.6269,23787000.0,216000000.0,6385500.0
2025-03-27,NTPC,360.65,360.35,363.65,-0.3,81.3239,0.9158,23707500.0,92553000.0,10680000.0
2025-03-27,NYKAA,174.55,175.25,174.87,0.7,80.4341,-0.2168,7631650.0,31255250.0,118000.0
2025-03-27,OBEROIRLTY,1643.05,1644.7,1654.95,1.65,86.6915,0.6232,538650.0,3454150.0,54600.0
2025-03-27,OFSS,7866.2,7859.65,7923.5,-6.55,77.3774,0.8124,218150.0,733600.0,12550.0
2025-03-27,OIL,386.05,387.35,389.55,1.3,95.8097,0.568,650375.0,14646875.0,223600.0
2025-03-27,ONGC,242.15,241.61,243.8,-0.54,80.8677,0.9064,27469750.0,114724225.0,1384075.0
2025-03-27,PAGEIND,43890.15,43991.8,42073.35,101.65,92.9486,-4.3609,14370.0,188355.0,1065.0
2025-03-27,PATANJALI,1783.7,1784.3,1797.65,0.6,90.9252,0.7482,169500.0,1694100.0,4200.0
2025-03-27,PAYTM,810.1,809.7,814.15,-0.4,95.3213,0.5496,1290900.0,24607050.0,1693250.0
2025-03-27,PEL,993.45,994.9,1001.7,1.45,92.4225,0.6835,632250.0,7668750.0,42750.0
2025-03-27,PERSISTENT,5641.45,5641.8,5686.05,0.35,92.8916,0.7843,151600.0,1968700.0,12400.0
2025-03-27,PETRONET,294.15,294.0,296.3,-0.15,95.459,0.7823,1611000.0,32308500.0,1557000.0
2025-03-27,PFC,421.0,420.55,423.35,-0.45,93.0296,0.6658,3884400.0,50307400.0,1535300.0
2025-03-27,PHOENIXLTD,1660.75,1662.15,1671.6,1.4,69.9079,0.5685,617400.0,1431150.0,3150.0
2025-03-27,PIDILITIND,2866.45,2867.95,2880.45,1.5,95.9209,0.4359,179500.0,4202000.0,19000.0
2025-03-27,PIIND,3482.75,3481.85,3506.3,-0.9,89.0484,0.7022,168750.0,1363500.0,8625.0
2025-03-27,PNB,96.41,96.18,96.81,-0.23,91.8883,0.655,22400000.0,245776000.0,7968000.0
2025-03-27,POLICYBZR,1647.15,1650.0,1654.7,2.85,94.9518,0.2848,299650.0,5595850.0,40300.0
2025-03-27,POLYCAB,5216.1,5217.1,5264.2,1.0,83.0145,0.9028,448375.0,2104625.0,86750.0
2025-03-27,POONAWALLA,338.6,340.05,339.3,1.45,93.6071,-0.2206,1090400.0,15301850.0,664100.0
2025-03-27,POWERGRID,295.5,294.6,296.5,-0.9,88.8256,0.6449,9925200.0,78147000.0,748800.0
2025-03-27,PRESTIGE,1206.05,1206.3,1216.55,0.25,84.6809,0.8497,801125.0,4424875.0,3575.0
2025-03-27,RAMCOCEM,882.75,882.3,888.85,-0.45,89.4452,0.7424,680850.0,5683950.0,85850.0
2025-03-27,RBLBANK,176.9,176.95,178.42,0.05,98.5297,0.8307,855000.0,56590000.0,707500.0
2025-03-27,RECLTD,433.4,433.2,435.9,-0.2,95.5677,0.6233,3421000.0,62311000.0,11452000.0
2025-03-27,RELIANCE,1278.2,1279.5,1288.55,1.3,90.686,0.7073,13989000.0,130636000.0,5568500.0
2025-03-27,SAIL,113.9,113.8,114.77,-0.1,94.927,0.8524,7772000.0,140180000.0,5252000.0
2025-03-27,SBICARD,870.45,868.85,875.65,-1.6,88.2769,0.7826,2040000.0,15183200.0,178400.0
2025-03-27,SBILIFE,1544.9,1543.75,1557.05,-1.15,89.9553,0.8615,918000.0,8169375.0,51750.0
2025-03-27,SBIN,772.3,769.9,776.55,-2.4,89.3906,0.8637,11134500.0,91762500.0,2052000.0
2025-03-27,SHREECEM,30146.2,30173.2,30359.25,27.0,77.4779,0.6166,76350.0,260825.0,1825.0
2025-03-27,SHRIRAMFIN,678.5,677.95,683.65,-0.55,96.3086,0.8408,1079250.0,27939000.0,218250.0
2025-03-27,SIEMENS,5314.25,5320.05,5337.35,5.8,86.3969,0.3252,412275.0,2557125.0,61350.0
2025-03-27,SJVN,92.38,92.68,92.82,0.3,90.4858,0.1511,2452275.0,21607425.0,1715175.0
2025-03-27,SOLARINDS,10935.35,10977.55,11028.05,42.2,82.3024,0.46,78750.0,354450.0,11775.0
2025-03-27,SONACOMS,467.35,466.45,466.7,-0.9,91.8795,0.0536,1217525.0,13603575.0,172050.0
2025-03-27,SRF,2946.25,2944.95,2968.85,-1.3,86.4971,0.8116,591375.0,3726000.0,62250.0
2025-03-27,SUNPHARMA,1731.45,1730.55,1744.45,-0.9,76.7767,0.8032,4221350.0,13897450.0,58450.0
2025-03-27,SUPREMEIND,3460.25,3451.35,3481.7,-8.9,89.0203,0.8794,204250.0,1650250.0,5750.0
2025-03-27,SYNGENE,719.65,718.2,724.1,-1.45,94.8857,0.8215,331000.0,6122000.0,19000.0
2025-03-27,TATACHEM,847.8,848.75,855.05,0.95,93.0091,0.7423,556600.0,7219300.0,185900.0
2025-03-27,TATACOMM,1594.55,1593.05,1606.55,-1.5,94.5243,0.8474,305750.0,5153000.0,125000.0
2025-03-27,TATACONSUM,973.55,974.45,981.6,0.9,94.6097,0.7337,1053816.0,18416928.0,79344.0
2025-03-27,TATAELXSI,5417.85,5411.9,5271.1,-5.95,95.6347,-2.6017,73800.0,1564700.0,52100.0
2025-03-27,TATAMOTORS,668.55,667.9,673.6,-0.65,90.2232,0.8534,7869400.0,68008050.0,4613400.0
2025-03-27,TATAPOWER,383.4,382.8,385.85,-0.6,95.899,0.7968,3569400.0,73322550.0,10145250.0
2025-03-27,TATASTEEL,155.4,155.41,156.68,0.01,87.7302,0.8172,27852000.0,188111000.0,11033000.0
2025-03-27,TATATECH,687.15,688.05,677.3,0.9,94.5155,-1.5624,372400.0,5962600.0,455000.0
2025-03-27,TCS,3651.2,3646.65,3672.6,-4.55,96.5044,0.7116,755650.0,19140800.0,1720950.0
2025-03-27,TECHM,1423.9,1419.7,1431.6,-4.2,95.1607,0.8382,987600.0,19272000.0,148200.0
2025-03-27,TIINDIA,2761.9,2763.15,2781.7,1.25,97.4564,0.6713,50700.0,1931250.0,11250.0
2025-03-27,TITAGARH,815.2,816.55,813.2,1.35,79.6076,-0.4103,545625.0,2055000.0,75000.0
2025-03-27,TITAN,3087.65,3077.25,3105.1,-10.4,95.2533,0.905,573650.0,11335100.0,176400.0
2025-03-27,TORNTPHARM,3233.15,3227.1,3248.4,-6.05,96.2951,0.66,85250.0,2215000.0,750.0
2025-03-27,TORNTPOWER,1501.95,1506.85,1509.0,4.9,93.5466,0.1427,128625.0,1856625.0,7875.0
2025-03-27,TRENT,5422.1,5406.2,5451.0,-15.9,89.0115,0.8287,693800.0,5528300.0,91800.0
2025-03-27,TVSMOTOR,2455.65,2450.0,2467.5,-5.65,89.4493,0.7143,1058750.0,8952300.0,23800.0
2025-03-27,ULTRACEMCO,11599.55,11603.7,11658.65,4.15,87.1584,0.4736,482600.0,3266600.0,8900.0
2025-03-27,UNIONBANK,124.2,124.45,125.26,0.25,96.1184,0.6509,2216925.0,52538025.0,2358525.0
2025-03-27,UNITDSPR,1408.1,1406.0,1410.75,-2.1,89.6793,0.3378,1251250.0,10823750.0,48650.0
2025-03-27,UPL,656.4,653.8,659.3,-2.6,89.7094,0.8412,2941705.0,25339855.0,304875.0
2025-03-27,VBL,536.3,538.9,540.85,2.6,96.773,0.3618,1182125.0,35087500.0,363125.0
2025-03-27,VEDL,472.35,472.25,475.05,-0.1,95.3505,0.5929,4687400.0,90967300.0,5160050.0
2025-03-27,VOLTAS,1423.4,1424.6,1434.8,1.2,88.1723,0.716,1252200.0,9142200.0,192600.0
2025-03-27,WIPRO,272.2,271.95,271.25,-0.25,90.6263,-0.2574,7548000.0,70566000.0,2409000.0
2025-03-27,YESBANK,17.25,17.16,17.34,-0.09,93.8526,1.049,29406000.0,423956000.0,24986000.0
2025-03-27,ZOMATO,206.3,206.04,205.54,-0.26,96.4473,-0.2427,7594000.0,197850000.0,8310000.0
2025-03-27,ZYDUSLIFE,890.75,890.9,898.35,0.15,94.3033,0.8362,617400.0,10089900.0,130500.0
2025-04-24,AARTIIND,442.35,441.6,444.35,-0.75,87.364,0.6227,2369000.0,15926000.0,453000.0
2025-04-24,ABB,5688.5,5680.5,5678.5,-8.0,93.0896,-0.0352,187375.0,2499125.0,25000.0
2025-04-24,ABCAPITAL,203.09,202.67,203.97,-0.42,91.7011,0.6414,5429700.0,59154300.0,842400.0
2025-04-24,ABFRL,273.2,272.9,274.75,-0.3,96.2604,0.6779,1885000.0,47619000.0,902200.0
2025-04-24,ACC,2066.3,2068.7,2076.4,2.4,94.255,0.3722,221400.0,3516300.0,116100.0
2025-04-24,ADANIENSOL,961.7,958.8,965.1,-2.9,94.9545,0.6571,550625.0,10258750.0,103750.0
2025-04-24,ADANIENT,2442.5,2436.9,2454.2,-5.6,95.5095,0.7099,705000.0,14858400.0,136500.0
2025-04-24,ADANIGREEN,968.9,967.7,975.35,-1.2,94.0114,0.7905,845250.0,13084500.0,184500.0
2025-04-24,ADANIPORTS,1236.4,1236.7,1243.9,0.3,90.5619,0.5822,2273600.0,21406400.0,409600.0
2025-04-24,ALKEM,5201.3,5220.6,5205.0,19.3,95.5404,-0.2988,39200.0,837300.0,2500.0
2025-04-24,AMBUJACEM,572.0,571.75,576.0,-0.25,93.2666,0.7433,2149200.0,29390400.0,378900.0
2025-04-24,ANGELONE,2498.6,2504.7,2420.4,6.1,86.564,-3.3657,615800.0,3627000.0,340400.0
2025-04-24,APLAPOLLO,1629.9,1628.8,1639.7,-1.1,94.1059,0.6692,267750.0,4264750.0,10150.0
2025-04-24,APOLLOHOSP,7159.5,7147.0,7193.0,-12.5,75.4263,0.6436,664750.0,2031625.0,8750.0
2025-04-24,APOLLOTYRE,470.45,471.4,473.45,0.95,94.14,0.4349,601800.0,9667900.0,0.0
2025-04-24,ASHOKLEY,230.62,230.46,231.54,-0.16,85.2507,0.4686,8647500.0,48760000.0,1222500.0
2025-04-24,ASIANPAINT,2464.4,2458.3,2473.0,-6.1,91.1852,0.598,1080400.0,10806200.0,370000.0
2025-04-24,ASTRAL,1391.3,1391.6,1397.4,0.3,93.8641,0.4168,342778.0,5094694.0,149002.0
2025-04-24,ATGL,624.95,623.75,627.65,-1.2,83.2156,0.6253,607600.0,2868275.0,144150.0
2025-04-24,AUBANK,681.05,682.55,664.45,1.5,91.0638,-2.6518,2621000.0,26122000.0,587000.0
2025-04-24,AUROPHARMA,1257.8,1260.2,1266.1,2.4,91.1034,0.4682,1481150.0,15093650.0,73700.0
2025-04-24,AXISBANK,1207.1,1205.2,1212.5,-1.9,87.0491,0.6057,8158125.0,54538125.0,296250.0
2025-04-24,BAJAJ-AUTO,8201.5,8201.5,8255.0,0.0,95.1154,0.6523,146550.0,2825625.0,28050.0
2025-04-24,BAJAJFINSV,2105.0,2099.3,2113.2,-5.7,81.7502,0.6621,2939500.0,13039000.0,128500.0
2025-04-24,BAJFINANCE,9301.0,9313.5,9332.0,12.5,94.5518,0.1986,553875.0,9540375.0,72000.0
2025-04-24,BALKRISIND,2578.0,2573.0,2591.8,-5.0,94.8396,0.7307,133200.0,2438700.0,9300.0
2025-04-24,BANDHANBNK,170.73,170.48,171.7,-0.25,94.9761,0.7156,4597600.0,85055600.0,1862000.0
2025-04-24,BANKBARODA,252.01,252.31,253.68,0.3,90.8642,0.543,11647350.0,114940800.0,903825.0
2025-04-24,BANKINDIA,118.57,118.69,119.33,0.12,94.6372,0.5392,2774375.0,48351325.0,607950.0
2025-04-24,BEL,305.7,305.6,307.65,-0.1,94.4719,0.6708,5389350.0,89797800.0,2302800.0
2025-04-24,BHARATFORG,1106.5,1103.6,1100.8,-2.9,94.6072,-0.2537,640500.0,11096500.0,140000.0
2025-04-24,BHARTIARTL,1845.6,1845.9,1858.6,0.3,80.4487,0.688,10808625.0,44310850.0,163875.0
2025-04-24,BHEL,230.5,230.21,231.47,-0.29,92.6491,0.5473,6373500.0,78505875.0,1824375.0
2025-04-24,BIOCON,326.75,327.1,328.5,0.35,93.8126,0.428,1482500.0,21810000.0,667500.0
2025-04-24,BOSCHLTD,28430.0,28385.0,28550.0,-45.0,96.1682,0.5813,9525.0,237050.0,2000.0
2025-04-24,BPCL,302.0,301.85,303.95,-0.15,85.1448,0.6957,9243000.0,52687800.0,289800.0
2025-04-24,BRITANNIA,5461.9,5474.6,5496.2,12.7,82.228,0.3945,670200.0,3089200.0,11700.0
2025-04-24,BSE,6493.5,6489.5,6409.5,-4.0,82.7823,-1.2328,697875.0,3260750.0,94625.0
2025-04-24,BSOFT,395.4,395.25,397.75,-0.15,89.8235,0.6325,1113000.0,9453000.0,371000.0
2025-04-24,CAMS,4045.9,4050.2,3919.5,4.3,89.6651,-3.227,192875.0,1580625.0,92750.0
2025-04-24,CANBK,99.39,99.14,99.8,-0.25,93.2646,0.6657,17671500.0,240968250.0,3726000.0
2025-04-24,CDSL,1367.4,1363.9,1302.5,-3.5,88.5203,-4.5018,1813000.0,12710250.0,1269800.0
2025-04-24,CESC,158.6,158.62,159.67,0.02,93.8151,0.662,1667250.0,25169625.0,119925.0
2025-04-24,CGPOWER,646.0,646.7,649.85,0.7,92.202,0.4871,880150.0,10346475.0,60175.0
2025-04-24,CHAMBLFERT,688.25,687.7,692.6,-0.55,87.4433,0.7125,1103900.0,7575300.0,112100.0
2025-04-24,CHOLAFIN,1547.9,1549.7,1556.1,1.8,88.5904,0.413,1470625.0,11276875.0,141875.0
2025-04-24,CIPLA,1551.7,1548.9,1560.9,-2.8,88.1581,0.7747,1629550.0,12096175.0,35100.0
2025-04-24,COALINDIA,399.85,400.05,402.3,0.2,92.7621,0.5624,4216800.0,53062800.0,980700.0
2025-04-24,COFORGE,7251.0,7252.0,7270.0,1.0,87.4955,0.2482,466200.0,3231900.0,30150.0
2025-04-24,COLPAL,2732.0,2737.1,2679.3,5.1,81.7138,-2.1117,1145375.0,5088300.0,29925.0
2025-04-24,CONCOR,707.6,707.25,711.7,-0.35,96.0684,0.6292,616000.0,14599000.0,453000.0
2025-04-24,CROMPTON,342.9,343.15,344.45,0.25,97.8751,0.3788,757800.0,34700400.0,205200.0
2025-04-24,CUMMINSIND,2935.9,2934.9,2949.9,-1.0,93.893,0.5111,217050.0,3316050.0,21000.0
2025-04-24,CYIENT,1242.8,1244.8,1248.4,2.0,96.5413,0.2892,116700.0,3180600.0,76800.0
2025-04-24,DABUR,491.7,490.6,493.55,-1.1,90.274,0.6013,1961250.0,17737500.0,466250.0
2025-04-24,DALBHARAT,1974.1,1979.8,1988.1,5.7,92.8206,0.4192,239250.0,3078075.0,15125.0
2025-04-24,DEEPAKNTR,2002.9,2007.1,2008.5,4.2,88.1079,0.0698,181200.0,1342500.0,0.0
2025-04-24,DELHIVERY,300.7,300.1,302.05,-0.6,71.2109,0.6498,5474750.0,13293425.0,248575.0
2025-04-24,DIVISLAB,6215.5,6208.5,6259.5,-7.0,93.5792,0.8215,202800.0,2931300.0,24400.0
2025-04-24,DIXON,16588.0,16555.0,16532.0,-33.0,76.6972,-0.1389,395950.0,1267500.0,35700.0
2025-04-24,DLF,680.5,680.1,684.75,-0.4,95.7696,0.6837,1576575.0,35283600.0,407550.0
2025-04-24,DMART,4498.8,4502.2,4430.4,3.4,81.3863,-1.5948,857550.0,3730350.0,19200.0
2025-04-24,DRREDDY,1200.5,1204.0,1205.0,3.5,82.4556,0.0831,2438125.0,11335625.0,123125.0
2025-04-24,EICHERMOT,5650.5,5635.5,5670.5,-15.0,85.8174,0.6211,574350.0,3447850.0,27475.0
2025-04-24,ESCORTS,3388.3,3390.4,3411.5,2.1,96.5502,0.6223,58200.0,1628850.0,0.0
2025-04-24,ETERNAL,236.38,236.31,237.02,-0.07,84.0828,0.3005,35190000.0,184310000.0,1582000.0
2025-04-24,EXIDEIND,382.45,382.25,384.85,-0.2,93.4779,0.6802,1348200.0,18676800.0,646200.0
2025-04-24,FEDERALBNK,201.9,201.39,202.75,-0.51,87.443,0.6753,12120000.0,83380000.0,1020000.0
2025-04-24,GAIL,193.24,193.25,194.33,0.01,90.5918,0.5589,8438850.0,80283050.0,975250.0
2025-04-24,GLENMARK,1420.9,1422.3,1430.6,1.4,97.0462,0.5836,198575.0,6493175.0,30875.0
2025-04-24,GMRAIRPORT,89.0,88.95,89.4,-0.05,83.3379,0.5059,34537500.0,170910000.0,1833750.0
2025-04-24,GODREJCP,1267.9,1267.5,1263.2,-0.4,94.6044,-0.3393,686000.0,11988500.0,39500.0
2025-04-24,GODREJPROP,2145.6,2140.5,2155.4,-5.1,95.8827,0.6961,286425.0,6625575.0,44550.0
2025-04-24,GRANULES,475.05,474.35,477.15,-0.7,91.4156,0.5903,1134000.0,12005000.0,71000.0
2025-04-24,GRASIM,2729.2,2728.4,2741.6,-0.8,96.5648,0.4838,424750.0,11924250.0,15750.0
2025-04-24,HAL,4300.0,4298.2,4324.1,-1.8,93.5741,0.6026,490350.0,6832500.0,307950.0
2025-04-24,HAVELLS,1604.6,1600.8,1608.0,-3.8,86.1193,0.4498,1251000.0,7645500.0,116000.0
2025-04-24,HCLTECH,1586.7,1587.6,1576.7,0.9,93.2668,-0.6866,1008700.0,13813800.0,158550.0
2025-04-24,HDFCAMC,4547.4,4539.2,4564.8,-8.2,96.4334,0.564,98700.0,2644650.0,24000.0
2025-04-24,HDFCBANK,1916.8,1912.5,1925.4,-4.3,84.5926,0.6745,17865650.0,96752150.0,1337050.0
2025-04-24,HDFCLIFE,708.4,708.85,712.4,0.45,78.5583,0.5008,7712100.0,28142400.0,113300.0
2025-04-24,HEROMOTOCO,3954.5,3942.6,3967.7,-11.9,92.5752,0.6366,394500.0,4851450.0,67350.0
2025-04-24,HFCL,85.4,85.38,85.88,-0.02,94.1173,0.5856,3718400.0,58253550.0,1236700.0
2025-04-24,HINDALCO,628.35,627.65,631.35,-0.7,94.3588,0.5895,2725800.0,45161200.0,432600.0
2025-04-24,HINDCOPPER,224.17,224.15,225.84,-0.02,94.2844,0.754,2334650.0,37341150.0,1171300.0
2025-04-24,HINDPETRO,390.45,389.6,391.9,-0.85,95.3428,0.5903,2427975.0,48646575.0,1059075.0
2025-04-24,HINDUNILVR,2325.3,2324.8,2341.3,-0.5,81.9108,0.7097,3780600.0,16610700.0,508500.0
2025-04-24,HINDZINC,459.35,459.65,462.55,0.3,93.9158,0.6309,334425.0,5075175.0,86975.0
2025-04-24,HUDCO,230.01,230.25,231.43,0.24,90.1717,0.5125,1721750.0,15279925.0,516525.0
2025-04-24,ICICIBANK,1402.7,1399.3,1408.7,-3.4,89.8449,0.6718,10572800.0,93128000.0,412300.0
2025-04-24,ICICIGI,1880.3,1883.8,1889.7,3.5,95.8264,0.3132,275500.0,6316750.0,8750.0
2025-04-24,ICICIPRULI,602.35,603.55,606.45,1.2,93.2141,0.4805,1056000.0,14430750.0,75000.0
2025-04-24,IDEA,7.93,7.93,7.99,0.0,96.1469,0.7566,160080000.0,3881560000.0,112920000.0
2025-04-24,IDFCFIRSTB,67.65,67.64,68.09,-0.01,94.8673,0.6653,25297500.0,454912500.0,12660000.0
2025-04-24,IEX,190.84,190.93,191.53,0.09,76.0905,0.3143,11100000.0,34578750.0,746250.0
2025-04-24,IGL,185.4,185.51,185.55,0.11,84.2648,0.0216,4738250.0,23515250.0,1859000.0
2025-04-24,IIFL,373.95,372.6,374.9,-1.35,84.3746,0.6173,2058400.0,11034450.0,80600.0
2025-04-24,INDHOTEL,819.1,818.4,822.4,-0.7,95.3558,0.4888,1011000.0,20449000.0,309000.0
2025-04-24,INDIANB,574.05,574.9,577.1,0.85,82.1298,0.3827,1163750.0,5271550.0,76950.0
2025-04-24,INDIGO,5520.5,5515.5,5539.5,-5.0,97.0757,0.4351,199200.0,6574200.0,38400.0
2025-04-24,INDUSINDBK,819.75,817.35,822.85,-2.4,86.9388,0.6729,6029500.0,39058000.0,1076000.0
2025-04-24,INDUSTOWER,406.5,406.8,408.3,0.3,91.0825,0.3687,6619800.0,67311500.0,302600.0
2025-04-24,INFY,1471.4,1467.3,1478.3,-4.1,91.8195,0.7497,5411600.0,58770800.0,1970000.0
2025-04-24,INOXWIND,180.31,180.35,180.34,0.04,82.2333,-0.0055,3689400.0,16534575.0,541800.0
2025-04-24,IOC,138.39,138.65,139.39,0.26,91.5959,0.5337,8448375.0,90075375.0,2003625.0
2025-04-24,IRB,48.48,48.39,48.7,-0.09,94.4544,0.6406,5719500.0,95714500.0,1701500.0
2025-04-24,IRCTC,777.0,775.1,780.3,-1.9,95.3339,0.6709,649250.0,12618375.0,646625.0
2025-04-24,IREDA,175.14,175.74,171.35,0.6,83.3363,-2.498,8149000.0,32500300.0,8253400.0
2025-04-24,IRFC,133.42,133.38,131.1,-0.04,92.1443,-1.7094,5202900.0,54559950.0,6468375.0
2025-04-24,ITC,430.05,429.9,432.0,-0.15,78.3713,0.4885,29313600.0,85643200.0,20574400.0
2025-04-24,JINDALSTEL,908.0,907.85,914.4,-0.15,96.1281,0.7215,785000.0,19432500.0,56875.0
2025-04-24,JIOFIN,258.77,258.38,260.03,-0.39,92.9426,0.6386,8004150.0,101826450.0,3583800.0
2025-04-24,JSL,571.95,571.95,574.95,0.0,94.2415,0.5245,409200.0,6617725.0,79050.0
2025-04-24,JSWENERGY,503.8,503.35,506.65,-0.45,97.2647,0.6556,642000.0,22547250.0,282000.0
2025-04-24,JSWSTEEL,1044.5,1046.7,1051.6,2.2,95.263,0.4681,1634850.0,32795550.0,81675.0
2025-04-24,JUBLFOOD,716.5,716.25,719.5,-0.25,91.3689,0.4538,1373750.0,14496250.0,46250.0
2025-04-24,KALYANKJIL,519.8,520.1,519.8,0.3,72.7874,-0.0577,4301250.0,11163100.0,341775.0
2025-04-24,KEI,2980.5,2982.7,3000.2,2.2,81.366,0.5867,405150.0,1752300.0,16800.0
2025-04-24,KOTAKBANK,2223.0,2227.9,2235.3,4.9,84.0534,0.3322,4648000.0,24261600.0,237600.0
2025-04-24,KPITTECH,1213.6,1212.9,1218.5,-0.7,83.9455,0.4617,500000.0,2542400.0,72000.0
2025-04-24,LAURUSLABS,645.55,643.75,647.55,-1.8,93.3389,0.5903,1354900.0,18696600.0,289000.0
2025-04-24,LICHSGFIN,613.65,614.05,617.6,0.4,96.4309,0.5781,863000.0,23008000.0,309000.0
2025-04-24,LICI,815.1,815.25,820.2,0.15,93.4769,0.6072,367425.0,5124400.0,140875.0
2025-04-24,LODHA,1320.2,1319.7,1295.7,-0.5,94.0132,-1.8186,411300.0,6430050.0,28800.0
2025-04-24,LT,3300.6,3298.1,3321.1,-2.5,93.8244,0.6974,1062150.0,15905400.0,231450.0
2025-04-24,LTF,179.57,179.81,175.07,0.24,93.6742,-2.6361,4747568.0,59567700.0,10735572.0
2025-04-24,LTIM,4533.7,4545.5,4555.7,11.8,75.8907,0.2244,767400.0,2366700.0,48900.0
2025-04-24,LUPIN,2104.1,2108.6,2118.3,4.5,89.0867,0.46,896325.0,7261550.0,55250.0
2025-04-24,M&M,2901.4,2899.9,2915.8,-1.5,89.839,0.5483,2047325.0,18008375.0,93100.0
2025-04-24,M&MFIN,268.6,268.55,269.4,-0.05,93.6437,0.3165,1674000.0,23918000.0,744000.0
2025-04-24,MANAPPURAM,228.83,228.92,230.25,0.09,85.1482,0.581,5442000.0,30795000.0,405000.0
2025-04-24,MARICO,712.75,714.5,717.65,1.75,95.0701,0.4409,910800.0,17530800.0,33600.0
2025-04-24,MARUTI,11894.0,11864.0,11863.0,-30.0,80.3894,-0.0084,766450.0,3131450.0,10450.0
2025-04-24,MAXHEALTH,1108.4,1107.4,1115.7,-1.0,93.5265,0.7495,876225.0,12615750.0,43575.0
2025-04-24,MCX,6225.5,6242.5,6265.0,17.0,89.3393,0.3604,197500.0,1644200.0,10900.0
2025-04-24,MFSL,1247.7,1247.9,1253.4,0.2,74.3768,0.4407,1858400.0,5382400.0,12000.0
2025-04-24,MGL,1324.3,1321.2,1329.2,-3.1,90.2723,0.6055,431600.0,3967600.0,37600.0
2025-04-24,MOTHERSON,136.16,135.8,136.75,-0.36,95.5746,0.6996,6148600.0,130558350.0,2232950.0
2025-04-24,MPHASIS,2468.1,2471.8,2485.1,3.7,92.8359,0.5381,377300.0,4865025.0,24200.0
2025-04-24,MRF,129920.0,130095.0,130540.0,175.0,89.9472,0.3421,6380.0,57085.0,0.0
2025-04-24,MUTHOOTFIN,2150.5,2155.4,2139.6,4.9,78.1316,-0.733,1144550.0,4032050.0,57200.0
2025-04-24,NATIONALUM,162.03,161.96,163.1,-0.07,92.8499,0.7039,4755000.0,59707500.0,2040000.0
2025-04-24,NAUKRI,7154.0,7138.5,7190.0,-15.5,91.258,0.7214,151350.0,1574700.0,5250.0
2025-04-24,NBCC,99.87,100.05,100.59,0.18,83.6531,0.5397,6374200.0,31505600.0,1113600.0
2025-04-24,NCC,220.04,219.91,221.22,-0.13,85.7808,0.5957,2167275.0,12634450.0,440200.0
2025-04-24,NESTLEIND,2433.2,2432.1,2449.7,-1.1,86.9631,0.7237,1283200.0,8526200.0,33400.0
2025-04-24,NHPC,89.08,89.06,89.71,-0.02,86.1015,0.7298,12140800.0,74073600.0,1139200.0
2025-04-24,NMDC,68.02,68.0,68.48,-0.02,95.6292,0.7059,9841500.0,210708000.0,4617000.0
2025-04-24,NTPC,363.2,363.15,365.15,-0.05,86.3161,0.5507,12747000.0,79723500.0,682500.0
2025-04-24,NYKAA,194.37,195.02,194.39,0.65,77.6764,-0.323,10032950.0,34692000.0,218300.0
2025-04-24,OBEROIRLTY,1678.9,1676.8,1678.0,-2.1,92.8923,0.0716,297850.0,3852450.0,40250.0
2025-04-24,OFSS,8765.5,8748.0,8775.5,-17.5,82.6319,0.3144,130000.0,610250.0,8250.0
2025-04-24,OIL,402.6,402.85,405.05,0.25,81.8199,0.5461,3047625.0,13666475.0,49450.0
2025-04-24,ONGC,249.37,248.95,250.72,-0.42,90.7466,0.711,12156375.0,118141100.0,1074150.0
2025-04-24,PAGEIND,45015.0,45090.0,45050.0,75.0,94.0836,-0.0887,11055.0,174945.0,855.0
2025-04-24,PATANJALI,1968.7,1970.4,1980.4,1.7,94.7995,0.5075,183600.0,3342600.0,4200.0
2025-04-24,PAYTM,905.75,907.9,911.45,2.15,94.8082,0.391,866450.0,15557750.0,264550.0
2025-04-24,PEL,1022.95,1021.1,1028.6,-1.85,82.8088,0.7345,1622250.0,7728000.0,86250.0
2025-04-24,PERSISTENT,5156.5,5162.5,5188.0,6.0,61.8131,0.4939,1618400.0,2576500.0,43200.0
2025-04-24,PETRONET,312.65,312.7,314.4,0.05,96.8702,0.5437,987000.0,30340500.0,208500.0
2025-04-24,PFC,434.2,433.55,435.95,-0.65,93.0887,0.5536,3478800.0,45901700.0,954200.0
2025-04-24,PHOENIXLTD,1669.4,1676.3,1681.4,6.9,76.9121,0.3042,622300.0,2069550.0,3500.0
2025-04-24,PIDILITIND,3076.4,3075.1,3088.4,-1.3,97.7291,0.4325,98500.0,4231000.0,8000.0
2025-04-24,PIIND,3658.3,3663.0,3684.1,4.7,95.5024,0.576,81125.0,1714250.0,8375.0
2025-04-24,PNB,102.7,102.67,103.33,-0.03,92.2945,0.6428,20088000.0,232144000.0,8464000.0
2025-04-24,PNBHOUSING,1008.85,1011.35,1015.65,2.5,87.2683,0.4252,442000.0,3016650.0,13000.0
2025-04-24,POLICYBZR,1667.2,1670.7,1678.3,3.5,95.8364,0.4549,276250.0,6345950.0,12675.0
2025-04-24,POLYCAB,5512.5,5516.5,5547.0,4.0,93.0191,0.5529,185875.0,2447875.0,28875.0
2025-04-24,POONAWALLA,396.35,395.8,388.6,-0.55,89.6502,-1.8191,1887900.0,15773100.0,580000.0
2025-04-24,POWERGRID,314.4,314.5,316.55,0.1,83.8795,0.6518,15273000.0,79066800.0,403200.0
2025-04-24,PRESTIGE,1294.0,1295.5,1303.0,1.5,94.3788,0.5789,258050.0,4303000.0,29575.0
2025-04-24,RAMCOCEM,987.55,987.1,994.1,-0.45,90.4882,0.7091,546550.0,5199450.0,0.0
2025-04-24,RBLBANK,198.31,198.02,200.01,-0.29,94.4368,1.0049,4257500.0,71530000.0,742500.0
2025-04-24,RECLTD,439.95,439.4,442.05,-0.55,93.6365,0.6031,3700000.0,53259000.0,1185000.0
2025-04-24,RELIANCE,1301.6,1298.6,1307.9,-3.0,89.6594,0.7162,13007500.0,110474500.0,2308000.0
2025-04-24,SAIL,118.03,117.91,118.91,-0.12,96.2119,0.8481,5328000.0,131064000.0,4260000.0
2025-04-24,SBICARD,926.55,927.05,932.15,0.5,94.213,0.5501,900000.0,14540800.0,111200.0
2025-04-24,SBILIFE,1608.2,1608.8,1619.6,0.6,75.2936,0.6713,3076875.0,9356250.0,20625.0
2025-04-24,SBIN,813.4,813.3,810.0,-0.1,73.0619,-0.4058,25548000.0,65797500.0,3494250.0
2025-04-24,SHREECEM,30705.0,30795.0,30905.0,90.0,92.4004,0.3572,20800.0,252325.0,575.0
2025-04-24,SHRIRAMFIN,696.65,697.6,701.65,0.95,96.2292,0.5806,1145250.0,29024250.0,201750.0
2025-04-24,SIEMENS,2903.5,2900.5,2921.0,-3.0,57.7924,0.7068,1330425.0,1773525.0,48150.0
2025-04-24,SJVN,98.77,99.06,98.99,0.29,89.3457,-0.0707,3269700.0,26176500.0,1242675.0
2025-04-24,SOLARINDS,13247.0,13272.0,13300.0,25.0,88.4267,0.211,45075.0,339225.0,5175.0
2025-04-24,SONACOMS,469.15,469.8,459.15,0.65,95.4445,-2.2669,769575.0,15812325.0,311550.0
2025-04-24,SRF,3038.5,3040.6,3058.5,2.1,96.3115,0.5887,168000.0,4349250.0,37500.0
2025-04-24,SUNPHARMA,1803.9,1799.3,1812.7,-4.6,88.198,0.7447,2129750.0,15865850.0,50050.0
2025-04-24,SUPREMEIND,3511.8,3521.1,3536.0,9.3,96.0087,0.4232,73000.0,1742750.0,13250.0
2025-04-24,SYNGENE,653.4,653.9,657.7,0.5,96.0776,0.5811,392000.0,9267000.0,335000.0
2025-04-24,TATACHEM,864.1,864.0,869.9,-0.1,90.8419,0.6829,790900.0,7447550.0,397650.0
2025-04-24,TATACOMM,1608.1,1609.2,1618.8,1.1,89.406,0.5966,543500.0,4482500.0,104250.0
2025-04-24,TATACONSUM,1161.3,1161.5,1164.8,0.2,90.6417,0.2841,1664400.0,12100872.0,4020096.0
2025-04-24,TATAELXSI,5918.0,5925.0,5774.0,7.0,79.4417,-2.5485,552300.0,2075900.0,58300.0
2025-04-24,TATAMOTORS,668.35,667.2,671.15,-1.15,90.0061,0.592,8238450.0,71492300.0,2704350.0
2025-04-24,TATAPOWER,395.85,396.25,398.7,0.4,94.881,0.6183,3682800.0,67208400.0,1053000.0
2025-04-24,TATASTEEL,141.52,141.37,142.35,-0.15,92.7462,0.6932,18650500.0,232479500.0,5984000.0
2025-04-24,TATATECH,717.2,718.9,700.1,1.7,95.5255,-2.6151,525700.0,9583700.0,1639400.0
2025-04-24,TCS,3401.6,3394.8,3404.4,-6.8,87.9081,0.2828,2697450.0,12592125.0,7018375.0
2025-04-24,TECHM,1445.2,1441.8,1452.5,-3.4,94.2222,0.7421,1287600.0,20799000.0,198600.0
2025-04-24,TIINDIA,2655.5,2651.7,2669.8,-3.8,94.2156,0.6826,151050.0,2448900.0,11400.0
2025-04-24,TITAGARH,811.45,811.55,814.15,0.1,80.9204,0.3204,710000.0,2895625.0,115625.0
2025-04-24,TITAN,3382.6,3383.1,3397.8,0.5,94.0267,0.4345,698950.0,10944500.0,57750.0
2025-04-24,TORNTPHARM,3325.1,3330.5,3347.7,5.4,96.5208,0.5164,103750.0,2876250.0,2000.0
2025-04-24,TORNTPOWER,1600.7,1605.1,1611.6,4.4,97.5755,0.405,55125.0,2211375.0,7125.0
2025-04-24,TRENT,5323.5,5315.5,5352.5,-8.0,94.6639,0.6961,296900.0,5174800.0,92300.0
2025-04-24,TVSMOTOR,2773.9,2780.4,2791.2,6.5,93.9173,0.3884,507500.0,7809550.0,26250.0
2025-04-24,ULTRACEMCO,12159.0,12122.0,12210.0,-37.0,91.2599,0.726,319200.0,3324400.0,8550.0
2025-04-24,UNIONBANK,128.52,128.78,129.43,0.26,96.7413,0.5047,2008950.0,58600275.0,1039875.0
2025-04-24,UNITDSPR,1560.8,1559.1,1569.7,-1.7,94.6502,0.6799,571200.0,10078250.0,27650.0
2025-04-24,UPL,684.2,685.75,689.05,1.55,93.8331,0.4812,1741175.0,26239575.0,253385.0
2025-04-24,VBL,532.35,532.25,535.65,-0.1,91.4564,0.6388,3131625.0,33143250.0,379750.0
2025-04-24,VEDL,420.25,419.05,421.85,-1.2,92.5837,0.6682,6436550.0,78757750.0,1595050.0
2025-04-24,VOLTAS,1276.0,1275.0,1282.5,-1.0,93.3368,0.5882,910200.0,12166200.0,583800.0
2025-04-24,WIPRO,242.75,243.15,242.9,0.4,87.8202,-0.1028,14580000.0,101343000.0,3783000.0
2025-04-24,YESBANK,18.43,18.47,18.57,0.04,93.8962,0.5414,31408000.0,460538000.0,22620000.0
2025-04-24,ZYDUSLIFE,880.25,878.55,884.05,-1.7,91.4045,0.626,919800.0,9615600.0,165600.0
2025-05-29,AARTIIND,480.0,480.15,482.95,0.15,90.5602,0.5832,1231000.0,11416000.0,393525.0
2025-05-29,ABB,6043.5,6047.5,6080.0,4.0,94.5222,0.5374,141375.0,2417125.0,22375.0
2025-05-29,ABCAPITAL,221.27,221.31,222.65,0.04,97.3951,0.6055,1574100.0,58417200.0,437100.0
2025-05-29,ABFRL,87.5,87.55,88.25,0.05,61.9322,0.7995,16647800.0,25638600.0,1445600.0
2025-05-29,ACC,1917.3,1916.1,1920.4,-1.2,91.0283,0.2244,447600.0,4425600.0,115800.0
2025-05-29,ADANIENSOL,880.95,881.5,887.95,0.55,95.5897,0.7317,567500.0,12214375.0,85725.0
2025-05-29,ADANIENT,2540.8,2541.7,2557.9,0.9,94.2305,0.6374,1034700.0,16733700.0,165600.0
2025-05-29,ADANIGREEN,1019.05,1020.3,1026.65,1.25,89.8544,0.6224,1734000.0,15144750.0,212400.0
2025-05-29,ADANIPORTS,1438.6,1439.1,1440.6,0.5,91.4562,0.1042,2050400.0,21606400.0,342000.0
2025-05-29,ALKEM,5294.5,5278.0,5193.0,-16.5,95.525,-1.6105,47900.0,1018000.0,4500.0
2025-05-29,AMBUJACEM,561.45,560.85,562.1,-0.6,95.3318,0.2229,1443600.0,29191500.0,288750.0
2025-05-29,ANGELONE,3002.2,3009.7,2978.6,7.5,90.6893,-1.0333,293800.0,2693200.0,168500.0
2025-05-29,APLAPOLLO,1826.9,1825.1,1836.9,-1.8,84.0784,0.6465,585900.0,3055150.0,38850.0
2025-05-29,APOLLOHOSP,6923.0,6931.0,6970.0,8.0,93.9786,0.5627,179875.0,2783375.0,24000.0
2025-05-29,ASHOKLEY,240.73,241.24,242.19,0.51,89.9657,0.3938,5052500.0,44482500.0,817500.0
2025-05-29,ASIANPAINT,2294.3,2301.1,2289.7,6.8,88.5271,-0.4954,1708200.0,12861000.0,319750.0
2025-05-29,ASTRAL,1501.8,1499.5,1509.9,-2.3,90.9311,0.6936,593072.0,5795664.0,150875.0
2025-05-29,ATGL,680.75,681.7,685.1,0.95,93.4549,0.4988,265050.0,3694425.0,90125.0
2025-05-29,AUBANK,698.25,699.1,701.85,0.85,91.9088,0.3934,1913000.0,21267000.0,463000.0
2025-05-29,AUROPHARMA,1172.9,1173.4,1180.7,0.5,97.043,0.6221,492250.0,16041850.0,112750.0
2025-05-29,AXISBANK,1201.7,1204.6,1209.9,2.9,89.6917,0.44,6746875.0,58204375.0,499375.0
2025-05-29,BAJAJ-AUTO,8874.5,8874.5,8874.0,0.0,75.7989,-0.0056,836100.0,2291100.0,327600.0
2025-05-29,BAJAJFINSV,2010.9,2012.7,2024.9,1.8,97.3776,0.6062,369500.0,13564500.0,156000.0
2025-05-29,BAJFINANCE,9204.0,9203.0,9215.0,-1.0,94.4571,0.1304,591875.0,9987625.0,98550.0
2025-05-29,BALKRISIND,2488.0,2491.8,2502.8,3.8,91.7234,0.4414,222300.0,2426700.0,36900.0
2025-05-29,BANDHANBNK,170.93,171.24,172.08,0.31,86.5974,0.4905,12275200.0,76918800.0,2394000.0
2025-05-29,BANKBARODA,243.24,243.85,244.94,0.61,79.8963,0.447,19158750.0,75140325.0,1000350.0
2025-05-29,BANKINDIA,119.21,119.1,119.85,-0.11,97.676,0.6297,1423375.0,58700950.0,1123200.0
2025-05-29,BEL,386.8,386.9,389.55,0.1,89.8619,0.6849,11508300.0,98535900.0,3471300.0
2025-05-29,BHARATFORG,1255.9,1256.4,1263.4,0.5,93.5497,0.5571,796000.0,11292500.0,252000.0
2025-05-29,BHARTIARTL,1863.6,1862.2,1872.9,-1.4,87.607,0.5746,6592525.0,46171425.0,431775.0
2025-05-29,BHEL,266.41,267.27,267.99,0.86,85.4318,0.2694,11198250.0,64409625.0,1260000.0
2025-05-29,BIOCON,335.6,334.85,337.45,-0.75,91.3765,0.7765,2482500.0,25727500.0,577500.0
2025-05-29,BOSCHLTD,31255.0,31275.0,31475.0,20.0,93.8939,0.6395,18100.0,273850.0,4475.0
2025-05-29,BPCL,319.15,319.25,321.1,0.1,93.2258,0.5795,3427200.0,46805400.0,359450.0
2025-05-29,BRITANNIA,5495.5,5494.5,5522.0,-1.0,96.3574,0.5005,126300.0,3334400.0,6625.0
2025-05-29,BSE,2464.5,2466.5,2480.0,2.0,77.3909,0.5473,2866125.0,9519375.0,291375.0
2025-05-29,BSOFT,420.75,419.9,423.25,-0.85,83.8605,0.7978,2170000.0,10637000.0,638300.0
2025-05-29,CAMS,3972.7,3971.8,3995.4,-0.9,86.1782,0.5942,234500.0,1421000.0,41100.0
2025-05-29,CANBK,110.73,110.74,111.23,0.01,89.8448,0.4425,26007750.0,226671750.0,3422250.0
2025-05-29,CDSL,1513.0,1509.5,1500.6,-3.5,95.4093,-0.5896,666050.0,12951050.0,891575.0
2025-05-29,CESC,168.05,168.38,169.3,0.33,95.5366,0.5464,819000.0,17345250.0,184875.0
2025-05-29,CGPOWER,697.05,698.55,702.25,1.5,93.9467,0.5297,652500.0,10068075.0,58650.0
2025-05-29,CHAMBLFERT,585.95,585.75,590.2,-0.2,87.3362,0.7597,1413600.0,9387900.0,361000.0
2025-05-29,CHOLAFIN,1607.8,1607.6,1616.4,-0.2,94.0955,0.5474,714375.0,11337500.0,46875.0
2025-05-29,CIPLA,1476.9,1475.8,1484.2,-1.1,96.3599,0.5692,474175.0,11946675.0,605625.0
2025-05-29,COALINDIA,398.2,398.15,401.1,-0.05,92.4596,0.7409,5363400.0,64607550.0,1158300.0
2025-05-29,COFORGE,8630.0,8646.0,8668.5,16.0,86.7121,0.2602,398925.0,2581650.0,21600.0
2025-05-29,COLPAL,2486.9,2489.7,2500.5,2.8,80.3631,0.4338,1134175.0,4568200.0,73350.0
2025-05-29,CONCOR,785.95,783.9,786.05,-2.05,92.9452,0.2743,1196000.0,15356000.0,401000.0
2025-05-29,CROMPTON,359.3,358.75,360.65,-0.55,97.6527,0.5296,865800.0,35625600.0,394200.0
2025-05-29,CUMMINSIND,3169.5,3165.8,3183.2,-3.7,89.9849,0.5496,535500.0,4771050.0,40400.0
2025-05-29,CYIENT,1354.4,1353.0,1352.3,-1.4,76.3976,-0.0517,783300.0,2504400.0,31025.0
2025-05-29,DABUR,482.1,481.3,484.2,-0.8,93.5842,0.6025,1436250.0,19475000.0,1475000.0
2025-05-29,DALBHARAT,2052.7,2057.4,2060.5,4.7,81.6311,0.1507,597300.0,2632300.0,22100.0
2025-05-29,DELHIVERY,360.15,360.75,362.05,0.6,92.5639,0.3604,933300.0,11455800.0,161850.0
2025-05-29,DIVISLAB,6631.5,6650.5,6683.5,19.0,93.5423,0.4962,197600.0,2823000.0,39300.0
2025-05-29,DIXON,14808.0,14799.0,14912.0,-9.0,86.0926,0.7636,256800.0,1529350.0,60350.0
2025-05-29,DLF,793.75,795.75,798.8,2.0,75.2362,0.3833,11029425.0,32894400.0,614625.0
2025-05-29,DMART,4042.3,4042.7,4067.7,0.4,93.9535,0.6184,215850.0,3316200.0,37800.0
2025-05-29,DRREDDY,1248.2,1246.0,1247.1,-2.2,82.3561,0.0883,2243750.0,10307500.0,165625.0
2025-05-29,EICHERMOT,5379.0,5372.0,5404.0,-7.0,91.6423,0.5957,365575.0,3964975.0,43575.0
2025-05-29,ETERNAL,228.37,228.8,229.08,0.43,87.027,0.1224,39626000.0,263338000.0,2485625.0
2025-05-29,EXIDEIND,388.8,389.15,391.5,0.35,94.7127,0.6039,1139400.0,19539000.0,871200.0
2025-05-29,FEDERALBNK,201.09,201.22,202.24,0.13,84.2659,0.5069,11965000.0,62905000.0,1175000.0
2025-05-29,GAIL,191.75,191.95,193.09,0.2,96.2892,0.5939,3435700.0,88023950.0,1127700.0
2025-05-29,GLENMARK,1404.2,1406.2,1412.1,2.0,97.6454,0.4196,193375.0,7968350.0,51000.0
2025-05-29,GMRAIRPORT,86.48,86.44,87.09,-0.04,97.388,0.752,4668750.0,170533125.0,3543300.0
2025-05-29,GODREJCP,1246.1,1245.6,1251.7,-0.5,96.1775,0.4897,339000.0,8507500.0,22000.0
2025-05-29,GODREJPROP,2239.4,2239.6,2254.0,0.2,97.1599,0.643,225000.0,7628625.0,68750.0
2025-05-29,GRANULES,535.3,536.45,538.95,1.15,92.0923,0.466,1120000.0,12980000.0,63425.0
2025-05-29,GRASIM,2573.6,2574.1,2589.1,0.5,98.507,0.5827,178250.0,11684750.0,76250.0
2025-05-29,HAL,5000.7,5001.5,5029.5,0.8,94.6048,0.5598,511200.0,8676600.0,287250.0
2025-05-29,HAVELLS,1550.7,1553.5,1560.6,2.8,73.3167,0.457,2938500.0,7975000.0,99000.0
2025-05-29,HCLTECH,1664.7,1661.1,1672.0,-3.6,93.9943,0.6562,995400.0,15340150.0,238700.0
2025-05-29,HDFCAMC,4844.9,4854.9,4876.1,10.0,91.1475,0.4367,230400.0,2359650.0,12600.0
2025-05-29,HDFCBANK,1927.5,1927.6,1938.7,0.1,97.1877,0.5758,3226850.0,109567150.0,1948100.0
2025-05-29,HDFCLIFE,780.9,780.3,784.1,-0.6,79.6708,0.487,8870400.0,34458600.0,304700.0
2025-05-29,HEROMOTOCO,4356.6,4347.0,4370.1,-9.6,92.6208,0.5314,332850.0,4045200.0,132600.0
2025-05-29,HFCL,88.43,88.63,89.02,0.2,96.344,0.44,2660150.0,67495600.0,2605800.0
2025-05-29,HINDALCO,650.0,651.0,654.45,1.0,96.9824,0.53,1590400.0,50405600.0,708400.0
2025-05-29,HINDCOPPER,251.31,251.18,253.17,-0.13,94.6605,0.7923,1990150.0,34619600.0,662500.0
2025-05-29,HINDPETRO,414.75,414.35,417.25,-0.4,85.5801,0.6999,6868800.0,40475700.0,289575.0
2025-05-29,HINDUNILVR,2366.7,2364.9,2353.0,-1.8,93.5211,-0.5032,1130100.0,15988500.0,324300.0
2025-05-29,HINDZINC,464.75,465.6,468.15,0.85,95.0339,0.5477,394450.0,7406350.0,142100.0
2025-05-29,HUDCO,239.71,239.66,241.09,-0.05,90.0806,0.5967,3402275.0,30319775.0,577200.0
2025-05-29,ICICIBANK,1456.5,1458.7,1465.4,2.2,96.5694,0.4593,3469200.0,96628700.0,1026900.0
2025-05-29,ICICIGI,1855.2,1858.0,1864.5,2.8,96.5372,0.3498,237500.0,6462750.0,158275.0
2025-05-29,ICICIPRULI,668.45,668.35,671.0,-0.1,97.0555,0.3965,453750.0,14886000.0,70300.0
2025-05-29,IDEA,7.14,7.14,7.2,0.0,92.7422,0.8403,342920000.0,4232160000.0,149740125.0
2025-05-29,IDFCFIRSTB,67.9,67.76,68.22,-0.14,95.7738,0.6789,18555000.0,404460000.0,16036475.0
2025-05-29,IEX,199.81,199.78,201.14,-0.03,95.1112,0.6807,2070000.0,39446250.0,825000.0
2025-05-29,IGL,214.39,214.72,215.47,0.33,79.8353,0.3493,4108500.0,15402750.0,863500.0
2025-05-29,IIFL,427.65,427.05,430.0,-0.6,83.5133,0.6908,1818150.0,9163600.0,46200.0
2025-05-29,INDHOTEL,762.35,761.95,767.65,-0.4,89.4036,0.7481,2800000.0,23223000.0,401000.0
2025-05-29,INDIANB,601.05,601.75,604.75,0.7,92.9815,0.4985,433200.0,5680050.0,59000.0
2025-05-29,INDIGO,5322.0,5321.0,5360.0,-1.0,94.4889,0.7329,562050.0,9553500.0,82950.0
2025-05-29,INDUSINDBK,824.15,824.9,829.15,0.75,95.7092,0.5152,1705000.0,36997000.0,1034600.0
2025-05-29,INDUSTOWER,391.25,390.65,393.0,-0.6,93.2793,0.6016,4709000.0,64756400.0,601800.0
2025-05-29,INFY,1585.6,1585.9,1573.3,0.3,95.9996,-0.7945,2486400.0,58863600.0,803600.0
2025-05-29,INOXWIND,191.32,191.67,192.27,0.35,95.2076,0.313,1522200.0,28128450.0,2112375.0
2025-05-29,IOC,143.7,143.63,144.35,-0.07,79.3018,0.5013,23122125.0,86360625.0,2227875.0
2025-05-29,IRB,51.44,51.45,51.75,0.01,95.7401,0.5831,3874500.0,85362000.0,1716225.0
2025-05-29,IRCTC,774.7,775.0,779.7,0.3,95.1006,0.6065,907375.0,16788625.0,824250.0
2025-05-29,IREDA,176.65,176.84,172.52,0.19,84.8707,-2.4429,7160100.0,36467500.0,3698400.0
2025-05-29,IRFC,139.95,140.21,139.68,0.26,85.8845,-0.378,10226025.0,57965100.0,4254250.0
2025-05-29,ITC,418.75,417.8,420.65,-0.95,95.3171,0.6821,5950400.0,118398400.0,2716800.0
2025-05-29,JINDALSTEL,971.35,973.45,979.05,2.1,96.2635,0.5753,535625.0,13728750.0,70625.0
2025-05-29,JIOFIN,287.85,287.9,289.85,0.05,93.0214,0.6773,7245150.0,92271300.0,4302850.0
2025-05-29,JSL,669.2,668.95,673.95,-0.25,94.8257,0.7474,347200.0,6334850.0,28050.0
2025-05-29,JSWENERGY,500.9,501.45,502.5,0.55,98.8325,0.2094,354750.0,29839500.0,190000.0
2025-05-29,JSWSTEEL,1006.2,1006.1,1013.0,-0.1,97.9097,0.6858,734400.0,34175925.0,224100.0
2025-05-29,JUBLFOOD,670.4,669.35,673.35,-1.05,94.9116,0.5976,921250.0,17020000.0,163750.0
2025-05-29,KALYANKJIL,565.4,565.5,568.35,0.1,93.8902,0.504,730050.0,11118925.0,99875.0
2025-05-29,KEI,3665.1,3675.1,3674.9,10.0,74.2213,-0.0054,279750.0,795300.0,10150.0
2025-05-29,KOTAKBANK,2081.6,2080.3,2092.5,-1.3,97.5135,0.5865,742400.0,28742000.0,372400.0
2025-05-29,KPITTECH,1346.3,1348.7,1355.1,2.4,84.0669,0.4745,488000.0,2537600.0,37200.0
2025-05-29,LAURUSLABS,614.5,614.1,618.4,-0.4,94.1387,0.7002,1222300.0,19380000.0,251600.0
2025-05-29,LICHSGFIN,596.05,594.8,598.5,-1.25,97.3115,0.6221,657000.0,23328000.0,452000.0
2025-05-29,LICI,944.45,945.7,950.9,1.25,88.9012,0.5499,898725.0,6755675.0,443100.0
2025-05-29,LODHA,1457.0,1460.6,1467.1,3.6,94.9576,0.445,329400.0,6177150.0,26100.0
2025-05-29,LT,3655.3,3646.6,3637.7,-8.7,81.1556,-0.2441,3688500.0,15687750.0,197225.0
2025-05-29,LTF,171.65,171.62,172.41,-0.03,92.4839,0.4603,5050984.0,59549852.0,2601346.0
2025-05-29,LTIM,5128.2,5134.6,5165.2,6.4,94.3101,0.596,146850.0,2406900.0,27150.0
2025-05-29,LUPIN,1970.1,1974.4,1984.6,4.3,90.9178,0.5166,962200.0,9483875.0,148325.0
2025-05-29,M&M,3008.9,3008.6,3027.4,-0.3,95.4169,0.6249,1002575.0,20671000.0,201800.0
2025-05-29,M&MFIN,263.1,263.05,265.05,-0.05,89.9475,0.7603,3544544.0,31288208.0,427648.0
2025-05-29,MANAPPURAM,231.81,231.98,233.16,0.17,89.8403,0.5087,3894000.0,34071000.0,363000.0
2025-05-29,MARICO,723.45,723.9,727.35,0.45,96.3697,0.4766,697200.0,18448800.0,58800.0
2025-05-29,MARUTI,12392.0,12368.0,12412.0,-24.0,84.6522,0.3558,526400.0,2872950.0,30450.0
2025-05-29,MAXHEALTH,1133.8,1136.6,1144.1,2.8,96.1542,0.6599,440475.0,10965675.0,47250.0
2025-05-29,MCX,6572.5,6577.5,6615.5,5.0,87.7808,0.5777,213900.0,1518000.0,18625.0
2025-05-29,MFSL,1489.6,1492.6,1495.9,3.0,77.6439,0.2211,1484800.0,5095200.0,61600.0
2025-05-29,MGL,1382.7,1380.4,1388.4,-2.3,92.9515,0.5795,190000.0,2476400.0,29200.0
2025-05-29,MOTHERSON,152.09,152.32,152.75,0.23,95.0719,0.2823,6123750.0,116273150.0,1865500.0
2025-05-29,MPHASIS,2566.4,2565.5,2582.5,-0.9,95.6732,0.6626,218625.0,4797925.0,36300.0
2025-05-29,MUTHOOTFIN,2065.2,2067.3,2078.5,2.1,94.7001,0.5418,319825.0,5592675.0,122100.0
2025-05-29,NATIONALUM,183.62,183.75,184.87,0.13,91.8202,0.6095,5111250.0,55766250.0,1608750.0
2025-05-29,NAUKRI,1448.0,1447.0,1456.0,-1.0,95.7338,0.622,376500.0,8389125.0,59625.0
2025-05-29,NBCC,116.2,116.19,117.03,-0.01,89.6847,0.723,4147000.0,35385800.0,669500.0
2025-05-29,NCC,236.41,236.32,238.08,-0.09,90.3306,0.7448,1384500.0,12588300.0,345600.0
2025-05-29,NESTLEIND,2435.0,2432.5,2432.0,-2.5,97.4958,-0.0206,264400.0,10186800.0,107250.0
2025-05-29,NHPC,87.08,87.01,87.66,-0.07,97.0464,0.747,2681600.0,87014400.0,1094400.0
2025-05-29,NMDC,72.29,72.4,72.73,0.11,95.168,0.4558,11164500.0,214420500.0,5467500.0
2025-05-29,NTPC,339.35,339.5,341.55,0.15,93.4021,0.6038,7839000.0,109234500.0,1737000.0
2025-05-29,NYKAA,204.52,204.74,202.09,0.22,87.412,-1.2943,4599050.0,31736100.0,200000.0
2025-05-29,OBEROIRLTY,1740.9,1744.0,1750.3,3.1,87.9548,0.3612,544600.0,3916850.0,59850.0
2025-05-29,OFSS,8499.5,8506.5,8552.5,7.0,91.4091,0.5408,63100.0,661350.0,10050.0
2025-05-29,OIL,444.25,444.7,446.55,0.45,95.4105,0.416,592325.0,12250700.0,63000.0
2025-05-29,ONGC,243.05,243.45,244.84,0.4,88.8538,0.571,15471225.0,121542575.0,1788750.0
2025-05-29,PAGEIND,46345.0,46385.0,46615.0,40.0,90.337,0.4958,19395.0,180840.0,480.0
2025-05-29,PATANJALI,1756.8,1747.6,1756.5,-9.2,95.718,0.5093,268200.0,5960700.0,34500.0
2025-05-29,PAYTM,877.1,875.75,883.25,-1.35,97.7948,0.8564,657800.0,29083600.0,88450.0
2025-05-29,PEL,1098.25,1099.4,1094.85,1.15,95.488,-0.4139,381750.0,7014000.0,1065000.0
2025-05-29,PERSISTENT,5670.0,5666.0,5709.5,-4.0,91.3731,0.7677,214800.0,2248000.0,27100.0
2025-05-29,PETRONET,314.0,314.1,316.0,0.1,98.3378,0.6049,553500.0,32520000.0,225000.0
2025-05-29,PFC,413.5,412.95,413.6,-0.55,95.9081,0.1574,2275000.0,51730900.0,1591200.0
2025-05-29,PHOENIXLTD,1578.5,1577.0,1588.8,-1.5,92.2548,0.7483,232750.0,2762550.0,9800.0
2025-05-29,PIDILITIND,3029.6,3025.8,3040.2,-3.8,94.9026,0.4759,230250.0,4270750.0,16000.0
2025-05-29,PIIND,3875.5,3870.0,3883.5,-5.5,94.1402,0.3488,98375.0,1565375.0,15050.0
2025-05-29,PNB,102.31,102.55,103.05,0.24,83.5867,0.4876,42240000.0,207640000.0,7472000.0
2025-05-29,PNBHOUSING,1042.6,1042.1,1049.5,-0.5,93.0813,0.7101,462800.0,6191250.0,35100.0
2025-05-29,POLICYBZR,1784.3,1791.8,1797.3,7.5,84.6001,0.307,1054300.0,5768750.0,23100.0
2025-05-29,POLYCAB,6002.5,6017.5,6029.0,15.0,87.1069,0.1911,330000.0,1950625.0,278875.0
2025-05-29,POONAWALLA,403.65,404.3,403.2,0.65,87.3046,-0.2721,2001000.0,13532850.0,227800.0
2025-05-29,POWERGRID,293.1,292.6,294.35,-0.5,95.6478,0.5981,4059000.0,87917400.0,1286300.0
2025-05-29,PRESTIGE,1500.9,1502.8,1512.0,1.9,86.5691,0.6122,702975.0,4519775.0,11250.0
2025-05-29,RBLBANK,215.8,215.49,217.46,-0.31,95.4543,0.9142,3082500.0,64202500.0,527050.0
2025-05-29,RECLTD,408.25,409.0,411.1,0.75,91.6885,0.5134,6185000.0,61321000.0,6909225.0
2025-05-29,RELIANCE,1417.8,1419.2,1427.5,1.4,93.5921,0.5848,7072500.0,100881000.0,2418500.0
2025-05-29,SAIL,129.96,130.27,130.95,0.31,88.3023,0.522,19260000.0,142032000.0,3355800.0
2025-05-29,SBICARD,914.25,913.65,919.05,-0.6,93.2324,0.591,900800.0,12286400.0,123200.0
2025-05-29,SBILIFE,1825.0,1821.9,1835.2,-3.1,75.8445,0.73,3008625.0,9384000.0,62625.0
2025-05-29,SBIN,797.35,797.0,801.55,-0.35,85.5025,0.5709,14561250.0,83925750.0,1953000.0
2025-05-29,SHREECEM,29915.0,29990.0,30015.0,75.0,80.0359,0.0834,66725.0,266325.0,1175.0
2025-05-29,SHRIRAMFIN,652.25,652.45,656.4,0.2,94.4623,0.6054,1990500.0,33508500.0,445500.0
2025-05-29,SIEMENS,3349.2,3338.4,3351.7,-10.8,89.0411,0.3984,285525.0,2294400.0,25500.0
2025-05-29,SJVN,102.16,102.05,102.16,-0.11,95.253,0.1078,1540350.0,29569050.0,1339500.0
2025-05-29,SOLARINDS,16249.0,16285.0,16370.0,36.0,93.9905,0.522,45450.0,685200.0,25650.0
2025-05-29,SONACOMS,542.65,544.4,540.4,1.75,92.038,-0.7348,1665475.0,19167300.0,85050.0
2025-05-29,SRF,2892.3,2892.8,2912.5,0.5,97.5385,0.681,163875.0,6450000.0,43600.0
2025-05-29,SUNPHARMA,1699.8,1702.1,1708.6,2.3,90.4738,0.3819,1745100.0,16367400.0,206500.0
2025-05-29,SUPREMEIND,4247.4,4244.7,4236.5,-2.7,96.469,-0.1932,49375.0,1336875.0,12075.0
2025-05-29,SYNGENE,647.75,647.25,651.25,-0.5,91.9371,0.618,733000.0,8178000.0,180000.0
2025-05-29,TATACHEM,891.2,891.1,885.95,-0.1,95.6863,-0.5779,393250.0,8511250.0,211900.0
2025-05-29,TATACOMM,1688.4,1690.6,1682.8,2.2,76.6817,-0.4614,1523000.0,3207250.0,1801100.0
2025-05-29,TATACONSUM,1109.8,1112.6,1117.7,2.8,97.442,0.4584,464208.0,17580168.0,102850.0
2025-05-29,TATAELXSI,6499.5,6515.5,6388.5,16.0,90.4457,-1.9492,188200.0,1761700.0,19900.0
2025-05-29,TATAMOTORS,724.45,724.15,723.35,-0.3,92.4553,-0.1105,6257900.0,73992600.0,2693600.0
2025-05-29,TATAPOWER,397.3,397.25,397.65,-0.05,94.8955,0.1007,4086450.0,74560500.0,1409400.0
2025-05-29,TATASTEEL,163.12,163.2,164.32,0.08,78.2062,0.6863,51694500.0,182149000.0,3355000.0
2025-05-29,TATATECH,771.2,771.3,763.05,0.1,89.8372,-1.0696,1199800.0,9926000.0,680000.0
2025-05-29,TCS,3498.1,3499.0,3487.6,0.9,89.4048,-0.3258,2180325.0,17985100.0,413000.0
2025-05-29,TECHM,1600.0,1597.0,1606.5,-3.0,84.8371,0.5949,2398800.0,13258800.0,162600.0
2025-05-29,TIINDIA,3054.9,3051.5,3068.5,-3.4,93.2457,0.5571,150750.0,2074350.0,6800.0
2025-05-29,TITAGARH,911.25,910.2,907.95,-1.05,86.7853,-0.2472,652500.0,4170625.0,114550.0
2025-05-29,TITAN,3588.3,3592.8,3602.5,4.5,92.8129,0.27,852950.0,10044650.0,970200.0
2025-05-29,TORNTPHARM,3161.1,3161.7,3174.0,0.6,96.9878,0.389,85500.0,2746000.0,7000.0
2025-05-29,TORNTPOWER,1400.4,1399.5,1403.5,-0.9,85.9114,0.2858,402000.0,2424750.0,26625.0
2025-05-29,TRENT,5657.0,5668.5,5693.0,11.5,96.7205,0.4322,172600.0,5012000.0,78400.0
2025-05-29,TVSMOTOR,2808.6,2800.2,2820.6,-8.4,92.8007,0.7285,669550.0,8591100.0,39550.0
2025-05-29,ULTRACEMCO,11269.0,11258.0,11316.0,-11.0,98.0254,0.5152,68600.0,3374700.0,30750.0
2025-05-29,UNIONBANK,141.11,140.93,141.9,-0.18,95.2571,0.6883,3411675.0,67852950.0,668175.0
2025-05-29,UNITDSPR,1522.6,1525.8,1534.2,3.2,96.3814,0.5505,408800.0,10861900.0,26400.0
2025-05-29,UPL,631.0,631.25,635.3,0.25,94.8953,0.6416,1754725.0,31987485.0,632785.0
2025-05-29,VBL,483.05,482.1,485.2,-0.95,95.1942,0.643,2000250.0,38770375.0,850750.0
2025-05-29,VEDL,451.65,451.8,454.15,0.15,89.3191,0.5201,9126400.0,75285900.0,1033850.0
2025-05-29,VOLTAS,1262.1,1259.8,1263.2,-2.3,91.446,0.2699,1116900.0,11666100.0,274125.0
2025-05-29,WIPRO,250.14,250.3,250.97,0.16,86.3924,0.2677,12435000.0,76203000.0,2745000.0
2025-05-29,YESBANK,21.31,21.31,21.45,0.0,95.3701,0.657,27820000.0,542360000.0,30695700.0
2025-05-29,ZYDUSLIFE,924.75,926.2,929.45,1.45,91.7693,0.3509,829800.0,8859600.0,392400.0
2025-06-26,AARTIIND,475.9,474.6,479.05,-1.3,90.6682,0.9376,1337000.0,12990300.0,0.0
2025-06-26,ABB,6012.5,6011.5,6049.5,-1.0,95.561,0.6321,97625.0,2066625.0,35000.0
2025-06-26,ABCAPITAL,276.8,277.48,278.01,0.68,88.9185,0.191,6925500.0,54522800.0,1047800.0
2025-06-26,ABFRL,74.39,74.4,74.96,0.01,92.7731,0.7527,3689400.0,45565000.0,1796600.0
2025-06-26,ACC,1881.7,1883.4,1895.9,1.7,92.7881,0.6637,347100.0,4465800.0,0.0
2025-06-26,ADANIENSOL,864.75,865.35,871.5,0.6,96.803,0.7107,622500.0,18463275.0,385425.0
2025-06-26,ADANIENT,2586.2,2589.4,2604.8,3.2,92.7023,0.5947,1413300.0,17771100.0,182100.0
2025-06-26,ADANIGREEN,992.0,991.7,999.4,-0.3,93.4583,0.7764,1232625.0,17203200.0,406800.0
2025-06-26,ADANIPORTS,1429.3,1427.6,1436.3,-1.7,92.566,0.6094,1944400.0,23622700.0,588525.0
2025-06-26,ALKEM,4841.0,4835.5,4878.0,-5.5,84.5628,0.8789,226000.0,1220625.0,17375.0
2025-06-26,AMBUJACEM,566.75,566.45,570.8,-0.3,95.2237,0.7679,1541700.0,30360750.0,375900.0
2025-06-26,ANGELONE,2903.0,2912.2,2921.8,9.2,68.7663,0.3296,939400.0,1993750.0,74500.0
2025-06-26,APLAPOLLO,1795.9,1792.6,1806.2,-3.3,92.4607,0.7587,273350.0,3322200.0,30100.0
2025-06-26,APOLLOHOSP,7101.5,7113.5,7150.0,12.0,94.6817,0.5131,151750.0,2685625.0,16000.0
2025-06-26,ASHOKLEY,248.92,249.26,250.74,0.34,93.5193,0.5938,2782500.0,39727500.0,425000.0
2025-06-26,ASIANPAINT,2289.8,2283.9,2302.4,-5.9,88.7913,0.81,1753800.0,13489750.0,403250.0
2025-06-26,ASTRAL,1522.3,1524.5,1518.4,2.2,93.4941,-0.4001,377276.0,5139950.0,281775.0
2025-06-26,ATGL,645.55,644.75,650.4,-0.8,91.0171,0.8763,481275.0,4746875.0,129500.0
2025-06-26,AUBANK,819.7,819.85,814.1,0.15,89.0035,-0.7013,2101000.0,16593000.0,412000.0
2025-06-26,AUROPHARMA,1123.2,1121.9,1130.7,-1.3,96.5011,0.7844,629200.0,17137450.0,216150.0
2025-06-26,AXISBANK,1233.5,1230.2,1238.5,-3.3,91.4887,0.6747,6103125.0,64851875.0,751250.0
2025-06-26,BAJAJ-AUTO,8433.0,8444.0,8492.5,11.0,95.2037,0.5744,126150.0,2483325.0,20700.0
2025-06-26,BAJAJFINSV,2053.6,2056.0,2066.9,2.4,93.912,0.5302,1090000.0,16686000.0,128000.0
2025-06-26,BAJFINANCE,951.5,951.0,956.5,-0.5,96.9511,0.5783,3113750.0,97443000.0,1570500.0
2025-06-26,BALKRISIND,2433.4,2432.5,2442.1,-0.9,90.7517,0.3947,229200.0,2249100.0,0.0
2025-06-26,BANDHANBNK,185.06,184.9,185.64,-0.16,87.9203,0.4002,12684000.0,76492800.0,15825600.0
2025-06-26,BANKBARODA,239.34,239.13,240.76,-0.21,91.3763,0.6816,8736975.0,90581400.0,1994850.0
2025-06-26,BANKINDIA,116.95,116.94,117.82,-0.01,92.3912,0.7525,4825000.0,57512000.0,1076400.0
2025-06-26,BDL,1827.3,1828.0,1840.7,0.7,84.9792,0.6947,503750.0,2776800.0,73125.0
2025-06-26,BEL,410.1,410.1,411.6,0.0,93.3733,0.3658,7244700.0,91881150.0,10200150.0
2025-06-26,BHARATFORG,1286.5,1286.3,1290.2,-0.2,93.9283,0.3032,647000.0,9878000.0,131000.0
2025-06-26,BHARTIARTL,2014.3,2009.5,2008.2,-4.8,85.4,-0.0647,8293025.0,45474600.0,3033825.0
2025-06-26,BHEL,264.45,264.55,265.95,0.1,90.5139,0.5292,5950875.0,55135500.0,1645875.0
2025-06-26,BIOCON,350.5,350.6,352.9,0.1,85.115,0.656,6325000.0,35522500.0,645000.0
2025-06-26,BLUESTARCO,1660.9,1665.7,1656.7,4.8,67.3772,-0.5403,472550.0,955500.0,20475.0
2025-06-26,BOSCHLTD,32215.0,32170.0,31895.0,-45.0,95.7275,-0.8548,12450.0,277875.0,1075.0
2025-06-26,BPCL,329.75,329.85,329.95,0.1,79.8246,0.0303,10150200.0,29401825.0,10757825.0
2025-06-26,BRITANNIA,5828.0,5825.0,5856.0,-3.0,93.5824,0.5322,214500.0,3109500.0,18375.0
2025-06-26,BSE,2803.0,2808.6,2823.7,5.6,77.272,0.5376,2788125.0,9208500.0,270750.0
2025-06-26,BSOFT,442.2,441.9,440.8,-0.3,74.8496,-0.2489,3391000.0,10091900.0,0.0
2025-06-26,CAMS,4212.8,4221.1,4226.8,8.3,79.051,0.135,510125.0,1866450.0,58500.0
2025-06-26,CANBK,111.07,110.95,111.6,-0.12,88.4635,0.5858,25528500.0,189492750.0,6264000.0
2025-06-26,CDSL,1746.8,1745.9,1750.7,-0.9,88.4641,0.2749,1170750.0,8531475.0,446500.0
2025-06-26,CESC,173.19,173.55,174.54,0.36,89.5703,0.5704,2161575.0,18422250.0,141375.0
2025-06-26,CGPOWER,674.75,674.05,678.3,-0.7,94.4773,0.6305,651050.0,10985400.0,152150.0
2025-06-26,CHAMBLFERT,557.9,557.9,561.95,0.0,93.3822,0.7259,780900.0,11019050.0,0.0
2025-06-26,CHOLAFIN,1627.0,1623.8,1632.6,-3.2,91.6145,0.5419,1072500.0,11673750.0,43750.0
2025-06-26,CIPLA,1513.8,1511.6,1505.7,-2.2,96.6266,-0.3903,435175.0,12355500.0,109500.0
2025-06-26,COALINDIA,394.15,393.85,395.5,-0.3,90.4477,0.4189,8036700.0,50264550.0,25832250.0
2025-06-26,COFORGE,1888.0,1891.5,1902.0,3.5,92.3502,0.5551,1006125.0,12061875.0,84375.0
2025-06-26,COLPAL,2375.7,2372.8,2384.5,-2.9,95.0984,0.4931,254625.0,4833900.0,106200.0
2025-06-26,CONCOR,754.2,753.65,759.95,-0.55,93.888,0.8359,958000.0,14001000.0,715000.0
2025-06-26,CROMPTON,357.75,357.65,357.5,-0.1,98.4986,-0.0419,543600.0,35182800.0,478800.0
2025-06-26,CUMMINSIND,3364.6,3363.0,3357.6,-1.6,82.4911,-0.1606,787500.0,3690400.0,19800.0
2025-06-26,CYIENT,1295.5,1296.5,1285.9,1.0,91.0912,-0.8176,293700.0,2959275.0,43775.0
2025-06-26,DABUR,481.55,480.8,478.85,-0.75,98.1701,-0.4056,432500.0,22662500.0,540000.0
2025-06-26,DALBHARAT,2191.7,2197.2,2203.4,5.5,86.1584,0.2822,502700.0,3110575.0,18525.0
2025-06-26,DELHIVERY,384.8,384.75,385.1,-0.05,89.2538,0.091,1435025.0,11522475.0,396325.0
2025-06-26,DIVISLAB,6616.0,6602.5,6615.5,-13.5,97.4385,0.1969,74300.0,2810400.0,16000.0
2025-06-26,DIXON,14315.0,14305.0,14404.0,-10.0,91.9391,0.6921,150300.0,1655750.0,58500.0
2025-06-26,DLF,847.1,846.1,851.55,-1.0,89.3151,0.6441,4855950.0,29804775.0,10786050.0
2025-06-26,DMART,4315.4,4303.1,4335.6,-12.3,92.8502,0.7553,317700.0,4100550.0,25200.0
2025-06-26,DRREDDY,1321.5,1320.4,1323.0,-1.1,78.1511,0.1969,2580625.0,9175000.0,55625.0
2025-06-26,EICHERMOT,5611.5,5609.5,5616.5,-2.0,86.6425,0.1248,470575.0,2682575.0,369775.0
2025-06-26,ETERNAL,265.18,265.12,266.34,-0.06,91.8657,0.4602,14268000.0,160023325.0,1113075.0
2025-06-26,EXIDEIND,388.85,388.85,389.85,0.0,93.5632,0.2572,1535400.0,21564000.0,754200.0
2025-06-26,FEDERALBNK,210.02,210.17,209.66,0.15,88.8493,-0.2427,9855000.0,74560000.0,3965000.0
2025-06-26,FORTIS,790.7,792.0,796.65,1.3,91.3583,0.5871,647900.0,6823100.0,26350.0
2025-06-26,GAIL,186.79,186.72,187.93,-0.07,88.759,0.648,13047200.0,85179150.0,17841600.0
2025-06-26,GLENMARK,1732.0,1729.9,1742.3,-2.1,92.9731,0.7168,715000.0,9405000.0,55125.0
2025-06-26,GMRAIRPORT,84.87,84.79,85.33,-0.08,93.7553,0.6369,12060000.0,176906925.0,4157100.0
2025-06-26,GODREJCP,1184.3,1183.0,1190.2,-1.3,91.9926,0.6086,733000.0,7941000.0,480000.0
2025-06-26,GODREJPROP,2391.6,2391.7,2408.1,0.1,93.6908,0.6857,393075.0,5757400.0,79750.0
2025-06-26,GRANULES,496.9,495.9,499.55,-1.0,94.4039,0.736,823000.0,13813750.0,69875.0
2025-06-26,GRASIM,2882.9,2881.8,2895.6,-1.1,96.4291,0.4789,406250.0,10912500.0,58000.0
2025-06-26,HAL,4817.0,4815.9,4845.4,-1.1,92.4621,0.6126,785400.0,9204300.0,429600.0
2025-06-26,HAVELLS,1574.0,1579.0,1586.7,5.0,92.5845,0.4877,643000.0,7954500.0,73500.0
2025-06-26,HCLTECH,1724.1,1722.5,1719.8,-1.6,89.1022,-0.1567,1692950.0,13656300.0,185500.0
2025-06-26,HDFCAMC,5075.0,5082.1,5097.3,7.1,94.1803,0.2991,145950.0,2322150.0,39750.0
2025-06-26,HDFCBANK,2021.8,2016.4,2010.0,-5.4,93.3721,-0.3174,7794050.0,102107500.0,7692850.0
2025-06-26,HDFCLIFE,799.45,798.05,803.45,-1.4,88.8574,0.6766,4105200.0,32518200.0,218900.0
2025-06-26,HEROMOTOCO,4278.0,4270.2,4224.0,-7.8,93.3592,-1.0819,382350.0,5281650.0,93600.0
2025-06-26,HFCL,87.52,87.43,88.18,-0.09,92.5934,0.8578,5810000.0,69298800.0,3334650.0
2025-06-26,HINDALCO,690.6,691.9,693.1,1.3,90.7593,0.1734,5259800.0,50913800.0,746200.0
2025-06-26,HINDCOPPER,272.08,271.9,273.58,-0.18,95.3811,0.6179,1605900.0,33162100.0,0.0
2025-06-26,HINDPETRO,420.3,421.4,423.25,1.1,95.8421,0.439,2033100.0,46145700.0,718875.0
2025-06-26,HINDUNILVR,2280.8,2276.7,2294.7,-4.1,93.8377,0.7906,1217100.0,17540700.0,993000.0
2025-06-26,HINDZINC,448.9,448.65,452.15,-0.25,93.832,0.7801,2786875.0,40948075.0,1447950.0
2025-06-26,HUDCO,240.43,240.49,242.42,0.06,89.7968,0.8025,3913950.0,33835575.0,610500.0
2025-06-26,ICICIBANK,1439.1,1435.8,1443.8,-3.3,93.8961,0.5572,6400800.0,62183100.0,36280300.0
2025-06-26,ICICIGI,2017.0,2021.8,2025.9,4.8,89.0469,0.2028,603000.0,4884100.0,18200.0
2025-06-26,ICICIPRULI,647.3,648.3,651.7,1.0,92.2508,0.5244,1314000.0,15553875.0,88800.0
2025-06-26,IDEA,7.24,7.24,7.3,0.0,97.4459,0.8287,126440000.0,4609279800.0,214782375.0
2025-06-26,IDFCFIRSTB,71.9,71.65,72.42,-0.25,93.493,1.0747,27202500.0,349240850.0,41607650.0
2025-06-26,IEX,190.14,190.28,191.53,0.14,89.0947,0.6569,5520000.0,43695000.0,1402500.0
2025-06-26,IGL,208.33,207.74,209.15,-0.59,75.8304,0.6787,4702500.0,14107500.0,646250.0
2025-06-26,IIFL,477.95,478.65,482.15,0.7,96.422,0.7312,516150.0,13802250.0,107250.0
2025-06-26,INDHOTEL,782.95,780.35,785.95,-2.6,84.3899,0.7176,4036000.0,21478000.0,341000.0
2025-06-26,INDIANB,635.95,637.1,639.15,1.15,72.6294,0.3218,2365500.0,6183000.0,94000.0
2025-06-26,INDIGO,5691.5,5690.5,5732.5,-1.0,95.3222,0.7381,418950.0,8454150.0,82950.0
2025-06-26,INDUSINDBK,836.1,834.45,840.55,-1.65,83.1063,0.731,8710000.0,41799100.0,1048600.0
2025-06-26,INDUSTOWER,415.35,415.95,418.55,0.6,97.1795,0.6251,1740800.0,59624100.0,355300.0
2025-06-26,INFY,1616.0,1616.4,1623.5,0.4,91.6587,0.4392,5043200.0,54717200.0,700400.0
2025-06-26,INOXWIND,173.9,173.85,174.9,-0.05,91.7994,0.604,3502350.0,37629300.0,1577025.0
2025-06-26,IOC,146.27,146.63,147.48,0.36,83.9112,0.5797,17667000.0,89851125.0,2291250.0
2025-06-26,IRB,50.24,50.24,50.66,0.0,94.8521,0.836,5750250.0,102389750.0,3560875.0
2025-06-26,IRCTC,773.05,771.8,777.45,-1.25,93.7709,0.7321,961625.0,13722625.0,753375.0
2025-06-26,IREDA,170.93,170.95,172.28,0.02,68.7597,0.778,14607300.0,29080050.0,3070500.0
2025-06-26,IRFC,139.87,139.88,140.9,0.01,82.8949,0.7292,9580950.0,42665750.0,3765500.0
2025-06-26,ITC,420.3,420.1,423.05,-0.2,93.083,0.7022,8188800.0,107369600.0,2828800.0
2025-06-26,JINDALSTEL,954.9,952.1,959.65,-2.8,82.8112,0.793,3021250.0,14441250.0,114375.0
2025-06-26,JIOFIN,312.5,312.65,314.5,0.15,93.0808,0.5917,7119750.0,82062000.0,13716950.0
2025-06-26,JSL,694.05,694.2,697.5,0.15,92.9477,0.4754,458800.0,5683950.0,362950.0
2025-06-26,JSWENERGY,516.95,517.35,521.35,0.4,97.6674,0.7732,866250.0,35965000.0,305000.0
2025-06-26,JSWSTEEL,1032.55,1032.35,1036.85,-0.2,98.0409,0.4359,738450.0,36866475.0,89100.0
2025-06-26,JUBLFOOD,711.1,709.8,715.0,-1.3,91.1871,0.7326,2002500.0,20247500.0,472500.0
2025-06-26,KALYANKJIL,553.35,552.1,556.3,-1.25,93.3932,0.7607,1072600.0,14076500.0,1085700.0
2025-06-26,KAYNES,5769.0,5779.5,5812.5,10.5,88.326,0.571,87800.0,656800.0,7500.0
2025-06-26,KEI,3774.5,3775.4,3804.7,0.9,90.1446,0.7761,104100.0,947975.0,4200.0
2025-06-26,KOTAKBANK,2203.9,2204.1,2215.1,0.2,97.6463,0.4991,638400.0,23352000.0,3132400.0
2025-06-26,KPITTECH,1275.9,1273.0,1282.6,-2.9,88.0712,0.7541,691200.0,4945600.0,157600.0
2025-06-26,LAURUSLABS,680.35,682.2,686.2,1.85,94.3511,0.5863,1183200.0,19551700.0,210800.0
2025-06-26,LICHSGFIN,622.05,622.55,626.1,0.5,93.2801,0.5702,1886000.0,24419000.0,1761000.0
2025-06-26,LICI,957.5,958.05,952.2,0.55,60.975,-0.6106,4134250.0,6350400.0,109200.0
2025-06-26,LODHA,1441.4,1441.8,1450.9,0.4,84.6165,0.6312,984600.0,5389650.0,26100.0
2025-06-26,LT,3659.6,3656.3,3680.9,-3.3,96.4432,0.6728,568950.0,14993650.0,433650.0
2025-06-26,LTF,206.14,206.62,205.39,0.48,83.5586,-0.5953,11726136.0,58251410.0,1343062.0
2025-06-26,LTIM,5373.0,5363.0,5406.0,-10.0,94.9864,0.8018,110700.0,2071650.0,25650.0
2025-06-26,LUPIN,1928.7,1924.7,1929.7,-4.0,91.6473,0.2598,869550.0,9270100.0,270725.0
2025-06-26,M&M,3215.8,3207.0,3207.6,-8.8,91.3771,0.0187,1874600.0,19593600.0,271600.0
2025-06-26,M&MFIN,269.0,268.55,270.85,-0.45,97.2171,0.8565,861464.0,30093672.0,0.0
2025-06-26,MANAPPURAM,274.09,274.61,276.24,0.52,69.1597,0.5936,11925000.0,26484000.0,258000.0
2025-06-26,MANKIND,2303.5,2302.6,2319.3,-0.9,92.2847,0.7253,69750.0,818550.0,15750.0
2025-06-26,MARICO,726.25,727.75,730.1,1.5,94.5457,0.3229,1128000.0,19497600.0,55200.0
2025-06-26,MARUTI,12715.0,12713.0,12797.0,-2.0,79.9614,0.6607,701300.0,2770750.0,27700.0
2025-06-26,MAXHEALTH,1266.5,1264.5,1270.3,-2.0,94.7002,0.4587,579600.0,10179225.0,177450.0
2025-06-26,MAZDOCK,3121.9,3123.4,3144.3,1.5,90.1731,0.6691,361725.0,3242225.0,77000.0
2025-06-26,MCX,8838.5,8824.0,8872.0,-14.5,83.6452,0.544,361600.0,1814750.0,34625.0
2025-06-26,MFSL,1634.3,1638.1,1645.0,3.8,80.8334,0.4212,1626400.0,6780000.0,79200.0
2025-06-26,MGL,1447.2,1450.3,1452.7,3.1,84.1354,0.1655,453600.0,2405600.0,0.0
2025-06-26,MOTHERSON,154.39,153.9,154.99,-0.49,96.5735,0.7083,3745250.0,103775100.0,1783500.0
2025-06-26,MPHASIS,2802.5,2806.4,2819.1,3.9,80.0019,0.4525,1188550.0,4730275.0,24475.0
2025-06-26,MUTHOOTFIN,2583.2,2582.1,2580.1,-1.1,89.5239,-0.0775,410300.0,3467200.0,39050.0
2025-06-26,NATIONALUM,193.59,193.78,195.0,0.19,85.9382,0.6296,9922500.0,59058750.0,1582500.0
2025-06-26,NAUKRI,1516.4,1514.3,1519.7,-2.1,91.2624,0.3566,849000.0,8832000.0,35625.0
2025-06-26,NBCC,123.91,124.01,124.9,0.1,89.6843,0.7177,6008800.0,50862500.0,1378000.0
2025-06-26,NCC,230.97,231.28,232.99,0.31,92.0585,0.7394,1198125.0,13116600.0,772200.0
2025-06-26,NESTLEIND,2431.4,2428.8,2440.7,-2.6,90.9889,0.49,990200.0,9957250.0,41250.0
2025-06-26,NHPC,85.38,85.48,85.86,0.1,87.0823,0.4445,11776000.0,77388800.0,1996800.0
2025-06-26,NMDC,70.55,70.57,71.06,0.02,94.1196,0.6943,14607000.0,224748000.0,9045000.0
2025-06-26,NTPC,337.15,336.45,339.25,-0.7,83.4205,0.8322,25480500.0,105430500.0,22776000.0
2025-06-26,NYKAA,206.85,207.16,203.97,0.31,72.23,-1.5399,16882850.0,43568750.0,343750.0
2025-06-26,OBEROIRLTY,1982.3,1980.0,1938.2,-2.3,90.9177,-2.1111,500850.0,4968950.0,44800.0
2025-06-26,OFSS,9074.5,9086.5,9142.5,12.0,92.0754,0.6163,79700.0,910650.0,15375.0
2025-06-26,OIL,442.3,442.4,442.35,0.1,79.5758,-0.0113,4265600.0,15680000.0,939400.0
2025-06-26,ONGC,244.72,245.01,245.66,0.29,75.6681,0.2653,35237125.0,94041000.0,15540750.0
2025-06-26,PAGEIND,48700.0,48640.0,47960.0,-60.0,91.8196,-1.398,13440.0,150285.0,570.0
2025-06-26,PATANJALI,1652.3,1649.3,1660.9,-3.0,97.7214,0.7033,165300.0,7042200.0,46800.0
2025-06-26,PAYTM,915.8,914.55,922.6,-1.25,86.8849,0.8802,3909750.0,25769400.0,131950.0
2025-06-26,PEL,1149.7,1150.7,1161.4,1.0,97.6312,0.9299,209250.0,8624250.0,0.0
2025-06-26,PERSISTENT,6055.5,6057.0,6086.5,1.5,95.918,0.487,107100.0,2494900.0,21700.0
2025-06-26,PETRONET,299.8,300.3,299.15,0.5,96.3948,-0.383,1450500.0,36365400.0,2417400.0
2025-06-26,PFC,420.25,420.15,422.55,-0.1,92.4192,0.5712,4351100.0,51717900.0,1327300.0
2025-06-26,PHOENIXLTD,1627.4,1628.7,1639.8,1.3,92.9453,0.6815,260050.0,3414950.0,11200.0
2025-06-26,PIDILITIND,3020.0,3016.9,3023.0,-3.1,88.8111,0.2022,379750.0,2995750.0,18500.0
2025-06-26,PIIND,4138.4,4149.2,4168.7,10.8,95.6652,0.47,70875.0,1556450.0,7700.0
2025-06-26,PNB,106.25,106.18,106.87,-0.07,93.8616,0.6498,14872000.0,219336000.0,8072000.0
2025-06-26,PNBHOUSING,1110.2,1114.1,1119.2,3.9,87.7649,0.4578,1369550.0,9713600.0,110500.0
2025-06-26,POLICYBZR,1834.1,1837.3,1845.9,3.2,90.2243,0.4681,634400.0,5831350.0,23800.0
2025-06-26,POLYCAB,6468.5,6474.5,6517.5,6.0,93.9465,0.6641,137875.0,2123000.0,16750.0
2025-06-26,POONAWALLA,449.65,450.8,448.15,1.15,79.3256,-0.5878,3201600.0,11986700.0,297500.0
2025-06-26,POWERGRID,293.5,293.8,294.45,0.3,87.6673,0.2212,11642400.0,58772700.0,23987500.0
2025-06-26,PPLPHARMA,200.99,201.3,202.1,0.31,72.7355,0.3974,2995000.0,7692500.0,297500.0
2025-06-26,PRESTIGE,1699.0,1694.5,1713.1,-4.5,85.5761,1.0977,619450.0,3655800.0,19350.0
2025-06-26,RBLBANK,237.41,238.0,239.27,0.59,93.1845,0.5336,5762500.0,77533500.0,1254125.0
2025-06-26,RECLTD,403.55,403.9,405.1,0.35,92.9165,0.2971,5813000.0,70098225.0,6153150.0
2025-06-26,RELIANCE,1495.3,1491.7,1500.4,-3.6,92.3688,0.5832,8079500.0,70751500.0,27043500.0
2025-06-26,RVNL,399.55,399.1,401.3,-0.45,89.4814,0.5512,1177000.0,9664875.0,347875.0
2025-06-26,SAIL,133.62,133.72,134.24,0.1,90.6341,0.3889,12552000.0,116616400.0,4850400.0
2025-06-26,SBICARD,975.3,978.0,973.45,2.7,89.9454,-0.4652,1429600.0,12536000.0,252800.0
2025-06-26,SBILIFE,1860.8,1856.0,1870.7,-4.8,83.8746,0.792,1733625.0,8979750.0,37500.0
2025-06-26,SBIN,797.05,797.15,802.25,0.1,90.7572,0.6398,9942750.0,94917750.0,2712750.0
2025-06-26,SHREECEM,30105.0,30105.0,30280.0,0.0,81.6917,0.5813,58875.0,260500.0,2200.0
2025-06-26,SHRIRAMFIN,703.2,702.35,703.7,-0.85,95.3385,0.1922,1738500.0,35113650.0,443025.0
2025-06-26,SIEMENS,3164.9,3161.9,3180.0,-3.0,89.1328,0.5724,274125.0,2170375.0,78000.0
2025-06-26,SJVN,100.0,100.01,100.58,0.01,91.8816,0.5699,2494800.0,26854625.0,1380625.0
2025-06-26,SOLARINDS,17266.0,17295.0,17389.0,29.0,93.7327,0.5435,44025.0,638925.0,19500.0
2025-06-26,SONACOMS,480.8,479.6,480.65,-1.2,87.7777,0.2189,2663675.0,18762450.0,367500.0
2025-06-26,SRF,3134.5,3136.7,3157.8,2.2,83.615,0.6727,989625.0,4997600.0,52600.0
2025-06-26,SUNPHARMA,1669.8,1670.5,1673.3,0.7,90.7274,0.1676,1792700.0,16773400.0,767200.0
2025-06-26,SUPREMEIND,4374.5,4374.1,4407.9,-0.4,96.4761,0.7727,50875.0,1381450.0,11375.0
2025-06-26,SYNGENE,645.7,646.15,649.55,0.45,91.5664,0.5262,764000.0,8167000.0,128000.0
2025-06-26,TATACHEM,935.25,936.65,941.6,1.4,89.2509,0.5285,1218800.0,9880650.0,239200.0
2025-06-26,TATACOMM,1673.0,1669.7,1686.3,-3.3,89.1057,0.9942,399250.0,3265500.0,0.0
2025-06-26,TATACONSUM,1145.4,1145.3,1152.0,-0.1,93.8058,0.585,1024632.0,15453350.0,63800.0
2025-06-26,TATAELXSI,6274.5,6276.5,6226.5,2.0,96.5238,-0.7966,70000.0,1922200.0,21500.0
2025-06-26,TATAMOTORS,682.75,681.55,686.9,-1.2,95.473,0.785,3685000.0,74148000.0,3567200.0
2025-06-26,TATAPOWER,405.65,405.55,408.55,-0.1,95.1845,0.7397,3526200.0,68109400.0,1590650.0
2025-06-26,TATASTEEL,160.54,160.41,161.64,-0.13,90.1136,0.7668,20240000.0,176709500.0,7777000.0
2025-06-26,TATATECH,703.55,702.4,708.65,-1.15,90.3544,0.8898,1393000.0,12431200.0,617600.0
2025-06-26,TCS,3441.8,3438.9,3449.8,-2.9,93.4478,0.317,1508325.0,20924400.0,587475.0
2025-06-26,TECHM,1690.2,1686.2,1699.1,-4.0,82.9852,0.765,2776200.0,13468200.0,72000.0
2025-06-26,TIINDIA,3005.3,2998.1,3023.3,-7.2,75.7996,0.8405,589050.0,1828600.0,16400.0
2025-06-26,TITAGARH,938.8,938.6,943.4,-0.2,87.8729,0.5114,588125.0,4116550.0,145000.0
2025-06-26,TITAN,3694.7,3690.0,3701.1,-4.7,98.468,0.3008,184625.0,11793775.0,72800.0
2025-06-26,TORNTPHARM,3222.5,3219.0,3236.4,-3.5,94.8906,0.5405,157000.0,2909000.0,6750.0
2025-06-26,TORNTPOWER,1460.7,1463.7,1470.6,3.0,84.2967,0.4714,366750.0,1954500.0,14250.0
2025-06-26,TRENT,6107.0,6106.5,6113.0,-0.5,93.5905,0.1064,383500.0,5538300.0,61500.0
2025-06-26,TVSMOTOR,2928.9,2928.2,2926.2,-0.7,73.9549,-0.0683,2573200.0,7032550.0,274050.0
2025-06-26,ULTRACEMCO,11951.0,11943.0,11963.0,-8.0,91.1405,0.1675,283950.0,1434900.0,1486200.0
2025-06-26,UNIONBANK,148.12,148.38,149.04,0.26,84.5644,0.4448,12686475.0,68981325.0,522150.0
2025-06-26,UNITDSPR,1444.5,1446.6,1455.4,2.1,89.0813,0.6083,1626450.0,13015600.0,254000.0
2025-06-26,UNOMINDA,1080.7,1079.4,1085.8,-1.3,95.3672,0.5929,110000.0,2259400.0,4950.0
2025-06-26,UPL,636.5,635.75,634.65,-0.75,98.777,-0.173,434955.0,31159580.0,3970150.0
2025-06-26,VBL,458.4,458.5,461.65,0.1,96.5262,0.687,1604750.0,43435400.0,1156200.0
2025-06-26,VEDL,455.5,456.0,459.1,0.5,96.708,0.6798,2755400.0,79807700.0,1137350.0
2025-06-26,VOLTAS,1317.1,1313.6,1324.5,-3.5,85.4102,0.8298,1879200.0,10687125.0,313875.0
2025-06-26,WIPRO,268.52,268.2,269.29,-0.32,88.2196,0.4064,8754000.0,64698000.0,858000.0
2025-06-26,YESBANK,20.08,20.06,20.23,-0.02,91.8822,0.8475,81952000.0,871142100.0,56446500.0
2025-06-26,ZYDUSLIFE,981.95,983.6,976.45,1.65,96.6897,-0.7269,297000.0,8580600.0,94500.0
2025-07-31,360ONE,1052.7,1051.0,1057.6,-1.7,72.4867,0.628,1809000.0,4756500.0,9500.0
2025-07-31,ABB,5510.0,5505.5,5525.0,-4.5,94.1762,0.3542,168875.0,2684625.0,46250.0
2025-07-31,ABCAPITAL,256.65,256.25,257.3,-0.4,96.1146,0.4098,2077000.0,50939200.0,440200.0
2025-07-31,ABFRL,72.87,72.84,73.22,-0.03,93.9002,0.5217,3239600.0,49870600.0,0.0
2025-07-31,ADANIENSOL,808.4,807.05,811.4,-1.35,96.2377,0.539,762750.0,19296225.0,214650.0
2025-07-31,ADANIENT,2430.7,2425.6,2440.1,-5.1,93.8945,0.5978,1176000.0,17916000.0,169200.0
2025-07-31,ADANIGREEN,984.7,983.3,988.2,-1.4,96.0618,0.4983,812400.0,19536600.0,279600.0
2025-07-31,ADANIPORTS,1373.1,1375.0,1380.9,1.9,94.2088,0.4291,1335225.0,20881475.0,839325.0
2025-07-31,ALKEM,5031.1,5020.5,5039.4,-10.6,94.6384,0.3765,64500.0,1132625.0,5875.0
2025-07-31,AMBER,7963.5,7962.0,7995.0,-1.5,94.9288,0.4145,26000.0,481800.0,4900.0
2025-07-31,AMBUJACEM,592.7,592.25,594.65,-0.45,94.4673,0.4052,1720950.0,29029350.0,354900.0
2025-07-31,ANGELONE,2600.8,2602.7,2611.8,1.9,84.0201,0.3496,406250.0,2048500.0,87500.0
2025-07-31,APLAPOLLO,1600.9,1598.4,1600.6,-2.5,89.6121,0.1376,565250.0,4792900.0,83300.0
2025-07-31,APOLLOHOSP,7498.0,7485.5,7517.5,-12.5,93.1666,0.4275,180000.0,2437875.0,16250.0
2025-07-31,ASHOKLEY,121.05,121.3,121.75,0.25,96.1207,0.371,3420000.0,83870000.0,870000.0
2025-07-31,ASIANPAINT,2396.1,2394.3,2404.6,-1.8,90.6238,0.4302,1436250.0,13645500.0,236250.0
2025-07-31,ASTRAL,1401.2,1401.9,1408.6,0.7,91.5832,0.4779,521475.0,5437450.0,236725.0
2025-07-31,ATGL,604.1,603.9,605.75,-0.2,82.2673,0.3063,810250.0,3759000.0,0.0
2025-07-31,AUBANK,741.5,742.55,746.05,1.05,95.9516,0.4713,796000.0,18615000.0,251000.0
2025-07-31,AUROPHARMA,1139.8,1143.6,1145.9,3.8,90.4953,0.2011,1951400.0,18492100.0,87450.0
2025-07-31,AXISBANK,1068.4,1068.9,1074.4,0.5,96.7276,0.5145,3285625.0,95781875.0,1337500.0
2025-07-31,BAJAJ-AUTO,8008.0,8002.0,8051.0,-6.0,92.5173,0.6123,221400.0,2689275.0,48150.0
2025-07-31,BAJAJFINSV,1948.0,1945.7,1954.2,-2.3,94.2394,0.4369,992500.0,16103500.0,133000.0
2025-07-31,BAJFINANCE,881.2,879.8,883.95,-1.4,97.1101,0.4717,2763750.0,89979750.0,2889750.0
2025-07-31,BANDHANBNK,168.08,168.13,167.52,0.05,96.447,-0.3628,3024000.0,79567200.0,2520000.0
2025-07-31,BANKBARODA,237.87,237.86,239.02,-0.01,95.0088,0.4877,5452200.0,102351600.0,1433250.0
2025-07-31,BANKINDIA,111.39,111.41,111.89,0.02,95.9058,0.4308,2740400.0,62316800.0,1877200.0
2025-07-31,BDL,1619.0,1618.9,1627.1,-0.1,92.5271,0.5065,313300.0,3795350.0,83850.0
2025-07-31,BEL,383.1,383.25,384.9,0.15,93.438,0.4305,8299200.0,114267900.0,3907350.0
2025-07-31,BHARATFORG,1169.1,1167.4,1171.5,-1.7,94.9393,0.3512,596500.0,11022000.0,168500.0
2025-07-31,BHARTIARTL,1914.3,1911.1,1921.7,-3.2,92.6884,0.5547,3514525.0,42769000.0,1784575.0
2025-07-31,BHEL,238.45,238.2,239.1,-0.25,93.4797,0.3778,3640875.0,50654625.0,1543500.0
2025-07-31,BIOCON,391.4,391.0,393.55,-0.4,92.7812,0.6522,2920000.0,37100000.0,430000.0
2025-07-31,BLUESTARCO,1738.1,1739.3,1743.9,1.2,88.9706,0.2645,156000.0,1178775.0,79625.0
2025-07-31,BOSCHLTD,40385.0,40310.0,40495.0,-75.0,91.8081,0.4589,29075.0,318650.0,7200.0
2025-07-31,BPCL,329.3,329.2,328.45,-0.1,78.2221,-0.2278,10412200.0,37128025.0,270575.0
2025-07-31,BRITANNIA,5771.0,5769.5,5727.0,-1.5,96.3959,-0.7366,114750.0,3061375.0,7750.0
2025-07-31,BSE,2427.4,2426.5,2437.6,-0.9,87.5022,0.4574,1564500.0,10527000.0,426750.0
2025-07-31,CAMS,3737.1,3741.8,3748.1,4.7,80.8281,0.1684,507000.0,2082600.0,54900.0
2025-07-31,CANBK,107.25,107.18,107.84,-0.07,87.0189,0.6158,33601500.0,220158000.0,5089500.0
2025-07-31,CDSL,1480.8,1481.0,1476.0,0.2,91.3052,-0.3376,888250.0,8774200.0,553375.0
2025-07-31,CESC,169.53,169.05,170.04,-0.48,92.8464,0.5856,1210750.0,15714375.0,0.0
2025-07-31,CGPOWER,661.7,659.7,664.2,-2.0,83.43,0.6821,3546200.0,17742050.0,113050.0
2025-07-31,CHOLAFIN,1443.2,1442.2,1426.8,-1.0,94.6705,-1.0678,742500.0,13004375.0,185000.0
2025-07-31,CIPLA,1554.6,1555.9,1560.8,1.3,95.992,0.3149,496125.0,11673750.0,208500.0
2025-07-31,COALINDIA,376.35,375.95,370.7,-0.4,87.7787,-1.3965,10071000.0,70599600.0,1734750.0
2025-07-31,COFORGE,1748.2,1743.2,1752.6,-5.0,92.5453,0.5392,1191000.0,14644500.0,141000.0
2025-07-31,COLPAL,2245.3,2244.3,2258.0,-1.0,96.2081,0.6104,217575.0,5325525.0,194850.0
2025-07-31,CONCOR,578.2,577.05,579.4,-1.15,93.7128,0.4072,1306250.0,18690000.0,780000.0
2025-07-31,CROMPTON,323.0,323.2,324.85,0.2,98.2459,0.5105,698400.0,38601000.0,514800.0
2025-07-31,CUMMINSIND,3555.5,3552.0,3575.6,-3.5,94.9469,0.6644,179000.0,3349000.0,14400.0
2025-07-31,CYIENT,1205.6,1207.3,1212.2,1.7,95.2232,0.4059,142375.0,2767600.0,70550.0
2025-07-31,DABUR,529.0,528.9,531.35,-0.1,94.5226,0.4632,943750.0,16073750.0,212500.0
2025-07-31,DALBHARAT,2235.4,2238.8,2245.9,3.4,84.9381,0.3171,478400.0,2684825.0,13000.0
2025-07-31,DELHIVERY,425.25,426.4,428.1,1.15,95.9571,0.3987,500075.0,11620000.0,249000.0
2025-07-31,DIVISLAB,6595.5,6589.5,6623.5,-6.0,97.9751,0.516,61400.0,2948400.0,22400.0
2025-07-31,DIXON,16841.0,16812.0,16890.0,-29.0,87.8093,0.464,189200.0,1333700.0,29100.0
2025-07-31,DLF,784.25,783.4,787.25,-0.85,95.1813,0.4914,1766325.0,34281225.0,608025.0
2025-07-31,DMART,4267.4,4273.0,4246.6,5.6,85.6719,-0.6178,877050.0,5185650.0,58500.0
2025-07-31,DRREDDY,1270.3,1271.3,1274.3,1.0,91.0182,0.236,1113125.0,11190000.0,90000.0
2025-07-31,EICHERMOT,5468.5,5460.5,5424.5,-8.0,93.1384,-0.6593,222600.0,3003175.0,18375.0
2025-07-31,ETERNAL,307.8,307.8,309.7,0.0,93.1358,0.6173,11807325.0,158524675.0,1680525.0
2025-07-31,EXIDEIND,384.3,383.7,385.7,-0.6,94.5586,0.5212,1234800.0,20763000.0,694800.0
2025-07-31,FEDERALBNK,202.43,202.76,202.5,0.33,91.7488,-0.1282,6950000.0,75770000.0,1510000.0
2025-07-31,FORTIS,857.45,859.15,861.25,1.7,90.9463,0.2444,942400.0,9399975.0,66650.0
2025-07-31,GAIL,177.68,177.21,177.36,-0.47,93.3474,0.0846,6536250.0,88893000.0,2822400.0
2025-07-31,GLENMARK,2134.1,2135.4,2145.3,1.3,88.9274,0.4636,910125.0,7212375.0,97125.0
2025-07-31,GMRAIRPORT,90.06,90.26,90.59,0.2,97.0118,0.3656,5747400.0,183993525.0,2594700.0
2025-07-31,GODREJCP,1259.0,1258.2,1259.9,-0.8,82.5251,0.1351,1973000.0,9292500.0,25000.0
2025-07-31,GODREJPROP,2102.9,2098.7,2109.3,-4.2,95.2053,0.5051,348700.0,6830450.0,93500.0
2025-07-31,GRANULES,474.9,474.35,476.8,-0.55,95.7766,0.5165,526750.0,11945400.0,0.0
2025-07-31,GRASIM,2746.4,2746.4,2752.8,0.0,96.815,0.233,425500.0,12911750.0,22250.0
2025-07-31,HAL,4533.9,4523.5,4536.5,-10.4,91.4966,0.2874,860100.0,8907900.0,346800.0
2025-07-31,HAVELLS,1500.6,1504.1,1509.4,3.5,93.9426,0.3524,536500.0,8217000.0,103500.0
2025-07-31,HCLTECH,1467.9,1468.1,1476.2,0.2,93.4806,0.5517,1372000.0,18849250.0,823550.0
2025-07-31,HDFCAMC,5650.0,5645.0,5637.5,-5.0,92.7857,-0.1329,186150.0,2362050.0,32100.0
2025-07-31,HDFCBANK,2018.2,2017.8,2028.7,-0.4,98.1154,0.5402,1992100.0,102663000.0,1051050.0
2025-07-31,HDFCLIFE,755.5,756.65,760.0,1.15,95.6895,0.4427,1293600.0,28508700.0,207900.0
2025-07-31,HEROMOTOCO,4260.7,4260.2,4225.0,-0.5,91.969,-0.8263,571800.0,6442350.0,105750.0
2025-07-31,HFCL,75.58,75.76,76.09,0.18,95.4374,0.4356,3979650.0,80695950.0,2547750.0
2025-07-31,HINDALCO,683.05,682.35,680.2,-0.7,95.096,-0.3151,2353400.0,45334800.0,301000.0
2025-07-31,HINDPETRO,418.45,418.5,418.45,0.05,85.1266,-0.0119,9385875.0,53494425.0,224775.0
2025-07-31,HINDUNILVR,2521.2,2516.3,2532.5,-4.9,86.1348,0.6438,2531100.0,15616200.0,107700.0
2025-07-31,HINDZINC,424.05,424.8,426.7,0.75,91.1207,0.4473,3036775.0,30573550.0,590450.0
2025-07-31,HUDCO,212.27,211.95,212.15,-0.32,91.9532,0.0944,2902650.0,32029050.0,1140525.0
2025-07-31,ICICIBANK,1481.4,1479.3,1477.4,-2.1,96.0827,-0.1284,3841600.0,93604000.0,623000.0
2025-07-31,ICICIGI,1927.0,1929.6,1938.2,2.6,90.8871,0.4457,489775.0,4859400.0,25350.0
2025-07-31,ICICIPRULI,615.95,615.7,618.3,-0.25,91.4334,0.4223,1265400.0,13399550.0,106375.0
2025-07-31,IDEA,6.91,6.89,6.93,-0.02,97.4844,0.5806,137517900.0,5164640550.0,164392500.0
2025-07-31,IDFCFIRSTB,68.76,68.81,69.15,0.05,96.3813,0.4941,14237125.0,364841400.0,14357700.0
2025-07-31,IEX,135.3,135.33,136.07,0.03,77.1421,0.5468,10173750.0,32141250.0,2193750.0
2025-07-31,IGL,205.04,204.73,203.9,-0.31,92.6348,-0.4054,1190750.0,13596000.0,1380500.0
2025-07-31,IIFL,477.9,477.85,478.7,-0.05,95.991,0.1779,556050.0,13239600.0,74250.0
2025-07-31,INDHOTEL,740.75,739.1,743.2,-1.65,97.1241,0.5547,824000.0,27380000.0,448000.0
2025-07-31,INDIANB,621.7,620.35,622.6,-1.35,95.6895,0.3627,326000.0,7132000.0,105000.0
2025-07-31,INDIGO,5910.5,5897.0,5880.5,-13.5,92.7813,-0.2798,556800.0,7066050.0,90450.0
2025-07-31,INDUSINDBK,798.9,798.7,803.7,-0.2,94.8712,0.626,2640400.0,48033300.0,807800.0
2025-07-31,INDUSTOWER,363.0,362.75,364.2,-0.25,94.0822,0.3997,3978000.0,62588900.0,654500.0
2025-07-31,INFY,1509.0,1510.0,1515.0,1.0,90.6102,0.3311,7051200.0,64422000.0,3620800.0
2025-07-31,INOXWIND,150.73,150.66,151.53,-0.07,75.374,0.5775,9102704.0,27013632.0,847448.0
2025-07-31,IOC,145.62,145.56,146.04,-0.06,71.3883,0.3298,27719250.0,67099500.0,2062125.0
2025-07-31,IRB,45.07,45.03,45.27,-0.04,93.5967,0.533,5639025.0,82425500.0,0.0
2025-07-31,IRCTC,726.05,724.65,728.3,-1.4,92.2682,0.5037,1187375.0,13428625.0,741125.0
2025-07-31,IREDA,147.38,147.16,147.67,-0.22,91.8254,0.3466,3301650.0,34058400.0,3029100.0
2025-07-31,IRFC,128.35,128.0,128.44,-0.35,88.9413,0.3437,5185000.0,38687750.0,3013250.0
2025-07-31,ITC,411.95,410.9,413.15,-1.05,95.7284,0.5476,4601600.0,97694400.0,5428800.0
2025-07-31,JINDALSTEL,965.0,964.85,965.75,-0.15,68.8265,0.0933,5271250.0,11558750.0,79375.0
2025-07-31,JIOFIN,329.25,329.45,330.9,0.2,96.2171,0.4401,4305200.0,105096700.0,4406250.0
2025-07-31,JSL,694.1,692.7,695.7,-1.4,69.1114,0.4331,2029800.0,4541550.0,0.0
2025-07-31,JSWENERGY,515.05,514.35,517.8,-0.7,90.8502,0.6707,4180000.0,41290000.0,214000.0
2025-07-31,JSWSTEEL,1048.3,1047.0,1052.8,-1.3,94.3407,0.554,2252475.0,37444275.0,104625.0
2025-07-31,JUBLFOOD,655.5,654.75,657.95,-0.75,96.3524,0.4887,750000.0,19655000.0,156250.0
2025-07-31,KALYANKJIL,594.7,594.85,596.7,0.15,92.5596,0.311,1609750.0,19245325.0,780200.0
2025-07-31,KAYNES,6172.0,6179.0,6211.0,7.0,89.6341,0.5179,79600.0,675800.0,12500.0
2025-07-31,KEI,3844.2,3853.3,3866.8,9.1,80.7532,0.3503,210175.0,868875.0,12950.0
2025-07-31,KFINTECH,1082.9,1084.3,1081.4,1.4,96.2512,-0.2675,88650.0,2223000.0,53100.0
2025-07-31,KOTAKBANK,1978.6,1978.6,1990.3,0.0,89.9783,0.5913,3567600.0,31554400.0,476800.0
2025-07-31,KPITTECH,1226.5,1226.0,1228.9,-0.5,90.326,0.2365,477200.0,4308400.0,147200.0
2025-07-31,LAURUSLABS,874.35,876.7,878.0,2.35,70.0024,0.1483,6482100.0,14485700.0,640900.0
2025-07-31,LICHSGFIN,586.05,586.05,581.85,0.0,84.1008,-0.7167,6046000.0,23607000.0,8374000.0
2025-07-31,LICI,895.0,894.75,898.5,-0.25,83.4424,0.4191,1292900.0,6247500.0,268100.0
2025-07-31,LODHA,1231.6,1231.4,1235.2,-0.2,87.9836,0.3086,1249650.0,9012600.0,137250.0
2025-07-31,LT,3636.5,3630.2,3650.5,-6.3,88.892,0.5592,2024575.0,15558025.0,643650.0
2025-07-31,LTF,202.58,202.72,203.68,0.14,94.4491,0.4736,2953844.0,48863362.0,1396606.0
2025-07-31,LTIM,5106.0,5104.0,5109.0,-2.0,95.3971,0.098,120150.0,2450700.0,39450.0
2025-07-31,LUPIN,1929.1,1925.3,1935.1,-3.8,97.2743,0.509,323000.0,11462675.0,64600.0
2025-07-31,M&M,3203.1,3196.0,3215.6,-7.1,98.6701,0.6133,314600.0,22357800.0,982800.0
2025-07-31,MANAPPURAM,253.05,253.35,254.4,0.3,88.4871,0.4144,2703000.0,20547000.0,228000.0
2025-07-31,MANKIND,2567.2,2572.2,2567.6,5.0,89.2532,-0.1788,193950.0,1595025.0,15750.0
2025-07-31,MARICO,709.8,708.15,705.25,-1.65,97.9746,-0.4095,433200.0,20872800.0,82800.0
2025-07-31,MARUTI,12608.0,12624.0,12551.0,16.0,97.7077,-0.5783,72350.0,3064600.0,19300.0
2025-07-31,MAXHEALTH,1246.0,1244.4,1251.5,-1.6,87.514,0.5706,1523550.0,10587675.0,90825.0
2025-07-31,MAZDOCK,2771.3,2764.3,2779.0,-7.0,93.1563,0.5318,225050.0,2963450.0,99925.0
2025-07-31,MCX,7693.0,7682.5,7697.5,-10.5,87.5949,0.1952,322625.0,2243625.0,34500.0
2025-07-31,MFSL,1501.5,1497.2,1507.0,-4.3,85.0124,0.6546,920000.0,5191200.0,27200.0
2025-07-31,MOTHERSON,97.17,97.07,97.68,-0.1,94.471,0.6284,9114300.0,152809050.0,2921250.0
2025-07-31,MPHASIS,2790.2,2789.8,2799.0,-0.4,88.8762,0.3298,509575.0,4043875.0,27500.0
2025-07-31,MUTHOOTFIN,2612.3,2605.2,2620.0,-7.1,61.5393,0.5681,1956900.0,3109975.0,21175.0
2025-07-31,NATIONALUM,185.06,185.0,185.9,-0.06,94.7942,0.4865,3495000.0,61953750.0,1687500.0
2025-07-31,NAUKRI,1392.3,1394.6,1399.1,2.3,93.2861,0.3227,792000.0,10957875.0,46500.0
2025-07-31,NBCC,108.18,108.11,108.67,-0.07,87.7615,0.518,7416500.0,51226500.0,1956500.0
2025-07-31,NCC,217.72,217.38,217.26,-0.34,91.4098,-0.0552,1271700.0,13032900.0,499500.0
2025-07-31,NESTLEIND,2247.7,2246.3,2257.8,-1.4,94.6396,0.512,590500.0,10270500.0,155000.0
2025-07-31,NHPC,83.25,83.16,83.24,-0.09,77.451,0.0962,14867200.0,49785600.0,1280000.0
2025-07-31,NMDC,70.8,70.78,70.04,-0.02,87.7778,-1.0455,33412500.0,199800000.0,40162500.0
2025-07-31,NTPC,334.25,334.55,335.8,0.3,95.8075,0.3736,4515000.0,101938500.0,1239000.0
2025-07-31,NYKAA,209.62,209.68,210.38,0.06,88.6634,0.3338,5987500.0,46418750.0,409375.0
2025-07-31,OBEROIRLTY,1630.1,1630.7,1639.4,0.6,89.4364,0.5335,600950.0,5023200.0,64750.0
2025-07-31,OFSS,8475.0,8472.5,8507.5,-2.5,90.3879,0.4131,105750.0,974850.0,19575.0
2025-07-31,OIL,440.0,439.25,440.8,-0.75,79.2807,0.3529,2669800.0,10122000.0,93800.0
2025-07-31,ONGC,241.0,240.85,240.99,-0.15,88.5284,0.0581,11328750.0,85081500.0,2344500.0
2025-07-31,PAGEIND,48805.0,48910.0,46140.0,105.0,88.7242,-5.6635,35595.0,278745.0,1335.0
2025-07-31,PATANJALI,1874.0,1870.3,1881.1,-3.7,89.8254,0.5774,1119000.0,9858600.0,20400.0
2025-07-31,PAYTM,1089.25,1086.55,1093.1,-2.7,90.2041,0.6028,2411350.0,21985625.0,218950.0
2025-07-31,PERSISTENT,5160.5,5157.5,5177.5,-3.0,87.796,0.3878,412300.0,2890800.0,75300.0
2025-07-31,PETRONET,288.2,288.5,289.8,0.3,92.7626,0.4506,2934000.0,37360800.0,244800.0
2025-07-31,PFC,409.95,409.4,408.95,-0.55,88.7903,-0.1099,6143800.0,40116700.0,8547500.0
2025-07-31,PGEL,811.65,811.95,817.6,0.3,97.1056,0.6959,205100.0,6827800.0,53200.0
2025-07-31,PHOENIXLTD,1484.0,1485.2,1490.9,1.2,86.2227,0.3838,640850.0,3990700.0,19950.0
2025-07-31,PIDILITIND,2869.8,2873.7,2885.6,3.9,94.9657,0.4141,176250.0,3305750.0,19000.0
2025-07-31,PIIND,4250.9,4257.2,4255.0,6.3,96.5693,-0.0517,55475.0,1554350.0,7175.0
2025-07-31,PNB,105.38,105.29,105.72,-0.09,92.3224,0.4084,21272000.0,247440000.0,8352000.0
2025-07-31,PNBHOUSING,986.2,986.4,986.2,0.2,89.6545,-0.0203,1051050.0,9008350.0,100100.0
2025-07-31,POLICYBZR,1812.1,1810.5,1820.0,-1.6,93.7003,0.5247,521150.0,7728350.0,23100.0
2025-07-31,POLYCAB,6821.0,6800.0,6837.0,-21.0,92.9364,0.5441,139250.0,1800125.0,32000.0
2025-07-31,POONAWALLA,422.3,422.2,423.95,-0.1,82.0297,0.4145,2507500.0,11446100.0,0.0
2025-07-31,POWERGRID,291.0,291.7,291.9,0.7,89.1128,0.0686,8580400.0,68253700.0,1977900.0
2025-07-31,PPLPHARMA,197.03,196.76,197.66,-0.27,90.6663,0.4574,1502500.0,14150000.0,445000.0
2025-07-31,PRESTIGE,1626.5,1624.6,1629.6,-1.9,94.9238,0.3078,275850.0,5109750.0,48600.0
2025-07-31,RBLBANK,266.83,266.97,268.43,0.14,93.3038,0.5469,5429250.0,74799825.0,850900.0
2025-07-31,RECLTD,395.2,394.95,390.1,-0.25,95.8311,-1.228,3581475.0,80457600.0,1870425.0
2025-07-31,RELIANCE,1390.2,1390.6,1393.9,0.4,95.3616,0.2373,5830500.0,107228000.0,12641500.0
2025-07-31,RVNL,348.15,347.1,348.75,-1.05,88.201,0.4754,2033625.0,14562625.0,639375.0
2025-07-31,SAIL,124.2,123.94,124.4,-0.26,95.1304,0.3711,8102800.0,131506000.0,26785300.0
2025-07-31,SBICARD,807.4,807.3,808.9,-0.1,91.559,0.1982,1291200.0,13474400.0,531200.0
2025-07-31,SBILIFE,1840.6,1841.0,1849.6,0.4,94.4168,0.4671,416250.0,7002375.0,36750.0
2025-07-31,SBIN,796.55,796.25,801.1,-0.3,92.2425,0.6091,9378000.0,109400250.0,2111250.0
2025-07-31,SHREECEM,30810.0,30870.0,30880.0,60.0,94.5971,0.0324,14400.0,251325.0,800.0
2025-07-31,SHRIRAMFIN,630.85,630.45,634.25,-0.4,96.0216,0.6027,1580700.0,36738075.0,1413225.0
2025-07-31,SIEMENS,3033.5,3026.3,3044.6,-7.2,93.2468,0.6047,152875.0,2052750.0,58125.0
2025-07-31,SJVN,93.62,93.62,94.03,0.0,85.8392,0.4379,3331125.0,20192375.0,0.0
2025-07-31,SOLARINDS,14220.0,14177.0,14242.0,-43.0,86.3955,0.4585,131175.0,800325.0,32700.0
2025-07-31,SONACOMS,449.55,451.1,451.15,1.55,86.9112,0.0111,3057600.0,19818750.0,484050.0
2025-07-31,SRF,3040.8,3035.1,3052.0,-5.7,96.158,0.5568,154800.0,3841600.0,32800.0
2025-07-31,SUNPHARMA,1706.7,1708.1,1713.9,1.4,86.712,0.3396,2965200.0,19228650.0,121100.0
2025-07-31,SUPREMEIND,4306.9,4299.7,4323.5,-7.2,93.0881,0.5535,103600.0,1383025.0,12250.0
2025-07-31,SYNGENE,714.0,713.25,716.5,-0.75,95.2428,0.4557,435000.0,8603000.0,106000.0
2025-07-31,TATACHEM,982.5,982.85,986.55,0.35,88.3788,0.3765,965900.0,7198750.0,146900.0
2025-07-31,TATACONSUM,1073.2,1071.3,1076.4,-1.9,96.7125,0.4761,493350.0,14403400.0,110000.0
2025-07-31,TATAELXSI,6093.5,6104.5,6009.5,11.0,96.0849,-1.5562,82800.0,2010700.0,21400.0
2025-07-31,TATAMOTORS,665.95,664.35,668.4,-1.6,95.0727,0.6096,4037600.0,74623200.0,3283200.0
2025-07-31,TATAPOWER,397.75,397.55,399.7,-0.2,96.5827,0.5408,2512850.0,69528950.0,1492050.0
2025-07-31,TATASTEEL,157.94,157.88,158.42,-0.06,87.0359,0.342,26944500.0,175103500.0,5791500.0
2025-07-31,TATATECH,702.25,701.75,706.0,-0.5,95.258,0.6056,518400.0,9688000.0,725600.0
2025-07-31,TCS,3036.8,3033.5,3051.9,-3.3,92.0258,0.6066,2501450.0,26630975.0,2236675.0
2025-07-31,TECHM,1463.7,1462.8,1469.4,-0.9,89.3509,0.4512,1974600.0,15948000.0,619800.0
2025-07-31,TIINDIA,2840.7,2835.2,2852.7,-5.5,92.0596,0.6172,148200.0,1706600.0,11600.0
2025-07-31,TITAGARH,860.15,860.95,864.7,0.8,93.9307,0.4356,445875.0,6763525.0,137025.0
2025-07-31,TITAN,3347.3,3341.8,3359.1,-5.5,95.1051,0.5177,503825.0,9529625.0,259350.0
2025-07-31,TORNTPHARM,3741.9,3748.1,3754.4,6.2,84.9633,0.1681,409750.0,2291750.0,23500.0
2025-07-31,TORNTPOWER,1310.0,1310.5,1317.8,0.5,94.4092,0.557,148875.0,2486250.0,27750.0
2025-07-31,TRENT,5018.0,5018.0,5040.5,0.0,88.8768,0.4484,889100.0,6902500.0,201600.0
2025-07-31,TVSMOTOR,2801.8,2799.9,2806.1,-1.9,83.4828,0.2214,1470000.0,7374150.0,55650.0
2025-07-31,ULTRACEMCO,12249.0,12283.0,12320.0,34.0,98.181,0.3012,46650.0,2509000.0,9000.0
2025-07-31,UNIONBANK,130.96,130.85,131.63,-0.11,81.0705,0.5961,18169050.0,75862200.0,1951425.0
2025-07-31,UNITDSPR,1340.2,1337.9,1338.0,-2.3,94.865,0.0075,872000.0,15856400.0,253200.0
2025-07-31,UNOMINDA,1041.4,1043.3,1047.7,1.9,85.7005,0.4217,325050.0,1931050.0,17050.0
2025-07-31,UPL,703.8,703.7,707.55,-0.1,91.7211,0.5471,2990485.0,31984775.0,1146330.0
2025-07-31,VBL,522.6,522.75,523.9,0.15,90.6856,0.22,3588525.0,34537375.0,400775.0
2025-07-31,VEDL,425.65,424.85,426.6,-0.8,93.7444,0.4119,5255500.0,77597400.0,1159200.0
2025-07-31,VOLTAS,1327.7,1329.7,1314.5,2.0,85.9132,-1.1431,1600875.0,9597375.0,166125.0
2025-07-31,WIPRO,248.3,248.2,248.25,-0.1,92.8434,0.0201,8349000.0,105633000.0,2679000.0
2025-07-31,YESBANK,18.92,18.9,19.03,-0.02,87.9524,0.6878,133636700.0,926375700.0,49231300.0
2025-07-31,ZYDUSLIFE,969.8,967.85,972.8,-1.95,94.9836,0.5114,454500.0,8451000.0,154800.0
2025-08-28,360ONE,1043.9,1043.8,1046.3,-0.1,64.6059,0.2395,1843500.0,3353500.0,11500.0
2025-08-28,ABB,5000.5,4994.0,5018.0,-6.5,94.9168,0.4806,149625.0,2704875.0,89000.0
2025-08-28,ABCAPITAL,277.45,276.6,278.6,-0.85,94.4094,0.7231,2638100.0,43871200.0,678900.0
2025-08-28,ADANIENSOL,770.95,770.35,774.05,-0.6,96.1041,0.4803,780300.0,19095750.0,152550.0
2025-08-28,ADANIENT,2275.1,2273.4,2287.1,-1.7,93.5284,0.6026,1080000.0,15258600.0,349800.0
2025-08-28,ADANIGREEN,921.15,919.35,925.3,-1.8,97.0428,0.6472,553200.0,17887200.0,266400.0
2025-08-28,ADANIPORTS,1315.4,1317.4,1324.0,2.0,93.5259,0.501,1583175.0,22382475.0,488300.0
2025-08-28,ALKEM,5376.0,5368.0,5397.5,-8.0,96.4112,0.5496,56250.0,1504500.0,6625.0
2025-08-28,AMBER,7254.0,7229.5,7279.5,-24.5,79.1062,0.6916,161300.0,607000.0,3700.0
2025-08-28,AMBUJACEM,561.8,560.3,563.4,-1.5,96.3524,0.5533,1114050.0,28994700.0,433650.0
2025-08-28,ANGELONE,2259.5,2257.9,2275.2,-1.6,91.7889,0.7662,298000.0,3142000.0,189250.0
2025-08-28,APLAPOLLO,1600.3,1599.1,1607.0,-1.2,95.2246,0.494,329700.0,6557950.0,16450.0
2025-08-28,APOLLOHOSP,7728.0,7732.0,7778.5,4.0,89.8535,0.6014,312625.0,2737875.0,30625.0
2025-08-28,ASHOKLEY,129.8,129.6,130.26,-0.2,95.7809,0.5093,4580000.0,103055000.0,920000.0
2025-08-28,ASIANPAINT,2489.1,2488.6,2503.6,-0.5,91.7154,0.6027,1247500.0,13634000.0,176500.0
2025-08-28,ASTRAL,1361.8,1358.2,1365.9,-3.6,97.1065,0.5669,217600.0,7065625.0,237150.0
2025-08-28,AUBANK,729.25,729.85,733.65,0.6,97.1389,0.5207,555000.0,18444000.0,399000.0
2025-08-28,AUROPHARMA,1026.4,1025.8,1033.5,-0.6,96.2061,0.7506,750750.0,18817150.0,220550.0
2025-08-28,AXISBANK,1051.9,1051.1,1058.4,-0.8,95.9521,0.6945,4370000.0,98322500.0,5263750.0
2025-08-28,BAJAJ-AUTO,8689.5,8692.0,8710.0,2.5,93.4168,0.2071,176325.0,2473350.0,28725.0
2025-08-28,BAJAJFINSV,1917.6,1919.0,1926.2,1.4,97.1041,0.3752,507500.0,16812000.0,205500.0
2025-08-28,BAJFINANCE,876.85,874.85,880.7,-2.0,97.5746,0.6687,2334750.0,89779500.0,4149000.0
2025-08-28,BANDHANBNK,162.93,162.65,163.6,-0.28,96.7876,0.5841,2527200.0,73314000.0,2829600.0
2025-08-28,BANKBARODA,233.24,232.93,234.33,-0.31,97.2317,0.601,3255525.0,112703175.0,1640925.0
2025-08-28,BANKINDIA,110.27,110.19,110.79,-0.08,97.8823,0.5445,1175200.0,52442000.0,1877200.0
2025-08-28,BDL,1428.9,1428.5,1437.4,-0.4,95.4311,0.623,255775.0,5198700.0,143650.0
2025-08-28,BEL,363.85,363.25,365.2,-0.6,94.669,0.5368,6506550.0,111742800.0,3801900.0
2025-08-28,BHARATFORG,1124.6,1123.7,1128.5,-0.9,81.1152,0.4272,2569000.0,10890000.0,144500.0
2025-08-28,BHARTIARTL,1881.1,1879.7,1892.2,-1.4,95.1666,0.665,2294725.0,42250300.0,2931225.0
2025-08-28,BHEL,208.5,208.64,209.7,0.14,94.6832,0.5081,3504375.0,59952375.0,2454375.0
2025-08-28,BIOCON,353.25,353.3,355.25,0.05,95.9787,0.5519,1680000.0,39537500.0,560000.0
2025-08-28,BLUESTARCO,1880.1,1883.9,1890.5,3.8,91.3588,0.3503,134550.0,1400100.0,22425.0
2025-08-28,BOSCHLTD,39225.0,39105.0,39370.0,-120.0,87.9131,0.6777,36025.0,259325.0,2700.0
2025-08-28,BPCL,310.7,311.15,312.8,0.45,86.1117,0.5303,5304850.0,32540100.0,351550.0
2025-08-28,BRITANNIA,5721.0,5725.5,5752.5,4.5,96.055,0.4716,139125.0,3373625.0,13875.0
2025-08-28,BSE,2178.4,2175.2,2188.6,-3.2,84.9013,0.616,2169000.0,11669625.0,526875.0
2025-08-28,CAMS,3657.7,3650.0,3668.4,-7.7,94.3364,0.5041,124050.0,2019750.0,46500.0
2025-08-28,CANBK,104.63,104.66,105.22,0.03,97.2836,0.5351,6426000.0,224410500.0,5730750.0
2025-08-28,CDSL,1452.0,1450.6,1457.6,-1.4,94.6117,0.4826,534850.0,8819800.0,571425.0
2025-08-28,CGPOWER,664.0,662.95,666.55,-1.05,98.2036,0.543,317900.0,17121550.0,256700.0
2025-08-28,CHOLAFIN,1439.8,1440.7,1447.8,0.9,97.3437,0.4928,311250.0,11313125.0,93125.0
2025-08-28,CIPLA,1580.3,1579.1,1586.2,-1.2,92.2873,0.4496,904125.0,10788375.0,30000.0
2025-08-28,COALINDIA,374.3,373.85,376.0,-0.45,95.3888,0.5751,3460050.0,70100100.0,1475550.0
2025-08-28,COFORGE,1737.2,1737.0,1742.0,-0.2,92.641,0.2879,882750.0,11012625.0,100125.0
2025-08-28,COLPAL,2262.7,2263.3,2275.8,0.6,94.2049,0.5523,301500.0,4766625.0,134550.0
2025-08-28,CONCOR,528.85,527.85,530.8,-1.0,95.3149,0.5589,1063750.0,20636250.0,1005000.0
2025-08-28,CROMPTON,324.05,323.35,325.2,-0.7,98.9087,0.5721,459000.0,41157000.0,442800.0
2025-08-28,CUMMINSIND,3835.2,3831.1,3830.2,-4.1,92.1488,-0.0235,263800.0,3083800.0,12400.0
2025-08-28,CYIENT,1176.6,1175.0,1181.1,-1.6,96.3168,0.5191,96050.0,2463300.0,48450.0
2025-08-28,DABUR,513.85,513.5,517.0,-0.35,95.8909,0.6816,858750.0,19795000.0,245000.0
2025-08-28,DALBHARAT,2351.4,2356.9,2366.0,5.5,62.7745,0.3861,1305525.0,2188875.0,12675.0
2025-08-28,DELHIVERY,469.15,470.25,472.05,1.1,93.7283,0.3828,863200.0,12684475.0,215800.0
2025-08-28,DIVISLAB,6132.0,6119.0,6149.0,-13.0,94.7716,0.4903,136000.0,2442200.0,23000.0
2025-08-28,DIXON,16677.0,16664.0,16768.0,-13.0,96.9396,0.6241,48900.0,1521800.0,27150.0
2025-08-28,DLF,749.45,747.55,751.85,-1.9,95.695,0.5752,1603800.0,34919775.0,730950.0
2025-08-28,DMART,4699.9,4688.7,4655.9,-11.2,86.1267,-0.6996,790050.0,4883100.0,21600.0
2025-08-28,DRREDDY,1260.0,1259.0,1252.3,-1.0,92.1966,-0.5322,1046875.0,12296250.0,72500.0
2025-08-28,EICHERMOT,6133.0,6124.5,6163.5,-8.5,87.7673,0.6368,598675.0,4095175.0,200200.0
2025-08-28,ETERNAL,315.5,315.25,316.9,-0.25,97.9083,0.5234,5398050.0,250963250.0,1707200.0
2025-08-28,EXIDEIND,394.0,392.95,395.35,-1.05,95.132,0.6108,1533600.0,29264400.0,705600.0
2025-08-28,FEDERALBNK,191.76,191.91,192.88,0.15,85.5914,0.5054,15405000.0,89990000.0,1520000.0
2025-08-28,FORTIS,911.4,908.95,915.0,-2.45,91.8806,0.6656,845525.0,9499950.0,68200.0
2025-08-28,GAIL,171.22,171.1,172.02,-0.12,92.8877,0.5377,7856100.0,100192050.0,2409750.0
2025-08-28,GLENMARK,1936.9,1932.6,1942.6,-4.3,96.688,0.5174,259875.0,7534875.0,51750.0
2025-08-28,GMRAIRPORT,86.43,86.34,86.83,-0.09,97.5478,0.5675,4603500.0,180631575.0,2497050.0
2025-08-28,GODREJCP,1250.6,1252.6,1255.4,2.0,78.3613,0.2235,1699500.0,6127000.0,27500.0
2025-08-28,GODREJPROP,1984.6,1979.1,1990.8,-5.5,96.3069,0.5912,286825.0,7274025.0,205700.0
2025-08-28,GRASIM,2784.3,2783.4,2800.0,-0.9,99.161,0.5964,109500.0,12919500.0,21750.0
2025-08-28,HAL,4344.7,4346.4,4370.5,1.7,95.1185,0.5545,492900.0,9134250.0,470100.0
2025-08-28,HAVELLS,1519.5,1519.6,1527.5,0.1,97.4233,0.5199,233000.0,8751500.0,58000.0
2025-08-28,HCLTECH,1449.8,1448.4,1456.0,-1.4,95.9785,0.5247,780150.0,17956050.0,663250.0
2025-08-28,HDFCAMC,5582.0,5586.0,5621.5,4.0,76.4666,0.6355,622800.0,1996500.0,27150.0
2025-08-28,HDFCBANK,957.8,957.8,964.0,0.0,98.0689,0.6473,4523200.0,199950300.0,29759400.0
2025-08-28,HDFCLIFE,775.35,774.95,778.8,-0.4,93.0076,0.4968,1931600.0,25525500.0,167200.0
2025-08-28,HEROMOTOCO,5091.7,5104.9,5107.8,13.2,83.0349,0.0568,1095600.0,5143800.0,218550.0
2025-08-28,HFCL,69.71,69.56,69.84,-0.15,96.7451,0.4025,3373350.0,97214400.0,3050850.0
2025-08-28,HINDALCO,701.4,699.3,703.85,-2.1,94.9815,0.6507,2753800.0,50254400.0,1864800.0
2025-08-28,HINDPETRO,381.75,381.5,384.05,-0.25,83.8843,0.6684,9033525.0,46058625.0,961875.0
2025-08-28,HINDUNILVR,2654.4,2649.3,2664.6,-5.1,89.1118,0.5775,1833600.0,14646600.0,360000.0
2025-08-28,HINDZINC,421.7,421.45,423.85,-0.25,97.1065,0.5695,818300.0,26867925.0,594125.0
2025-08-28,HUDCO,204.87,204.7,204.8,-0.17,96.4424,0.0489,1198800.0,31862550.0,635475.0
2025-08-28,ICICIBANK,1399.1,1400.9,1408.1,1.8,97.9887,0.514,2198000.0,99736700.0,7350000.0
2025-08-28,ICICIGI,1860.3,1862.4,1870.8,2.1,96.2951,0.451,192725.0,4984850.0,24375.0
2025-08-28,ICICIPRULI,609.55,609.75,612.65,0.2,90.8111,0.4756,1150700.0,11252625.0,119325.0
2025-08-28,IDEA,6.57,6.57,6.6,0.0,98.0498,0.4566,110786250.0,5372847225.0,196985100.0
2025-08-28,IDFCFIRSTB,68.05,68.12,68.54,0.07,98.2312,0.6166,7735350.0,413498050.0,16092125.0
2025-08-28,IEX,139.75,139.77,140.42,0.02,74.3396,0.465,11947500.0,33483750.0,1128750.0
2025-08-28,IGL,206.68,206.5,205.95,-0.18,78.36,-0.2663,4202000.0,14399000.0,816750.0
2025-08-28,IIFL,436.2,435.5,437.6,-0.7,96.6637,0.4822,433950.0,12464100.0,108900.0
2025-08-28,INDHOTEL,765.15,764.7,769.9,-0.45,97.4393,0.68,652000.0,24485000.0,325000.0
2025-08-28,INDIANB,652.85,652.2,648.55,-0.65,93.9461,-0.5596,384000.0,5932000.0,27000.0
2025-08-28,INDIGO,5726.5,5731.5,5747.5,5.0,94.7554,0.2792,482550.0,8625000.0,93300.0
2025-08-28,INDUSINDBK,746.6,747.15,751.1,0.55,94.6082,0.5287,2882600.0,49702100.0,877800.0
2025-08-28,INDUSTOWER,335.6,335.8,337.65,0.2,97.0821,0.5509,2361300.0,77589700.0,972400.0
2025-08-28,INFY,1500.1,1501.5,1508.6,1.4,94.9091,0.4729,3778800.0,69349200.0,1098800.0
2025-08-28,INOXWIND,136.98,136.83,137.57,-0.15,88.3526,0.5408,5447880.0,40049280.0,1276080.0
2025-08-28,IOC,138.49,138.4,139.29,-0.09,91.8012,0.6431,6064500.0,66251250.0,1652625.0
2025-08-28,IRCTC,699.65,698.6,702.15,-1.05,95.1118,0.5082,798000.0,14364000.0,1162875.0
2025-08-28,IREDA,141.03,140.86,141.29,-0.17,95.0905,0.3053,1759500.0,30915450.0,3163650.0
2025-08-28,IRFC,118.58,118.54,119.14,-0.04,91.416,0.5062,3820750.0,37506250.0,3183250.0
2025-08-28,ITC,400.9,400.3,402.95,-0.6,92.1162,0.662,8512000.0,95243200.0,4212800.0
2025-08-28,JINDALSTEL,964.7,964.15,967.05,-0.55,96.2329,0.3008,491250.0,12489375.0,60000.0
2025-08-28,JIOFIN,310.1,310.45,312.1,0.35,95.229,0.5315,5710500.0,108687500.0,5294550.0
2025-08-28,JSWENERGY,497.65,497.05,499.7,-0.6,98.2196,0.5331,723000.0,39526000.0,360000.0
2025-08-28,JSWSTEEL,1035.8,1036.7,1042.8,0.9,98.8542,0.5884,481275.0,41430825.0,92475.0
2025-08-28,JUBLFOOD,635.55,635.05,637.7,-0.5,93.1059,0.4173,1700000.0,22822500.0,136250.0
2025-08-28,KALYANKJIL,510.15,511.0,511.3,0.85,83.5231,0.0587,4405075.0,21804475.0,525225.0
2025-08-28,KAYNES,6195.0,6182.5,6222.5,-12.5,95.5021,0.647,40800.0,855700.0,10600.0
2025-08-28,KEI,3863.0,3852.4,3873.0,-10.6,83.099,0.5347,183050.0,895475.0,4550.0
2025-08-28,KFINTECH,1050.0,1048.7,1053.0,-1.3,96.6617,0.41,50850.0,1438200.0,34200.0
2025-08-28,KOTAKBANK,1944.7,1944.9,1958.5,0.2,91.2287,0.6993,3584800.0,34640000.0,2644800.0
2025-08-28,KPITTECH,1184.4,1181.5,1184.9,-2.9,91.4127,0.2878,340400.0,3509600.0,114000.0
2025-08-28,LAURUSLABS,862.0,862.35,866.9,0.35,91.5618,0.5276,1208700.0,12838400.0,277100.0
2025-08-28,LICHSGFIN,547.35,547.15,550.75,-0.2,89.3732,0.658,3469000.0,28450000.0,725000.0
2025-08-28,LICI,869.5,870.0,860.25,0.5,86.5206,-1.1207,1197000.0,7362600.0,320600.0
2025-08-28,LODHA,1208.2,1208.2,1215.4,0.0,97.8889,0.5959,182700.0,8414550.0,57150.0
2025-08-28,LT,3560.1,3554.5,3573.7,-5.6,95.347,0.5402,719950.0,14258475.0,494375.0
2025-08-28,LTF,216.44,216.38,217.55,-0.06,79.2738,0.5407,10035038.0,37708362.0,673762.0
2025-08-28,LTIM,5123.0,5128.0,5105.0,5.0,94.6635,-0.4485,126300.0,2212200.0,28200.0
2025-08-28,LUPIN,1902.4,1897.9,1909.0,-4.5,96.5626,0.5849,379525.0,10579950.0,81600.0
2025-08-28,M&M,3295.3,3302.3,3312.9,7.0,96.7745,0.321,615000.0,17651200.0,800800.0
2025-08-28,MANAPPURAM,263.0,262.9,264.35,-0.1,94.1314,0.5515,1584000.0,25146000.0,261000.0
2025-08-28,MANKIND,2474.1,2472.5,2489.2,-1.6,97.0314,0.6754,55800.0,1808100.0,15750.0
2025-08-28,MARICO,711.6,709.8,713.85,-1.8,98.7726,0.5706,332400.0,26684400.0,64800.0
2025-08-28,MARUTI,14752.0,14718.0,14813.0,-34.0,63.3775,0.6455,1751250.0,2982950.0,47700.0
2025-08-28,MAXHEALTH,1160.2,1160.3,1166.6,0.1,96.2798,0.543,507675.0,13057800.0,80850.0
2025-08-28,MAZDOCK,2628.1,2626.3,2639.7,-1.8,95.8111,0.5102,144550.0,3215450.0,90825.0
2025-08-28,MCX,7401.5,7388.5,7426.0,-13.0,92.1111,0.5075,179375.0,2041875.0,52500.0
2025-08-28,MFSL,1608.7,1608.7,1616.2,0.0,95.6087,0.4662,207200.0,4494400.0,16800.0
2025-08-28,MOTHERSON,92.11,92.07,92.55,-0.04,97.7814,0.5213,3493200.0,149832450.0,4126650.0
2025-08-28,MPHASIS,2831.9,2838.0,2848.2,6.1,94.0621,0.3594,242000.0,3810400.0,23100.0
2025-08-28,MUTHOOTFIN,2644.8,2639.8,2657.0,-5.0,69.7736,0.6516,1472350.0,3371225.0,27500.0
2025-08-28,NATIONALUM,184.79,184.7,183.71,-0.09,89.0599,-0.536,7995000.0,63397500.0,1687500.0
2025-08-28,NAUKRI,1386.0,1383.0,1391.4,-3.0,97.9784,0.6074,247500.0,11957250.0,38250.0
2025-08-28,NBCC,98.9,98.92,99.34,0.02,96.6195,0.4246,1800500.0,49127000.0,2333500.0
2025-08-28,NCC,207.93,208.28,209.11,0.35,89.4983,0.3985,1638900.0,13427100.0,540000.0
2025-08-28,NESTLEIND,1162.4,1163.4,1167.6,1.0,97.3602,0.361,555000.0,20308000.0,161000.0
2025-08-28,NHPC,78.34,78.41,78.73,0.07,86.9561,0.4081,8940800.0,57318400.0,2284800.0
2025-08-28,NMDC,68.73,68.71,69.19,-0.02,89.8648,0.6986,28228500.0,244080000.0,6210000.0
2025-08-28,NTPC,330.8,330.65,328.8,-0.15,95.6618,-0.5595,4327500.0,94159500.0,1266000.0
2025-08-28,NUVAMA,6549.5,6553.0,6586.5,3.5,84.5214,0.5112,22800.0,121500.0,3000.0
2025-08-28,NYKAA,233.85,233.72,227.23,-0.13,97.1433,-2.7768,1943750.0,65471875.0,625000.0
2025-08-28,OBEROIRLTY,1618.8,1617.1,1625.1,-1.7,96.0175,0.4947,191450.0,4581500.0,34300.0
2025-08-28,OFSS,8370.5,8358.0,8406.5,-12.5,96.7291,0.5803,28950.0,839850.0,16275.0
2025-08-28,OIL,390.5,390.35,390.85,-0.15,95.4594,0.1281,534800.0,11043200.0,200200.0
2025-08-28,ONGC,233.39,233.36,233.41,-0.03,92.8764,0.0214,6018750.0,77159250.0,1311750.0
2025-08-28,PAGEIND,44150.0,44115.0,44100.0,-35.0,90.3181,-0.034,25290.0,234885.0,1035.0
2025-08-28,PATANJALI,1770.0,1766.7,1774.4,-3.3,97.8931,0.4358,225600.0,10461900.0,20400.0
2025-08-28,PAYTM,1230.7,1231.9,1236.2,1.2,93.8483,0.3491,1877025.0,28412025.0,223300.0
2025-08-28,PERSISTENT,5313.5,5309.5,5337.5,-4.0,93.7469,0.5274,161400.0,2384500.0,35200.0
2025-08-28,PETRONET,271.6,271.1,272.6,-0.5,95.5564,0.5533,1713600.0,36297000.0,552600.0
2025-08-28,PFC,381.75,380.95,382.95,-0.8,95.3834,0.525,2618200.0,52301600.0,1792700.0
2025-08-28,PGEL,541.25,540.8,544.0,-0.45,91.6917,0.5917,716800.0,7658700.0,252000.0
2025-08-28,PHOENIXLTD,1509.7,1513.6,1516.7,3.9,83.0484,0.2048,742700.0,3628800.0,9800.0
2025-08-28,PIDILITIND,3062.9,3056.0,3075.8,-6.9,97.7703,0.6479,89000.0,3879750.0,22750.0
2025-08-28,PIIND,3708.8,3714.3,3731.6,5.5,85.2805,0.4658,301175.0,1737400.0,7525.0
2025-08-28,PNB,101.45,101.49,102.12,0.04,95.5615,0.6208,12008000.0,249808000.0,8728000.0
2025-08-28,PNBHOUSING,767.0,766.9,771.9,-0.1,91.0914,0.652,1605500.0,16023150.0,393250.0
2025-08-28,POLICYBZR,1805.4,1802.5,1813.3,-2.9,94.4004,0.5992,418250.0,7027650.0,23450.0
2025-08-28,POLYCAB,7106.5,7099.5,7134.5,-7.0,93.8369,0.493,100250.0,1513125.0,13250.0
2025-08-28,POWERGRID,274.45,274.15,275.6,-0.3,92.6817,0.5289,6002100.0,74949300.0,1064000.0
2025-08-28,PPLPHARMA,186.3,185.9,187.0,-0.4,92.3157,0.5917,925000.0,10622500.0,490000.0
2025-08-28,PRESTIGE,1579.9,1576.7,1582.6,-3.2,94.531,0.3742,276300.0,4756050.0,19800.0
2025-08-28,RBLBANK,250.85,251.15,255.65,0.3,47.6699,1.7918,41570275.0,37750750.0,117475.0
2025-08-28,RECLTD,354.9,354.25,356.3,-0.65,95.7584,0.5787,3785475.0,82275750.0,3184950.0
2025-08-28,RELIANCE,1385.9,1387.6,1395.4,1.7,96.531,0.5621,4499500.0,117161500.0,8045500.0
2025-08-28,RVNL,308.65,308.45,300.45,-0.2,95.9602,-2.5936,1043625.0,23148125.0,1641750.0
2025-08-28,SAIL,119.25,119.17,118.34,-0.08,94.6641,-0.6965,7896000.0,137663000.0,2420500.0
2025-08-28,SBICARD,803.6,801.5,786.4,-2.1,90.9626,-1.884,1204800.0,11640800.0,485600.0
2025-08-28,SBILIFE,1816.8,1818.9,1827.5,2.1,94.8058,0.4728,389625.0,7073625.0,37875.0
2025-08-28,SBIN,801.95,802.9,807.15,0.95,97.2948,0.5293,2928000.0,99150000.0,6159750.0
2025-08-28,SHREECEM,29675.0,29695.0,29845.0,20.0,93.2467,0.5051,17025.0,234425.0,650.0
2025-08-28,SHRIRAMFIN,571.65,572.7,575.5,1.05,96.0123,0.4889,1956900.0,46223100.0,893475.0
2025-08-28,SIEMENS,3043.2,3034.1,3055.4,-9.1,88.0625,0.702,285500.0,2058750.0,47375.0
2025-08-28,SOLARINDS,13813.0,13791.0,13861.0,-22.0,95.5176,0.5076,32475.0,667500.0,24525.0
2025-08-28,SONACOMS,450.35,450.15,453.25,-0.2,93.67,0.6887,1662150.0,24237150.0,359100.0
2025-08-28,SRF,2850.8,2845.9,2864.9,-4.9,88.9511,0.6676,418400.0,3335400.0,33000.0
2025-08-28,SUNPHARMA,1585.7,1583.9,1592.1,-1.8,94.8316,0.5177,862400.0,14801500.0,1022000.0
2025-08-28,SUPREMEIND,4506.5,4496.6,4522.7,-9.9,96.9341,0.5804,42525.0,1339275.0,5250.0
2025-08-28,SUZLON,56.32,56.28,56.57,-0.04,90.0062,0.5153,12880000.0,109088000.0,6912000.0
2025-08-28,SYNGENE,629.2,627.6,632.0,-1.6,92.978,0.7011,697000.0,9155000.0,74000.0
2025-08-28,TATACHEM,917.8,917.2,922.2,-0.6,88.8551,0.5451,619450.0,4938700.0,0.0
2025-08-28,TATACONSUM,1062.4,1061.4,1067.8,-1.0,97.519,0.603,352000.0,13755500.0,80300.0
2025-08-28,TATAELXSI,5338.0,5325.5,5349.0,-12.5,84.7029,0.4413,400800.0,2167000.0,52300.0
2025-08-28,TATAMOTORS,675.45,674.1,678.35,-1.35,94.3806,0.6305,4594400.0,73849600.0,3316000.0
2025-08-28,TATAPOWER,371.1,370.75,372.8,-0.35,95.6839,0.5529,3031950.0,65718350.0,1497850.0
2025-08-28,TATASTEEL,153.63,153.15,154.2,-0.48,96.0269,0.6856,7469000.0,174350000.0,6171000.0
2025-08-28,TATATECH,662.2,661.9,665.4,-0.3,95.6805,0.5288,424800.0,8952800.0,456800.0
2025-08-28,TCS,3093.7,3091.6,3111.7,-2.1,94.225,0.6501,1717450.0,26159350.0,1862350.0
2025-08-28,TECHM,1495.6,1495.7,1502.1,0.1,92.3295,0.4279,1252200.0,14895600.0,177000.0
2025-08-28,TIINDIA,2943.4,2949.2,2962.1,5.8,97.0016,0.4374,54600.0,1753200.0,13200.0
2025-08-28,TITAGARH,840.35,840.95,843.95,0.6,90.889,0.3567,568400.0,5486075.0,184150.0
2025-08-28,TITAN,3637.7,3639.9,3651.0,2.2,89.4938,0.305,1072575.0,9079525.0,56875.0
2025-08-28,TORNTPHARM,3576.9,3574.0,3592.8,-2.9,98.3908,0.526,40000.0,2441000.0,4750.0
2025-08-28,TORNTPOWER,1248.3,1244.8,1252.5,-3.5,86.7725,0.6186,412500.0,2666625.0,39375.0
2025-08-28,TRENT,5235.5,5227.5,5261.5,-8.0,95.3896,0.6504,303700.0,6172700.0,110900.0
2025-08-28,TVSMOTOR,3256.0,3257.6,3277.4,1.6,93.8436,0.6078,541100.0,8178100.0,70000.0
2025-08-28,ULTRACEMCO,12521.0,12533.0,12605.0,12.0,94.8003,0.5745,122850.0,2213300.0,26500.0
2025-08-28,UNIONBANK,127.08,126.99,127.76,-0.09,94.7908,0.6063,4854225.0,87314100.0,1017750.0
2025-08-28,UNITDSPR,1281.5,1280.6,1288.6,-0.9,96.4065,0.6247,499200.0,13115600.0,276800.0
2025-08-28,UNOMINDA,1295.6,1299.4,1301.7,3.8,91.5883,0.177,374000.0,4044150.0,28050.0
2025-08-28,UPL,716.7,714.95,710.8,-1.75,94.7853,-0.5805,1658520.0,29980730.0,165310.0
2025-08-28,VBL,497.7,498.9,500.35,1.2,79.7885,0.2906,7131950.0,27338800.0,815900.0
2025-08-28,VEDL,424.5,424.65,427.15,0.15,97.0401,0.5887,2301150.0,74455600.0,987850.0
2025-08-28,VOLTAS,1359.3,1357.5,1337.0,-1.8,96.1452,-1.5101,393375.0,9683250.0,128250.0
2025-08-28,WIPRO,250.65,250.83,248.72,0.18,90.5647,-0.8412,12366000.0,115857000.0,2838000.0
2025-08-28,YESBANK,18.68,18.65,18.75,-0.03,94.0977,0.5362,59058900.0,892010200.0,49542300.0
2025-08-28,ZYDUSLIFE,978.6,976.3,980.05,-2.3,96.4774,0.3841,324900.0,8777700.0,120600.0
2025-09-30,360ONE,1024.0,1025.4,1025.6,1.4,64.3093,0.0195,1299500.0,2308000.0,33500.0
2025-09-30,ABB,5183.3,5187.5,5219.9,4.2,96.2093,0.6246,91375.0,2265875.0,53250.0
2025-09-30,ABCAPITAL,292.35,292.1,294.2,-0.25,98.3373,0.7189,1041600.0,60732100.0,871100.0
2025-09-30,ADANIENSOL,872.2,870.9,876.7,-1.3,97.7753,0.666,402975.0,17525025.0,185625.0
2025-09-30,ADANIENT,2505.9,2503.4,2522.0,-2.5,92.4113,0.743,1113600.0,13384800.0,176100.0
2025-09-30,ADANIGREEN,1026.85,1025.85,1034.75,-1.0,95.6701,0.8676,876000.0,18874200.0,481200.0
2025-09-30,ADANIPORTS,1403.5,1399.8,1411.2,-3.7,96.4997,0.8144,817000.0,22040000.0,484025.0
2025-09-30,ALKEM,5425.0,5442.0,5467.0,17.0,97.4676,0.4594,38125.0,1461000.0,6375.0
2025-09-30,AMBER,8089.0,8100.0,7982.5,11.0,93.5422,-1.4506,33600.0,470000.0,16700.0
2025-09-30,AMBUJACEM,569.95,568.4,572.9,-1.55,89.2186,0.7917,4921350.0,40141500.0,583800.0
2025-09-30,ANGELONE,2132.5,2129.2,2140.3,-3.3,77.6955,0.5213,1054000.0,3418750.0,252750.0
2025-09-30,APLAPOLLO,1686.1,1686.3,1696.4,0.2,97.4919,0.5989,242550.0,9384200.0,43750.0
2025-09-30,APOLLOHOSP,7409.0,7417.5,7463.0,8.5,94.234,0.6134,174125.0,2821750.0,24000.0
2025-09-30,ASHOKLEY,142.67,142.46,140.97,-0.21,93.0102,-1.0459,9770000.0,128160000.0,1845000.0
2025-09-30,ASIANPAINT,2350.0,2351.5,2359.9,1.5,94.9206,0.3572,714250.0,13016750.0,330750.0
2025-09-30,ASTRAL,1366.4,1368.0,1374.5,1.6,91.7865,0.4751,667675.0,7292575.0,168725.0
2025-09-30,AUBANK,731.4,731.6,736.75,0.2,95.4286,0.7039,1003000.0,20632000.0,306000.0
2025-09-30,AUROPHARMA,1083.9,1082.4,1089.0,-1.5,97.4908,0.6098,489500.0,18844650.0,173800.0
2025-09-30,AXISBANK,1131.6,1129.6,1137.2,-2.0,96.1932,0.6728,3454375.0,86373750.0,913750.0
2025-09-30,BAJAJ-AUTO,8678.5,8682.0,8725.0,3.5,95.3279,0.4953,154875.0,3113325.0,46725.0
2025-09-30,BAJAJFINSV,2006.4,2006.5,2020.7,0.1,96.2458,0.7077,675500.0,17212000.0,105500.0
2025-09-30,BAJFINANCE,998.9,997.7,1004.6,-1.2,98.4826,0.6916,1353000.0,87144750.0,668250.0
2025-09-30,BANDHANBNK,162.22,162.19,162.97,-0.03,98.0397,0.4809,1771200.0,85161600.0,3420000.0
2025-09-30,BANKBARODA,258.54,258.73,260.38,0.19,96.2608,0.6377,4943250.0,125640450.0,1617525.0
2025-09-30,BANKINDIA,123.41,123.4,124.37,-0.01,96.3814,0.7861,2324400.0,60715200.0,1196000.0
2025-09-30,BDL,1493.1,1494.5,1502.0,1.4,94.3939,0.5018,258375.0,4223375.0,127075.0
2025-09-30,BEL,403.95,403.15,405.65,-0.8,95.7944,0.6201,4753800.0,104580750.0,3699300.0
2025-09-30,BHARATFORG,1212.4,1209.4,1204.6,-3.0,93.1738,-0.3969,754500.0,10140000.0,158500.0
2025-09-30,BHARTIARTL,1878.4,1879.9,1891.8,1.5,98.6005,0.633,698725.0,48938300.0,290700.0
2025-09-30,BHEL,238.45,238.63,239.94,0.18,93.761,0.549,3913875.0,57561000.0,1257375.0
2025-09-30,BIOCON,341.0,340.15,342.65,-0.85,95.1168,0.735,2017500.0,38695000.0,602500.0
2025-09-30,BLUESTARCO,1881.0,1878.2,1886.4,-2.8,80.1794,0.4366,466700.0,1869075.0,18850.0
2025-09-30,BOSCHLTD,38145.0,38175.0,38445.0,30.0,92.8329,0.7073,18975.0,241350.0,4425.0
2025-09-30,BPCL,339.65,340.2,341.45,0.55,92.9015,0.3674,2575400.0,33468350.0,237000.0
2025-09-30,BRITANNIA,5991.0,5993.0,6027.5,2.0,97.4019,0.5757,99375.0,3713125.0,12375.0
2025-09-30,BSE,2040.2,2038.7,2053.2,-1.5,86.0364,0.7112,2269125.0,13202250.0,778875.0
2025-09-30,CAMS,3758.6,3759.2,3783.8,0.6,95.4289,0.6544,88800.0,1793250.0,60600.0
2025-09-30,CANBK,123.71,123.89,124.6,0.18,96.125,0.5731,10577250.0,257472000.0,4914000.0
2025-09-30,CDSL,1458.6,1460.5,1468.5,1.9,93.279,0.5478,614650.0,8049825.0,480700.0
2025-09-30,CGPOWER,740.95,741.65,746.45,0.7,91.6663,0.6472,1524900.0,16552900.0,220150.0
2025-09-30,CHOLAFIN,1610.8,1612.5,1580.7,1.7,95.1622,-1.9721,721250.0,14068125.0,119375.0
2025-09-30,CIPLA,1503.2,1502.9,1512.8,-0.3,93.5398,0.6587,752625.0,10842000.0,55500.0
2025-09-30,COALINDIA,389.95,389.6,391.6,-0.35,96.1217,0.5133,2766150.0,67625550.0,932850.0
2025-09-30,COFORGE,1591.0,1588.2,1597.5,-2.8,96.2276,0.5856,520500.0,13036875.0,240375.0
2025-09-30,COLPAL,2222.4,2224.6,2232.0,2.2,96.5112,0.3326,178425.0,4616325.0,319500.0
2025-09-30,CONCOR,525.8,526.5,529.6,0.7,96.7133,0.5888,810000.0,22456250.0,1378750.0
2025-09-30,CROMPTON,291.3,291.25,292.85,-0.05,96.521,0.5494,1742400.0,46852200.0,1488600.0
2025-09-30,CUMMINSIND,3926.5,3923.6,3949.7,-2.9,93.0497,0.6652,224800.0,2989600.0,20000.0
2025-09-30,CYIENT,1146.2,1144.8,1150.7,-1.4,87.3754,0.5154,452200.0,2909550.0,220150.0
2025-09-30,DABUR,491.3,491.3,494.5,0.0,95.3854,0.6513,1255000.0,24957500.0,983750.0
2025-09-30,DALBHARAT,2227.1,2233.7,2243.1,6.6,66.1709,0.4208,1131000.0,2193425.0,18850.0
2025-09-30,DELHIVERY,450.05,450.8,453.45,0.75,93.8742,0.5878,856975.0,12798600.0,334075.0
2025-09-30,DIVISLAB,5689.5,5693.0,5728.0,3.5,92.6973,0.6148,205600.0,2571600.0,38200.0
2025-09-30,DIXON,16322.0,16331.0,16442.0,9.0,94.9693,0.6797,80650.0,1486000.0,36500.0
2025-09-30,DLF,713.0,713.7,718.3,0.7,95.6779,0.6445,1949475.0,42042825.0,1112100.0
2025-09-30,DMART,4475.4,4473.0,4451.6,-2.4,94.4824,-0.4784,344100.0,5854800.0,37500.0
2025-09-30,DRREDDY,1223.7,1227.4,1230.0,3.7,94.0865,0.2118,830000.0,13091250.0,114375.0
2025-09-30,EICHERMOT,7005.5,7012.0,7057.0,6.5,88.2059,0.6418,532875.0,3919825.0,65450.0
2025-09-30,ETERNAL,325.5,326.05,327.9,0.55,98.2565,0.5674,4437750.0,248264225.0,1833300.0
2025-09-30,EXIDEIND,390.75,390.45,393.1,-0.3,96.1671,0.6787,1224000.0,29743200.0,966600.0
2025-09-30,FEDERALBNK,192.93,192.69,193.92,-0.24,96.5954,0.6383,3130000.0,86860000.0,1945000.0
2025-09-30,FORTIS,969.8,967.5,973.65,-2.3,97.7702,0.6357,168175.0,7163325.0,210800.0
2025-09-30,GAIL,176.29,175.75,177.08,-0.54,93.0651,0.7568,7377300.0,96582150.0,2419200.0
2025-09-30,GLENMARK,1952.7,1951.2,1961.1,-1.5,92.4896,0.5074,591750.0,7222125.0,65250.0
2025-09-30,GMRAIRPORT,87.2,86.99,87.68,-0.21,96.5976,0.7932,7435350.0,208203750.0,2894625.0
2025-09-30,GODREJCP,1166.9,1166.4,1166.9,-0.5,95.2767,0.0429,556000.0,11004500.0,211000.0
2025-09-30,GODREJPROP,1968.8,1968.4,1983.0,-0.4,98.0234,0.7417,191400.0,9305175.0,186725.0
2025-09-30,GRASIM,2756.9,2755.0,2771.1,-1.9,98.8244,0.5844,163750.0,13741000.0,24250.0
2025-09-30,HAL,4746.4,4752.1,4780.3,5.7,96.5459,0.5934,309150.0,8337150.0,303900.0
2025-09-30,HAVELLS,1502.0,1504.3,1513.2,2.3,95.5371,0.5916,447000.0,9471500.0,97500.0
2025-09-30,HCLTECH,1385.1,1386.3,1382.6,1.2,95.4894,-0.2669,939050.0,19476800.0,402850.0
2025-09-30,HDFCAMC,5532.5,5522.0,5553.5,-10.5,94.2097,0.5704,121050.0,1956450.0,13050.0
2025-09-30,HDFCBANK,951.0,950.4,956.1,-0.6,98.6335,0.5997,3198800.0,228251100.0,2640000.0
2025-09-30,HDFCLIFE,756.45,757.2,761.7,0.75,97.7623,0.5943,634700.0,27472500.0,256300.0
2025-09-30,HEROMOTOCO,5472.5,5480.5,5447.0,8.0,85.6268,-0.6113,862350.0,4892250.0,245100.0
2025-09-30,HFCL,72.88,72.74,73.24,-0.14,97.0429,0.6874,3031500.0,95976000.0,3508800.0
2025-09-30,HINDALCO,761.95,761.6,767.65,-0.35,97.1494,0.7944,1754200.0,59262000.0,520800.0
2025-09-30,HINDPETRO,443.4,444.75,446.4,1.35,85.8496,0.371,7535025.0,45353925.0,360450.0
2025-09-30,HINDUNILVR,2514.4,2518.5,2531.6,4.1,94.8418,0.5202,827700.0,14936400.0,282300.0
2025-09-30,HINDZINC,482.45,481.9,484.85,-0.55,94.6892,0.6122,1726025.0,30131325.0,643125.0
2025-09-30,HUDCO,223.63,223.72,225.05,0.09,92.676,0.5945,2011875.0,24733575.0,724275.0
2025-09-30,ICICIBANK,1348.0,1349.6,1357.5,1.6,98.0479,0.5854,2475900.0,121500400.0,2856700.0
2025-09-30,ICICIGI,1889.8,1893.4,1897.5,3.6,98.0514,0.2165,99125.0,4969250.0,18525.0
2025-09-30,ICICIPRULI,595.2,593.9,597.7,-1.3,96.6465,0.6398,410700.0,11666100.0,170200.0
2025-09-30,IDEA,8.13,8.15,8.2,0.02,95.4846,0.6135,280396425.0,5712639375.0,216712200.0
2025-09-30,IDFCFIRSTB,69.77,69.76,70.24,-0.01,97.0512,0.6881,12196625.0,384773375.0,16648625.0
2025-09-30,IEX,139.19,139.2,140.17,0.01,86.1394,0.6968,7597500.0,44782500.0,2433750.0
2025-09-30,IGL,208.54,208.65,209.87,0.11,95.1641,0.5847,684750.0,12716000.0,759000.0
2025-09-30,IIFL,451.8,452.7,454.9,0.9,96.3874,0.486,552750.0,14605800.0,141900.0
2025-09-30,INDHOTEL,720.3,720.15,725.1,-0.15,95.4476,0.6874,1254000.0,25505000.0,787000.0
2025-09-30,INDIANB,750.7,749.65,738.25,-1.05,95.1495,-1.5207,331000.0,6411000.0,82000.0
2025-09-30,INDIGO,5594.5,5582.0,5606.5,-12.5,93.2916,0.4389,615300.0,8472000.0,84750.0
2025-09-30,INDUSINDBK,735.55,734.45,738.9,-1.1,96.5089,0.6059,1981700.0,53415600.0,1367800.0
2025-09-30,INDUSTOWER,342.9,342.6,345.1,-0.3,97.4863,0.7297,2218500.0,84949000.0,1089700.0
2025-09-30,INFY,1441.8,1441.8,1441.5,0.0,91.3626,-0.0208,5747200.0,41459200.0,19332000.0
2025-09-30,INOXWIND,140.23,140.38,141.15,0.15,94.5587,0.5485,2709216.0,45929064.0,1151744.0
2025-09-30,IOC,149.79,149.75,150.82,-0.04,95.6236,0.7145,3792750.0,81032250.0,1837875.0
2025-09-30,IRCTC,700.4,701.25,705.45,0.85,96.9056,0.5989,475125.0,13727000.0,1152375.0
2025-09-30,IREDA,148.7,148.79,149.41,0.09,94.2947,0.4167,2132100.0,31909050.0,3329250.0
2025-09-30,IRFC,123.51,123.4,124.22,-0.11,94.6683,0.6645,2210000.0,35768000.0,3472250.0
2025-09-30,ITC,401.55,401.75,404.4,0.2,96.7671,0.6596,3812800.0,110923200.0,3201600.0
2025-09-30,JINDALSTEL,1063.75,1061.95,1068.2,-1.8,96.8587,0.5885,385000.0,11791250.0,80000.0
2025-09-30,JIOFIN,293.2,293.35,295.15,0.15,94.9701,0.6136,7292050.0,131339150.0,6342650.0
2025-09-30,JSWENERGY,530.85,530.1,533.45,-0.75,97.0009,0.632,1213000.0,39021000.0,212000.0
2025-09-30,JSWSTEEL,1142.7,1142.4,1149.1,-0.3,98.6265,0.5865,631800.0,45212175.0,154575.0
2025-09-30,JUBLFOOD,617.4,620.05,622.1,2.65,92.3393,0.3306,1703750.0,20268750.0,267500.0
2025-09-30,KALYANKJIL,454.3,455.4,457.9,1.1,94.6122,0.549,1737825.0,29578275.0,938825.0
2025-09-30,KAYNES,7052.0,7052.5,7101.0,0.5,96.1919,0.6877,41900.0,1038900.0,19500.0
2025-09-30,KEI,4062.3,4060.0,4084.7,-2.3,94.9745,0.6084,63875.0,1198575.0,8575.0
2025-09-30,KFINTECH,1051.7,1052.6,1057.0,0.9,95.5163,0.418,103950.0,2152800.0,61650.0
2025-09-30,KOTAKBANK,1992.7,1990.1,2004.9,-2.6,97.4231,0.7437,1016800.0,38012400.0,428400.0
2025-09-30,KPITTECH,1097.4,1101.1,1099.2,3.7,77.1485,-0.1726,1244400.0,4022000.0,179200.0
2025-09-30,LAURUSLABS,841.8,842.5,847.6,0.7,95.5815,0.6053,831300.0,17533800.0,448800.0
2025-09-30,LICHSGFIN,565.0,565.05,569.1,0.05,96.4087,0.7168,1090000.0,28768000.0,493000.0
2025-09-30,LICI,900.3,902.25,907.25,1.95,82.6777,0.5542,1328600.0,6098400.0,242900.0
2025-09-30,LODHA,1135.8,1135.4,1143.9,-0.4,97.2214,0.7486,268650.0,9221400.0,178650.0
2025-09-30,LT,3659.0,3654.3,3680.4,-4.7,91.2532,0.7142,1606850.0,16626050.0,137900.0
2025-09-30,LTF,249.28,249.35,251.04,0.07,92.2371,0.6778,3435740.0,39899204.0,923634.0
2025-09-30,LTIM,5157.5,5156.5,5042.0,-1.0,96.7265,-2.2205,88650.0,2571300.0,48150.0
2025-09-30,LUPIN,1911.3,1912.2,1926.5,0.9,96.4738,0.7478,390575.0,10617775.0,68000.0
2025-09-30,M&M,3427.0,3434.2,3452.4,7.2,95.9207,0.53,865000.0,20146800.0,193000.0
2025-09-30,MANAPPURAM,280.8,280.55,282.75,-0.25,95.8673,0.7842,1155000.0,26499000.0,294000.0
2025-09-30,MANKIND,2435.7,2436.1,2452.1,0.4,95.5708,0.6568,75600.0,1604025.0,27225.0
2025-09-30,MARICO,697.4,698.65,702.55,1.25,96.0911,0.5582,1129200.0,27649200.0,109200.0
2025-09-30,MARUTI,16029.0,16004.0,16109.0,-25.0,63.5825,0.6561,1723350.0,2934750.0,74100.0
2025-09-30,MAXHEALTH,1114.7,1116.2,1122.3,1.5,97.6506,0.5465,434175.0,17879400.0,166425.0
2025-09-30,MAZDOCK,2761.6,2763.2,2777.7,1.6,93.4927,0.5248,247275.0,3442075.0,110600.0
2025-09-30,MCX,7796.0,7796.5,7848.0,0.5,95.3047,0.6606,115875.0,2307375.0,44625.0
2025-09-30,MFSL,1575.9,1576.6,1584.1,0.7,94.0245,0.4757,362400.0,5671200.0,31200.0
2025-09-30,MOTHERSON,105.65,105.73,106.35,0.08,95.9196,0.5864,6820350.0,156019350.0,4311150.0
2025-09-30,MPHASIS,2654.8,2656.1,2671.5,1.3,92.7689,0.5798,312400.0,3961375.0,46475.0
2025-09-30,MUTHOOTFIN,3077.1,3078.7,3089.0,1.6,91.2743,0.3346,271150.0,2781625.0,54725.0
2025-09-30,NATIONALUM,213.87,213.68,215.13,-0.19,97.0006,0.6786,2471250.0,78682500.0,1237500.0
2025-09-30,NAUKRI,1309.3,1310.6,1317.4,1.3,87.3005,0.5188,1533750.0,10478625.0,64875.0
2025-09-30,NBCC,107.08,107.0,107.61,-0.08,97.6384,0.5701,1436500.0,58201000.0,1189500.0
2025-09-30,NCC,207.58,207.62,208.91,0.04,93.5586,0.6213,1209600.0,16983000.0,585900.0
2025-09-30,NESTLEIND,1152.9,1154.5,1161.7,1.6,98.5236,0.6236,272000.0,17913500.0,238000.0
2025-09-30,NHPC,86.32,86.2,86.85,-0.12,93.5562,0.7541,3232000.0,45811200.0,1113600.0
2025-09-30,NMDC,76.35,76.23,76.87,-0.12,94.8407,0.8396,14755500.0,266382000.0,4860000.0
2025-09-30,NTPC,340.45,340.85,342.65,0.4,93.1704,0.5281,7249500.0,97374000.0,1524000.0
2025-09-30,NUVAMA,6305.0,6305.5,6340.5,0.5,93.4055,0.5551,23775.0,323025.0,13725.0
2025-09-30,NYKAA,232.38,232.37,233.21,-0.01,92.6881,0.3615,4459375.0,56165625.0,362500.0
2025-09-30,OBEROIRLTY,1582.1,1580.5,1590.6,-1.6,97.0078,0.639,140000.0,4466700.0,72100.0
2025-09-30,OFSS,8403.0,8381.5,8435.0,-21.5,91.0803,0.6383,98400.0,980925.0,23850.0
2025-09-30,OIL,413.8,414.55,416.5,0.75,78.923,0.4704,2422000.0,8822800.0,246400.0
2025-09-30,ONGC,239.5,239.0,240.72,-0.5,89.8263,0.7197,11187000.0,97607250.0,1165500.0
2025-09-30,PAGEIND,40685.0,40725.0,40815.0,40.0,92.6936,0.221,15510.0,194565.0,2205.0
2025-09-30,PATANJALI,576.3,574.4,579.0,-1.9,98.4039,0.8008,511200.0,31367700.0,149400.0
2025-09-30,PAYTM,1123.8,1121.8,1129.4,-2.0,95.6312,0.6775,1278175.0,27719650.0,258825.0
2025-09-30,PERSISTENT,4822.5,4822.5,4850.0,0.0,92.2039,0.5702,256600.0,2981100.0,53700.0
2025-09-30,PETRONET,278.9,278.55,280.25,-0.35,96.6773,0.6103,1299600.0,37319400.0,493200.0
2025-09-30,PFC,410.25,410.1,412.25,-0.15,96.0472,0.5243,1886300.0,43871100.0,1963000.0
2025-09-30,PGEL,502.3,503.2,505.95,0.9,94.1786,0.5465,550200.0,8666000.0,235200.0
2025-09-30,PHOENIXLTD,1555.5,1560.2,1566.0,4.7,94.0942,0.3717,270200.0,4291700.0,13300.0
2025-09-30,PIDILITIND,1468.0,1471.9,1479.6,3.9,93.9586,0.5231,553000.0,8557500.0,43000.0
2025-09-30,PIIND,3513.5,3506.4,3527.0,-7.1,90.1044,0.5875,175875.0,1582875.0,18550.0
2025-09-30,PNB,112.83,112.87,113.72,0.04,96.2864,0.7531,9360000.0,235632000.0,7056000.0
2025-09-30,PNBHOUSING,863.6,864.0,869.0,0.4,94.6531,0.5787,851500.0,14907750.0,165750.0
2025-09-30,POLICYBZR,1702.0,1699.5,1709.1,-2.5,98.5186,0.5649,113750.0,7528150.0,36400.0
2025-09-30,POLYCAB,7286.0,7285.0,7339.5,-1.0,84.3925,0.7481,334000.0,1782625.0,23375.0
2025-09-30,POWERGRID,280.25,280.0,282.15,-0.25,94.0068,0.7679,4938100.0,75601000.0,1856300.0
2025-09-30,PPLPHARMA,191.15,190.85,191.87,-0.3,93.3668,0.5345,1157500.0,15540000.0,752500.0
2025-09-30,PRESTIGE,1510.1,1510.3,1518.5,0.2,91.4673,0.5429,430200.0,4584600.0,27000.0
2025-09-30,RBLBANK,277.25,276.7,279.8,-0.55,90.3378,1.1203,7810500.0,72624950.0,400050.0
2025-09-30,RECLTD,372.85,372.6,375.05,-0.25,97.3216,0.6575,2091000.0,71310750.0,4666500.0
2025-09-30,RELIANCE,1364.0,1363.2,1373.2,-0.8,95.7973,0.7336,5832000.0,128416000.0,4521000.0
2025-09-30,RVNL,339.5,339.6,329.55,0.1,97.2299,-2.9594,896500.0,29297125.0,2169750.0
2025-09-30,SAIL,134.49,134.38,135.4,-0.11,97.1871,0.759,4380400.0,148783200.0,2561500.0
2025-09-30,SAMMAANCAP,160.86,160.4,161.29,-0.46,96.2443,0.5549,3874300.0,97549800.0,1732900.0
2025-09-30,SBICARD,876.95,877.65,865.25,0.7,96.7789,-1.4129,517600.0,14950400.0,600800.0
2025-09-30,SBILIFE,1790.6,1794.2,1802.0,3.6,97.884,0.4347,146625.0,6746625.0,36000.0
2025-09-30,SBIN,872.45,870.55,876.95,-1.9,90.9635,0.7352,9460500.0,93696000.0,1536000.0
2025-09-30,SHREECEM,29265.0,29330.0,29480.0,65.0,94.4771,0.5114,12925.0,220100.0,1000.0
2025-09-30,SHRIRAMFIN,616.1,616.85,620.6,0.75,98.5131,0.6079,686400.0,44435325.0,1040325.0
2025-09-30,SIEMENS,3129.2,3122.3,3142.2,-6.9,95.8922,0.6374,102875.0,2374375.0,27125.0
2025-09-30,SOLARINDS,13326.0,13346.0,13429.0,20.0,96.575,0.6219,29700.0,798300.0,39150.0
2025-09-30,SONACOMS,411.75,412.0,413.65,0.25,96.3584,0.4005,889350.0,22953000.0,579600.0
2025-09-30,SRF,2823.6,2818.7,2835.0,-4.9,94.1654,0.5783,175400.0,2802800.0,28000.0
2025-09-30,SUNPHARMA,1594.3,1598.5,1605.6,4.2,93.6106,0.4442,1132600.0,16480450.0,113050.0
2025-09-30,SUPREMEIND,4219.6,4220.4,4238.9,0.8,84.6689,0.4383,219975.0,1206275.0,8575.0
2025-09-30,SUZLON,55.05,55.01,55.28,-0.04,92.2467,0.4908,14304000.0,162296000.0,7888000.0
2025-09-30,SYNGENE,622.85,623.45,627.0,0.6,96.6076,0.5694,335000.0,9400000.0,140000.0
2025-09-30,TATACONSUM,1129.3,1128.9,1136.4,-0.4,97.6378,0.6644,384450.0,15819100.0,71500.0
2025-09-30,TATAELXSI,5227.0,5215.0,5205.5,-12.0,91.1314,-0.1822,252400.0,2536600.0,57000.0
2025-09-30,TATAMOTORS,680.2,680.6,683.3,0.4,84.7712,0.3967,12044000.0,62137600.0,4905600.0
2025-09-30,TATAPOWER,388.65,388.55,391.25,-0.1,96.3796,0.6949,2219950.0,58052200.0,1045450.0
2025-09-30,TATASTEEL,168.77,169.07,170.07,0.3,84.5652,0.5915,32285000.0,173855000.0,3030500.0
2025-09-30,TATATECH,669.5,670.15,673.85,0.65,96.2656,0.5521,396800.0,9641600.0,587200.0
2025-09-30,TCS,2888.4,2889.2,2897.2,0.8,93.6012,0.2769,2095100.0,29337175.0,1309700.0
2025-09-30,TECHM,1400.3,1402.6,1407.8,2.3,89.41,0.3707,1784400.0,13861200.0,1204200.0
2025-09-30,TIINDIA,3096.7,3104.4,3118.8,7.7,97.911,0.4639,42800.0,1997600.0,8400.0
2025-09-30,TITAGARH,872.85,872.0,878.45,-0.85,96.0657,0.7397,255200.0,6079850.0,151525.0
2025-09-30,TITAN,3367.0,3365.7,3391.0,-1.3,96.1064,0.7517,474775.0,11578000.0,140875.0
2025-09-30,TORNTPHARM,3603.2,3601.6,3623.6,-1.6,97.5041,0.6108,60750.0,2365250.0,8000.0
2025-09-30,TORNTPOWER,1218.9,1219.2,1227.6,0.3,91.3613,0.689,366000.0,3814500.0,56250.0
2025-09-30,TRENT,4677.5,4670.5,4706.0,-7.0,86.8086,0.7601,1270400.0,8047900.0,312200.0
2025-09-30,TVSMOTOR,3438.7,3445.6,3463.8,6.9,96.3365,0.5282,371000.0,9673650.0,82250.0
2025-09-30,ULTRACEMCO,12222.0,12190.0,12283.0,-32.0,90.2553,0.7629,257650.0,2372800.0,13550.0
2025-09-30,UNIONBANK,138.51,138.49,139.39,-0.02,97.4083,0.6499,2305425.0,84619275.0,2031075.0
2025-09-30,UNITDSPR,1324.3,1325.0,1336.3,0.7,95.0755,0.8528,728000.0,13824400.0,230800.0
2025-09-30,UNOMINDA,1298.8,1295.7,1302.9,-3.1,97.9989,0.5557,62150.0,3016750.0,26950.0
2025-09-30,UPL,655.8,655.5,660.4,-0.3,92.6269,0.7475,2699160.0,33312675.0,596200.0
2025-09-30,VBL,443.7,444.0,446.95,0.3,91.0864,0.6644,3859125.0,38590225.0,845625.0
2025-09-30,VEDL,465.8,466.65,469.1,0.85,97.7082,0.525,2135550.0,90197950.0,848700.0
2025-09-30,VOLTAS,1353.5,1355.3,1337.8,1.8,95.8947,-1.2912,512250.0,11787000.0,178500.0
2025-09-30,WIPRO,239.37,239.44,238.37,0.07,96.5311,-0.4469,4641000.0,125277000.0,3870000.0
2025-09-30,YESBANK,21.25,21.23,21.37,-0.02,96.285,0.6594,31722000.0,772275200.0,49884400.0
2025-09-30,ZYDUSLIFE,981.9,983.05,988.95,1.15,96.8794,0.6002,257400.0,7892100.0,99000.0
2025-10-28,360ONE,1171.8,1168.6,1175.9,-3.2,91.1962,0.6247,210500.0,2172500.0,8000.0
2025-10-28,ABB,5175.5,5164.0,5200.5,-11.5,95.2345,0.7068,119875.0,2329250.0,66375.0
2025-10-28,ABCAPITAL,312.6,312.05,314.35,-0.55,98.0178,0.7371,1522100.0,74477500.0,787400.0
2025-10-28,ADANIENSOL,921.2,920.3,926.6,-0.9,97.7761,0.6846,417825.0,18279675.0,90450.0
2025-10-28,ADANIENT,2494.4,2491.0,2505.9,-3.4,94.7192,0.5982,789600.0,14033700.0,129000.0
2025-10-28,ADANIGREEN,1004.2,1003.7,1009.8,-0.5,96.597,0.6078,759000.0,21106800.0,438000.0
2025-10-28,ADANIPORTS,1417.75,1418.2,1427.7,0.45,97.9074,0.6699,534375.0,24482925.0,518700.0
2025-10-28,ALKEM,5432.0,5435.0,5470.5,3.0,97.6396,0.6532,35875.0,1480250.0,3750.0
2025-10-28,AMBER,8526.65,8540.5,8323.5,13.85,90.741,-2.5408,68600.0,653400.0,18900.0
2025-10-28,AMBUJACEM,554.9,555.35,558.55,0.45,95.2787,0.5762,2223900.0,44357250.0,522900.0
2025-10-28,ANGELONE,2537.85,2538.7,2551.3,0.85,88.4234,0.4963,397250.0,2925000.0,109250.0
2025-10-28,APLAPOLLO,1777.0,1778.7,1789.5,1.7,98.4457,0.6072,154700.0,9781100.0,17150.0
2025-10-28,APOLLOHOSP,7880.5,7887.5,7928.0,7.0,90.5308,0.5135,264250.0,2512125.0,14250.0
2025-10-28,ASHOKLEY,140.1,140.46,137.74,0.36,92.6519,-1.9365,10895000.0,134155000.0,3220000.0
2025-10-28,ASIANPAINT,2509.3,2506.1,2519.4,-3.2,94.6317,0.5307,711000.0,12373500.0,160000.0
2025-10-28,ASTRAL,1450.2,1452.8,1459.8,2.6,95.9618,0.4818,341700.0,8004025.0,116025.0
2025-10-28,AUBANK,879.9,881.95,884.1,2.05,94.0807,0.2438,1158000.0,18178000.0,227000.0
2025-10-28,AUROPHARMA,1099.4,1099.0,1106.5,-0.4,98.5737,0.6824,352550.0,24258300.0,107250.0
2025-10-28,AXISBANK,1246.3,1243.5,1252.2,-2.8,87.2733,0.6996,10493125.0,70814375.0,1142500.0
2025-10-28,BAJAJ-AUTO,9057.45,9045.0,9097.0,-12.45,95.3678,0.5749,151575.0,3080325.0,40275.0
2025-10-28,BAJAJFINSV,2140.2,2137.1,2152.0,-3.1,88.2165,0.6972,2365000.0,17584500.0,121000.0
2025-10-28,BAJFINANCE,1072.85,1072.6,1080.6,-0.25,95.5482,0.7459,4078500.0,87113250.0,423000.0
2025-10-28,BANDHANBNK,175.65,175.38,176.46,-0.27,96.3664,0.6158,3726000.0,96476400.0,2340000.0
2025-10-28,BANKBARODA,276.95,276.8,278.3,-0.15,92.729,0.5419,9190350.0,116441325.0,766350.0
2025-10-28,BANKINDIA,141.1,140.71,141.81,-0.39,93.1072,0.7817,5007600.0,66544400.0,1097200.0
2025-10-28,BDL,1517.6,1515.8,1526.5,-1.8,95.7481,0.7059,179725.0,3895775.0,151450.0
2025-10-28,BEL,413.55,413.5,415.95,-0.05,95.8251,0.5925,4825050.0,107165700.0,3582450.0
2025-10-28,BHARATFORG,1308.1,1307.7,1305.9,-0.4,96.2015,-0.1376,386500.0,9589000.0,199500.0
2025-10-28,BHARTIARTL,2090.2,2085.0,2099.0,-5.2,87.315,0.6715,6453825.0,41297925.0,3125975.0
2025-10-28,BHEL,237.35,237.6,238.85,0.25,97.9939,0.5261,1252125.0,59382750.0,1782375.0
2025-10-28,BIOCON,365.75,365.95,368.1,0.2,96.8735,0.5875,1297500.0,39792500.0,410000.0
2025-10-28,BLUESTARCO,1951.55,1951.5,1958.3,-0.05,86.2258,0.3484,236275.0,1469000.0,10075.0
2025-10-28,BOSCHLTD,38539.65,38510.0,38770.0,-29.65,95.6983,0.6751,9425.0,207850.0,1825.0
2025-10-28,BPCL,340.65,340.8,341.25,0.15,67.5049,0.132,16410275.0,33707325.0,383150.0
2025-10-28,BRITANNIA,5861.1,5875.0,5899.5,13.9,91.2278,0.417,314000.0,3252500.0,13000.0
2025-10-28,BSE,2419.7,2418.0,2436.9,-1.7,92.9474,0.7816,962250.0,12183000.0,498750.0
2025-10-28,CAMS,3985.1,3977.6,3995.0,-7.5,90.0283,0.4374,221700.0,1964850.0,36750.0
2025-10-28,CANBK,130.0,129.9,130.58,-0.1,92.0801,0.5235,19473750.0,221393250.0,5015250.0
2025-10-28,CDSL,1632.8,1633.0,1643.6,0.2,92.4089,0.6491,698725.0,8249325.0,256500.0
2025-10-28,CGPOWER,722.5,720.75,725.35,-1.75,96.2232,0.6382,566100.0,14240900.0,181900.0
2025-10-28,CHOLAFIN,1723.2,1726.2,1694.7,3.0,96.8803,-1.8248,505625.0,15445000.0,256875.0
2025-10-28,CIPLA,1568.1,1564.6,1575.0,-3.5,97.7432,0.6647,374625.0,16103250.0,122250.0
2025-10-28,COALINDIA,391.4,391.45,388.6,0.05,73.2413,-0.7281,18188550.0,48660750.0,1123200.0
2025-10-28,COFORGE,1809.8,1807.8,1816.6,-2.0,94.4954,0.4868,769500.0,13077375.0,132375.0
2025-10-28,COLPAL,2232.7,2229.6,2219.4,-3.1,97.0598,-0.4575,173250.0,5571675.0,147600.0
2025-10-28,CONCOR,541.2,540.7,541.9,-0.5,94.7546,0.2219,1457500.0,25408750.0,920000.0
2025-10-28,CROMPTON,290.3,289.7,291.35,-0.6,97.6298,0.5696,1355400.0,54549000.0,1279800.0
2025-10-28,CUMMINSIND,4285.6,4294.7,4315.2,9.1,94.9462,0.4773,160600.0,2997200.0,20000.0
2025-10-28,CYIENT,1187.75,1189.5,1195.0,1.75,95.316,0.4624,201875.0,3982250.0,125800.0
2025-10-28,DABUR,503.4,502.55,501.9,-0.85,84.3641,-0.1293,3403750.0,18028750.0,336250.0
2025-10-28,DALBHARAT,2128.0,2127.6,2140.7,-0.4,96.4784,0.6157,79625.0,2158000.0,23400.0
2025-10-28,DELHIVERY,475.8,475.0,478.65,-0.8,96.5399,0.7684,668150.0,18459200.0,182600.0
2025-10-28,DIVISLAB,6438.45,6449.0,6481.5,10.55,91.3118,0.504,218700.0,2280000.0,18500.0
2025-10-28,DIXON,15371.85,15383.0,15471.0,11.15,92.6557,0.5721,146450.0,1781650.0,65950.0
2025-10-28,DLF,774.05,774.35,779.25,0.3,94.7089,0.6328,1965150.0,34809225.0,366300.0
2025-10-28,DMART,4220.85,4221.7,4240.2,0.85,91.3461,0.4382,554400.0,5765700.0,86250.0
2025-10-28,DRREDDY,1289.4,1288.9,1297.2,-0.5,89.1547,0.644,1459375.0,11918125.0,78750.0
2025-10-28,EICHERMOT,7002.45,7000.5,7033.0,-1.95,95.4479,0.4643,158900.0,3302950.0,28875.0
2025-10-28,ETERNAL,334.6,334.4,336.4,-0.2,96.3683,0.5981,8962800.0,236180450.0,1649000.0
2025-10-28,EXIDEIND,380.7,380.4,382.8,-0.3,96.6691,0.6309,1216800.0,34277400.0,1036800.0
2025-10-28,FEDERALBNK,235.8,236.08,236.74,0.28,88.447,0.2796,10705000.0,80155000.0,1800000.0
2025-10-28,FORTIS,1057.0,1056.55,1060.85,-0.45,93.3385,0.407,671150.0,9342625.0,61225.0
2025-10-28,GAIL,178.45,178.4,179.54,-0.05,96.175,0.639,3395700.0,82936350.0,2444400.0
2025-10-28,GLENMARK,1815.1,1811.0,1829.0,-4.1,97.6999,0.9939,216375.0,9135750.0,55125.0
2025-10-28,GMRAIRPORT,92.69,92.64,93.25,-0.05,97.2231,0.6585,6451875.0,223200000.0,2692350.0
2025-10-28,GODREJCP,1115.5,1117.2,1116.8,1.7,88.8084,-0.0358,1422000.0,11169000.0,115000.0
2025-10-28,GODREJPROP,2296.6,2295.9,2310.9,-0.7,96.1112,0.6533,337425.0,8261550.0,77825.0
2025-10-28,GRASIM,2932.9,2936.7,2954.8,3.8,99.0451,0.6163,148750.0,15394250.0,35250.0
2025-10-28,HAL,4724.55,4728.0,4755.4,3.45,96.5375,0.5795,344550.0,9264150.0,342300.0
2025-10-28,HAVELLS,1480.6,1479.4,1487.3,-1.2,89.6751,0.534,1025000.0,8734000.0,168500.0
2025-10-28,HCLTECH,1522.1,1518.7,1529.4,-3.4,95.3071,0.7045,840000.0,16866500.0,192850.0
2025-10-28,HDFCAMC,5646.55,5641.5,5694.0,-5.05,95.1856,0.9306,104850.0,2056050.0,16950.0
2025-10-28,HDFCBANK,1003.55,1002.1,1008.0,-1.45,98.2957,0.5888,3545300.0,199263900.0,5206300.0
2025-10-28,HDFCLIFE,747.0,747.25,751.2,0.25,98.1008,0.5286,624800.0,32003400.0,270600.0
2025-10-28,HEROMOTOCO,5609.45,5605.0,5630.5,-4.45,94.2723,0.455,252900.0,4120650.0,41850.0
2025-10-28,HFCL,75.66,75.51,76.02,-0.15,97.4062,0.6754,3360450.0,122627400.0,3566850.0
2025-10-28,HINDALCO,848.95,848.1,853.7,-0.85,96.5386,0.6603,2249800.0,62190800.0,555800.0
2025-10-28,HINDPETRO,452.15,451.75,452.5,-0.4,76.5763,0.166,13563450.0,43812900.0,528525.0
2025-10-28,HINDUNILVR,2497.15,2501.8,2492.0,4.65,94.1827,-0.3917,1064400.0,16980300.0,252600.0
2025-10-28,HINDZINC,471.2,471.35,473.95,0.15,94.5158,0.5516,2176825.0,36231825.0,1283800.0
2025-10-28,HUDCO,225.9,226.04,227.36,0.14,93.4405,0.584,1992450.0,27511350.0,871350.0
2025-10-28,ICICIBANK,1363.1,1364.8,1372.1,1.7,95.398,0.5349,5139400.0,103414500.0,3122700.0
2025-10-28,ICICIGI,2019.0,2021.7,2032.7,2.7,97.8601,0.5441,127075.0,5793450.0,17875.0
2025-10-28,ICICIPRULI,600.5,600.15,604.7,-0.35,97.6671,0.7581,288600.0,11919550.0,162800.0
2025-10-28,IDEA,9.44,9.42,9.48,-0.02,96.0585,0.6369,264314550.0,6235121625.0,206562750.0
2025-10-28,IDFCFIRSTB,79.2,79.22,79.75,0.02,96.7324,0.669,12864425.0,368124750.0,12706750.0
2025-10-28,IEX,147.5,147.57,148.56,0.07,87.2717,0.6709,10923750.0,73466250.0,1432500.0
2025-10-28,IGL,210.35,210.34,209.63,-0.01,72.4835,-0.3375,5728250.0,15089250.0,0.0
2025-10-28,IIFL,513.8,513.25,516.25,-0.55,97.5492,0.5845,386100.0,15201450.0,166650.0
2025-10-28,INDHOTEL,741.75,740.95,746.4,-0.8,94.8616,0.7355,1428000.0,25894000.0,469000.0
2025-10-28,INDIANB,852.9,852.65,855.95,-0.25,94.329,0.387,546000.0,8997000.0,85000.0
2025-10-28,INDIGO,5809.0,5802.5,5822.5,-6.5,97.2652,0.3447,212700.0,7417050.0,147750.0
2025-10-28,INDUSINDBK,799.75,799.1,804.0,-0.65,96.1175,0.6132,2224600.0,54285700.0,787500.0
2025-10-28,INDUSTOWER,385.9,385.2,387.75,-0.7,97.285,0.662,2633300.0,93797500.0,561000.0
2025-10-28,INFY,1500.2,1502.5,1499.8,2.3,90.2958,-0.1797,6404800.0,57808000.0,1787200.0
2025-10-28,INOXWIND,153.3,152.86,154.14,-0.44,97.0868,0.8374,1613096.0,52790448.0,968512.0
2025-10-28,IOC,154.5,154.43,155.36,-0.07,79.4177,0.6022,27295125.0,103481625.0,1837875.0
2025-10-28,IRCTC,721.7,720.95,723.2,-0.75,93.7193,0.3121,961625.0,13688500.0,660625.0
2025-10-28,IREDA,151.45,151.38,152.41,-0.07,94.2622,0.6804,2214900.0,33396000.0,2991150.0
2025-10-28,IRFC,122.75,122.63,123.32,-0.12,94.7499,0.5627,2341750.0,40073250.0,2188750.0
2025-10-28,ITC,417.9,417.4,420.45,-0.5,96.4944,0.7307,5721600.0,155612800.0,1876800.0
2025-10-28,JINDALSTEL,1073.5,1073.9,1078.0,0.4,96.189,0.3818,553125.0,13853750.0,106875.0
2025-10-28,JIOFIN,307.95,307.95,309.9,0.0,97.0147,0.6332,4509650.0,141423000.0,5127700.0
2025-10-28,JSWENERGY,536.35,534.7,539.6,-1.65,98.0871,0.9164,791000.0,40355000.0,205000.0
2025-10-28,JSWSTEEL,1184.2,1184.6,1189.5,0.4,96.418,0.4136,1727325.0,46381275.0,114075.0
2025-10-28,JUBLFOOD,600.75,600.4,604.25,-0.35,96.057,0.6412,885000.0,21161250.0,398750.0
2025-10-28,KALYANKJIL,504.9,504.5,508.2,-0.4,95.1537,0.7334,1541600.0,29988350.0,279650.0
2025-10-28,KAYNES,6841.95,6826.5,6866.0,-15.45,91.2286,0.5786,106800.0,1077900.0,32900.0
2025-10-28,KEI,4063.85,4065.2,4088.3,1.35,89.8615,0.5682,128100.0,1101100.0,34300.0
2025-10-28,KFINTECH,1174.8,1175.3,1168.2,0.5,89.3613,-0.6041,282600.0,2296350.0,77400.0
2025-10-28,KOTAKBANK,2160.8,2161.5,2176.0,0.7,95.8104,0.6708,1382000.0,30572400.0,1032000.0
2025-10-28,KPITTECH,1190.3,1190.9,1194.9,0.6,93.6669,0.3359,264800.0,3750800.0,165600.0
2025-10-28,LAURUSLABS,959.65,958.45,965.2,-1.2,93.5948,0.7043,1446700.0,20573400.0,566100.0
2025-10-28,LICHSGFIN,585.85,584.95,588.65,-0.9,96.282,0.6325,1185000.0,30205000.0,482000.0
2025-10-28,LICI,899.95,899.65,906.65,-0.3,96.9892,0.7781,252700.0,7966700.0,173600.0
2025-10-28,LODHA,1169.0,1167.6,1175.2,-1.4,97.1184,0.6509,339750.0,11339100.0,111600.0
2025-10-28,LT,3972.8,3961.9,3992.3,-10.9,80.8012,0.7673,3625650.0,14796250.0,462875.0
2025-10-28,LTF,268.35,269.41,271.11,1.06,95.9345,0.631,2016824.0,46859924.0,731768.0
2025-10-28,LTIM,5596.05,5598.0,5624.5,1.95,90.3994,0.4734,244800.0,2283600.0,21450.0
2025-10-28,LUPIN,1918.75,1919.6,1932.5,0.85,92.4692,0.672,850425.0,10353000.0,89250.0
2025-10-28,M&M,3579.1,3580.5,3601.2,1.4,95.4346,0.5781,896000.0,18333200.0,396600.0
2025-10-28,MANAPPURAM,276.35,276.5,278.05,0.15,96.1108,0.5606,1200000.0,29283000.0,372000.0
2025-10-28,MANKIND,2406.5,2408.8,2416.8,2.3,94.2077,0.3321,94500.0,1502100.0,34875.0
2025-10-28,MARICO,720.05,720.95,725.25,0.9,98.0141,0.5964,546000.0,26907600.0,39600.0
2025-10-28,MARUTI,16311.0,16321.0,16424.0,10.0,89.8534,0.6311,300050.0,2609200.0,47900.0
2025-10-28,MAXHEALTH,1179.7,1180.2,1188.6,0.5,95.7706,0.7117,693525.0,15629250.0,75075.0
2025-10-28,MAZDOCK,2780.4,2782.0,2792.5,1.6,96.356,0.3774,167825.0,4325825.0,111825.0
2025-10-28,MCX,9116.55,9115.5,9180.0,-1.05,87.8472,0.7076,373000.0,2647500.0,48750.0
2025-10-28,MFSL,1524.1,1525.4,1535.4,1.3,96.8212,0.6556,204000.0,6181600.0,32000.0
2025-10-28,MOTHERSON,107.0,106.84,107.49,-0.16,97.9166,0.6084,3456300.0,160066050.0,2373900.0
2025-10-28,MPHASIS,2830.9,2833.2,2849.7,2.3,85.7482,0.5824,594550.0,3545575.0,31625.0
2025-10-28,MUTHOOTFIN,3181.95,3179.2,3184.1,-2.75,87.4341,0.1541,406175.0,2785750.0,40425.0
2025-10-28,NATIONALUM,236.75,236.66,237.33,-0.09,88.4775,0.2831,9768750.0,73871250.0,1140000.0
2025-10-28,NAUKRI,1385.7,1386.4,1392.1,0.7,94.864,0.4111,483750.0,8888625.0,46500.0
2025-10-28,NBCC,110.3,110.38,111.05,0.08,96.2377,0.607,2379000.0,58948500.0,1904500.0
2025-10-28,NCC,210.6,210.51,211.68,-0.09,95.929,0.5558,823500.0,18751500.0,653400.0
2025-10-28,NESTLEIND,1271.0,1270.0,1278.6,-1.0,89.2848,0.6772,2133500.0,17671000.0,106500.0
2025-10-28,NHPC,84.63,84.57,85.19,-0.06,96.9893,0.7331,1670400.0,52627200.0,1184000.0
2025-10-28,NMDC,74.63,74.65,75.13,0.02,97.036,0.643,9085500.0,290614500.0,6831000.0
2025-10-28,NTPC,339.15,339.25,338.65,0.1,92.6356,-0.1769,7681500.0,95659500.0,964500.0
2025-10-28,NUVAMA,7440.9,7454.5,7459.5,13.6,73.072,0.0671,142200.0,382950.0,2925.0
2025-10-28,NYKAA,256.85,257.33,257.62,0.48,94.9365,0.1127,3228125.0,60046875.0,478125.0
2025-10-28,OBEROIRLTY,1708.1,1706.0,1716.2,-2.1,92.5648,0.5979,361200.0,4462150.0,34650.0
2025-10-28,OFSS,8601.45,8607.0,8536.0,5.55,95.6678,-0.8249,56775.0,1221750.0,32025.0
2025-10-28,OIL,412.75,412.5,412.2,-0.25,87.1063,-0.0727,1404200.0,9296000.0,190400.0
2025-10-28,ONGC,250.55,250.43,251.52,-0.12,78.0293,0.4353,25290000.0,88886250.0,931500.0
2025-10-28,PAGEIND,40914.95,40920.0,40875.0,5.05,95.6876,-0.11,9300.0,202485.0,3870.0
2025-10-28,PATANJALI,593.65,593.95,597.25,0.3,95.8621,0.5556,1437300.0,33215400.0,81900.0
2025-10-28,PAYTM,1309.7,1310.0,1317.0,0.3,93.215,0.5344,1645750.0,22293750.0,316100.0
2025-10-28,PERSISTENT,5826.7,5834.6,5864.1,7.9,85.0089,0.5056,439300.0,2468100.0,23000.0
2025-10-28,PETRONET,278.4,278.2,279.75,-0.2,96.6171,0.5572,1495800.0,42363000.0,358200.0
2025-10-28,PFC,394.6,394.45,394.4,-0.15,90.3166,-0.0127,6358300.0,55508700.0,3794700.0
2025-10-28,PGEL,565.3,564.6,568.4,-0.7,95.3416,0.673,367500.0,7389200.0,132300.0
2025-10-28,PHOENIXLTD,1702.0,1702.8,1712.6,0.8,97.2814,0.5755,119350.0,4251800.0,18900.0
2025-10-28,PIDILITIND,1492.0,1492.0,1500.1,0.0,97.2544,0.5429,261000.0,9210000.0,35000.0
2025-10-28,PIIND,3587.25,3582.1,3606.5,-5.15,97.2285,0.6812,47250.0,1646925.0,10675.0
2025-10-28,PNB,121.15,120.91,121.65,-0.24,96.7343,0.612,7176000.0,207184000.0,5376000.0
2025-10-28,PNBHOUSING,933.55,932.55,938.95,-1.0,97.3503,0.6863,464750.0,16927300.0,147550.0
2025-10-28,POLICYBZR,1775.0,1778.1,1787.1,3.1,96.7123,0.5062,284200.0,8338050.0,22050.0
2025-10-28,POLYCAB,7509.9,7502.0,7559.5,-7.9,77.7906,0.7665,528000.0,1823250.0,26125.0
2025-10-28,POWERGRID,288.25,288.2,285.95,-0.05,91.9319,-0.7807,6517000.0,73531900.0,725800.0
2025-10-28,POWERINDIA,16956.15,16918.0,17010.0,-38.15,96.7384,0.5438,5000.0,147200.0,1100.0
2025-10-28,PPLPHARMA,202.1,202.25,203.7,0.15,94.1987,0.7169,1295000.0,20682500.0,345000.0
2025-10-28,PRESTIGE,1758.2,1761.3,1768.9,3.1,92.5242,0.4315,316800.0,3892050.0,28800.0
2025-10-28,RBLBANK,325.1,325.25,327.5,0.15,95.2102,0.6918,3476625.0,68700650.0,406400.0
2025-10-28,RECLTD,368.95,369.45,371.55,0.5,94.7027,0.5684,4855200.0,84361650.0,2437800.0
2025-10-28,RELIANCE,1486.9,1485.0,1493.9,-1.9,93.537,0.5993,8023500.0,112720000.0,3402000.0
2025-10-28,RVNL,328.85,328.45,320.55,-0.4,97.081,-2.4052,1036750.0,32015500.0,2465375.0
2025-10-28,SAIL,132.15,132.01,132.31,-0.14,91.4453,0.2273,14711000.0,154667600.0,2585000.0
2025-10-28,SAMMAANCAP,187.25,186.79,189.15,-0.46,93.2732,1.2635,7146600.0,98186200.0,907300.0
2025-10-28,SBICARD,905.75,905.2,890.5,-0.55,94.397,-1.624,1171200.0,18744000.0,988000.0
2025-10-28,SBILIFE,1936.8,1931.3,1944.5,-5.5,88.4141,0.6835,961875.0,7251750.0,88500.0
2025-10-28,SBIN,930.25,927.65,934.3,-2.6,84.0151,0.7169,15614250.0,80657250.0,1410000.0
2025-10-28,SHREECEM,28585.0,28595.0,28540.0,10.0,95.6585,-0.1923,12600.0,276425.0,1200.0
2025-10-28,SHRIRAMFIN,723.7,724.75,724.8,1.05,93.5963,0.0069,3390750.0,49225275.0,334125.0
2025-10-28,SIEMENS,3109.8,3101.3,3122.8,-8.5,92.729,0.6933,171750.0,2133750.0,56625.0
2025-10-28,SOLARINDS,13853.05,13852.0,13947.0,-1.05,98.1722,0.6858,16350.0,862650.0,15525.0
2025-10-28,SONACOMS,484.35,483.15,486.25,-1.2,95.5594,0.6416,826350.0,17579100.0,203700.0
2025-10-28,SRF,3027.7,3028.7,3047.7,1.0,94.2491,0.6273,182200.0,2959000.0,27000.0
2025-10-28,SUNPHARMA,1687.0,1684.6,1696.8,-2.4,95.5296,0.7242,824950.0,17563700.0,64750.0
2025-10-28,SUPREMEIND,3814.2,3814.2,3829.1,0.0,95.9911,0.3906,78400.0,1842750.0,34475.0
2025-10-28,SUZLON,56.22,56.31,56.65,0.09,95.6758,0.6038,10776000.0,231472000.0,6952000.0
2025-10-28,SYNGENE,657.5,656.25,661.2,-1.25,96.1272,0.7543,358000.0,8778000.0,108000.0
2025-10-28,TATACONSUM,1168.9,1168.3,1174.2,-0.6,98.5991,0.505,252450.0,17681950.0,85800.0
2025-10-28,TATAELXSI,5545.0,5531.5,5548.5,-13.5,87.8155,0.3073,346600.0,2447100.0,50900.0
2025-10-28,TATAPOWER,398.65,398.25,401.25,-0.4,95.6183,0.7533,2530250.0,54350350.0,865650.0
2025-10-28,TATASTEEL,181.8,181.8,182.72,0.0,96.79,0.5061,7172000.0,211997500.0,4257000.0
2025-10-28,TATATECH,695.5,694.85,699.4,-0.65,96.0774,0.6548,399200.0,9226400.0,551200.0
2025-10-28,TCS,3057.9,3052.1,3073.1,-5.8,95.6725,0.6881,1215550.0,25849425.0,1024100.0
2025-10-28,TECHM,1447.4,1446.9,1455.2,-0.5,96.0897,0.5736,689400.0,16725600.0,215400.0
2025-10-28,TIINDIA,3125.5,3123.4,3141.8,-2.1,97.9668,0.5891,39000.0,1867000.0,12200.0
2025-10-28,TITAGARH,892.85,895.1,900.4,2.25,97.2116,0.5921,179800.0,6093625.0,174725.0
2025-10-28,TITAN,3717.0,3707.9,3734.4,-9.1,89.586,0.7147,1281875.0,10956225.0,71050.0
2025-10-28,TMPV,411.5,410.85,413.85,-0.65,92.4715,0.7302,3479200.0,40798400.0,1936000.0
2025-10-28,TORNTPHARM,3576.5,3580.5,3593.2,4.0,95.204,0.3547,110500.0,2192000.0,1500.0
2025-10-28,TORNTPOWER,1277.2,1279.0,1286.6,1.8,95.5281,0.5942,166875.0,3525000.0,39750.0
2025-10-28,TRENT,4725.4,4720.0,4749.1,-5.4,96.5075,0.6165,295100.0,7953100.0,201400.0
2025-10-28,TVSMOTOR,3561.8,3557.5,3574.8,-4.3,95.9947,0.4863,361900.0,8604050.0,69650.0
2025-10-28,ULTRACEMCO,11931.0,11953.0,12017.0,22.0,95.624,0.5354,115000.0,2490450.0,22550.0
2025-10-28,UNIONBANK,147.05,146.64,147.81,-0.41,96.8755,0.7979,2619600.0,79968600.0,1252275.0
2025-10-28,UNITDSPR,1352.2,1351.4,1360.5,-0.8,97.8067,0.6734,289600.0,12798800.0,115600.0
2025-10-28,UNOMINDA,1201.2,1201.1,1208.2,-0.1,94.1743,0.5911,226050.0,3590400.0,63800.0
2025-10-28,UPL,702.6,702.2,708.85,-0.4,91.2562,0.947,3186960.0,32987475.0,273710.0
2025-10-28,VBL,454.15,454.0,457.6,-0.15,98.3653,0.793,680600.0,40349125.0,604750.0
2025-10-28,VEDL,502.45,502.95,505.85,0.5,96.479,0.5766,3903100.0,105652800.0,1296050.0
2025-10-28,VOLTAS,1428.4,1428.7,1386.2,0.3,95.6158,-2.9747,569625.0,12185625.0,237375.0
2025-10-28,WIPRO,242.4,242.74,242.99,0.34,95.0247,0.103,7824000.0,144666000.0,4767000.0
2025-10-28,YESBANK,22.73,22.72,22.87,-0.01,97.8499,0.6602,22205400.0,969604700.0,40927600.0
2025-10-28,ZYDUSLIFE,1001.25,1001.35,1007.75,0.1,97.2553,0.6391,209700.0,7358400.0,72000.0
2025-11-25,360ONE,1120.0,1121.6,1124.7,1.6,80.86,0.2764,389500.0,1626500.0,19000.0
2025-11-25,ABB,5070.4,5054.5,5067.0,-15.9,94.9835,0.2473,154000.0,2844625.0,71250.0
2025-11-25,ABCAPITAL,345.45,345.05,347.1,-0.4,98.3639,0.5941,1320600.0,78544700.0,849400.0
2025-11-25,ADANIENSOL,971.5,970.85,977.15,-0.65,98.4363,0.6489,305100.0,19108575.0,97875.0
2025-11-25,ADANIENT,2332.9,2330.8,2347.6,-2.1,95.2183,0.7208,719661.0,14085456.0,245346.0
2025-11-25,ADANIGREEN,1011.65,1009.7,1017.3,-1.95,94.4469,0.7527,1338600.0,22219200.0,547800.0
2025-11-25,ADANIPORTS,1483.9,1481.1,1492.1,-2.8,96.8731,0.7427,765700.0,23247925.0,473575.0
2025-11-25,ALKEM,5701.0,5696.0,5729.5,-5.0,97.0732,0.5881,47750.0,1579375.0,4375.0
2025-11-25,AMBER,7138.05,7159.0,6941.0,20.95,90.1891,-3.0451,123500.0,1083900.0,51400.0
2025-11-25,AMBUJACEM,545.85,544.55,548.55,-1.3,96.1958,0.7346,1863750.0,46277700.0,850500.0
2025-11-25,ANGELONE,2687.8,2692.0,2670.3,4.2,79.793,-0.8061,619750.0,2362000.0,85250.0
2025-11-25,APLAPOLLO,1698.4,1695.3,1706.8,-3.1,94.9005,0.6783,386750.0,7176750.0,20650.0
2025-11-25,APOLLOHOSP,7330.5,7323.0,7370.5,-7.5,95.9084,0.6486,120875.0,2801125.0,32250.0
2025-11-25,ASHOKLEY,145.85,146.01,146.49,0.16,91.6667,0.3287,10495000.0,113875000.0,1570000.0
2025-11-25,ASIANPAINT,2875.8,2868.9,2890.4,-6.9,80.6795,0.7494,2556250.0,10570500.0,104000.0
2025-11-25,ASTRAL,1465.25,1468.3,1450.0,3.05,85.5987,-1.2463,1316650.0,7623650.0,202300.0
2025-11-25,AUBANK,944.05,941.55,947.3,-2.5,93.3191,0.6107,1127000.0,15447000.0,295000.0
2025-11-25,AUROPHARMA,1208.0,1206.8,1215.7,-1.2,95.9828,0.7375,1010900.0,24082300.0,70950.0
2025-11-25,AXISBANK,1266.3,1263.6,1273.1,-2.7,96.0691,0.7518,2944375.0,71450625.0,508750.0
2025-11-25,BAJAJ-AUTO,9048.0,9025.5,9085.0,-22.5,90.8682,0.6592,307800.0,3027000.0,35850.0
2025-11-25,BAJAJFINSV,2030.2,2027.6,2040.9,-2.6,97.3382,0.6559,503250.0,18250500.0,152750.0
2025-11-25,BAJFINANCE,986.2,987.8,993.2,1.6,98.4436,0.5467,1500750.0,94041750.0,879000.0
2025-11-25,BANDHANBNK,149.65,149.64,150.64,-0.01,94.4739,0.6683,7045200.0,114912000.0,5533200.0
2025-11-25,BANKBARODA,287.25,286.85,288.55,-0.4,93.027,0.5926,6929325.0,91552500.0,892125.0
2025-11-25,BANKINDIA,147.2,147.23,148.23,0.03,95.4831,0.6792,2355600.0,48921600.0,873600.0
2025-11-25,BDL,1462.4,1460.2,1470.1,-2.2,94.1822,0.678,287950.0,4514900.0,146650.0
2025-11-25,BEL,410.25,409.35,412.2,-0.9,97.7286,0.6962,2515125.0,104858625.0,3357300.0
2025-11-25,BHARATFORG,1409.7,1410.7,1418.3,1.0,87.9072,0.5387,987500.0,7083500.0,95000.0
2025-11-25,BHARTIARTL,2161.6,2156.4,2170.3,-5.2,87.115,0.6446,6357400.0,42577575.0,404700.0
2025-11-25,BHEL,282.9,283.25,284.7,0.35,88.1286,0.5119,6909000.0,50281875.0,1008000.0
2025-11-25,BIOCON,393.25,393.15,395.5,-0.1,79.3824,0.5977,10415000.0,39325000.0,775000.0
2025-11-25,BLUESTARCO,1746.7,1744.3,1750.7,-2.4,93.4053,0.3669,123175.0,1729325.0,15275.0
2025-11-25,BOSCHLTD,35769.85,35720.0,35970.0,-49.85,95.9991,0.6999,9100.0,215325.0,3025.0
2025-11-25,BPCL,355.8,355.4,357.9,-0.4,92.8038,0.7034,2263350.0,28929800.0,258725.0
2025-11-25,BRITANNIA,5867.0,5866.5,5892.0,-0.5,89.2568,0.4347,336625.0,2781375.0,15375.0
2025-11-25,BSE,2840.6,2839.2,2857.3,-1.4,79.8077,0.6375,2291250.0,8836125.0,219750.0
2025-11-25,CAMS,3894.4,3885.5,3910.5,-8.9,94.0452,0.6434,97950.0,1501800.0,45150.0
2025-11-25,CANBK,148.7,148.61,149.34,-0.09,90.8476,0.4912,14073750.0,136026000.0,3672000.0
2025-11-25,CDSL,1574.1,1572.7,1582.9,-1.4,95.2784,0.6486,435100.0,8351450.0,428450.0
2025-11-25,CGPOWER,682.55,681.85,686.65,-0.7,95.3621,0.704,816000.0,16398200.0,379950.0
2025-11-25,CHOLAFIN,1685.4,1685.3,1688.7,-0.1,94.2018,0.2017,765000.0,12353125.0,75625.0
2025-11-25,CIPLA,1507.5,1506.4,1516.0,-1.1,95.0329,0.6373,722250.0,13663125.0,155250.0
2025-11-25,COALINDIA,370.05,369.85,372.6,-0.2,90.7278,0.7435,5819850.0,55765800.0,1181250.0
2025-11-25,COFORGE,1831.7,1830.9,1843.7,-0.8,96.1955,0.6991,506250.0,12715500.0,84750.0
2025-11-25,COLPAL,2167.7,2162.4,2176.8,-5.3,96.0387,0.6659,246600.0,5750550.0,228150.0
2025-11-25,CONCOR,512.5,511.05,514.95,-1.45,89.3149,0.7631,4647500.0,37665000.0,1182500.0
2025-11-25,CROMPTON,265.05,264.45,266.2,-0.6,94.7264,0.6618,2871000.0,49626000.0,1944000.0
2025-11-25,CUMMINSIND,4311.3,4314.6,4341.3,3.3,92.2501,0.6188,260800.0,3090600.0,13800.0
2025-11-25,CYIENT,1103.6,1102.5,1111.0,-1.1,93.9187,0.771,269025.0,4154800.0,0.0
2025-11-25,DABUR,514.4,514.9,517.7,0.5,80.5718,0.5438,4120000.0,16742500.0,343750.0
2025-11-25,DALBHARAT,2019.9,2014.6,2028.2,-5.3,93.7816,0.6751,147875.0,2199600.0,30550.0
2025-11-25,DELHIVERY,410.65,410.45,413.5,-0.2,87.0283,0.7431,2639400.0,17344925.0,363125.0
2025-11-25,DIVISLAB,6412.0,6407.5,6453.5,-4.5,90.1663,0.7179,346000.0,3143400.0,29100.0
2025-11-25,DIXON,14400.95,14391.0,14501.0,-9.95,85.1836,0.7644,351000.0,1935300.0,82700.0
2025-11-25,DLF,721.35,721.2,726.3,-0.15,96.0293,0.7072,1804275.0,42896700.0,738375.0
2025-11-25,DMART,3988.6,3986.8,4003.8,-1.8,88.6419,0.4264,666750.0,5119050.0,84450.0
2025-11-25,DRREDDY,1236.1,1233.0,1240.9,-3.1,88.5742,0.6407,1740000.0,13326250.0,162500.0
2025-11-25,EICHERMOT,7218.5,7196.0,7238.0,-22.5,85.5748,0.5837,512400.0,3006325.0,33400.0
2025-11-25,ETERNAL,302.3,301.95,303.9,-0.35,97.7399,0.6458,6596000.0,282216650.0,3028825.0
2025-11-25,EXIDEIND,361.85,360.85,363.65,-1.0,89.0522,0.7759,4077000.0,32167800.0,995400.0
2025-11-25,FEDERALBNK,256.0,255.58,255.62,-0.42,94.2452,0.0157,3290000.0,52175000.0,1705000.0
2025-11-25,FORTIS,920.4,920.7,926.9,0.3,94.4581,0.6734,806000.0,13550875.0,186775.0
2025-11-25,GAIL,180.2,180.07,181.13,-0.13,89.5022,0.5887,8482950.0,70109550.0,2214450.0
2025-11-25,GLENMARK,1881.5,1877.7,1891.7,-3.8,97.5207,0.7456,385500.0,15079875.0,83625.0
2025-11-25,GMRAIRPORT,104.21,103.99,104.74,-0.22,86.0668,0.7212,29064825.0,177325425.0,2211075.0
2025-11-25,GODREJCP,1144.55,1144.6,1151.6,0.05,90.6416,0.6116,975000.0,9386000.0,57500.0
2025-11-25,GODREJPROP,2094.0,2090.8,2105.8,-3.2,95.9657,0.7174,347875.0,8149625.0,125400.0
2025-11-25,GRASIM,2686.8,2686.5,2704.6,-0.3,98.3952,0.6737,261750.0,16001500.0,47500.0
2025-11-25,HAL,4441.6,4433.7,4462.1,-7.9,94.9218,0.6405,502500.0,8957700.0,435000.0
2025-11-25,HAVELLS,1419.4,1416.3,1425.4,-3.1,95.9711,0.6425,334500.0,7814000.0,154000.0
2025-11-25,HCLTECH,1601.1,1598.1,1610.2,-3.0,96.443,0.7571,645750.0,17194450.0,314300.0
2025-11-25,HDFCAMC,5336.7,5338.5,5374.0,1.8,83.7897,0.665,412050.0,2114400.0,15450.0
2025-11-25,HDFCBANK,989.8,988.65,995.0,-1.15,98.4732,0.6423,3298900.0,210642850.0,2124650.0
2025-11-25,HDFCLIFE,766.55,767.2,770.9,0.65,89.6502,0.4823,3030500.0,26112900.0,137500.0
2025-11-25,HEROMOTOCO,6081.5,6085.5,6110.5,4.0,94.3706,0.4108,342450.0,5699400.0,41400.0
2025-11-25,HFCL,70.71,70.57,71.05,-0.14,95.8894,0.6802,4966500.0,115854900.0,0.0
2025-11-25,HINDALCO,789.35,788.85,792.6,-0.5,97.8842,0.4754,1736700.0,79913400.0,432600.0
2025-11-25,HINDPETRO,455.25,455.5,458.5,0.25,97.4851,0.6586,1091475.0,41958000.0,350325.0
2025-11-25,HINDUNILVR,2414.1,2412.5,2417.5,-1.6,87.5366,0.2073,2132700.0,14479200.0,499800.0
2025-11-25,HINDZINC,462.6,462.3,465.45,-0.3,95.453,0.6814,1797075.0,36870050.0,855050.0
2025-11-25,HUDCO,230.75,230.53,232.28,-0.22,96.8149,0.7591,1057275.0,31404675.0,732600.0
2025-11-25,ICICIBANK,1357.8,1356.3,1365.4,-1.5,96.6804,0.6709,3787000.0,108984400.0,1309700.0
2025-11-25,ICICIGI,1999.0,1997.1,2006.9,-1.9,97.3126,0.4907,157625.0,5689450.0,18200.0
2025-11-25,ICICIPRULI,612.25,611.8,615.85,-0.45,98.1131,0.662,267325.0,13807475.0,92500.0
2025-11-25,IDEA,10.05,10.06,10.13,0.01,96.2453,0.6958,246803175.0,6059150175.0,267245025.0
2025-11-25,IDFCFIRSTB,79.35,79.14,79.7,-0.21,95.0248,0.7076,18438700.0,334400850.0,17770900.0
2025-11-25,IEX,140.25,139.89,140.97,-0.36,89.9778,0.772,7125000.0,62460000.0,1507500.0
2025-11-25,IIFL,557.4,555.95,560.0,-1.45,94.0274,0.7285,905850.0,14148750.0,112200.0
2025-11-25,INDHOTEL,726.5,724.55,729.9,-1.95,95.1754,0.7384,1345000.0,25643000.0,890000.0
2025-11-25,INDIANB,873.1,872.2,876.4,-0.9,88.7803,0.4815,1332000.0,10362000.0,178000.0
2025-11-25,INDIGO,5775.05,5772.0,5777.0,-3.05,92.9096,0.0866,529800.0,6878100.0,64200.0
2025-11-25,INDUSINDBK,839.9,837.9,844.05,-2.0,93.5471,0.734,3108700.0,43670900.0,1395800.0
2025-11-25,INDUSTOWER,403.6,404.05,406.5,0.45,91.917,0.6064,7570100.0,85695300.0,389300.0
2025-11-25,INFY,1530.6,1530.2,1538.9,-0.4,96.359,0.5686,2661200.0,69774400.0,654400.0
2025-11-25,INOXWIND,134.7,134.31,135.39,-0.39,96.2454,0.8041,3134576.0,78132088.0,2220075.0
2025-11-25,IOC,164.1,163.94,164.95,-0.16,87.9181,0.6161,12133875.0,86755500.0,1540500.0
2025-11-25,IRCTC,677.5,676.9,681.0,-0.6,93.386,0.6057,1355375.0,17885000.0,1252125.0
2025-11-25,IREDA,141.35,141.25,142.07,-0.1,90.5615,0.5805,4309050.0,37480800.0,3864000.0
2025-11-25,IRFC,116.75,116.56,117.35,-0.19,90.8951,0.6778,4020500.0,37285250.0,2851750.0
2025-11-25,ITC,400.8,400.8,403.55,0.0,97.2904,0.6861,4892800.0,172137600.0,3539200.0
2025-11-25,JINDALSTEL,1022.6,1023.8,1029.8,1.2,87.6085,0.5861,1605625.0,11281250.0,70625.0
2025-11-25,JIOFIN,300.8,300.45,302.5,-0.35,96.3765,0.6823,5672900.0,144924500.0,5961950.0
2025-11-25,JSWENERGY,476.6,475.7,478.9,-0.9,97.1327,0.6727,1296000.0,43396000.0,507000.0
2025-11-25,JSWSTEEL,1112.0,1111.7,1119.6,-0.3,98.4783,0.7106,679050.0,43762275.0,184275.0
2025-11-25,JUBLFOOD,593.05,592.7,596.05,-0.35,89.5857,0.5652,2183750.0,18286250.0,498750.0
2025-11-25,KALYANKJIL,482.8,481.85,485.45,-0.95,93.7411,0.7471,2068000.0,30520625.0,452375.0
2025-11-25,KAYNES,5777.3,5776.0,5818.5,-1.3,84.4247,0.7358,298500.0,1540100.0,77900.0
2025-11-25,KEI,4071.45,4062.9,4045.0,-8.55,91.0951,-0.4406,97475.0,987700.0,9450.0
2025-11-25,KFINTECH,1050.4,1051.0,1057.1,0.6,91.8035,0.5804,286200.0,3095550.0,110000.0
2025-11-25,KOTAKBANK,2069.9,2069.1,2081.1,-0.8,97.0179,0.58,1115200.0,36004000.0,277200.0
2025-11-25,KPITTECH,1172.0,1171.2,1178.7,-0.8,95.7672,0.6404,140000.0,3040400.0,127075.0
2025-11-25,LAURUSLABS,978.85,975.1,982.6,-3.75,90.2875,0.7692,1714450.0,15654450.0,283050.0
2025-11-25,LICHSGFIN,548.1,546.9,551.1,-1.2,87.3795,0.768,4816000.0,32645000.0,699000.0
2025-11-25,LICI,897.65,895.15,901.15,-2.5,93.3724,0.6703,618100.0,8442700.0,265300.0
2025-11-25,LODHA,1160.2,1159.0,1167.0,-1.2,97.6324,0.6903,234900.0,9582750.0,103950.0
2025-11-25,LT,3996.7,3993.3,4021.3,-3.4,97.1109,0.7012,394625.0,13160875.0,103775.0
2025-11-25,LTF,296.9,297.3,299.0,0.4,78.2815,0.5718,11735060.0,41759858.0,537750.0
2025-11-25,LTIM,5833.0,5835.5,5875.5,2.5,95.6169,0.6855,94050.0,2037300.0,14400.0
2025-11-25,LUPIN,2042.3,2041.4,2055.1,-0.9,95.4022,0.6711,456875.0,9377625.0,102425.0
2025-11-25,M&M,3669.3,3671.6,3693.6,2.3,98.1619,0.5992,348800.0,18449200.0,178200.0
2025-11-25,MANAPPURAM,279.05,279.05,281.1,0.0,96.5992,0.7346,1533000.0,42945000.0,600000.0
2025-11-25,MANKIND,2241.9,2236.3,2251.1,-5.6,92.3285,0.6618,185175.0,2160675.0,67950.0
2025-11-25,MARICO,731.35,731.25,736.9,-0.1,98.7844,0.7726,385200.0,31231200.0,72000.0
2025-11-25,MARUTI,15888.95,15885.0,15996.0,-3.95,95.0878,0.6988,132900.0,2543450.0,29150.0
2025-11-25,MAXHEALTH,1158.1,1154.9,1162.9,-3.2,94.7739,0.6927,876750.0,15772050.0,127575.0
2025-11-25,MAZDOCK,2643.0,2641.3,2657.7,-1.7,93.7313,0.6209,253050.0,3640700.0,143000.0
2025-11-25,MCX,9867.15,9849.5,9916.0,-17.65,90.8149,0.6752,242750.0,2358375.0,41750.0
2025-11-25,MFSL,1697.9,1696.4,1710.1,-1.5,95.2153,0.8076,343200.0,6809600.0,20000.0
2025-11-25,MOTHERSON,110.2,110.29,110.99,0.09,96.4679,0.6347,5707200.0,152526150.0,3345600.0
2025-11-25,MPHASIS,2797.25,2790.5,2810.0,-6.75,89.3654,0.6988,699050.0,5831375.0,42900.0
2025-11-25,MUTHOOTFIN,3681.4,3691.3,3703.4,9.9,86.1091,0.3278,413325.0,2503600.0,58575.0
2025-11-25,NATIONALUM,253.95,253.71,255.7,-0.24,93.2863,0.7844,4886250.0,66997500.0,896250.0
2025-11-25,NAUKRI,1332.0,1329.2,1338.0,-2.8,97.2344,0.6621,220125.0,7670625.0,68625.0
2025-11-25,NBCC,117.6,117.55,118.4,-0.05,97.4747,0.7231,1982500.0,75582000.0,942500.0
2025-11-25,NCC,173.25,172.8,174.07,-0.45,90.0694,0.735,2511000.0,22774500.0,0.0
2025-11-25,NESTLEIND,1263.2,1260.9,1270.1,-2.3,98.6812,0.7296,214000.0,15847500.0,165000.0
2025-11-25,NHPC,77.23,77.02,77.56,-0.21,93.5602,0.7011,4262400.0,59609600.0,2316800.0
2025-11-25,NMDC,72.7,72.77,73.22,0.07,89.8401,0.6184,36753750.0,319059000.0,5940000.0
2025-11-25,NTPC,323.7,323.45,325.4,-0.25,94.3257,0.6029,5383500.0,87667500.0,1824000.0
2025-11-25,NUVAMA,6972.55,6973.5,7017.5,0.95,89.2747,0.631,39225.0,324900.0,1600.0
2025-11-25,NYKAA,270.45,270.97,267.08,0.52,94.5417,-1.4356,3487500.0,60040625.0,365625.0
2025-11-25,OBEROIRLTY,1629.6,1626.6,1637.3,-3.0,95.4545,0.6578,206500.0,4277000.0,59500.0
2025-11-25,OFSS,8084.05,8078.0,8128.0,-6.05,93.6338,0.619,86325.0,1243050.0,26625.0
2025-11-25,OIL,421.05,420.75,422.7,-0.3,85.0427,0.4635,1911000.0,10780000.0,85400.0
2025-11-25,ONGC,245.35,244.8,246.7,-0.55,94.6996,0.7761,4891500.0,86368500.0,1026000.0
2025-11-25,PAGEIND,38535.0,38440.0,38540.0,-95.0,91.9084,0.2601,20085.0,222960.0,5175.0
2025-11-25,PATANJALI,569.5,568.15,572.35,-1.35,97.817,0.7392,725400.0,32403600.0,100800.0
2025-11-25,PAYTM,1241.45,1237.0,1246.7,-4.45,96.2545,0.7842,843900.0,21553525.0,133400.0
2025-11-25,PERSISTENT,6370.5,6390.0,6405.5,19.5,89.7854,0.2426,224700.0,1958300.0,16800.0
2025-11-25,PETRONET,272.15,271.7,273.45,-0.45,97.379,0.6441,1155600.0,42442200.0,492100.0
2025-11-25,PFC,361.4,361.0,359.8,-0.4,92.6721,-0.3324,5886400.0,71410300.0,3031600.0
2025-11-25,PGEL,570.35,569.45,573.4,-0.9,95.9829,0.6937,441700.0,10432100.0,121600.0
2025-11-25,PHOENIXLTD,1731.7,1727.1,1739.2,-4.6,95.267,0.7006,174650.0,3501750.0,13650.0
2025-11-25,PIDILITIND,1466.6,1462.9,1471.6,-3.7,94.247,0.5947,416000.0,6751000.0,64000.0
2025-11-25,PIIND,3448.7,3454.0,3417.0,5.3,80.4652,-1.0712,552650.0,2235450.0,40950.0
2025-11-25,PNB,123.05,122.95,123.66,-0.1,89.3152,0.5775,23928000.0,192896000.0,7120000.0
2025-11-25,PNBHOUSING,881.45,881.0,887.7,-0.45,96.6974,0.7605,536250.0,15539550.0,161200.0
2025-11-25,POLICYBZR,1765.9,1767.5,1779.3,1.6,93.6569,0.6676,512750.0,7530950.0,39900.0
2025-11-25,POLYCAB,7439.0,7423.0,7483.0,-16.0,94.1823,0.8083,92625.0,1486125.0,13375.0
2025-11-25,POWERGRID,273.45,272.75,274.8,-0.7,95.4919,0.7516,3300300.0,68538700.0,1369900.0
2025-11-25,POWERINDIA,21742.25,21764.0,21888.0,21.75,88.822,0.5697,21350.0,166300.0,3350.0
2025-11-25,PPLPHARMA,184.85,184.73,185.4,-0.12,94.8944,0.3627,1105000.0,19532500.0,1005375.0
2025-11-25,PRESTIGE,1655.9,1657.2,1668.2,1.3,95.7058,0.6638,169200.0,3761550.0,9450.0
2025-11-25,RBLBANK,308.25,307.9,310.25,-0.35,89.6594,0.7632,8251825.0,71266050.0,282575.0
2025-11-25,RECLTD,351.75,351.1,353.45,-0.65,92.8156,0.6693,7349100.0,91006950.0,3936800.0
2025-11-25,RELIANCE,1539.7,1536.0,1547.6,-3.7,92.42,0.7552,8572000.0,103135500.0,1379500.0
2025-11-25,RVNL,322.9,323.15,304.05,0.25,98.0221,-5.9106,869000.0,39980875.0,3086600.0
2025-11-25,SAIL,132.25,131.93,132.8,-0.32,90.4191,0.6594,14678100.0,137667700.0,855400.0
2025-11-25,SAMMAANCAP,151.75,151.43,152.66,-0.32,91.6452,0.8123,7795900.0,84056400.0,1457700.0
2025-11-25,SBICARD,873.4,875.4,878.0,2.0,79.4581,0.297,3730400.0,14002400.0,427200.0
2025-11-25,SBILIFE,2031.0,2031.5,2036.8,0.5,93.8764,0.2609,492750.0,7496625.0,57375.0
2025-11-25,SBIN,983.6,981.45,988.45,-2.15,89.6502,0.7132,7797750.0,66208500.0,1335750.0
2025-11-25,SHREECEM,26454.95,26400.0,26570.0,-54.95,93.1746,0.6439,18850.0,254125.0,3200.0
2025-11-25,SHRIRAMFIN,838.25,839.5,843.45,1.25,95.7011,0.4705,2440350.0,53835375.0,491700.0
2025-11-25,SIEMENS,3181.1,3178.4,3200.7,-2.7,97.6854,0.7016,63750.0,2660750.0,29750.0
2025-11-25,SOLARINDS,13267.2,13255.0,13354.0,-12.2,95.2446,0.7469,43575.0,837300.0,35450.0
2025-11-25,SONACOMS,501.3,500.6,504.05,-0.7,85.9078,0.6892,2137800.0,12924450.0,107800.0
2025-11-25,SRF,2793.8,2792.5,2810.5,-1.3,94.4,0.6446,246600.0,4089800.0,67200.0
2025-11-25,SUNPHARMA,1776.6,1773.3,1783.8,-3.3,93.4587,0.5921,1049650.0,14891800.0,105000.0
2025-11-25,SUPREMEIND,3427.3,3420.6,3444.1,-6.7,92.5728,0.687,170100.0,2077425.0,42700.0
2025-11-25,SUZLON,54.19,54.2,54.55,0.01,94.8703,0.6458,13168000.0,233416000.0,10117025.0
2025-11-25,SYNGENE,642.05,642.05,646.6,0.0,96.9499,0.7087,280000.0,8770000.0,130000.0
2025-11-25,TATACONSUM,1177.7,1175.9,1183.6,-1.8,97.8826,0.6548,265650.0,12210550.0,69850.0
2025-11-25,TATAELXSI,5163.95,5165.5,5193.5,1.55,91.1308,0.5421,210200.0,2087000.0,72800.0
2025-11-25,TATAPOWER,380.0,379.35,381.6,-0.65,92.4919,0.5931,4228200.0,50065600.0,2021300.0
2025-11-25,TATASTEEL,166.35,166.07,167.2,-0.28,93.9109,0.6804,16797000.0,249958500.0,9097000.0
2025-11-25,TATATECH,669.45,668.3,672.55,-1.15,96.1758,0.6359,439200.0,10385600.0,660000.0
2025-11-25,TCS,3119.2,3112.6,3135.5,-6.6,97.0694,0.7357,825300.0,26274150.0,1062425.0
2025-11-25,TECHM,1494.7,1492.0,1502.1,-2.7,98.1698,0.6769,426000.0,22665000.0,184800.0
2025-11-25,TIINDIA,2879.7,2882.7,2900.9,3.0,96.1763,0.6314,80000.0,1992400.0,19800.0
2025-11-25,TITAGARH,837.1,837.1,841.95,0.0,87.0094,0.5794,827950.0,5545525.0,0.0
2025-11-25,TITAN,3855.05,3859.4,3881.6,4.35,94.9069,0.5752,500325.0,9238775.0,84525.0
2025-11-25,TMPV,352.45,352.5,355.0,0.05,96.2902,0.7092,3191200.0,78256800.0,4573600.0
2025-11-25,TORNTPHARM,3745.2,3743.1,3769.6,-2.1,94.5243,0.708,141000.0,2428250.0,5750.0
2025-11-25,TORNTPOWER,1293.0,1289.4,1298.5,-3.6,94.4904,0.7058,160500.0,2707125.0,45475.0
2025-11-25,TRENT,4243.9,4234.8,4266.3,-9.1,88.1655,0.7438,1079500.0,7731000.0,311100.0
2025-11-25,TVSMOTOR,3447.8,3445.7,3464.2,-2.1,96.1864,0.5369,307125.0,7693700.0,52675.0
2025-11-25,ULTRACEMCO,11579.95,11559.0,11637.0,-20.95,95.6071,0.6748,113950.0,2459900.0,20100.0
2025-11-25,UNIONBANK,152.85,152.98,153.85,0.13,97.0866,0.5687,2646150.0,85933500.0,2247900.0
2025-11-25,UNITDSPR,1430.4,1428.4,1437.6,-2.0,93.4483,0.6441,927200.0,13118800.0,106000.0
2025-11-25,UNOMINDA,1285.25,1283.5,1292.4,-1.75,97.2848,0.6934,116050.0,4139850.0,18150.0
2025-11-25,UPL,749.7,749.5,755.45,-0.2,95.2903,0.7939,1630065.0,32738155.0,242545.0
2025-11-25,VBL,449.05,448.45,451.15,-0.6,84.6786,0.6021,6656350.0,35875000.0,913500.0
2025-11-25,VEDL,504.6,504.25,507.65,-0.35,94.2902,0.6743,6303150.0,103143500.0,945300.0
2025-11-25,VOLTAS,1356.3,1353.7,1344.4,-2.6,86.4015,-0.687,1739625.0,10821375.0,231750.0
2025-11-25,WIPRO,245.65,246.19,246.02,0.54,90.033,-0.0691,13872000.0,121983000.0,3324000.0
2025-11-25,YESBANK,22.7,22.65,22.81,-0.05,96.522,0.7064,38564000.0,1015663800.0,54580500.0
2025-11-25,ZYDUSLIFE,928.5,926.85,933.0,-1.65,94.4238,0.6635,567900.0,9423900.0,192600.0
2025-12-30,360ONE,1191.6,1185.2,1173.8,-6.4,94.2296,-0.9619,138000.0,2215000.0,38500.0
2025-12-30,ABB,5138.6,5134.5,5169.0,-4.1,95.7931,0.6719,99000.0,2197750.0,56500.0
2025-12-30,ABCAPITAL,349.3,348.4,350.8,-0.9,96.2151,0.6889,2976000.0,74834000.0,818400.0
2025-12-30,ADANIENSOL,1024.15,1026.65,1029.8,2.5,97.2014,0.3068,503550.0,17388675.0,100575.0
2025-12-30,ADANIENT,2214.7,2212.8,2227.0,-1.9,93.7761,0.6417,1449519.0,21102537.0,737583.0
2025-12-30,ADANIGREEN,1007.1,1006.7,1013.8,-0.4,96.7517,0.7053,811800.0,23794200.0,385800.0
2025-12-30,ADANIPORTS,1461.2,1462.1,1472.5,0.9,97.552,0.7113,628900.0,24368450.0,693500.0
2025-12-30,ALKEM,5468.65,5453.0,5493.5,-15.65,96.5003,0.7427,54875.0,1505125.0,8000.0
2025-12-30,AMBER,6264.55,6276.0,6274.5,11.45,83.4752,-0.0239,180600.0,878300.0,34000.0
2025-12-30,AMBUJACEM,550.0,550.3,554.0,0.3,97.726,0.6724,1202250.0,50897700.0,769650.0
2025-12-30,ANGELONE,2347.1,2351.4,2353.4,4.3,92.268,0.0851,303250.0,3469250.0,149500.0
2025-12-30,APLAPOLLO,1883.2,1884.1,1897.5,0.9,98.3421,0.7112,148750.0,8770650.0,52850.0
2025-12-30,APOLLOHOSP,6990.0,6978.5,7022.5,-11.5,94.1116,0.6305,187250.0,2944875.0,47875.0
2025-12-30,ASHOKLEY,178.65,178.41,176.06,-0.24,95.0477,-1.3172,8845000.0,167555000.0,2205000.0
2025-12-30,ASIANPAINT,2758.3,2757.6,2757.8,-0.7,90.365,0.0073,1414750.0,13024500.0,244250.0
2025-12-30,ASTRAL,1360.3,1360.4,1366.3,0.1,88.9485,0.4337,928200.0,7160825.0,309825.0
2025-12-30,AUBANK,996.45,995.35,1000.1,-1.1,97.0643,0.4772,625000.0,20300000.0,365000.0
2025-12-30,AUROPHARMA,1186.3,1186.3,1195.5,0.0,97.0392,0.7755,667150.0,21759650.0,105600.0
2025-12-30,AXISBANK,1246.0,1244.2,1252.6,-1.8,97.1339,0.6751,2300000.0,77532500.0,416875.0
2025-12-30,BAJAJ-AUTO,9282.05,9278.0,9338.5,-4.05,97.0627,0.6521,91725.0,2999250.0,31800.0
2025-12-30,BAJAJFINSV,2026.4,2025.1,2042.9,-1.3,97.3535,0.879,490750.0,17865000.0,187500.0
2025-12-30,BAJFINANCE,989.3,988.7,996.5,-0.6,97.0434,0.7889,2688000.0,87073500.0,1152750.0
2025-12-30,BANDHANBNK,145.8,145.84,146.83,0.04,96.5587,0.6788,4186800.0,113205600.0,4269600.0
2025-12-30,BANKBARODA,293.0,293.0,294.6,0.0,84.593,0.5461,14233050.0,77076675.0,1070550.0
2025-12-30,BANKINDIA,142.0,141.64,142.65,-0.36,89.5757,0.7131,6234800.0,52920400.0,655200.0
2025-12-30,BDL,1454.6,1453.8,1466.5,-0.8,94.1949,0.8736,328900.0,4961950.0,374850.0
2025-12-30,BEL,393.3,393.0,396.3,-0.3,95.3051,0.8397,6121800.0,119782650.0,4487325.0
2025-12-30,BHARATFORG,1454.6,1456.3,1465.4,1.7,97.2123,0.6249,215500.0,7409500.0,105500.0
2025-12-30,BHARTIARTL,2099.8,2094.6,2108.3,-5.2,96.0264,0.6541,1976950.0,45960525.0,1814975.0
2025-12-30,BHEL,282.8,283.0,284.8,0.2,95.5152,0.636,3060750.0,63947625.0,1239000.0
2025-12-30,BIOCON,390.4,390.6,393.05,0.2,97.1826,0.6272,1290000.0,43982500.0,515000.0
2025-12-30,BLUESTARCO,1708.0,1712.8,1710.9,4.8,83.3154,-0.1109,454675.0,2257450.0,13000.0
2025-12-30,BOSCHLTD,35525.05,35570.0,35810.0,44.95,95.4227,0.6747,9300.0,192000.0,1875.0
2025-12-30,BPCL,369.5,369.95,371.9,0.45,88.4572,0.5271,3233075.0,23988350.0,788025.0
2025-12-30,BRITANNIA,6013.0,6001.0,6040.5,-12.0,97.424,0.6582,73375.0,2766000.0,9000.0
2025-12-30,BSE,2581.0,2583.6,2600.3,2.6,94.6611,0.6464,671625.0,11415000.0,493125.0
2025-12-30,CAMS,731.8,730.5,735.0,-1.3,85.8181,0.616,1259250.0,7277250.0,342750.0
2025-12-30,CANBK,154.05,153.82,153.78,-0.23,94.8194,-0.026,7134750.0,126859500.0,3726000.0
2025-12-30,CDSL,1433.9,1432.6,1441.4,-1.3,94.9042,0.6143,545775.0,9619225.0,545300.0
2025-12-30,CGPOWER,641.05,640.85,645.2,-0.2,94.9605,0.6788,742050.0,13643350.0,339150.0
2025-12-30,CHOLAFIN,1701.5,1704.9,1712.8,3.4,80.1794,0.4634,2968750.0,11876250.0,133125.0
2025-12-30,CIPLA,1492.5,1489.8,1499.2,-2.7,92.7692,0.631,980250.0,12439500.0,136875.0
2025-12-30,COALINDIA,398.0,397.9,400.2,-0.1,90.1088,0.578,6137100.0,53770500.0,2138400.0
2025-12-30,COFORGE,1654.9,1657.6,1668.0,2.7,93.9239,0.6274,1133625.0,17108250.0,415125.0
2025-12-30,COLPAL,2053.4,2053.2,2065.0,-0.2,90.0641,0.5747,718650.0,6272100.0,242100.0
2025-12-30,CONCOR,519.0,517.45,521.55,-1.55,93.4462,0.7923,2560000.0,34520000.0,1981250.0
2025-12-30,CROMPTON,251.6,251.45,253.25,-0.15,96.8899,0.7158,1782000.0,53200800.0,2314800.0
2025-12-30,CUMMINSIND,4389.9,4397.7,4386.9,7.8,96.4755,-0.2456,118600.0,3226800.0,19600.0
2025-12-30,DABUR,495.65,495.35,498.5,-0.3,95.9086,0.6359,857500.0,19651250.0,450000.0
2025-12-30,DALBHARAT,2127.7,2128.9,2142.6,1.2,97.1193,0.6435,80600.0,2665650.0,51675.0
2025-12-30,DELHIVERY,402.3,402.35,404.95,0.05,95.0685,0.6462,881875.0,16803350.0,197125.0
2025-12-30,DIVISLAB,6360.55,6364.5,6420.5,3.95,97.0513,0.8799,99800.0,3259100.0,25600.0
2025-12-30,DIXON,11767.6,11770.0,11864.0,2.4,78.5815,0.7986,784100.0,2725750.0,151000.0
2025-12-30,DLF,680.65,679.25,683.5,-1.4,93.5711,0.6257,3243900.0,46270125.0,943800.0
2025-12-30,DMART,3753.5,3756.3,3774.7,2.8,90.7625,0.4898,513900.0,4943550.0,105750.0
2025-12-30,DRREDDY,1265.8,1268.8,1271.5,3.0,95.7026,0.2128,543750.0,12035000.0,74375.0
2025-12-30,EICHERMOT,7192.5,7190.5,7224.5,-2.0,86.2561,0.4728,470750.0,2918100.0,36300.0
2025-12-30,ETERNAL,277.1,276.45,278.3,-0.65,97.1745,0.6692,8385650.0,284190600.0,4207375.0
2025-12-30,EXIDEIND,357.85,357.3,359.6,-0.55,95.7158,0.6437,1386000.0,29856600.0,1108800.0
2025-12-30,FEDERALBNK,267.6,267.2,267.5,-0.4,93.8254,0.1123,3555000.0,52520000.0,1500000.0
2025-12-30,FORTIS,878.8,877.15,882.15,-1.65,94.1852,0.57,706025.0,11320425.0,115475.0
2025-12-30,GAIL,170.65,170.4,171.55,-0.25,91.465,0.6749,7897050.0,81887400.0,2740500.0
2025-12-30,GLENMARK,2029.8,2024.9,2038.7,-4.9,94.4578,0.6815,715125.0,12153375.0,34875.0
2025-12-30,GMRAIRPORT,102.85,102.62,103.29,-0.23,91.655,0.6529,15386850.0,165642300.0,3354975.0
2025-12-30,GODREJCP,1212.2,1210.1,1217.2,-2.1,96.9319,0.5867,298500.0,9401000.0,29500.0
2025-12-30,GODREJPROP,1977.7,1976.5,1988.7,-1.2,94.2245,0.6173,547525.0,8795600.0,136950.0
2025-12-30,GRASIM,2841.7,2840.6,2862.4,-1.1,98.2419,0.7674,279750.0,15598750.0,33250.0
2025-12-30,HAL,4325.6,4327.5,4353.2,1.9,91.0438,0.5939,945600.0,9050550.0,561900.0
2025-12-30,HAVELLS,1413.0,1408.2,1418.0,-4.8,95.6969,0.6959,351000.0,7591000.0,215000.0
2025-12-30,HCLTECH,1615.2,1618.9,1615.4,3.7,92.2783,-0.2162,1321950.0,15614200.0,183750.0
2025-12-30,HDFCAMC,2630.2,2632.9,2649.7,2.7,91.2319,0.6381,571800.0,5876400.0,73200.0
2025-12-30,HDFCBANK,990.9,990.9,998.0,0.0,99.1532,0.7165,1880450.0,218635450.0,1541650.0
2025-12-30,HDFCLIFE,743.0,742.85,749.0,-0.15,96.3995,0.8279,1273800.0,33760100.0,344300.0
2025-12-30,HEROMOTOCO,5711.0,5703.5,5728.5,-7.5,94.0346,0.4383,368700.0,5739150.0,72750.0
2025-12-30,HINDALCO,884.15,882.15,887.7,-2.0,96.2803,0.6291,2614500.0,67203500.0,469000.0
2025-12-30,HINDPETRO,468.75,469.55,472.2,0.8,93.3583,0.5644,2444175.0,33756750.0,599400.0
2025-12-30,HINDUNILVR,2290.2,2286.0,2302.0,-4.2,94.0146,0.6999,786900.0,12137700.0,222300.0
2025-12-30,HINDZINC,625.3,625.65,629.9,0.35,90.2862,0.6793,3742375.0,32624200.0,2159675.0
2025-12-30,HUDCO,224.0,224.04,225.68,0.04,94.5908,0.732,2380950.0,40756425.0,879675.0
2025-12-30,ICICIBANK,1342.5,1342.7,1352.9,0.2,95.9422,0.7597,5102300.0,118594700.0,2043300.0
2025-12-30,ICICIGI,1955.0,1961.3,1965.6,6.3,97.5469,0.2192,132600.0,5253300.0,19500.0
2025-12-30,ICICIPRULI,654.85,656.3,658.7,1.45,91.6079,0.3657,1507750.0,16385450.0,73075.0
2025-12-30,IDEA,12.06,12.04,12.13,-0.02,96.3581,0.7475,252092325.0,6428175600.0,241656975.0
2025-12-30,IDFCFIRSTB,84.83,84.6,85.15,-0.23,96.8754,0.6501,10360175.0,311343200.0,9868600.0
2025-12-30,IEX,132.0,131.9,132.89,-0.1,92.4276,0.7506,4938750.0,56913750.0,3367500.0
2025-12-30,IIFL,603.15,601.5,601.7,-1.65,95.5746,0.0333,622050.0,13434300.0,0.0
2025-12-30,INDHOTEL,729.55,729.0,735.2,-0.55,96.764,0.8505,859000.0,25246000.0,440000.0
2025-12-30,INDIANB,809.0,807.8,811.8,-1.2,87.0152,0.4952,1376000.0,9133000.0,88000.0
2025-12-30,INDIGO,5018.0,5009.5,5040.0,-8.5,82.2833,0.6088,1869450.0,8474550.0,207900.0
2025-12-30,INDUSINDBK,841.5,839.7,845.3,-1.8,96.4546,0.6669,1645000.0,44044700.0,708400.0
2025-12-30,INDUSTOWER,422.05,421.7,425.1,-0.35,92.3124,0.8063,7063500.0,84337000.0,481100.0
2025-12-30,INFY,1621.6,1621.9,1631.1,0.3,84.4594,0.5672,13056000.0,70245600.0,710800.0
2025-12-30,INOXWIND,121.75,121.59,122.72,-0.16,95.9589,0.9294,3752984.0,85399600.0,3718000.0
2025-12-30,IOC,161.55,161.58,162.76,0.03,96.3098,0.7303,3612375.0,92566500.0,1711125.0
2025-12-30,IRCTC,682.45,682.15,686.55,-0.3,96.6438,0.645,681625.0,18039000.0,1589000.0
2025-12-30,IREDA,136.85,136.8,137.63,-0.05,95.2117,0.6067,2446050.0,44418750.0,4219350.0
2025-12-30,IRFC,124.6,124.51,125.46,-0.09,94.1412,0.763,3544500.0,52946500.0,4007750.0
2025-12-30,ITC,400.6,400.75,403.5,0.15,98.2095,0.6862,3184000.0,169195200.0,5452800.0
2025-12-30,JINDALSTEL,1021.3,1020.9,1027.7,-0.4,97.7428,0.6661,323750.0,13945625.0,73750.0
2025-12-30,JIOFIN,292.5,292.25,294.45,-0.25,95.645,0.7528,7183950.0,151485700.0,6288600.0
2025-12-30,JSWENERGY,469.75,468.9,471.85,-0.85,96.1054,0.6291,1722000.0,42170000.0,323000.0
2025-12-30,JSWSTEEL,1111.6,1109.9,1117.8,-1.7,97.9134,0.7118,1046925.0,48882825.0,244350.0
2025-12-30,JUBLFOOD,558.3,559.3,560.1,1.0,90.2569,0.143,2517500.0,22455000.0,866250.0
2025-12-30,KALYANKJIL,481.85,482.2,485.8,0.35,95.2063,0.7466,1763675.0,34694225.0,333700.0
2025-12-30,KAYNES,3933.15,3933.0,3963.0,-0.15,80.3147,0.7628,690500.0,2614900.0,202300.0
2025-12-30,KEI,4352.5,4357.4,4383.0,4.9,82.6667,0.5875,188825.0,895650.0,4900.0
2025-12-30,KFINTECH,1092.1,1090.0,1079.6,-2.1,92.0516,-0.9541,257400.0,2897000.0,84000.0
2025-12-30,KOTAKBANK,2152.7,2152.3,2168.5,-0.4,96.504,0.7527,1496000.0,41053200.0,242400.0
2025-12-30,KPITTECH,1161.7,1161.5,1169.8,-0.2,93.5747,0.7146,232000.0,3271225.0,107525.0
2025-12-30,LAURUSLABS,1091.9,1089.0,1096.9,-2.9,91.5006,0.7254,1490050.0,15523550.0,517650.0
2025-12-30,LICHSGFIN,537.6,536.55,539.95,-1.05,95.7589,0.6337,1461000.0,32381000.0,607000.0
2025-12-30,LICI,849.25,846.55,851.85,-2.7,92.9538,0.6261,794500.0,9867200.0,613900.0
2025-12-30,LODHA,1056.9,1056.9,1064.2,0.0,96.6581,0.6907,435150.0,12405150.0,180900.0
2025-12-30,LT,4052.0,4051.5,4080.3,-0.5,97.6235,0.7108,334250.0,13524700.0,205800.0
2025-12-30,LTF,305.45,305.55,303.25,0.1,93.4429,-0.7527,3065394.0,43107750.0,576000.0
2025-12-30,LTIM,6074.0,6066.5,6059.5,-7.5,96.8037,-0.1154,69600.0,2093700.0,14250.0
2025-12-30,LUPIN,2080.4,2081.2,2095.9,0.8,94.276,0.7063,428400.0,6989550.0,66300.0
2025-12-30,M&M,3660.35,3652.0,3676.6,-8.35,96.6971,0.6736,617000.0,17875800.0,187600.0
2025-12-30,MANAPPURAM,309.55,309.35,311.85,-0.2,95.7046,0.8081,1764000.0,38964000.0,339000.0
2025-12-30,MANKIND,2152.5,2153.7,2165.8,1.2,91.3393,0.5618,206325.0,2133000.0,42975.0
2025-12-30,MARICO,739.1,739.2,743.55,0.1,98.6622,0.5885,445200.0,32770800.0,63600.0
2025-12-30,MARUTI,16646.75,16611.0,16724.0,-35.75,83.5121,0.6803,579500.0,2903500.0,31700.0
2025-12-30,MAXHEALTH,1040.8,1044.2,1049.8,3.4,90.9592,0.5363,2179800.0,21625800.0,305025.0
2025-12-30,MAZDOCK,2462.4,2461.6,2482.1,-0.8,95.3442,0.8328,249900.0,4886600.0,231000.0
2025-12-30,MCX,10889.1,10895.0,10978.0,5.9,91.7087,0.7618,259125.0,2779125.0,87000.0
2025-12-30,MFSL,1634.4,1636.9,1648.4,2.5,93.7025,0.7025,569600.0,8461200.0,14000.0
2025-12-30,MOTHERSON,119.75,119.8,120.45,0.05,78.66,0.5426,40411650.0,146837400.0,2121750.0
2025-12-30,MPHASIS,2795.65,2788.8,2808.8,-6.85,92.0416,0.7172,465575.0,5350400.0,34100.0
2025-12-30,MUTHOOTFIN,3799.1,3790.7,3807.8,-8.4,76.5393,0.4511,1093950.0,3492500.0,76450.0
2025-12-30,NATIONALUM,316.6,317.15,316.4,0.55,87.3905,-0.2365,7717500.0,50456250.0,3030000.0
2025-12-30,NAUKRI,1335.0,1332.5,1340.8,-2.5,96.0987,0.6229,316125.0,7738125.0,48750.0
2025-12-30,NBCC,121.9,121.95,122.95,0.05,96.3777,0.82,3620500.0,94887000.0,1443000.0
2025-12-30,NESTLEIND,1274.1,1271.3,1279.8,-2.8,96.0932,0.6686,655000.0,15975000.0,135500.0
2025-12-30,NHPC,78.58,78.38,78.9,-0.2,96.4995,0.6634,2604800.0,67526400.0,4281600.0
2025-12-30,NMDC,83.41,83.43,84.03,0.02,93.3887,0.7192,24516000.0,339552000.0,6750000.0
2025-12-30,NTPC,324.9,324.3,325.8,-0.6,94.0167,0.4625,5580000.0,81720000.0,5959500.0
2025-12-30,NUVAMA,1451.55,1450.0,1461.0,-1.55,92.0457,0.7586,214875.0,2460500.0,26000.0
2025-12-30,NYKAA,263.55,263.6,260.95,0.05,84.0007,-1.0053,9053125.0,46784375.0,746875.0
2025-12-30,OBEROIRLTY,1646.2,1644.9,1653.4,-1.3,95.2331,0.5167,204750.0,4048800.0,41650.0
2025-12-30,OFSS,7626.45,7604.0,7651.0,-22.45,94.7789,0.6181,72975.0,1298175.0,26550.0
2025-12-30,OIL,411.45,412.25,414.8,0.8,92.9297,0.6186,819000.0,10441200.0,323400.0
2025-12-30,ONGC,234.7,234.19,235.61,-0.51,96.6884,0.6063,3748500.0,107284500.0,2160000.0
2025-12-30,PAGEIND,35565.1,35610.0,35825.0,44.9,91.1829,0.6038,23010.0,229905.0,8055.0
2025-12-30,PATANJALI,546.3,543.5,547.15,-2.8,97.9862,0.6716,786600.0,38111400.0,162900.0
2025-12-30,PAYTM,1294.6,1294.6,1304.3,0.0,92.3272,0.7493,1428250.0,16996900.0,189225.0
2025-12-30,PERSISTENT,6183.05,6183.5,6233.0,0.45,95.8249,0.8005,99600.0,2152900.0,133100.0
2025-12-30,PETRONET,279.75,279.6,281.9,-0.15,94.6118,0.8226,2503800.0,43454900.0,509200.0
2025-12-30,PFC,349.35,348.9,351.15,-0.45,93.1833,0.6449,5865600.0,76345100.0,3836300.0
2025-12-30,PGEL,562.05,562.8,566.4,0.75,95.5139,0.6397,491400.0,10196350.0,266000.0
2025-12-30,PHOENIXLTD,1851.6,1850.5,1859.3,-1.1,96.281,0.4755,119700.0,3084900.0,14000.0
2025-12-30,PIDILITIND,1450.9,1447.5,1458.0,-3.4,97.9929,0.7254,153000.0,7395500.0,74500.0
2025-12-30,PIIND,3183.9,3186.8,3195.6,2.9,95.4357,0.2761,108150.0,2213750.0,47600.0
2025-12-30,PNB,122.4,122.15,122.92,-0.25,96.699,0.6304,8120000.0,231568000.0,6296000.0
2025-12-30,PNBHOUSING,944.9,945.7,952.45,0.8,95.0574,0.7138,806650.0,15421900.0,91650.0
2025-12-30,POLICYBZR,1858.9,1862.6,1871.8,3.7,97.4288,0.4939,158550.0,5983950.0,23800.0
2025-12-30,POLYCAB,7497.0,7497.0,7552.0,0.0,89.6235,0.7336,293875.0,2514250.0,24000.0
2025-12-30,POWERGRID,260.35,259.65,261.55,-0.7,93.9307,0.7318,5954600.0,84130100.0,8025600.0
2025-12-30,POWERINDIA,18109.85,18085.0,18205.0,-24.85,90.0847,0.6635,25750.0,230100.0,3850.0
2025-12-30,PPLPHARMA,171.3,171.3,172.53,0.0,95.1231,0.718,1297500.0,24378375.0,929250.0
2025-12-30,PRESTIGE,1569.6,1567.0,1576.1,-2.6,84.7068,0.5807,683100.0,3758400.0,25200.0
2025-12-30,RBLBANK,309.7,308.9,311.0,-0.8,96.5997,0.6798,2651125.0,74993500.0,323850.0
2025-12-30,RECLTD,351.4,351.45,353.6,0.05,91.5477,0.6118,8093700.0,81727800.0,5936000.0
2025-12-30,RELIANCE,1539.8,1539.0,1550.4,-0.8,97.1524,0.7407,2881000.0,96623000.0,1670500.0
2025-12-30,RVNL,360.35,360.5,357.65,0.15,96.84,-0.7906,1362625.0,39105575.0,2653500.0
2025-12-30,SAIL,141.0,141.33,142.05,0.33,97.8942,0.5094,4375700.0,198546800.0,4873900.0
2025-12-30,SAMMAANCAP,141.0,140.76,141.63,-0.24,84.823,0.6181,13975000.0,76561500.0,1543700.0
2025-12-30,SBICARD,843.4,845.85,849.3,2.45,83.8946,0.4079,3007200.0,15295200.0,369600.0
2025-12-30,SBILIFE,1995.5,1997.3,2012.5,1.8,95.1003,0.761,414750.0,7946625.0,103500.0
2025-12-30,SBIN,973.45,970.9,977.8,-2.55,94.8682,0.7107,3952500.0,71912250.0,1155750.0
2025-12-30,SHREECEM,26339.95,26370.0,26545.0,30.05,95.5026,0.6636,13600.0,285450.0,3350.0
2025-12-30,SHRIRAMFIN,979.4,978.65,982.8,-0.75,92.4324,0.4241,3986400.0,46068825.0,2621850.0
2025-12-30,SIEMENS,3029.55,3032.6,3047.7,3.05,82.447,0.4979,541500.0,2472400.0,71050.0
2025-12-30,SOLARINDS,12028.0,12015.0,12134.0,-13.0,95.5066,0.9904,57525.0,1157700.0,65000.0
2025-12-30,SONACOMS,478.8,478.55,481.2,-0.25,94.5314,0.5538,842100.0,14301875.0,254800.0
2025-12-30,SRF,3038.3,3040.4,3064.4,2.1,94.8768,0.7894,195800.0,3591000.0,35000.0
2025-12-30,SUNPHARMA,1720.2,1719.4,1729.2,-0.8,97.4019,0.57,443800.0,16504250.0,133700.0
2025-12-30,SUPREMEIND,3274.35,3273.7,3289.9,-0.65,72.5256,0.4949,667450.0,1708700.0,53200.0
2025-12-30,SUZLON,52.0,51.99,52.41,-0.01,95.3819,0.8078,14696000.0,290487675.0,13041125.0
2025-12-30,SYNGENE,643.75,641.9,647.1,-1.85,87.7385,0.8101,1073000.0,7597000.0,81000.0
2025-12-30,TATACONSUM,1179.0,1177.5,1184.0,-1.5,95.9748,0.552,480700.0,11353650.0,107800.0
2025-12-30,TATAELXSI,5192.95,5197.0,5229.0,4.05,87.2638,0.6157,213700.0,1421000.0,43200.0
2025-12-30,TATAPOWER,374.35,373.8,376.35,-0.55,95.0961,0.6822,2956550.0,55669850.0,1663150.0
2025-12-30,TATASTEEL,175.8,175.35,176.64,-0.45,93.3054,0.7357,18568000.0,253577500.0,5214000.0
2025-12-30,TATATECH,638.75,638.25,642.3,-0.5,95.6433,0.6345,548000.0,11183200.0,847200.0
2025-12-30,TCS,3246.8,3247.9,3256.0,1.1,81.2461,0.2494,4441500.0,18788700.0,452900.0
2025-12-30,TECHM,1604.6,1606.5,1616.7,1.9,79.3927,0.6349,4918800.0,18830400.0,120000.0
2025-12-30,TIINDIA,2565.4,2566.1,2583.9,0.7,96.6006,0.6937,123400.0,3473400.0,33200.0
2025-12-30,TITAN,3974.1,3965.6,3994.4,-8.5,92.21,0.7262,816025.0,9525775.0,133525.0
2025-12-30,TMPV,361.75,361.25,363.45,-0.5,93.1533,0.609,6574400.0,85959200.0,3488800.0
2025-12-30,TORNTPHARM,3822.1,3808.2,3809.0,-13.9,98.0506,0.021,42750.0,2142000.0,8250.0
2025-12-30,TORNTPOWER,1266.6,1265.3,1274.6,-1.3,96.8188,0.735,90000.0,2664325.0,74800.0
2025-12-30,TRENT,4207.7,4201.6,4231.4,-6.1,96.8595,0.7093,275600.0,8250800.0,249300.0
2025-12-30,TVSMOTOR,3634.6,3630.9,3650.6,-3.7,98.562,0.5426,110250.0,7504700.0,52150.0
2025-12-30,ULTRACEMCO,11705.05,11708.0,11783.0,2.95,97.9131,0.6406,64850.0,3019750.0,22950.0
2025-12-30,UNIONBANK,151.65,151.41,152.27,-0.24,97.0718,0.568,2376225.0,77565825.0,1208025.0
2025-12-30,UNITDSPR,1423.8,1424.3,1435.0,0.5,95.5381,0.7512,562400.0,11943200.0,98800.0
2025-12-30,UNOMINDA,1273.3,1270.0,1279.4,-3.3,94.5212,0.7402,239800.0,4120600.0,16500.0
2025-12-30,UPL,787.35,785.55,790.8,-1.8,96.8523,0.6683,1304865.0,39842420.0,307585.0
2025-12-30,VBL,484.45,483.5,487.3,-0.95,94.8522,0.7859,2754175.0,50214375.0,533250.0
2025-12-30,VEDL,605.55,607.05,609.6,1.5,91.2809,0.4201,8848100.0,90836200.0,1795150.0
2025-12-30,VOLTAS,1350.7,1350.5,1342.7,-0.2,96.2131,-0.5776,400125.0,10004250.0,161625.0
2025-12-30,WIPRO,263.65,263.93,260.75,0.28,87.4314,-1.2049,14214000.0,95418000.0,3459000.0
2025-12-30,YESBANK,21.37,21.35,21.49,-0.02,95.5678,0.6557,51874800.0,1068409400.0,50133200.0
2025-12-30,ZYDUSLIFE,901.45,901.8,907.75,0.35,95.5384,0.6598,485100.0,10145700.0,242100.0
2026-01-27,360ONE,1113.7,1115.5,1118.6,1.8,78.1937,0.2779,847500.0,3021500.0,17500.0
2026-01-27,ABB,4707.5,4709.0,4736.5,1.5,89.7299,0.584,250000.0,2131000.0,53250.0
2026-01-27,ABCAPITAL,348.9,348.75,351.2,-0.15,97.887,0.7025,1643000.0,75264900.0,849400.0
2026-01-27,ADANIENSOL,849.1,847.5,853.4,-1.6,95.8903,0.6962,905175.0,20916225.0,203850.0
2026-01-27,ADANIENT,1959.5,1956.3,1969.6,-3.2,91.7601,0.6799,1803015.0,19470399.0,608112.0
2026-01-27,ADANIGREEN,799.1,799.1,804.4,0.0,96.6486,0.6632,795600.0,22494000.0,450000.0
2026-01-27,ADANIPORTS,1363.9,1362.5,1371.3,-1.4,93.3379,0.6459,1813075.0,24686225.0,715350.0
2026-01-27,ALKEM,5754.0,5753.5,5750.0,-0.5,90.5994,-0.0608,130750.0,1258375.0,1750.0
2026-01-27,AMBER,5510.15,5511.5,5555.5,1.35,93.9042,0.7983,85000.0,1280200.0,29200.0
2026-01-27,AMBUJACEM,531.85,532.45,536.15,0.6,96.3674,0.6949,1749300.0,45789450.0,617400.0
2026-01-27,ANGELONE,2543.25,2539.5,2551.4,-3.75,83.7289,0.4686,594750.0,3006250.0,54250.0
2026-01-27,APLAPOLLO,2060.6,2056.3,2069.2,-4.3,98.0731,0.6273,201950.0,10248700.0,30100.0
2026-01-27,APOLLOHOSP,6793.5,6804.0,6831.5,10.5,89.2084,0.4042,468625.0,3829375.0,44500.0
2026-01-27,ASHOKLEY,193.0,193.0,192.87,0.0,92.7113,-0.0674,12830000.0,161885000.0,1310000.0
2026-01-27,ASIANPAINT,2622.85,2617.2,2630.0,-5.65,95.069,0.4891,676500.0,12903500.0,139250.0
2026-01-27,ASTRAL,1400.5,1399.0,1397.7,-1.5,96.6406,-0.0929,251600.0,7110675.0,127075.0
2026-01-27,AUBANK,963.55,963.35,968.3,-0.2,97.4168,0.5138,625000.0,23337000.0,233000.0
2026-01-27,AUROPHARMA,1129.7,1130.7,1136.4,1.0,94.8509,0.5041,1141250.0,20946750.0,75900.0
2026-01-27,AXISBANK,1315.75,1312.6,1323.0,-3.15,87.5735,0.7923,12181250.0,83531875.0,2313125.0
2026-01-27,BAJAJ-AUTO,9492.05,9490.5,9531.5,-1.55,95.506,0.432,155550.0,3252750.0,52950.0
2026-01-27,BAJAJFINSV,1917.65,1916.1,1927.7,-1.55,88.6635,0.6054,1911500.0,14690500.0,259500.0
2026-01-27,BAJAJHLDNG,10609.0,10626.0,10678.0,17.0,90.7048,0.4894,21100.0,204800.0,1100.0
2026-01-27,BAJFINANCE,914.7,914.7,921.25,0.0,90.7869,0.7161,9519000.0,90333750.0,3468000.0
2026-01-27,BANDHANBNK,149.0,148.6,149.81,-0.4,93.7103,0.8143,7063200.0,102135600.0,3099600.0
2026-01-27,BANKBARODA,302.0,301.85,304.1,-0.15,95.0371,0.7454,4358250.0,82037475.0,1421550.0
2026-01-27,BANKINDIA,163.15,163.12,164.13,-0.03,92.9083,0.6192,3967600.0,51116000.0,863200.0
2026-01-27,BDL,1469.55,1466.4,1474.0,-3.15,92.0987,0.5183,411250.0,4609500.0,184100.0
2026-01-27,BEL,415.95,414.8,417.4,-1.15,96.587,0.6268,4074075.0,110863575.0,4431750.0
2026-01-27,BHARATFORG,1418.5,1417.2,1424.5,-1.3,93.6601,0.5151,454000.0,6657500.0,49500.0
2026-01-27,BHARTIARTL,1973.35,1973.0,1987.3,-0.35,90.0773,0.7248,6002100.0,52471350.0,2014950.0
2026-01-27,BHEL,247.7,247.4,248.85,-0.3,93.0379,0.5861,5798625.0,75657750.0,1832250.0
2026-01-27,BIOCON,365.25,365.25,367.0,0.0,85.0979,0.4791,7080000.0,39787500.0,642500.0
2026-01-27,BLUESTARCO,1667.45,1668.7,1675.0,1.25,93.5459,0.3775,163150.0,2360800.0,3900.0
2026-01-27,BOSCHLTD,35313.2,35295.0,35400.0,-18.2,82.0627,0.2975,40350.0,182975.0,1625.0
2026-01-27,BPCL,357.4,357.4,359.05,0.0,78.6482,0.4617,8516200.0,30979850.0,389075.0
2026-01-27,BRITANNIA,5886.0,5897.5,5927.0,11.5,92.4076,0.5002,261500.0,3173875.0,8875.0
2026-01-27,BSE,2761.2,2760.5,2780.6,-0.7,93.6281,0.7281,655500.0,9339375.0,292500.0
2026-01-27,CAMS,697.8,697.15,698.35,-0.65,94.6404,0.1721,381750.0,6492000.0,249000.0
2026-01-27,CANBK,154.7,154.24,155.29,-0.46,89.4387,0.6808,16638750.0,136977750.0,3928500.0
2026-01-27,CDSL,1322.1,1321.6,1328.8,-0.5,92.2248,0.5448,836475.0,9403575.0,518225.0
2026-01-27,CGPOWER,530.7,531.25,533.35,0.55,91.5956,0.3953,1666850.0,17778600.0,387600.0
2026-01-27,CHOLAFIN,1639.7,1639.1,1649.4,-0.6,94.5577,0.6284,854375.0,14785625.0,58750.0
2026-01-27,CIPLA,1313.0,1311.2,1320.6,-1.8,88.9275,0.7169,1875375.0,14733750.0,328125.0
2026-01-27,COALINDIA,422.9,423.9,420.4,1.0,73.4485,-0.8257,14104800.0,38067300.0,950400.0
2026-01-27,COFORGE,1664.3,1669.1,1670.8,4.8,92.1547,0.1019,1047000.0,12147000.0,151500.0
2026-01-27,COLPAL,2153.95,2152.6,2162.2,-1.35,83.2543,0.446,1032750.0,5015700.0,118800.0
2026-01-27,CONCOR,485.35,483.9,484.2,-1.45,94.6071,0.062,1782500.0,30423750.0,846250.0
2026-01-27,CROMPTON,222.15,222.0,223.55,-0.15,95.2244,0.6982,2622600.0,50889600.0,1404000.0
2026-01-27,CUMMINSIND,3928.3,3931.2,3934.4,2.9,95.8398,0.0814,150200.0,3430400.0,29800.0
2026-01-27,DABUR,513.4,513.3,516.75,-0.1,97.1373,0.6721,665000.0,22378750.0,186250.0
2026-01-27,DALBHARAT,2107.1,2113.9,2123.2,6.8,91.4145,0.4399,260975.0,2755025.0,23725.0
2026-01-27,DELHIVERY,400.35,400.75,403.0,0.4,97.1933,0.5614,686825.0,23567850.0,215800.0
2026-01-27,DIVISLAB,6056.0,6045.0,6088.0,-11.0,91.2139,0.7113,322000.0,3326000.0,16900.0
2026-01-27,DIXON,10183.85,10160.0,10226.0,-23.85,82.2299,0.6496,643250.0,2862000.0,114600.0
2026-01-27,DLF,609.55,608.25,612.1,-1.3,95.6077,0.633,2661450.0,57017400.0,914925.0
2026-01-27,DMART,3670.6,3661.8,3679.5,-8.8,95.3789,0.4834,238350.0,4844850.0,74700.0
2026-01-27,DRREDDY,1239.8,1240.8,1248.3,1.0,91.7762,0.6044,1305625.0,14384375.0,186250.0
2026-01-27,EICHERMOT,7164.5,7148.0,7189.5,-16.5,89.7149,0.5806,332600.0,2837700.0,63500.0
2026-01-27,ETERNAL,253.85,254.3,255.8,0.45,98.1757,0.5899,6404425.0,336999825.0,7653300.0
2026-01-27,EXIDEIND,323.25,323.2,325.35,-0.05,94.753,0.6652,1720800.0,29932200.0,1143000.0
2026-01-27,FEDERALBNK,284.95,284.95,286.3,0.0,90.375,0.4738,5480000.0,49580000.0,1875000.0
2026-01-27,FORTIS,838.45,839.7,844.25,1.25,96.5061,0.5419,436325.0,11941200.0,110825.0
2026-01-27,GAIL,160.0,160.17,161.03,0.17,91.8664,0.5369,8271900.0,90625500.0,2803500.0
2026-01-27,GLENMARK,1999.7,2003.5,2012.6,3.8,97.5818,0.4542,275250.0,11065875.0,41250.0
2026-01-27,GMRAIRPORT,92.65,92.84,93.31,0.19,85.7987,0.5062,26979300.0,159804225.0,3194550.0
2026-01-27,GODREJCP,1173.9,1173.2,1173.9,-0.7,94.5019,0.0597,462500.0,7925500.0,24000.0
2026-01-27,GODREJPROP,1517.9,1519.8,1529.0,1.9,95.7862,0.6053,565950.0,12545775.0,319000.0
2026-01-27,GRASIM,2856.2,2861.0,2876.5,4.8,96.3271,0.5418,608250.0,15879750.0,72500.0
2026-01-27,HAL,4348.65,4342.1,4350.6,-6.55,93.3682,0.1958,616050.0,8233950.0,439350.0
2026-01-27,HAVELLS,1288.9,1287.1,1295.7,-1.8,92.6368,0.6682,704000.0,8682500.0,174500.0
2026-01-27,HCLTECH,1720.2,1715.7,1728.2,-4.5,89.428,0.7286,2059750.0,17023300.0,400050.0
2026-01-27,HDFCAMC,2436.8,2440.7,2452.6,3.9,88.5847,0.4876,910800.0,7032300.0,35700.0
2026-01-27,HDFCBANK,926.4,925.2,932.8,-1.2,94.385,0.8214,15528700.0,236524200.0,24506350.0
2026-01-27,HDFCLIFE,720.05,721.8,724.4,1.75,86.4701,0.3602,5294300.0,33419100.0,416900.0
2026-01-27,HEROMOTOCO,5380.0,5372.5,5366.5,-7.5,74.152,-0.1117,1229850.0,3475350.0,52800.0
2026-01-27,HINDALCO,961.85,960.1,963.65,-1.75,94.6113,0.3698,2684500.0,45857700.0,1275400.0
2026-01-27,HINDPETRO,419.35,419.35,421.85,0.0,90.6883,0.5962,3711825.0,35761500.0,388800.0
2026-01-27,HINDUNILVR,2400.9,2402.9,2417.7,2.0,91.128,0.6159,1327200.0,13420500.0,211800.0
2026-01-27,HINDZINC,727.15,726.5,725.9,-0.65,88.0863,-0.0826,4487175.0,31505775.0,1670900.0
2026-01-27,HUDCO,198.15,198.02,198.39,-0.13,93.3362,0.1868,2577975.0,35053800.0,1054500.0
2026-01-27,ICICIBANK,1361.4,1363.6,1371.1,2.2,94.126,0.55,7996800.0,116222400.0,11918900.0
2026-01-27,ICICIGI,1805.9,1808.5,1817.7,2.6,96.714,0.5087,186550.0,5454150.0,36400.0
2026-01-27,ICICIPRULI,643.85,645.4,648.35,1.55,76.3258,0.4571,4129200.0,13278375.0,34225.0
2026-01-27,IDEA,9.83,9.83,9.9,0.0,95.607,0.7121,322352250.0,6859956075.0,155529600.0
2026-01-27,IDFCFIRSTB,83.5,83.3,83.81,-0.2,96.4925,0.6122,10443650.0,273992775.0,13318900.0
2026-01-27,IEX,127.55,127.54,127.05,-0.01,86.3847,-0.3842,11370000.0,69228750.0,2910000.0
2026-01-27,INDHOTEL,650.5,652.1,656.15,1.6,93.0569,0.6211,2041000.0,26731000.0,624000.0
2026-01-27,INDIANB,876.7,877.5,883.0,0.8,94.1807,0.6268,592000.0,9464000.0,117000.0
2026-01-27,INDIGO,4769.0,4766.5,4803.0,-2.5,91.878,0.7658,717600.0,7972800.0,144900.0
2026-01-27,INDUSINDBK,894.75,892.85,899.5,-1.9,91.5975,0.7448,3304000.0,35457800.0,560000.0
2026-01-27,INDUSTOWER,422.55,422.05,424.55,-0.5,97.0807,0.5923,2878100.0,95223800.0,487900.0
2026-01-27,INFY,1682.7,1684.7,1695.6,2.0,89.3815,0.647,7936000.0,65852000.0,949600.0
2026-01-27,INOXWIND,104.7,104.53,105.16,-0.17,95.7906,0.6027,4050475.0,90143625.0,2030600.0
2026-01-27,IOC,158.9,158.89,159.63,-0.01,88.3733,0.4657,11163750.0,82948125.0,1906125.0
2026-01-27,IRCTC,607.5,607.15,609.05,-0.35,88.6157,0.3129,2552375.0,19867750.0,0.0
2026-01-27,IREDA,128.9,128.59,127.71,-0.31,93.6359,-0.6843,4029600.0,54199500.0,5088750.0
2026-01-27,IRFC,114.6,114.53,115.18,-0.07,87.0137,0.5675,8512750.0,53707250.0,3332000.0
2026-01-27,ITC,318.65,319.2,320.45,0.55,77.9288,0.3916,53534400.0,177107200.0,11912000.0
2026-01-27,JINDALSTEL,1080.7,1081.1,1088.6,0.4,96.0616,0.6937,421875.0,10213750.0,76250.0
2026-01-27,JIOFIN,256.05,255.25,257.3,-0.8,89.8542,0.8031,18630800.0,157553400.0,7447150.0
2026-01-27,JSWENERGY,440.05,439.9,441.7,-0.15,84.8551,0.4092,6056000.0,33704000.0,227000.0
2026-01-27,JSWSTEEL,1222.0,1224.3,1231.4,2.3,97.2095,0.5799,1457325.0,50511600.0,255150.0
2026-01-27,JUBLFOOD,488.3,487.65,491.3,-0.65,94.2463,0.7485,1433750.0,22543750.0,941250.0
2026-01-27,KALYANKJIL,368.9,369.15,371.4,0.25,94.8669,0.6095,1615625.0,29068325.0,790775.0
2026-01-27,KAYNES,3332.85,3330.4,3350.8,-2.45,90.0496,0.6125,373500.0,3227300.0,152800.0
2026-01-27,KEI,3805.3,3812.6,3761.7,7.3,86.2531,-1.335,176050.0,1092700.0,11900.0
2026-01-27,KFINTECH,1016.0,1016.3,986.3,0.3,96.8378,-2.9519,182000.0,5347500.0,226000.0
2026-01-27,KOTAKBANK,408.7,408.2,411.4,-0.5,95.1238,0.7839,10186000.0,187340000.0,11366000.0
2026-01-27,KPITTECH,1104.4,1103.9,1110.0,-0.5,92.0201,0.5526,330225.0,3690700.0,117300.0
2026-01-27,LAURUSLABS,1000.15,999.8,1007.4,-0.35,92.8568,0.7602,1456050.0,18639650.0,288150.0
2026-01-27,LICHSGFIN,510.0,508.45,512.8,-1.55,91.5959,0.8555,2770000.0,29719000.0,471000.0
2026-01-27,LICI,807.8,806.2,811.9,-1.6,89.7058,0.707,1168300.0,9832900.0,347900.0
2026-01-27,LODHA,907.2,905.8,912.0,-1.4,96.8819,0.6845,396000.0,12096000.0,207900.0
2026-01-27,LT,3787.8,3786.2,3808.7,-1.6,93.4919,0.5943,1067675.0,14230650.0,1107050.0
2026-01-27,LTF,285.25,285.45,287.25,0.2,89.6481,0.6306,5215500.0,43933500.0,1233000.0
2026-01-27,LTIM,5940.6,5952.5,5982.5,11.9,93.0676,0.504,181050.0,2418150.0,12450.0
2026-01-27,LUPIN,2150.45,2144.7,2158.1,-5.75,95.7092,0.6248,290700.0,6433650.0,50575.0
2026-01-27,M&M,3393.5,3396.3,3417.3,2.8,96.8748,0.6183,586200.0,16564600.0,1606600.0
2026-01-27,MANAPPURAM,295.1,295.2,296.95,0.1,94.1165,0.5928,2631000.0,41802000.0,285000.0
2026-01-27,MANKIND,2094.2,2092.9,2106.7,-1.3,95.3508,0.6594,97200.0,1965375.0,28125.0
2026-01-27,MARICO,745.8,746.75,750.85,0.95,98.015,0.549,591600.0,29167200.0,44400.0
2026-01-27,MARUTI,15244.95,15230.0,15341.0,-14.95,95.1289,0.7288,157850.0,2924150.0,158550.0
2026-01-27,MAXHEALTH,975.5,977.6,982.6,2.1,91.4065,0.5115,1685250.0,17337075.0,588525.0
2026-01-27,MAZDOCK,2335.15,2327.8,2342.5,-7.35,90.8288,0.6315,442400.0,4233600.0,147800.0
2026-01-27,MCX,2418.2,2418.0,2437.0,-0.2,94.4462,0.7858,865000.0,14368750.0,341250.0
2026-01-27,MFSL,1576.65,1582.1,1589.7,5.45,95.5237,0.4804,418000.0,8912000.0,8000.0
2026-01-27,MOTHERSON,109.65,109.67,110.23,0.02,96.3965,0.5106,6432900.0,169407900.0,2675250.0
2026-01-27,MPHASIS,2806.1,2814.8,2826.0,8.7,95.9624,0.3979,193600.0,4575725.0,25575.0
2026-01-27,MUTHOOTFIN,3867.4,3864.6,3889.7,-2.8,96.3692,0.6495,141075.0,3689400.0,55000.0
2026-01-27,NATIONALUM,384.6,384.4,382.05,-0.2,91.3912,-0.6113,4522500.0,46788750.0,1222500.0
2026-01-27,NAUKRI,1279.0,1282.4,1286.2,3.4,96.7977,0.2963,263250.0,7908750.0,48750.0
2026-01-27,NBCC,96.85,96.64,97.23,-0.21,91.2393,0.6105,8294000.0,83421000.0,2957500.0
2026-01-27,NESTLEIND,1303.3,1302.0,1304.6,-1.3,97.8999,0.1997,380000.0,17475500.0,238500.0
2026-01-27,NHPC,75.14,75.29,75.08,0.15,76.8546,-0.2789,21465600.0,69843200.0,1433600.0
2026-01-27,NMDC,78.84,78.89,79.42,0.05,96.0206,0.6718,13999500.0,332950500.0,4846500.0
2026-01-27,NTPC,344.7,343.45,343.5,-1.25,89.5833,0.0146,9816000.0,82815000.0,1602000.0
2026-01-27,NUVAMA,1265.2,1264.9,1276.5,-0.3,94.9744,0.9171,142500.0,2672500.0,20500.0
2026-01-27,NYKAA,236.5,236.95,238.3,0.45,87.0647,0.5697,5443750.0,36350000.0,290625.0
2026-01-27,OBEROIRLTY,1467.6,1468.0,1476.8,0.4,89.9953,0.5995,597100.0,5310900.0,60200.0
2026-01-27,OFSS,8006.2,8004.5,8041.5,-1.7,96.3098,0.4622,43125.0,1109625.0,15900.0
2026-01-27,OIL,448.55,449.35,446.3,0.8,93.4458,-0.6788,891800.0,12531400.0,183400.0
2026-01-27,ONGC,247.95,247.47,247.87,-0.48,68.491,0.1616,39080250.0,83101500.0,1847250.0
2026-01-27,PAGEIND,32519.7,32480.0,31785.0,-39.7,95.9655,-2.1398,11865.0,273000.0,9225.0
2026-01-27,PATANJALI,503.1,499.65,503.05,-3.45,98.5841,0.6805,535500.0,37199700.0,84600.0
2026-01-27,PAYTM,1144.8,1144.0,1154.1,-0.8,97.7382,0.8829,403100.0,17183950.0,234900.0
2026-01-27,PERSISTENT,6216.1,6223.0,6252.5,6.9,82.3899,0.474,446100.0,2070200.0,16900.0
2026-01-27,PETRONET,277.7,278.25,279.65,0.55,96.1328,0.5031,1611200.0,39691000.0,361000.0
2026-01-27,PFC,361.65,361.7,362.5,0.05,81.4148,0.2212,14511900.0,60503300.0,3068000.0
2026-01-27,PGEL,518.6,517.8,521.6,-0.8,95.7513,0.7339,582350.0,12904800.0,219450.0
2026-01-27,PHOENIXLTD,1728.25,1727.4,1739.0,-0.85,97.1523,0.6715,114800.0,3913700.0,2800.0
2026-01-27,PIDILITIND,1447.2,1444.5,1454.4,-2.7,98.2483,0.6854,148000.0,8270500.0,30500.0
2026-01-27,PIIND,3157.15,3150.8,3159.1,-6.35,96.1677,0.2634,107800.0,2593500.0,111650.0
2026-01-27,PNB,122.95,122.7,123.55,-0.25,96.4921,0.6927,8456000.0,226152000.0,6448000.0
2026-01-27,PNBHOUSING,825.4,826.15,832.1,0.75,97.2753,0.7202,428350.0,15171000.0,121550.0
2026-01-27,POLICYBZR,1629.8,1625.8,1630.8,-4.0,94.6412,0.3075,383950.0,6731900.0,49000.0
2026-01-27,POLYCAB,6766.0,6750.0,6803.5,-16.0,91.9755,0.7926,305875.0,3462250.0,43625.0
2026-01-27,POWERGRID,254.35,254.6,252.65,0.25,91.6429,-0.7659,8804600.0,94583900.0,1966500.0
2026-01-27,POWERINDIA,16708.85,16716.0,16812.0,7.15,87.066,0.5743,40050.0,264050.0,5550.0
2026-01-27,PPLPHARMA,152.45,151.87,152.7,-0.58,94.1066,0.5465,1401750.0,21031500.0,1351875.0
2026-01-27,PREMIERENE,707.6,706.8,710.7,-0.8,95.9124,0.5518,232875.0,5285975.0,178250.0
2026-01-27,PRESTIGE,1392.0,1392.2,1400.0,0.2,96.4418,0.5603,155700.0,4186800.0,33300.0
2026-01-27,RBLBANK,295.35,295.9,297.2,0.55,95.7326,0.4393,3492500.0,77990700.0,358775.0
2026-01-27,RECLTD,363.95,363.55,361.75,-0.4,93.0363,-0.4951,5784800.0,73556000.0,3729600.0
2026-01-27,RELIANCE,1380.5,1380.5,1390.5,0.0,89.406,0.7244,14218500.0,108839000.0,11155500.0
2026-01-27,RVNL,323.9,322.95,315.65,-0.95,93.9583,-2.2604,2990525.0,43810200.0,2697725.0
2026-01-27,SAIL,155.55,156.01,156.8,0.46,92.8382,0.5064,14828500.0,189889400.0,2331200.0
2026-01-27,SAMMAANCAP,138.75,138.43,139.17,-0.32,86.5386,0.5346,12508700.0,79984300.0,430000.0
2026-01-27,SBICARD,771.0,771.4,774.7,0.4,92.2744,0.4278,1314400.0,15369600.0,329600.0
2026-01-27,SBILIFE,2038.2,2041.3,2052.6,3.1,88.3167,0.5536,1288875.0,9619500.0,123375.0
2026-01-27,SBIN,1053.15,1051.05,1058.4,-2.1,84.3508,0.6993,13164000.0,68415750.0,2539500.0
2026-01-27,SHREECEM,27220.35,27210.0,27300.0,-10.35,95.1749,0.3308,12725.0,249575.0,1425.0
2026-01-27,SHRIRAMFIN,1001.05,1001.1,1006.3,0.05,98.0186,0.5194,900075.0,43938675.0,587400.0
2026-01-27,SIEMENS,2893.95,2887.4,2908.0,-6.55,92.0154,0.7134,207375.0,2343425.0,46375.0
2026-01-27,SOLARINDS,12766.5,12745.0,12813.0,-21.5,90.2642,0.5335,98200.0,866400.0,44050.0
2026-01-27,SONACOMS,487.8,488.6,489.15,0.8,95.9791,0.1126,630875.0,14952350.0,106575.0
2026-01-27,SRF,2682.9,2685.9,2701.6,3.0,93.9055,0.5845,216600.0,3315800.0,21600.0
2026-01-27,SUNPHARMA,1638.9,1638.8,1638.6,-0.1,92.245,-0.0122,1689100.0,19873700.0,218050.0
2026-01-27,SUPREMEIND,3444.3,3458.5,3474.3,14.2,82.7735,0.4568,376075.0,1793575.0,13475.0
2026-01-27,SUZLON,45.79,45.73,46.05,-0.06,93.8709,0.6998,20161850.0,296967625.0,11822750.0
2026-01-27,SWIGGY,312.25,313.4,314.6,1.15,86.6752,0.3829,4082000.0,26083200.0,469300.0
2026-01-27,SYNGENE,489.7,488.6,488.85,-1.1,90.5683,0.0512,795000.0,7184000.0,450000.0
2026-01-27,TATACONSUM,1187.4,1185.2,1193.6,-2.2,97.8649,0.7087,253000.0,11426800.0,169950.0
2026-01-27,TATAELXSI,5415.4,5401.5,5436.5,-13.9,90.5189,0.648,125900.0,1179300.0,22700.0
2026-01-27,TATAPOWER,347.75,347.35,349.45,-0.4,89.7559,0.6046,6424950.0,54628750.0,1664600.0
2026-01-27,TATASTEEL,192.3,191.71,193.11,-0.59,95.7034,0.7303,11830500.0,247346000.0,16170000.0
2026-01-27,TATATECH,651.4,650.8,655.6,-0.6,94.7999,0.7376,528000.0,9273600.0,352000.0
2026-01-27,TCS,3158.0,3160.2,3179.9,2.2,96.3378,0.6234,761250.0,19168625.0,856975.0
2026-01-27,TECHM,1745.1,1746.4,1754.0,1.3,91.9333,0.4352,1678800.0,18916200.0,216600.0
2026-01-27,TIINDIA,2189.45,2191.6,2199.9,2.15,93.7983,0.3787,229600.0,3441000.0,31600.0
2026-01-27,TITAN,3997.0,3998.0,4025.5,1.0,92.8038,0.6878,657125.0,8119125.0,355250.0
2026-01-27,TMPV,340.55,339.95,341.7,-0.6,90.5483,0.5148,8701600.0,79503200.0,3859200.0
2026-01-27,TORNTPHARM,3997.4,4000.0,3980.3,2.6,96.4792,-0.4925,88750.0,2424750.0,7250.0
2026-01-27,TORNTPOWER,1309.75,1308.5,1306.5,-1.25,88.8598,-0.1528,361675.0,2856425.0,28475.0
2026-01-27,TRENT,3794.95,3796.8,3821.1,1.85,90.6886,0.64,816200.0,7597100.0,352300.0
2026-01-27,TVSMOTOR,3568.0,3562.4,3580.2,-5.6,96.8063,0.4997,267400.0,8073275.0,32025.0
2026-01-27,ULTRACEMCO,12589.0,12599.0,12676.0,10.0,93.0526,0.6112,208600.0,2631800.0,162150.0
2026-01-27,UNIONBANK,175.2,175.21,176.39,0.01,95.0968,0.6735,4013475.0,76517100.0,1323075.0
2026-01-27,UNITDSPR,1311.5,1310.2,1318.6,-1.3,95.3384,0.6411,521200.0,10530400.0,129200.0
2026-01-27,UNOMINDA,1145.05,1146.9,1151.0,1.85,96.4834,0.3575,185350.0,5031950.0,53350.0
2026-01-27,UPL,716.55,714.95,720.45,-1.6,95.2307,0.7693,1658520.0,32788290.0,327910.0
2026-01-27,VBL,471.65,471.65,475.05,0.0,93.7437,0.7209,3054375.0,45478125.0,288000.0
2026-01-27,VEDL,705.45,705.8,707.9,0.35,92.9437,0.2975,5850050.0,74710900.0,2344850.0
2026-01-27,VOLTAS,1330.6,1328.6,1336.6,-2.0,94.9099,0.6021,636750.0,11752875.0,120000.0
2026-01-27,WAAREEENER,2695.15,2696.9,2709.8,1.75,91.3997,0.4783,214725.0,2220400.0,61600.0
2026-01-27,WIPRO,234.8,234.85,236.3,0.05,87.0919,0.6174,18303000.0,120393000.0,3099000.0
2026-01-27,YESBANK,21.02,20.99,21.14,-0.03,96.0784,0.7146,43291200.0,1008977300.0,51657100.0
2026-01-27,ZYDUSLIFE,893.35,893.9,899.3,0.55,96.2974,0.6041,339300.0,8700300.0,124200.0
2026-02-24,360ONE,1113.4,1116.9,1121.5,3.5,84.2381,0.4119,466000.0,2467500.0,23000.0
2026-02-24,ABB,6055.95,6059.0,6099.0,3.05,93.5192,0.6602,153750.0,2188750.0,29875.0
2026-02-24,ABCAPITAL,349.3,348.2,350.6,-1.1,94.9934,0.6893,3651800.0,68993600.0,294500.0
2026-02-24,ADANIENSOL,1037.15,1037.25,1043.2,0.1,95.822,0.5736,936225.0,21369825.0,102600.0
2026-02-24,ADANIENT,2183.0,2186.5,2198.6,3.5,95.0672,0.5534,904443.0,17066997.0,363693.0
2026-02-24,ADANIGREEN,981.35,982.95,987.75,1.6,93.6653,0.4883,1509000.0,21997800.0,314400.0
2026-02-24,ADANIPORTS,1555.4,1558.8,1566.8,3.4,95.3365,0.5132,1041200.0,20842525.0,442700.0
2026-02-24,ALKEM,5495.5,5502.5,5535.0,7.0,89.6592,0.5906,143750.0,1244500.0,1875.0
2026-02-24,AMBER,7929.3,7941.5,7958.5,12.2,86.8396,0.2141,136000.0,884100.0,13300.0
2026-02-24,AMBUJACEM,514.5,513.95,517.15,-0.55,96.7836,0.6226,1675800.0,49356300.0,1069950.0
2026-02-24,ANGELONE,2460.2,2461.7,2476.8,1.5,87.1345,0.6134,360750.0,2393250.0,50000.0
2026-02-24,APLAPOLLO,2195.6,2188.1,2201.9,-7.5,95.165,0.6307,289800.0,5671750.0,32200.0
2026-02-24,APOLLOHOSP,7720.45,7702.5,7752.5,-17.95,91.7823,0.6491,258375.0,2868500.0,17250.0
2026-02-24,ASHOKLEY,210.2,210.78,208.93,0.58,93.3749,-0.8777,10470000.0,145870000.0,1695000.0
2026-02-24,ASIANPAINT,2413.1,2411.6,2424.6,-1.5,93.8509,0.5391,824000.0,12431250.0,145000.0
2026-02-24,ASTRAL,1663.95,1662.7,1640.6,-1.25,93.679,-1.3292,527425.0,7715025.0,101575.0
2026-02-24,AUBANK,1002.2,1001.2,1005.4,-1.0,93.0853,0.4195,1446000.0,19287000.0,179000.0
2026-02-24,AUROPHARMA,1164.4,1163.7,1172.2,-0.7,95.5082,0.7304,1063150.0,22531300.0,74250.0
2026-02-24,AXISBANK,1387.6,1384.2,1393.0,-3.4,88.3695,0.6357,7973125.0,60221250.0,359375.0
2026-02-24,BAJAJ-AUTO,9828.95,9822.0,9842.5,-6.95,94.7022,0.2087,160800.0,2861700.0,12750.0
2026-02-24,BAJAJFINSV,2043.4,2039.4,2053.8,-4.0,92.0525,0.7061,1098000.0,12657250.0,60500.0
2026-02-24,BAJAJHLDNG,11330.45,11348.0,11406.0,17.55,97.3832,0.5111,4900.0,181250.0,1100.0
2026-02-24,BAJFINANCE,1023.55,1020.45,1027.1,-3.1,90.5344,0.6517,8207250.0,77779500.0,719250.0
2026-02-24,BANDHANBNK,180.55,180.69,181.47,0.14,83.9471,0.4317,14734800.0,75286800.0,1767600.0
2026-02-24,BANKBARODA,313.1,312.55,314.7,-0.55,95.4274,0.6879,3899025.0,80417025.0,953550.0
2026-02-24,BANKINDIA,175.5,175.07,176.16,-0.43,95.2139,0.6226,2600000.0,50845600.0,878800.0
2026-02-24,BDL,1240.1,1239.6,1243.5,-0.5,91.6716,0.3146,496300.0,5047350.0,415450.0
2026-02-24,BEL,435.05,433.8,435.65,-1.25,94.2606,0.4265,6653325.0,106327800.0,2942625.0
2026-02-24,BHARATFORG,1858.3,1856.5,1864.0,-1.8,92.9642,0.404,561000.0,7349500.0,63000.0
2026-02-24,BHARTIARTL,1941.0,1941.7,1953.3,0.7,95.8085,0.5974,2269075.0,51376475.0,489725.0
2026-02-24,BHEL,261.8,261.85,263.75,0.05,91.334,0.7256,10969875.0,114082500.0,1533000.0
2026-02-24,BIOCON,390.75,390.55,392.95,-0.2,91.8976,0.6145,3427500.0,38315000.0,560000.0
2026-02-24,BLUESTARCO,1959.5,1961.8,1973.6,2.3,94.5169,0.6015,162500.0,2785250.0,15925.0
2026-02-24,BOSCHLTD,35330.5,35305.0,35545.0,-25.5,95.8282,0.6798,8500.0,193925.0,1325.0
2026-02-24,BPCL,374.45,374.6,377.0,0.15,79.0938,0.6407,8757150.0,32796850.0,333775.0
2026-02-24,BRITANNIA,6162.5,6156.5,6195.0,-6.0,91.9221,0.6254,292250.0,3318125.0,7500.0
2026-02-24,BSE,2751.1,2744.8,2764.5,-6.3,84.5501,0.7177,1755375.0,9201750.0,404625.0
2026-02-24,CAMS,709.15,707.8,713.95,-1.35,95.1933,0.8689,325500.0,6269250.0,177000.0
2026-02-24,CANBK,157.05,157.21,158.15,0.16,93.3053,0.5979,9456750.0,128601000.0,3199500.0
2026-02-24,CDSL,1324.8,1323.3,1330.3,-1.5,93.3515,0.529,705850.0,9287200.0,623675.0
2026-02-24,CGPOWER,724.5,726.05,727.95,1.55,87.3691,0.2617,2102050.0,14422800.0,117300.0
2026-02-24,CHOLAFIN,1735.1,1732.6,1745.0,-2.5,97.147,0.7157,438125.0,14883750.0,35000.0
2026-02-24,CIPLA,1326.7,1327.6,1336.3,0.9,97.0468,0.6553,400125.0,13029000.0,119625.0
2026-02-24,COALINDIA,430.95,430.65,433.05,-0.3,94.4119,0.5573,2484000.0,41192550.0,774900.0
2026-02-24,COFORGE,1211.9,1211.5,1221.6,-0.4,94.6886,0.8337,1264500.0,21958875.0,583875.0
2026-02-24,COLPAL,2236.3,2230.2,2240.2,-6.1,95.1258,0.4484,291150.0,5582250.0,99900.0
2026-02-24,CONCOR,505.5,504.7,507.8,-0.8,95.9168,0.6142,1330000.0,30396250.0,846250.0
2026-02-24,CROMPTON,262.45,262.11,264.15,-0.34,97.2629,0.7783,1371600.0,48132000.0,608400.0
2026-02-24,CUMMINSIND,4910.7,4911.4,4937.0,0.7,96.5778,0.5212,123800.0,3475200.0,18600.0
2026-02-24,DABUR,518.05,517.1,520.25,-0.95,97.9035,0.6092,517500.0,23947500.0,218750.0
2026-02-24,DALBHARAT,2069.4,2067.6,2077.2,-1.8,92.801,0.4643,184600.0,2365025.0,14625.0
2026-02-24,DELHIVERY,436.8,435.95,439.3,-0.85,97.4359,0.7684,620425.0,23364500.0,211650.0
2026-02-24,DIVISLAB,6255.5,6251.0,6295.0,-4.5,84.4627,0.7039,507400.0,2747400.0,10900.0
2026-02-24,DIXON,10524.95,10536.0,10604.0,11.05,88.1219,0.6454,328500.0,2336700.0,100400.0
2026-02-24,DLF,611.0,611.6,615.9,0.6,95.8513,0.7031,2357025.0,53657175.0,799425.0
2026-02-24,DMART,3849.25,3844.1,3855.6,-5.15,95.6919,0.2992,237150.0,5179650.0,87900.0
2026-02-24,DRREDDY,1300.2,1298.1,1307.2,-2.1,80.5289,0.701,4063125.0,16748125.0,56250.0
2026-02-24,EICHERMOT,7929.0,7906.0,7958.5,-23.0,92.3007,0.6641,254300.0,3009000.0,39600.0
2026-02-24,ETERNAL,254.0,254.15,255.95,0.15,96.7538,0.7082,8286225.0,242487875.0,4488675.0
2026-02-24,EXIDEIND,335.95,335.95,338.15,0.0,93.5497,0.6549,1992600.0,27835200.0,1063800.0
2026-02-24,FEDERALBNK,295.65,296.1,297.95,0.45,84.4495,0.6248,9265000.0,49620000.0,695000.0
2026-02-24,FORTIS,919.55,921.55,926.3,2.0,96.6667,0.5154,378200.0,10918200.0,49600.0
2026-02-24,GAIL,167.85,167.74,169.06,-0.11,86.3091,0.7869,14946750.0,91690200.0,2535750.0
2026-02-24,GLENMARK,2058.65,2057.2,2072.5,-1.45,97.9852,0.7437,227250.0,11039250.0,12375.0
2026-02-24,GMRAIRPORT,101.7,101.48,102.31,-0.22,94.1875,0.8179,9144225.0,146189025.0,1987875.0
2026-02-24,GODREJCP,1234.6,1234.9,1239.0,0.3,97.1988,0.332,244000.0,8442000.0,24500.0
2026-02-24,GODREJPROP,1770.7,1773.0,1784.2,2.3,94.86,0.6317,444125.0,8098750.0,97625.0
2026-02-24,GRASIM,2879.3,2882.3,2893.7,3.0,97.1908,0.3955,464500.0,16053750.0,17000.0
2026-02-24,HAL,3952.6,3953.2,3977.4,0.6,92.489,0.6122,775500.0,9057600.0,491700.0
2026-02-24,HAVELLS,1403.8,1401.9,1411.0,-1.9,93.7488,0.6491,654500.0,9709500.0,106000.0
2026-02-24,HCLTECH,1339.2,1342.1,1348.3,2.9,90.9065,0.462,2496550.0,24522400.0,435400.0
2026-02-24,HDFCAMC,2680.5,2690.8,2700.3,10.3,78.8887,0.3531,1186500.0,4410000.0,23700.0
2026-02-24,HDFCBANK,910.5,911.95,917.35,1.45,95.3657,0.5921,13303400.0,270887100.0,2873750.0
2026-02-24,HDFCLIFE,734.75,732.8,737.7,-1.95,91.5669,0.6687,3162500.0,34133000.0,205700.0
2026-02-24,HEROMOTOCO,5511.0,5498.0,5532.5,-13.0,93.3155,0.6275,254700.0,3517350.0,38250.0
2026-02-24,HINDALCO,922.85,922.95,929.65,0.1,85.8622,0.7259,7142100.0,43052100.0,323400.0
2026-02-24,HINDPETRO,447.05,446.05,448.95,-1.0,93.1578,0.6502,2735775.0,36871200.0,376650.0
2026-02-24,HINDUNILVR,2358.6,2363.9,2374.9,5.3,90.4616,0.4653,1635300.0,15339000.0,170100.0
2026-02-24,HINDZINC,597.45,597.05,601.3,-0.4,88.4298,0.7118,4816700.0,35397600.0,1416100.0
2026-02-24,HUDCO,190.05,190.1,191.18,0.05,88.7018,0.5681,5436225.0,41644425.0,1035075.0
2026-02-24,ICICIBANK,1384.8,1388.3,1394.7,3.5,83.5961,0.461,20178200.0,102018700.0,812000.0
2026-02-24,ICICIGI,1903.9,1907.9,1916.6,4.0,85.8367,0.456,784225.0,4737850.0,14950.0
2026-02-24,ICICIPRULI,661.4,661.4,664.6,0.0,95.8587,0.4838,786250.0,18151275.0,48100.0
2026-02-24,IDEA,10.91,10.92,11.0,0.01,96.1206,0.7326,279753150.0,6789410250.0,142163775.0
2026-02-24,IDFCFIRSTB,70.97,70.82,71.29,-0.15,96.0172,0.6637,18114075.0,413887600.0,22807225.0
2026-02-24,IEX,125.65,125.19,126.14,-0.46,87.1972,0.7588,9472500.0,62223750.0,2291250.0
2026-02-24,INDHOTEL,676.15,674.55,679.0,-1.6,93.6067,0.6597,1542000.0,22107000.0,470000.0
2026-02-24,INDIANB,985.85,983.4,989.35,-2.45,93.7621,0.605,645000.0,9624000.0,71000.0
2026-02-24,INDIGO,4850.3,4853.2,4883.9,2.9,96.9251,0.6326,260400.0,8117250.0,91050.0
2026-02-24,INDUSINDBK,931.4,929.0,935.8,-2.4,89.8543,0.732,3917900.0,33964000.0,734300.0
2026-02-24,INDUSTOWER,469.9,469.85,472.9,-0.05,97.1411,0.6491,2096100.0,70980100.0,243100.0
2026-02-24,INFY,1275.55,1276.4,1283.8,0.85,91.4283,0.5798,7859200.0,81348800.0,2479600.0
2026-02-24,INOXWIND,95.05,94.98,95.71,-0.07,91.1496,0.7686,9734725.0,96979025.0,3278275.0
2026-02-24,IOC,180.2,180.04,181.18,-0.16,80.1194,0.6332,21259875.0,84571500.0,1106625.0
2026-02-24,IREDA,126.0,126.13,122.89,0.13,95.3693,-2.5688,3091200.0,58246350.0,5416500.0
2026-02-24,IRFC,109.45,109.3,109.02,-0.15,90.5037,-0.2562,6353750.0,53040000.0,7514000.0
2026-02-24,ITC,323.5,323.45,325.7,-0.05,87.7402,0.6956,24107200.0,165204800.0,7324800.0
2026-02-24,JINDALSTEL,1233.3,1235.4,1241.6,2.1,84.6557,0.5019,1685000.0,9220000.0,76250.0
2026-02-24,JIOFIN,255.25,255.0,256.9,-0.25,93.5458,0.7451,11956800.0,166779500.0,6518900.0
2026-02-24,JSWENERGY,490.25,490.15,492.95,-0.1,94.8737,0.5713,1676000.0,30870000.0,148000.0
2026-02-24,JSWSTEEL,1254.5,1254.1,1262.7,-0.4,98.0286,0.6858,1044225.0,51871050.0,54675.0
2026-02-24,JUBLFOOD,518.9,520.2,520.75,1.3,92.2702,0.1057,1982500.0,22651250.0,1013750.0
2026-02-24,KALYANKJIL,406.9,406.45,409.3,-0.45,93.4193,0.7012,1899975.0,26451600.0,520525.0
2026-02-24,KAYNES,3838.55,3844.9,3867.5,6.35,86.7147,0.5878,534200.0,3351200.0,135600.0
2026-02-24,KEI,4781.0,4793.1,4731.0,12.1,84.9872,-1.2956,245700.0,1361850.0,29050.0
2026-02-24,KFINTECH,1001.3,1001.2,996.8,-0.1,85.5293,-0.4395,419000.0,2348500.0,128000.0
2026-02-24,KOTAKBANK,427.7,427.6,429.45,-0.1,93.4151,0.4326,13438000.0,189558000.0,1078000.0
2026-02-24,KPITTECH,760.55,760.2,766.0,-0.35,80.9668,0.763,1365525.0,5424275.0,384625.0
2026-02-24,LAURUSLABS,1028.5,1026.0,1034.25,-2.5,92.2663,0.8041,1614150.0,18976250.0,281350.0
2026-02-24,LICHSGFIN,532.05,531.15,534.85,-0.9,96.1835,0.6966,1274000.0,31652000.0,455000.0
2026-02-24,LICI,882.0,880.15,883.95,-1.85,90.0809,0.4317,1141700.0,9975700.0,392700.0
2026-02-24,LODHA,1040.75,1041.8,1048.3,1.05,95.0101,0.6239,398250.0,7505550.0,77400.0
2026-02-24,LT,4259.2,4258.4,4288.4,-0.8,70.4119,0.7045,5634300.0,13251000.0,157150.0
2026-02-24,LTF,297.45,296.95,297.2,-0.5,91.1332,0.0842,4830750.0,49059000.0,591750.0
2026-02-24,LTIM,4500.9,4513.5,4532.0,12.6,91.0797,0.4099,290250.0,2908650.0,54900.0
2026-02-24,LUPIN,2250.2,2243.5,2259.5,-6.7,91.2365,0.7132,720800.0,7434100.0,70125.0
2026-02-24,M&M,3433.15,3424.2,3447.1,-8.95,96.925,0.6688,592000.0,18464000.0,196200.0
2026-02-24,MANAPPURAM,305.3,305.35,306.85,0.05,91.7485,0.4912,3858000.0,42585000.0,312000.0
2026-02-24,MANKIND,2054.7,2053.3,2068.8,-1.4,97.1618,0.7549,66600.0,2231325.0,48600.0
2026-02-24,MARICO,810.35,810.15,811.45,-0.2,84.5188,0.1605,4837200.0,26366400.0,42000.0
2026-02-24,MARUTI,14926.0,14886.0,14989.0,-40.0,85.0342,0.6919,497150.0,2801500.0,23250.0
2026-02-24,MAXHEALTH,1086.4,1088.1,1090.95,1.7,90.2959,0.2619,1432725.0,13230525.0,100800.0
2026-02-24,MAZDOCK,2256.4,2253.1,2267.1,-3.3,92.6925,0.6214,328400.0,4019600.0,146000.0
2026-02-24,MCX,2395.8,2393.1,2408.9,-2.7,81.2125,0.6602,2678750.0,11263125.0,316250.0
2026-02-24,MFSL,1841.9,1843.8,1855.4,1.9,97.5444,0.6291,224400.0,8899200.0,14800.0
2026-02-24,MOTHERSON,131.55,131.8,132.32,0.25,93.1338,0.3945,11063850.0,148928400.0,1143900.0
2026-02-24,MPHASIS,2223.0,2224.5,2239.0,1.5,87.0027,0.6518,787050.0,5199975.0,68475.0
2026-02-24,MUTHOOTFIN,3494.1,3493.3,3515.8,-0.8,92.064,0.6441,409200.0,4637325.0,109725.0
2026-02-24,NATIONALUM,343.0,343.2,345.3,0.2,91.3726,0.6119,5400000.0,55863750.0,1327500.0
2026-02-24,NAUKRI,1017.9,1018.8,1025.5,0.9,91.6621,0.6576,1140750.0,12378375.0,162375.0
2026-02-24,NBCC,94.55,94.35,94.9,-0.2,96.0231,0.5829,3620500.0,85390500.0,2028000.0
2026-02-24,NESTLEIND,1320.0,1321.2,1329.2,1.2,96.6545,0.6055,547000.0,15739500.0,64000.0
2026-02-24,NHPC,75.77,75.69,76.12,-0.08,84.4151,0.5681,14521600.0,76115200.0,2540800.0
2026-02-24,NMDC,80.8,80.39,80.96,-0.41,93.9988,0.709,21579750.0,333220500.0,4792500.0
2026-02-24,NTPC,382.75,381.65,384.3,-1.1,66.2452,0.6944,51340500.0,99690000.0,1068000.0
2026-02-24,NUVAMA,1275.8,1274.8,1280.0,-1.0,91.5215,0.4079,163000.0,1737000.0,22500.0
2026-02-24,NYKAA,261.35,261.42,263.12,0.07,94.0764,0.6503,2903125.0,45878125.0,228125.0
2026-02-24,OBEROIRLTY,1511.9,1515.5,1500.5,3.6,83.4043,-0.9898,1050350.0,5233900.0,44800.0
2026-02-24,OFSS,6454.0,6447.5,6459.0,-6.5,94.3152,0.1784,89100.0,1433850.0,44400.0
2026-02-24,OIL,472.2,471.65,474.9,-0.55,83.8707,0.6891,3144400.0,15822800.0,527800.0
2026-02-24,ONGC,276.5,276.65,278.45,0.15,71.6748,0.6506,46554750.0,116473500.0,1329750.0
2026-02-24,PAGEIND,33160.25,33150.0,33340.0,-10.25,90.3128,0.5732,25035.0,225915.0,7485.0
2026-02-24,PATANJALI,522.45,521.95,525.0,-0.5,98.2106,0.5843,682200.0,37355400.0,87300.0
2026-02-24,PAYTM,1131.7,1131.1,1138.9,-0.6,95.8861,0.6896,859125.0,19855575.0,168925.0
2026-02-24,PERSISTENT,4662.1,4666.5,4693.5,4.4,92.2762,0.5786,390100.0,4560600.0,99900.0
2026-02-24,PETRONET,307.95,307.25,309.35,-0.7,94.4946,0.6835,2143200.0,36614900.0,171000.0
2026-02-24,PFC,419.4,419.6,420.55,0.2,87.7004,0.2264,8106800.0,56849000.0,955500.0
2026-02-24,PGEL,613.35,613.35,617.6,0.0,93.4656,0.6929,722950.0,10225800.0,114950.0
2026-02-24,PHOENIXLTD,1692.65,1689.8,1699.9,-2.85,83.5686,0.5977,757750.0,3846850.0,7000.0
2026-02-24,PIDILITIND,1480.5,1480.8,1490.8,0.3,97.3946,0.6753,208500.0,7766000.0,28000.0
2026-02-24,PIIND,3107.3,3108.9,3087.7,1.6,96.5335,-0.6819,122500.0,3311525.0,99750.0
2026-02-24,PNB,131.05,131.17,131.95,0.12,96.6566,0.5946,7776000.0,219536000.0,5264000.0
2026-02-24,PNBHOUSING,831.7,832.3,836.95,0.6,98.5369,0.5587,175500.0,11746150.0,73450.0
2026-02-24,POLICYBZR,1494.6,1489.9,1500.8,-4.7,94.0122,0.7316,611450.0,9518950.0,81200.0
2026-02-24,POLYCAB,8120.5,8112.5,8153.0,-8.0,95.8419,0.4992,123500.0,2815000.0,31625.0
2026-02-24,POWERGRID,304.8,304.0,306.25,-0.8,76.7743,0.7401,23727200.0,77672000.0,760000.0
2026-02-24,POWERINDIA,24902.95,24965.0,24999.0,62.05,80.4272,0.1362,64150.0,254050.0,9550.0
2026-02-24,PPLPHARMA,159.5,159.08,159.99,-0.42,93.9666,0.572,1233750.0,18264750.0,950250.0
2026-02-24,PREMIERENE,777.1,776.1,782.75,-1.0,93.5303,0.8568,463450.0,6659075.0,40825.0
2026-02-24,PRESTIGE,1425.55,1425.0,1437.5,-0.55,96.0593,0.8772,178200.0,4315950.0,27900.0
2026-02-24,RBLBANK,326.0,326.5,328.6,0.5,89.4745,0.6432,6696075.0,56613425.0,307975.0
2026-02-24,RECLTD,354.0,354.25,355.0,0.25,87.0454,0.2117,11505200.0,75010600.0,2296000.0
2026-02-24,RELIANCE,1428.8,1425.4,1435.9,-3.4,93.7054,0.7366,7245500.0,105195000.0,2666000.0
2026-02-24,RVNL,321.65,322.3,288.85,0.65,94.1584,-10.3785,3884175.0,56818450.0,5788900.0
2026-02-24,SAIL,160.2,160.3,161.14,0.1,92.3201,0.524,13150600.0,157520500.0,564000.0
2026-02-24,SAMMAANCAP,153.4,153.14,154.77,-0.26,93.1292,1.0644,8230200.0,108493300.0,3061600.0
2026-02-24,SBICARD,779.6,780.9,752.75,1.3,97.9475,-3.6048,416000.0,19228000.0,624000.0
2026-02-24,SBILIFE,2082.9,2077.0,2091.0,-5.9,78.802,0.674,2331750.0,8627625.0,40500.0
2026-02-24,SBIN,1223.3,1223.9,1231.0,0.6,77.7669,0.5801,15197250.0,51593250.0,1563750.0
2026-02-24,SHREECEM,26524.65,26605.0,26130.0,80.35,90.1391,-1.7854,35800.0,319200.0,8050.0
2026-02-24,SHRIRAMFIN,1061.7,1060.0,1066.3,-1.7,95.0642,0.5943,1715175.0,32731875.0,302775.0
2026-02-24,SIEMENS,3365.5,3371.6,3387.0,6.1,92.4032,0.4568,184100.0,2211475.0,27825.0
2026-02-24,SOLARINDS,13279.1,13261.0,13352.0,-18.1,94.3653,0.6862,45900.0,721250.0,47450.0
2026-02-24,SONACOMS,529.45,528.5,532.0,-0.95,96.5524,0.6623,463050.0,12840450.0,127400.0
2026-02-24,SRF,2583.55,2590.1,2600.2,6.55,79.0532,0.3899,944200.0,3509400.0,54000.0
2026-02-24,SUNPHARMA,1731.75,1728.4,1740.6,-3.35,73.9168,0.7059,7848400.0,22139600.0,101850.0
2026-02-24,SUPREMEIND,3961.45,3953.3,3972.7,-8.15,94.3114,0.4907,93975.0,1544025.0,14000.0
2026-02-24,SUZLON,44.13,44.04,44.35,-0.09,97.0471,0.7039,9485275.0,300099300.0,11633225.0
2026-02-24,SWIGGY,314.0,314.0,311.55,0.0,92.9776,-0.7803,3572400.0,46850700.0,448500.0
2026-02-24,SYNGENE,437.1,436.65,439.4,-0.45,85.7659,0.6298,1497000.0,9020000.0,0.0
2026-02-24,TATACONSUM,1178.0,1177.4,1185.9,-0.6,97.6912,0.7219,308550.0,13009150.0,46200.0
2026-02-24,TATAELXSI,4498.0,4493.0,4519.0,-5.0,92.7343,0.5787,119600.0,1468900.0,57600.0
2026-02-24,TATAPOWER,379.75,379.65,381.7,-0.1,85.304,0.54,8599950.0,48551800.0,1367350.0
2026-02-24,TATASTEEL,209.15,209.07,210.59,-0.08,90.7479,0.727,21444500.0,204809000.0,5527500.0
2026-02-24,TATATECH,572.15,571.6,575.25,-0.55,94.5562,0.6386,658400.0,10624000.0,812000.0
2026-02-24,TCS,2573.7,2572.7,2587.9,-1.0,90.6097,0.5908,2837100.0,26034225.0,1341725.0
2026-02-24,TECHM,1345.45,1348.9,1355.0,3.45,86.6163,0.4522,3154200.0,20187600.0,225600.0
2026-02-24,TIINDIA,2562.75,2564.5,2572.8,1.75,95.7128,0.3236,123600.0,2736000.0,23400.0
2026-02-24,TITAN,4294.5,4289.2,4318.4,-5.3,92.671,0.6808,766675.0,9618700.0,75425.0
2026-02-24,TMPV,377.55,376.85,379.2,-0.7,95.0549,0.6236,3594400.0,67252000.0,1840000.0
2026-02-24,TORNTPHARM,4397.9,4394.8,4389.3,-3.1,94.6014,-0.1251,154750.0,2703250.0,8500.0
2026-02-24,TORNTPOWER,1541.75,1539.9,1550.0,-1.85,93.7295,0.6559,252450.0,3748925.0,24650.0
2026-02-24,TRENT,3931.35,3924.8,3953.2,-6.55,94.4268,0.7236,395300.0,6530000.0,167600.0
2026-02-24,TVSMOTOR,3816.25,3810.7,3826.9,-5.55,92.7724,0.4251,654850.0,8381975.0,23625.0
2026-02-24,ULTRACEMCO,12959.95,12984.0,13038.0,24.05,91.2255,0.4159,196400.0,2035300.0,6600.0
2026-02-24,UNIONBANK,200.6,200.18,201.4,-0.42,94.2139,0.6095,3566550.0,56870100.0,1203600.0
2026-02-24,UNITDSPR,1421.5,1421.0,1427.2,-0.5,95.8002,0.4363,422000.0,9586000.0,40000.0
2026-02-24,UNOMINDA,1177.5,1174.8,1183.9,-2.7,95.949,0.7746,264000.0,6230400.0,22550.0
2026-02-24,UPL,630.55,630.7,635.1,0.15,95.532,0.6976,1708655.0,35622950.0,910560.0
2026-02-24,VBL,459.1,456.8,460.65,-2.3,93.1258,0.8428,2971125.0,39523500.0,726750.0
2026-02-24,VEDL,695.1,695.65,697.2,0.55,77.2154,0.2228,18409200.0,60579700.0,1807800.0
2026-02-24,VOLTAS,1538.0,1542.7,1519.8,4.7,81.3523,-1.4844,2285625.0,9857625.0,113625.0
2026-02-24,WAAREEENER,3023.6,3030.2,3047.2,6.6,90.3611,0.561,274225.0,2547650.0,23100.0
2026-02-24,WIPRO,200.15,200.1,200.93,-0.05,84.2563,0.4148,30483000.0,153699000.0,9438000.0
2026-02-24,YESBANK,20.82,20.77,20.92,-0.05,94.5664,0.7222,56819700.0,935705700.0,53181000.0
2026-02-24,ZYDUSLIFE,903.85,902.05,908.2,-1.8,96.9182,0.6818,305100.0,9423000.0,171900.0
2026-03-30,360ONE,949.55,947.5,943.0,-2.05,78.7325,-0.4749,698000.0,2571000.0,13000.0
2026-03-30,ABB,5941.4,5950.5,5948.5,9.1,94.7734,-0.0336,109250.0,1947000.0,34000.0
2026-03-30,ABCAPITAL,292.25,291.65,292.5,-0.6,95.9876,0.2914,1918900.0,45622700.0,282100.0
2026-03-30,ADANIENSOL,934.85,932.2,936.8,-2.65,96.8961,0.4935,623025.0,15990075.0,3459375.0
2026-03-30,ADANIENT,1758.8,1758.3,1767.6,-0.5,85.3365,0.5289,3151182.0,16916514.0,1422327.0
2026-03-30,ADANIGREEN,806.9,805.8,811.5,-1.1,92.9103,0.7074,1669800.0,21504600.0,378000.0
2026-03-30,ADANIPORTS,1312.65,1310.5,1315.2,-2.15,92.9496,0.3586,1521425.0,18467525.0,1590300.0
2026-03-30,ALKEM,5299.0,5292.5,5304.0,-6.5,95.4728,0.2173,53625.0,1129375.0,1500.0
2026-03-30,AMBER,6549.05,6546.5,6335.5,-2.55,89.8881,-3.2231,114800.0,1002200.0,18300.0
2026-03-30,AMBUJACEM,401.25,400.45,402.5,-0.8,94.2749,0.5119,3667650.0,53165700.0,7229250.0
2026-03-30,ANGELONE,227.55,226.86,227.9,-0.69,88.8551,0.4584,3662500.0,25862500.0,3337500.0
2026-03-30,APLAPOLLO,1937.0,1941.3,1946.8,4.3,94.9961,0.2833,248150.0,4676350.0,34650.0
2026-03-30,APOLLOHOSP,7419.05,7426.5,7441.5,7.45,93.8834,0.202,156500.0,2379875.0,22250.0
2026-03-30,ASHOKLEY,154.15,154.25,154.85,0.1,89.5528,0.389,16060000.0,131655000.0,6010000.0
2026-03-30,ASIANPAINT,2165.2,2161.7,2172.0,-3.5,96.2924,0.4765,539000.0,13156250.0,842500.0
2026-03-30,ASTRAL,1598.95,1603.7,1586.3,4.75,98.3302,-1.085,152150.0,8888450.0,71400.0
2026-03-30,AUBANK,842.7,843.0,846.95,0.3,96.8185,0.4686,834000.0,25028000.0,352000.0
2026-03-30,AUROPHARMA,1304.4,1304.7,1306.4,0.3,92.6849,0.1303,1565300.0,19770850.0,62150.0
2026-03-30,AXISBANK,1161.3,1163.4,1167.5,2.1,93.7019,0.3524,4699375.0,57355625.0,12560625.0
2026-03-30,BAJAJ-AUTO,8781.45,8784.5,8709.0,3.05,89.874,-0.8595,392400.0,3457425.0,25350.0
2026-03-30,BAJAJFINSV,1631.8,1629.5,1637.1,-2.3,89.0054,0.4664,1376000.0,9828000.0,1311250.0
2026-03-30,BAJAJHLDNG,8745.95,8733.0,8773.0,-12.95,94.1794,0.458,16350.0,236550.0,28000.0
2026-03-30,BAJFINANCE,801.55,800.3,804.5,-1.25,91.9429,0.5248,6311250.0,68524500.0,3495750.0
2026-03-30,BANDHANBNK,141.35,141.41,142.1,0.06,94.8226,0.4879,4737600.0,84117600.0,2649600.0
2026-03-30,BANKBARODA,247.6,247.65,248.85,0.05,93.1806,0.4846,8263125.0,104747175.0,8160750.0
2026-03-30,BANKINDIA,137.0,136.99,137.74,-0.01,89.5459,0.5475,5782400.0,48838400.0,691600.0
2026-03-30,BDL,1096.65,1096.4,1097.2,-0.25,87.9348,0.073,626500.0,4278750.0,287350.0
2026-03-30,BEL,400.65,400.65,402.6,0.0,95.6069,0.4867,5028825.0,104077725.0,5365125.0
2026-03-30,BHARATFORG,1674.6,1671.8,1656.4,-2.8,94.7009,-0.9212,418500.0,7411500.0,67500.0
2026-03-30,BHARTIARTL,1782.4,1781.4,1790.5,-1.0,95.0421,0.5108,2967800.0,51180300.0,5711400.0
2026-03-30,BHEL,245.5,245.3,246.25,-0.2,96.6787,0.3873,3819375.0,103312125.0,7864500.0
2026-03-30,BIOCON,360.9,360.85,361.85,-0.05,92.9339,0.2771,2432500.0,30940000.0,1052500.0
2026-03-30,BLUESTARCO,1610.7,1606.4,1608.7,-4.3,91.3336,0.1432,217750.0,2274675.0,20150.0
2026-03-30,BOSCHLTD,28744.75,28675.0,28835.0,-69.75,83.4308,0.558,41800.0,206325.0,4150.0
2026-03-30,BPCL,281.0,280.25,281.75,-0.75,77.8081,0.5352,16040950.0,52143950.0,4098125.0
2026-03-30,BRITANNIA,5423.1,5439.5,5450.0,16.4,96.1283,0.193,102625.0,2515750.0,32250.0
2026-03-30,BSE,2683.5,2684.2,2694.7,0.7,90.9195,0.3912,687000.0,6564750.0,313875.0
2026-03-30,CAMS,625.8,623.9,622.05,-1.9,91.5259,-0.2965,466500.0,4810500.0,228000.0
2026-03-30,CANBK,123.45,123.45,124.07,0.0,93.4296,0.5022,14431500.0,199746000.0,5467500.0
2026-03-30,CDSL,1119.4,1118.1,1118.2,-1.3,92.3116,0.0089,860225.0,9497150.0,831250.0
2026-03-30,CGPOWER,655.05,656.1,657.95,1.05,94.5472,0.282,1022550.0,17627300.0,102850.0
2026-03-30,CHOLAFIN,1354.7,1352.5,1358.3,-2.2,92.6473,0.4288,1540625.0,19036250.0,376250.0
2026-03-30,CIPLA,1224.2,1221.8,1227.2,-2.4,91.2745,0.442,1242375.0,12295500.0,700500.0
2026-03-30,COALINDIA,450.45,451.0,450.85,0.55,86.0765,-0.0333,8303850.0,50750550.0,584550.0
2026-03-30,COFORGE,1114.7,1113.7,1118.5,-1.0,92.5695,0.431,1587750.0,19173750.0,606375.0
2026-03-30,COLPAL,1788.7,1787.6,1796.8,-1.1,92.7539,0.5147,491625.0,6072975.0,220050.0
2026-03-30,CONCOR,425.3,424.35,426.25,-0.95,91.9832,0.4477,2218750.0,24735000.0,722500.0
2026-03-30,CROMPTON,223.6,223.1,224.15,-0.5,97.6569,0.4706,1141200.0,46868400.0,694800.0
2026-03-30,CUMMINSIND,4500.1,4506.4,4523.3,6.3,96.4517,0.375,125000.0,3384800.0,13000.0
2026-03-30,DABUR,410.45,410.7,412.95,0.25,95.9995,0.5478,1297500.0,30627500.0,508750.0
2026-03-30,DALBHARAT,1779.15,1779.5,1788.4,0.35,89.1145,0.5001,256100.0,2077400.0,19175.0
2026-03-30,DELHIVERY,416.7,415.85,417.85,-0.85,98.2023,0.4809,489700.0,26647150.0,103750.0
2026-03-30,DIVISLAB,5947.0,5938.0,5964.0,-9.0,94.1372,0.4379,166000.0,2642700.0,22700.0
2026-03-30,DIXON,9672.65,9650.0,9579.0,-22.65,93.1491,-0.7358,195400.0,2508400.0,148400.0
2026-03-30,DLF,504.1,503.7,505.6,-0.4,94.6167,0.3772,2970825.0,49499175.0,2715900.0
2026-03-30,DMART,3956.9,3970.8,3953.7,13.9,92.8418,-0.4306,389550.0,5000250.0,52200.0
2026-03-30,DRREDDY,1254.9,1257.4,1260.9,2.5,91.2247,0.2784,1036250.0,10678750.0,93750.0
2026-03-30,EICHERMOT,6586.0,6595.5,6619.5,9.5,90.079,0.3639,389400.0,3354000.0,181600.0
2026-03-30,ETERNAL,229.0,228.37,229.64,-0.63,93.6691,0.5561,14513625.0,193733250.0,21005350.0
2026-03-30,EXIDEIND,287.9,287.95,289.35,0.05,93.578,0.4862,1978200.0,27745200.0,1080000.0
2026-03-30,FEDERALBNK,259.4,259.1,260.4,-0.3,87.4773,0.5017,11740000.0,81080000.0,930000.0
2026-03-30,FORTIS,795.0,793.25,797.55,-1.75,96.3252,0.5421,471200.0,12290725.0,60450.0
2026-03-30,GAIL,137.7,137.6,138.17,-0.1,90.5125,0.4142,9289350.0,86193450.0,2428650.0
2026-03-30,GLENMARK,2131.75,2135.4,2142.7,3.65,98.6356,0.3419,156375.0,11266875.0,38250.0
2026-03-30,GMRAIRPORT,84.75,84.78,85.15,0.03,95.3073,0.4364,6870375.0,136291500.0,3243375.0
2026-03-30,GODREJCP,984.8,985.3,989.3,0.5,92.859,0.406,829000.0,10752000.0,28000.0
2026-03-30,GODREJPROP,1471.3,1467.2,1473.4,-4.1,95.269,0.4226,390775.0,7704400.0,164725.0
2026-03-30,GRASIM,2557.7,2549.4,2562.6,-8.3,96.8759,0.5178,463500.0,14339500.0,33500.0
2026-03-30,HAL,3487.2,3486.2,3500.5,-1.0,89.9217,0.4102,936300.0,7930800.0,423150.0
2026-03-30,HAVELLS,1190.6,1189.4,1191.3,-1.2,95.3682,0.1597,392500.0,7997000.0,84500.0
2026-03-30,HCLTECH,1341.6,1345.1,1322.4,3.5,89.5404,-1.6876,3993150.0,33880350.0,303450.0
2026-03-30,HDFCAMC,2216.4,2214.5,2225.1,-1.9,89.564,0.4787,755400.0,6428700.0,54300.0
2026-03-30,HDFCBANK,731.55,732.15,735.9,0.6,96.2537,0.5122,13934800.0,349165850.0,8856100.0
2026-03-30,HDFCLIFE,590.6,591.4,593.0,0.8,92.9382,0.2705,2928200.0,37559500.0,977900.0
2026-03-30,HEROMOTOCO,5062.95,5068.0,5088.0,5.05,92.977,0.3946,258600.0,3405900.0,17700.0
2026-03-30,HINDALCO,884.45,882.65,887.9,-1.8,92.2505,0.5948,3901800.0,41517700.0,4929400.0
2026-03-30,HINDPETRO,335.4,334.85,336.55,-0.55,87.2169,0.5077,7257600.0,46165950.0,3351375.0
2026-03-30,HINDUNILVR,2055.2,2053.7,2061.7,-1.5,89.4447,0.3895,1871700.0,15592800.0,267900.0
2026-03-30,HINDZINC,502.15,501.3,503.05,-0.85,89.338,0.3491,4824050.0,38850875.0,1570450.0
2026-03-30,HUDCO,159.55,159.6,160.37,0.05,93.3688,0.4825,2181150.0,30710925.0,0.0
2026-03-30,ICICIBANK,1205.9,1207.8,1211.8,1.9,93.716,0.3312,8545600.0,107540300.0,19904500.0
2026-03-30,ICICIGI,1710.6,1710.9,1711.7,0.3,92.7955,0.0468,377325.0,4835025.0,25025.0
2026-03-30,ICICIPRULI,509.55,509.2,512.2,-0.35,96.7381,0.5892,596625.0,17628650.0,65675.0
2026-03-30,IDEA,8.53,8.55,8.58,0.02,92.9512,0.3509,487173600.0,6213893550.0,210350925.0
2026-03-30,IDFCFIRSTB,58.85,58.8,59.07,-0.05,95.2763,0.4592,22102325.0,413275450.0,32527425.0
2026-03-30,IEX,114.75,114.63,115.12,-0.12,93.0346,0.4275,5625000.0,69525000.0,5606250.0
2026-03-30,INDHOTEL,570.95,571.4,573.85,0.45,94.1166,0.4288,1321000.0,20605000.0,527000.0
2026-03-30,INDIANB,845.7,846.5,843.0,0.8,95.2376,-0.4135,441000.0,8748000.0,71000.0
2026-03-30,INDIGO,3943.5,3941.1,3952.2,-2.4,86.8933,0.2816,1228500.0,7667700.0,476850.0
2026-03-30,INDUSINDBK,752.45,750.95,755.0,-1.5,90.4402,0.5393,4186700.0,38864000.0,744100.0
2026-03-30,INDUSTOWER,418.15,417.65,419.3,-0.5,96.7365,0.3951,2142000.0,63088700.0,404600.0
2026-03-30,INFY,1250.6,1253.2,1244.2,2.6,91.8092,-0.7182,7006800.0,75938800.0,2599600.0
2026-03-30,INOXWIND,75.49,75.37,75.73,-0.12,95.7248,0.4776,4676100.0,100375275.0,4325750.0
2026-03-30,IOC,135.4,135.41,136.11,0.01,87.0801,0.5169,15712125.0,103354875.0,2544750.0
2026-03-30,IREDA,109.0,109.0,107.95,0.0,92.5523,-0.9633,4226250.0,48348300.0,4171050.0
2026-03-30,IRFC,87.25,87.05,87.25,-0.2,87.4298,0.2298,8279000.0,52746750.0,4836500.0
2026-03-30,ITC,287.7,287.9,289.15,0.2,94.5739,0.4342,9235200.0,151956800.0,9008000.0
2026-03-30,JINDALSTEL,1113.1,1111.8,1115.0,-1.3,85.7505,0.2878,1651250.0,9898750.0,38125.0
2026-03-30,JIOFIN,224.1,223.45,224.65,-0.65,94.6042,0.537,8967600.0,141162150.0,16066950.0
2026-03-30,JSWENERGY,471.6,470.75,471.45,-0.85,97.4077,0.1487,722000.0,26566000.0,564000.0
2026-03-30,JSWSTEEL,1122.5,1120.6,1125.2,-1.9,98.5141,0.4105,760050.0,46176075.0,4215375.0
2026-03-30,JUBLFOOD,434.1,433.05,426.25,-1.05,93.0996,-1.5703,1793750.0,23452500.0,748750.0
2026-03-30,KALYANKJIL,375.9,374.85,376.55,-1.05,93.275,0.4535,1733125.0,23626900.0,411250.0
2026-03-30,KAYNES,3429.4,3424.8,3438.6,-4.6,96.0912,0.4029,149500.0,3599900.0,75300.0
2026-03-30,KEI,4037.6,4033.0,3922.5,-4.6,93.5457,-2.7399,133350.0,1913100.0,19600.0
2026-03-30,KFINTECH,876.5,878.25,848.2,1.75,89.8827,-3.4216,228500.0,1915500.0,114500.0
2026-03-30,KOTAKBANK,353.4,352.7,354.55,-0.7,91.8103,0.5245,18898000.0,192784000.0,19072000.0
2026-03-30,KPITTECH,634.75,633.25,636.7,-1.5,72.2681,0.5448,2426750.0,6077500.0,246500.0
2026-03-30,LAURUSLABS,992.65,990.3,995.5,-2.35,96.5146,0.5251,668950.0,18160250.0,363800.0
2026-03-30,LICHSGFIN,495.25,496.1,497.9,0.85,93.7694,0.3628,2187000.0,32406000.0,508000.0
2026-03-30,LICI,725.65,725.6,728.05,-0.05,91.9253,0.3377,732200.0,7889700.0,445900.0
2026-03-30,LODHA,677.0,675.65,678.65,-1.35,97.4238,0.444,574200.0,20707200.0,1007100.0
2026-03-30,LT,3504.1,3498.9,3515.0,-5.2,87.3857,0.4601,2346925.0,14578725.0,1679650.0
2026-03-30,LTF,240.2,239.5,240.35,-0.7,87.483,0.3549,8689500.0,59757750.0,974250.0
2026-03-30,LTM,4013.8,4017.0,4028.2,3.2,93.6713,0.2788,247200.0,3579000.0,79800.0
2026-03-30,LUPIN,2313.9,2319.8,2316.8,5.9,79.3398,-0.1293,1542750.0,5869675.0,54825.0
2026-03-30,M&M,2954.7,2955.5,2968.7,0.8,95.4446,0.4466,923200.0,17396000.0,1946800.0
2026-03-30,MANAPPURAM,251.1,250.5,251.9,-0.6,94.6753,0.5589,2952000.0,52035000.0,453000.0
2026-03-30,MANKIND,2005.8,2004.7,2004.7,-1.1,84.7508,0.0,475650.0,2522250.0,121275.0
2026-03-30,MARICO,735.95,736.6,739.65,0.65,93.1395,0.4141,1942800.0,26347200.0,28800.0
2026-03-30,MARUTI,12305.95,12286.0,12344.0,-19.95,92.5342,0.4721,288050.0,3401700.0,168500.0
2026-03-30,MAXHEALTH,962.3,960.8,965.1,-1.5,96.0452,0.4475,531300.0,12832575.0,70350.0
2026-03-30,MAZDOCK,2065.1,2064.0,2073.3,-1.1,87.1981,0.4506,725000.0,4594200.0,344000.0
2026-03-30,MCX,2389.5,2385.9,2394.1,-3.6,90.3758,0.3437,1298125.0,11899375.0,290625.0
2026-03-30,MFSL,1490.75,1490.8,1497.0,0.05,97.9906,0.4159,216400.0,10546800.0,6000.0
2026-03-30,MOTHERSON,105.1,105.18,105.53,0.08,95.0504,0.3328,6611250.0,124863450.0,2097150.0
2026-03-30,MPHASIS,2053.0,2052.2,2055.2,-0.8,92.9662,0.1462,381425.0,4992625.0,48675.0
2026-03-30,MUTHOOTFIN,3160.1,3159.2,3152.1,-0.9,88.518,-0.2247,505175.0,3827175.0,67375.0
2026-03-30,NATIONALUM,386.1,385.85,387.1,-0.25,93.4974,0.324,4053750.0,52455000.0,5831250.0
2026-03-30,NAUKRI,967.85,969.5,940.6,1.65,92.2221,-2.9809,825375.0,9690000.0,96375.0
2026-03-30,NBCC,77.52,77.43,77.78,-0.09,96.0957,0.452,3191500.0,75861500.0,2691000.0
2026-03-30,NESTLEIND,1174.8,1176.6,1181.1,1.8,97.2168,0.3825,489000.0,16925000.0,156000.0
2026-03-30,NHPC,73.72,73.68,73.72,-0.04,79.7082,0.0543,16467200.0,63360000.0,1324800.0
2026-03-30,NMDC,76.27,76.15,76.53,-0.12,97.2266,0.499,9429750.0,325532250.0,5049000.0
2026-03-30,NTPC,370.65,371.75,372.5,1.1,85.2372,0.2017,14409000.0,77919000.0,5275500.0
2026-03-30,NUVAMA,1160.9,1158.4,1079.2,-2.5,90.3226,-6.837,180000.0,1651500.0,28500.0
2026-03-30,NYKAA,235.0,234.6,235.7,-0.4,91.8824,0.4689,3753125.0,42253125.0,228125.0
2026-03-30,OBEROIRLTY,1419.0,1416.3,1402.8,-2.7,94.1361,-0.9532,529200.0,8441650.0,53900.0
2026-03-30,OFSS,6730.95,6709.5,6697.5,-21.45,95.8835,-0.1789,67500.0,1544775.0,27450.0
2026-03-30,OIL,475.45,476.1,475.1,0.65,83.3917,-0.21,4515000.0,22465800.0,204400.0
2026-03-30,ONGC,284.65,285.15,284.75,0.5,73.3359,-0.1403,34834500.0,94990500.0,816750.0
2026-03-30,PAGEIND,31775.6,31620.0,31725.0,-155.6,93.6603,0.3321,20535.0,299655.0,3720.0
2026-03-30,PATANJALI,459.7,456.25,457.8,-3.45,96.0571,0.3397,1439100.0,34992000.0,67500.0
2026-03-30,PAYTM,959.0,957.1,962.3,-1.9,90.8591,0.5433,1940100.0,18716600.0,567675.0
2026-03-30,PERSISTENT,4877.15,4867.4,4695.4,-9.75,96.0174,-3.5337,224400.0,5344600.0,65500.0
2026-03-30,PETRONET,248.45,247.8,244.4,-0.65,94.1261,-1.3721,2095700.0,32917500.0,665000.0
2026-03-30,PFC,379.5,378.9,380.55,-0.6,93.3141,0.4355,4362800.0,53584700.0,7306000.0
2026-03-30,PGEL,469.9,468.5,466.55,-1.4,91.6082,-0.4162,1409800.0,14475150.0,914850.0
2026-03-30,PHOENIXLTD,1506.3,1505.3,1504.8,-1.0,88.9272,-0.0332,460950.0,3697400.0,4550.0
2026-03-30,PIDILITIND,1285.0,1281.7,1286.5,-3.3,97.2202,0.3745,213000.0,7400500.0,49000.0
2026-03-30,PIIND,2718.8,2717.9,2723.0,-0.9,93.2041,0.1876,204925.0,2756075.0,54425.0
2026-03-30,PNB,100.55,100.54,100.98,-0.01,94.2734,0.4376,17024000.0,265320000.0,14936000.0
2026-03-30,PNBHOUSING,755.1,753.1,756.3,-2.0,96.4551,0.4249,465400.0,12461800.0,201500.0
2026-03-30,POLICYBZR,1427.8,1430.4,1430.2,2.6,95.9294,-0.014,327950.0,7699650.0,29050.0
2026-03-30,POLYCAB,6843.45,6829.5,6759.0,-13.95,89.8393,-1.0323,216500.0,1878750.0,35500.0
2026-03-30,POWERGRID,296.1,295.55,296.55,-0.55,96.3884,0.3384,2705600.0,70457700.0,1751800.0
2026-03-30,POWERINDIA,24234.5,24265.0,24360.0,30.5,94.6687,0.3915,16050.0,277300.0,7700.0
2026-03-30,PPLPHARMA,136.55,136.69,134.85,0.14,91.0547,-1.3461,1304625.0,13279875.0,0.0
2026-03-30,PREMIERENE,891.6,892.45,868.1,0.85,94.9123,-2.7284,480125.0,8907900.0,48875.0
2026-03-30,PRESTIGE,1126.5,1123.3,1128.7,-3.2,97.1967,0.4807,180000.0,6205050.0,36000.0
2026-03-30,RBLBANK,289.75,290.1,291.3,0.35,93.4124,0.4137,5099050.0,72012175.0,292100.0
2026-03-30,RECLTD,305.1,305.1,306.3,0.0,94.0812,0.3933,4919600.0,71156400.0,7042000.0
2026-03-30,RELIANCE,1343.9,1342.5,1349.3,-1.4,91.5003,0.5065,8383500.0,82569500.0,7679500.0
2026-03-30,RVNL,249.65,249.55,241.45,-0.1,93.8618,-3.2458,3379400.0,47990225.0,3685925.0
2026-03-30,SAIL,151.4,152.0,153.73,0.6,93.6072,1.1382,11496200.0,167808800.0,526400.0
2026-03-30,SAMMAANCAP,149.5,149.28,150.15,-0.22,97.7341,0.5828,2592900.0,108962000.0,2876700.0
2026-03-30,SBICARD,635.45,635.1,632.6,-0.35,96.3787,-0.3936,904000.0,23060800.0,998400.0
2026-03-30,SBILIFE,1777.3,1780.9,1787.0,3.6,95.4137,0.3425,481875.0,9961125.0,63750.0
2026-03-30,SBIN,979.4,980.0,984.3,0.6,92.3707,0.4388,6680250.0,79165500.0,1714500.0
2026-03-30,SHREECEM,23020.0,22985.0,23030.0,-35.0,90.3749,0.1958,38575.0,358075.0,4125.0
2026-03-30,SHRIRAMFIN,872.1,872.1,875.5,0.0,94.9006,0.3899,2355375.0,42668175.0,1165725.0
2026-03-30,SIEMENS,2934.95,2941.8,2943.9,6.85,93.1011,0.0714,192325.0,2567250.0,28175.0
2026-03-30,SOLARINDS,12075.2,12062.0,12123.0,-13.2,94.7614,0.5057,40950.0,684250.0,56500.0
2026-03-30,SONACOMS,481.5,480.35,482.15,-1.15,95.3732,0.3747,601475.0,12333300.0,64925.0
2026-03-30,SRF,2438.0,2434.1,2445.2,-3.9,96.0835,0.456,143000.0,3475800.0,32400.0
2026-03-30,SUNPHARMA,1757.2,1762.6,1765.5,5.4,76.6731,0.1645,5197150.0,15806000.0,1276450.0
2026-03-30,SUPREMEIND,3745.15,3760.8,3761.2,15.65,93.2191,0.0106,143325.0,1962975.0,7350.0
2026-03-30,SUZLON,39.56,39.49,39.66,-0.07,89.4177,0.4305,33591050.0,270253625.0,13582625.0
2026-03-30,SWIGGY,260.05,261.35,261.05,1.3,94.9226,-0.1148,2640300.0,47776300.0,1584700.0
2026-03-30,TATACONSUM,1014.8,1015.4,1020.0,0.6,96.3158,0.453,492250.0,12298000.0,570900.0
2026-03-30,TATAELXSI,3976.6,3971.4,3970.4,-5.2,91.9168,-0.0252,155900.0,1710400.0,62400.0
2026-03-30,TATAPOWER,378.75,379.7,380.65,0.95,86.2384,0.2502,8724650.0,53560100.0,1113600.0
2026-03-30,TATASTEEL,191.85,191.46,192.45,-0.39,89.8343,0.5171,22027500.0,175153000.0,19503000.0
2026-03-30,TATATECH,509.25,508.7,511.4,-0.55,92.5423,0.5308,672800.0,8348800.0,0.0
2026-03-30,TCS,2358.9,2358.8,2361.6,-0.1,89.077,0.1187,4194400.0,31148600.0,3056550.0
2026-03-30,TECHM,1384.05,1390.3,1368.6,6.25,90.1489,-1.5608,2207400.0,20042400.0,157800.0
2026-03-30,TIINDIA,2517.3,2524.3,2525.7,7.0,94.5154,0.0555,147800.0,2535000.0,12000.0
2026-03-30,TITAN,3951.4,3950.6,3962.9,-0.8,95.1329,0.3113,490175.0,9481850.0,99225.0
2026-03-30,TMPV,296.2,295.8,296.85,-0.4,86.9425,0.355,9178400.0,57581600.0,3532000.0
2026-03-30,TORNTPHARM,4220.2,4219.5,4230.3,-0.7,96.8753,0.256,87750.0,2716000.0,4500.0
2026-03-30,TORNTPOWER,1305.8,1306.2,1311.9,0.4,94.5395,0.4364,185725.0,3215550.0,0.0
2026-03-30,TRENT,3295.75,3287.8,3301.3,-7.95,91.8685,0.4106,585800.0,6476000.0,142300.0
2026-03-30,TVSMOTOR,3363.8,3362.1,3376.0,-1.7,95.0774,0.4134,420000.0,8050525.0,61600.0
2026-03-30,ULTRACEMCO,10745.0,10725.0,10772.0,-20.0,95.9311,0.4382,97900.0,2173550.0,134600.0
2026-03-30,UNIONBANK,164.2,164.44,163.18,0.24,96.7999,-0.7662,3442650.0,96398625.0,7739325.0
2026-03-30,UNITDSPR,1218.8,1217.0,1221.9,-1.8,94.4176,0.4026,712000.0,11893600.0,148800.0
2026-03-30,UNOMINDA,1031.6,1028.5,1032.8,-3.1,94.0923,0.4181,279400.0,4424750.0,25300.0
2026-03-30,UPL,567.95,566.75,569.5,-1.2,94.7183,0.4852,1560960.0,27425200.0,567745.0
2026-03-30,VBL,384.1,382.95,385.45,-1.15,93.8954,0.6528,2803500.0,42277500.0,843750.0
2026-03-30,VEDL,654.8,654.6,657.4,-0.2,84.9313,0.4277,9042450.0,47245450.0,3720250.0
2026-03-30,VOLTAS,1272.8,1269.5,1244.7,-3.3,94.257,-1.9535,723750.0,11697750.0,180750.0
2026-03-30,WAAREEENER,3109.75,3107.6,3120.7,-2.15,92.1762,0.4215,277900.0,3247475.0,26600.0
2026-03-30,WIPRO,187.65,187.35,184.47,-0.3,95.9781,-1.5372,8754000.0,202014000.0,6891000.0
2026-03-30,YESBANK,17.25,17.27,17.35,0.02,94.5155,0.4632,66585100.0,1087971300.0,59494300.0
2026-03-30,ZYDUSLIFE,871.2,871.35,875.75,0.15,94.9172,0.505,480600.0,8899200.0,75600.0
2026-04-28,360ONE,1038.95,1040.3,1043.65,1.35,90.9683,0.322,402000.0,4012000.0,37000.0
2026-04-28,ABB,7288.0,7309.5,7304.5,21.5,87.8446,-0.0684,303125.0,2159375.0,31250.0
2026-04-28,ABCAPITAL,338.3,338.9,340.7,0.6,96.6733,0.5311,1450800.0,41546200.0,613800.0
2026-04-28,ADANIENSOL,1435.45,1438.1,1445.3,2.65,81.7526,0.5007,4146525.0,18470700.0,106650.0
2026-04-28,ADANIENT,2412.4,2410.8,2428.0,-1.6,92.4704,0.7135,1575591.0,19025130.0,324450.0
2026-04-28,ADANIGREEN,1249.9,1252.3,1257.55,2.4,87.9189,0.4192,2781600.0,20042400.0,200400.0
2026-04-28,ADANIPORTS,1637.6,1642.2,1647.5,4.6,87.1951,0.3227,2870425.0,18818075.0,728175.0
2026-04-28,ADANIPOWER,223.36,223.71,224.89,0.35,74.3318,0.5275,22127150.0,63111900.0,965600.0
2026-04-28,ALKEM,5418.5,5413.0,5418.0,-5.5,92.7317,0.0924,85375.0,1087625.0,1625.0
2026-04-28,AMBER,8200.0,8213.0,8217.0,13.0,88.2506,0.0487,153400.0,1137100.0,15100.0
2026-04-28,AMBUJACEM,458.8,458.1,461.2,-0.7,95.4457,0.6767,2903250.0,59883600.0,960750.0
2026-04-28,ANGELONE,319.26,319.64,320.67,0.38,79.1475,0.3222,5675000.0,21070000.0,470000.0
2026-04-28,APLAPOLLO,1976.0,1980.3,1991.0,4.3,97.6653,0.5403,116550.0,4365550.0,509950.0
2026-04-28,APOLLOHOSP,7753.0,7768.0,7782.5,15.0,90.3928,0.1867,212500.0,1844500.0,154875.0
2026-04-28,ASHOKLEY,167.52,167.49,167.44,-0.03,91.0708,-0.0299,12320000.0,120450000.0,5205000.0
2026-04-28,ASIANPAINT,2462.6,2464.6,2478.0,2.0,96.0744,0.5437,557250.0,12594000.0,1044000.0
2026-04-28,ASTRAL,1548.9,1548.4,1546.7,-0.5,91.8413,-0.1098,820675.0,9045275.0,192950.0
2026-04-28,AUBANK,1022.8,1024.2,1029.7,1.4,94.9654,0.537,1382000.0,25154000.0,914000.0
2026-04-28,AUROPHARMA,1422.6,1427.5,1430.7,4.9,90.9543,0.2242,2010250.0,20183900.0,29150.0
2026-04-28,AXISBANK,1289.0,1291.4,1297.5,2.4,93.7092,0.4724,4302500.0,58134375.0,5956250.0
2026-04-28,BAJAJ-AUTO,9495.5,9522.0,9498.5,26.5,92.6407,-0.2468,209850.0,2586300.0,55350.0
2026-04-28,BAJAJFINSV,1779.0,1784.6,1789.6,5.6,93.1004,0.2802,809000.0,10086500.0,829750.0
2026-04-28,BAJAJHLDNG,10246.5,10241.0,10299.0,-5.5,95.7181,0.5664,11300.0,250550.0,2050.0
2026-04-28,BAJFINANCE,923.65,923.3,928.8,-0.35,95.4087,0.5957,3443250.0,61396500.0,10155750.0
2026-04-28,BANDHANBNK,178.63,179.05,179.43,0.42,93.3618,0.2122,6156000.0,85359600.0,1220400.0
2026-04-28,BANKBARODA,267.83,267.57,269.5,-0.26,89.8443,0.7213,12097800.0,99254025.0,7771725.0
2026-04-28,BANKINDIA,144.25,144.28,145.12,0.03,96.0626,0.5822,2080000.0,49582000.0,1164800.0
2026-04-28,BDL,1396.8,1394.2,1399.2,-2.6,85.4022,0.3586,544950.0,3026450.0,161700.0
2026-04-28,BEL,435.75,435.9,438.6,0.15,95.6074,0.6194,5145675.0,99871125.0,12128175.0
2026-04-28,BHARATFORG,1894.8,1895.5,1907.3,0.7,83.1866,0.6225,1499000.0,7368500.0,48000.0
2026-04-28,BHARTIARTL,1843.8,1838.5,1850.3,-5.3,97.2878,0.6418,1685300.0,51273400.0,9179375.0
2026-04-28,BHEL,354.73,354.66,355.86,-0.07,93.4325,0.3384,8355375.0,115794000.0,3073875.0
2026-04-28,BIOCON,362.8,362.35,364.4,-0.45,86.1504,0.5658,5092500.0,31042500.0,635000.0
2026-04-28,BLUESTARCO,1891.6,1890.5,1878.6,-1.1,92.8674,-0.6295,209950.0,2713100.0,20475.0
2026-04-28,BOSCHLTD,37320.0,37355.0,37475.0,35.0,93.0212,0.3212,18075.0,239500.0,1425.0
2026-04-28,BPCL,307.75,308.2,309.8,0.45,72.5533,0.5191,17109425.0,41287375.0,3940125.0
2026-04-28,BRITANNIA,5662.0,5653.5,5684.0,-8.5,94.9105,0.5395,146750.0,2402500.0,334125.0
2026-04-28,BSE,3626.1,3635.9,3642.5,9.8,86.6667,0.1815,1163250.0,7067625.0,493500.0
2026-04-28,CAMS,760.45,762.2,761.05,1.75,91.1145,-0.1509,651750.0,6443250.0,240000.0
2026-04-28,CANBK,137.1,137.07,138.01,-0.03,93.553,0.6858,14222250.0,187170750.0,19210500.0
2026-04-28,CDSL,1324.6,1322.3,1319.8,-2.3,94.5714,-0.1891,610375.0,9703775.0,929575.0
2026-04-28,CGPOWER,831.2,830.05,835.0,-1.15,97.7772,0.5963,475150.0,18216350.0,2684300.0
2026-04-28,CHOLAFIN,1536.4,1535.4,1544.4,-1.0,93.1894,0.5862,1345000.0,17425625.0,978125.0
2026-04-28,CIPLA,1306.5,1305.1,1310.8,-1.4,96.4853,0.4367,522000.0,14086500.0,243375.0
2026-04-28,COALINDIA,467.0,468.1,469.35,1.1,83.5695,0.267,10957950.0,54341550.0,1393200.0
2026-04-28,COCHINSHIP,1695.6,1695.8,1702.9,0.2,93.2973,0.4187,119200.0,1623200.0,36000.0
2026-04-28,COFORGE,1200.8,1203.6,1203.6,2.8,87.5803,0.0,2683875.0,18565875.0,360000.0
2026-04-28,COLPAL,2125.2,2124.4,2119.4,-0.8,94.8639,-0.2354,270000.0,4866075.0,120825.0
2026-04-28,CONCOR,510.5,510.5,513.25,0.0,92.3829,0.5387,1907500.0,22715000.0,420000.0
2026-04-28,CROMPTON,269.63,270.09,271.13,0.46,97.0511,0.3851,1414800.0,46096200.0,466200.0
2026-04-28,CUMMINSIND,5258.0,5241.9,5268.9,-16.1,95.7633,0.5151,175000.0,3673400.0,282200.0
2026-04-28,DABUR,450.15,449.5,451.9,-0.65,96.0128,0.5339,1167500.0,27700000.0,413750.0
2026-04-28,DALBHARAT,1918.9,1915.0,1925.6,-3.9,94.4698,0.5535,130000.0,2203825.0,16900.0
2026-04-28,DELHIVERY,465.4,465.45,467.9,0.05,94.9576,0.5264,1616425.0,30228600.0,211650.0
2026-04-28,DIVISLAB,6432.5,6412.0,6450.0,-20.5,94.1255,0.5926,154500.0,2189100.0,286400.0
2026-04-28,DIXON,11369.5,11365.0,11414.0,-4.5,90.0784,0.4311,314450.0,2737950.0,116950.0
2026-04-28,DLF,587.9,587.1,590.5,-0.8,94.4458,0.5791,2682900.0,42678075.0,2942775.0
2026-04-28,DMART,4544.3,4550.0,4571.2,5.7,90.9203,0.4659,331800.0,3292650.0,29850.0
2026-04-28,DRREDDY,1354.6,1349.8,1355.3,-4.8,85.5061,0.4075,2356250.0,13709375.0,191250.0
2026-04-28,EICHERMOT,7071.5,7087.0,7116.5,15.5,93.0476,0.4163,268800.0,3085300.0,512200.0
2026-04-28,ETERNAL,253.11,253.5,255.18,0.39,94.4804,0.6627,11659400.0,185956275.0,13621225.0
2026-04-28,EXIDEIND,356.25,355.65,357.75,-0.6,93.6365,0.5905,1886400.0,27138600.0,619200.0
2026-04-28,FEDERALBNK,290.6,291.2,292.55,0.6,90.1824,0.4636,8370000.0,71030000.0,5855000.0
2026-04-28,FORCEMOT,20766.0,20788.0,20530.0,22.0,97.2839,-1.2411,6300.0,221950.0,3700.0
2026-04-28,FORTIS,951.6,952.9,954.6,1.3,96.61,0.1784,330925.0,7560125.0,1870850.0
2026-04-28,GAIL,165.68,165.35,166.23,-0.33,89.5251,0.5322,8205750.0,64474200.0,5657400.0
2026-04-28,GLENMARK,2403.7,2405.1,2419.4,1.4,95.7797,0.5946,491625.0,11120250.0,37125.0
2026-04-28,GMRAIRPORT,97.86,97.79,98.27,-0.07,91.2477,0.4908,12422475.0,123492375.0,6019425.0
2026-04-28,GODFRYPHLP,2116.1,2118.7,2125.2,2.6,96.2693,0.3068,46475.0,1164075.0,35200.0
2026-04-28,GODREJCP,1092.0,1088.2,1093.35,-3.8,94.5051,0.4733,757500.0,12387500.0,640500.0
2026-04-28,GODREJPROP,1824.6,1821.8,1834.0,-2.8,92.9077,0.6697,534875.0,6237000.0,769725.0
2026-04-28,GRASIM,2783.0,2784.6,2800.1,1.6,98.0204,0.5566,289000.0,13552750.0,757250.0
2026-04-28,HAL,4341.4,4344.1,4365.9,2.7,92.7526,0.5018,553950.0,6237450.0,852000.0
2026-04-28,HAVELLS,1272.2,1272.4,1279.0,0.2,90.7589,0.5187,1049000.0,9889500.0,413000.0
2026-04-28,HCLTECH,1196.0,1199.5,1200.0,3.5,88.8386,0.0417,5703600.0,43735650.0,1661800.0
2026-04-28,HDFCAMC,2760.2,2765.3,2777.4,5.1,94.5678,0.4376,297300.0,5085000.0,90600.0
2026-04-28,HDFCBANK,782.55,780.6,785.25,-1.95,96.9706,0.5957,10270700.0,253438900.0,75320300.0
2026-04-28,HDFCLIFE,590.15,591.75,594.05,1.6,88.612,0.3887,5379000.0,38039100.0,3815900.0
2026-04-28,HEROMOTOCO,5068.0,5074.0,5092.5,6.0,93.0272,0.3646,320700.0,4012950.0,265650.0
2026-04-28,HINDALCO,1074.3,1071.0,1076.5,-3.3,88.1427,0.5135,4547200.0,30994600.0,2807700.0
2026-04-28,HINDPETRO,380.05,380.65,382.3,0.6,91.113,0.4335,3402000.0,33793200.0,1085400.0
2026-04-28,HINDUNILVR,2289.5,2292.5,2301.6,3.0,82.9284,0.3969,3033600.0,14300400.0,435900.0
2026-04-28,HINDZINC,616.1,615.25,608.2,-0.85,92.6277,-1.1459,2693775.0,33067650.0,777875.0
2026-04-28,HYUNDAI,1825.2,1830.9,1766.5,5.7,91.5999,-3.5174,715000.0,7561125.0,235675.0
2026-04-28,ICICIBANK,1292.0,1293.2,1299.1,1.2,95.7331,0.4562,5686800.0,103637100.0,23954000.0
2026-04-28,ICICIGI,1771.8,1772.7,1782.1,0.9,97.4592,0.5303,139750.0,5081375.0,279175.0
2026-04-28,ICICIPRULI,520.55,518.8,522.25,-1.75,88.2477,0.665,2737075.0,20392550.0,160025.0
2026-04-28,IDEA,9.95,9.95,10.01,0.0,98.1213,0.603,124009125.0,6351911775.0,124723875.0
2026-04-28,IDFCFIRSTB,68.71,68.7,69.16,-0.01,95.6488,0.6696,17724525.0,353015775.0,36608425.0
2026-04-28,IEX,125.94,126.08,124.91,0.14,91.4444,-0.928,6532500.0,66716250.0,3105000.0
2026-04-28,INDHOTEL,652.45,650.15,654.5,-2.3,94.9592,0.6691,1130000.0,19667000.0,1620000.0
2026-04-28,INDIANB,896.1,897.1,902.15,1.0,95.0794,0.5629,496000.0,9432000.0,152000.0
2026-04-28,INDIGO,4442.5,4450.5,4472.3,8.0,90.5493,0.4898,715650.0,6705000.0,151800.0
2026-04-28,INDUSINDBK,885.55,888.0,891.75,2.45,96.9855,0.4223,1123500.0,35256900.0,889700.0
2026-04-28,INDUSTOWER,413.95,414.25,416.3,0.3,93.9706,0.4949,4845000.0,72255100.0,3255500.0
2026-04-28,INFY,1152.1,1151.5,1155.0,-0.6,89.6067,0.304,9838800.0,80220000.0,4606000.0
2026-04-28,INOXWIND,103.07,103.0,103.58,-0.07,96.1015,0.5631,3768050.0,91055250.0,1830400.0
2026-04-28,IOC,145.39,145.23,146.09,-0.16,88.4336,0.5922,13333125.0,94302000.0,7639125.0
2026-04-28,IREDA,138.05,138.09,138.66,0.04,91.7975,0.4128,4074450.0,40454700.0,5143950.0
2026-04-28,IRFC,105.14,105.04,105.52,-0.1,90.3805,0.457,5491000.0,46928500.0,4662250.0
2026-04-28,ITC,304.45,303.5,305.5,-0.95,90.671,0.659,18427200.0,160076800.0,19022400.0
2026-04-28,JINDALSTEL,1265.5,1267.5,1274.1,2.0,95.0718,0.5207,626250.0,12041250.0,40000.0
2026-04-28,JIOFIN,250.81,250.35,251.89,-0.46,95.62,0.6151,9127400.0,181687900.0,17570950.0
2026-04-28,JSWENERGY,580.9,581.0,583.85,0.1,96.8329,0.4905,819000.0,24774000.0,267000.0
2026-04-28,JSWSTEEL,1281.6,1279.9,1288.3,-1.7,96.735,0.6563,1657800.0,48225375.0,892350.0
2026-04-28,JUBLFOOD,482.4,483.6,478.75,1.2,90.0285,-1.0029,4248750.0,37495000.0,865000.0
2026-04-28,KALYANKJIL,412.65,411.9,415.35,-0.75,94.8575,0.8376,1367700.0,24805425.0,423000.0
2026-04-28,KAYNES,4096.8,4091.3,4102.4,-5.5,90.075,0.2713,307100.0,2652300.0,134800.0
2026-04-28,KEI,4965.1,4970.3,4971.7,5.2,90.2138,0.0282,177800.0,1628375.0,10675.0
2026-04-28,KFINTECH,954.5,954.85,955.05,0.35,89.5009,0.0209,314500.0,2569500.0,111500.0
2026-04-28,KOTAKBANK,377.95,378.85,380.35,0.9,96.2531,0.3959,9120000.0,198588000.0,35696000.0
2026-04-28,KPITTECH,734.45,733.15,737.15,-1.3,86.7741,0.5456,893350.0,5667800.0,193375.0
2026-04-28,LAURUSLABS,1090.45,1088.05,1094.4,-2.4,96.4479,0.5836,669800.0,18018300.0,168300.0
2026-04-28,LICHSGFIN,550.0,550.4,553.35,0.4,97.0342,0.536,898000.0,29045000.0,335000.0
2026-04-28,LICI,817.7,821.1,811.0,3.4,87.0023,-1.2301,1391600.0,8650600.0,664300.0
2026-04-28,LODHA,882.9,882.3,887.0,-0.6,89.3507,0.5327,1839150.0,14191200.0,1239750.0
2026-04-28,LT,4037.7,4051.4,4056.6,13.7,87.9715,0.1284,1952650.0,13707050.0,573825.0
2026-04-28,LTF,285.78,286.07,286.21,0.29,88.7579,0.0489,5512500.0,42927750.0,594000.0
2026-04-28,LTM,4380.6,4380.1,4299.1,-0.5,93.4862,-1.8493,231000.0,3245700.0,69600.0
2026-04-28,LUPIN,2302.7,2295.2,2307.6,-7.5,94.2042,0.5403,423300.0,6516525.0,363800.0
2026-04-28,M&M,3088.1,3080.8,3098.8,-7.3,97.5278,0.5843,505600.0,17301200.0,2644600.0
2026-04-28,MANAPPURAM,292.75,293.2,294.6,0.45,91.7214,0.4775,4503000.0,49629000.0,261000.0
2026-04-28,MANKIND,2264.4,2261.7,2273.0,-2.7,96.9713,0.4996,103950.0,3306375.0,21825.0
2026-04-28,MARICO,780.85,779.25,784.0,-1.6,98.3417,0.6096,374400.0,20965200.0,1237200.0
2026-04-28,MARUTI,12892.0,12898.0,12923.0,6.0,91.1191,0.1938,306600.0,2585250.0,560500.0
2026-04-28,MAXHEALTH,1004.75,1004.85,1010.8,0.1,96.141,0.5921,526575.0,12096525.0,1022175.0
2026-04-28,MAZDOCK,2683.3,2680.8,2697.2,-2.5,89.2481,0.6118,485600.0,3943800.0,87000.0
2026-04-28,MCX,2898.0,2899.5,2913.9,1.5,91.2,0.4966,1249375.0,12598750.0,349375.0
2026-04-28,MFSL,1610.8,1613.2,1620.0,2.4,99.2476,0.4215,69200.0,9105200.0,22800.0
2026-04-28,MOTHERSON,125.22,125.21,126.01,-0.01,94.7531,0.6389,7097100.0,118867200.0,9298800.0
2026-04-28,MOTILALOFS,782.7,782.2,786.85,-0.5,92.0639,0.5945,223200.0,2566800.0,22475.0
2026-04-28,MPHASIS,2270.3,2267.5,2280.5,-2.8,96.9513,0.5733,149325.0,4729175.0,19525.0
2026-04-28,MUTHOOTFIN,3496.0,3500.3,3520.3,4.3,91.7671,0.5714,325050.0,3577750.0,45375.0
2026-04-28,NAM-INDIA,1023.25,1025.95,1023.8,2.7,91.8717,-0.2096,320000.0,3585000.0,31875.0
2026-04-28,NATIONALUM,441.5,442.35,441.45,0.85,90.5279,-0.2035,5362500.0,50512500.0,738750.0
2026-04-28,NAUKRI,1004.6,1006.65,1012.3,2.05,94.7076,0.5613,560625.0,9942000.0,90375.0
2026-04-28,NBCC,94.63,94.53,95.13,-0.1,96.6661,0.6347,2515500.0,71623500.0,1313000.0
2026-04-28,NESTLEIND,1440.0,1435.2,1444.0,-4.8,90.9166,0.6132,1492500.0,13938000.0,1000500.0
2026-04-28,NHPC,85.38,85.24,85.7,-0.14,94.5559,0.5397,4812800.0,81753600.0,1836800.0
2026-04-28,NMDC,90.9,90.79,91.39,-0.11,97.3058,0.6609,8876250.0,312808500.0,7769250.0
2026-04-28,NTPC,406.85,405.95,408.65,-0.9,72.7112,0.6651,41733000.0,102238500.0,8959500.0
2026-04-28,NUVAMA,1378.3,1383.1,1382.8,4.8,78.0737,-0.0217,387000.0,1354000.0,24000.0
2026-04-28,NYKAA,270.12,270.62,271.78,0.5,97.721,0.4286,1053125.0,45043750.0,112500.0
2026-04-28,OBEROIRLTY,1710.3,1712.8,1709.0,2.5,86.966,-0.2219,1044400.0,6938050.0,30450.0
2026-04-28,OFSS,9570.0,9608.0,9408.0,38.0,85.1472,-2.0816,217200.0,1230825.0,14325.0
2026-04-28,OIL,497.2,498.55,500.6,1.35,84.7405,0.4112,3416000.0,18632600.0,337400.0
2026-04-28,ONGC,301.3,300.5,302.15,-0.8,85.2428,0.5491,17302500.0,82503000.0,17442000.0
2026-04-28,PAGEIND,37505.0,37615.0,37730.0,110.0,91.3321,0.3057,29340.0,306225.0,2925.0
2026-04-28,PATANJALI,464.0,463.1,465.9,-0.9,96.9077,0.6046,1082700.0,33786900.0,143100.0
2026-04-28,PAYTM,1129.15,1129.5,1134.85,0.35,93.417,0.4737,999775.0,13935950.0,251575.0
2026-04-28,PERSISTENT,4803.5,4811.0,4824.9,7.5,83.4918,0.2889,857800.0,4240300.0,98100.0
2026-04-28,PETRONET,277.72,277.68,279.04,-0.04,87.7085,0.4898,4563800.0,32263900.0,302100.0
2026-04-28,PFC,481.4,480.75,479.25,-0.65,93.4095,-0.312,3961100.0,55403400.0,738400.0
2026-04-28,PGEL,563.1,563.45,565.25,0.35,79.6478,0.3195,2821500.0,10458550.0,583300.0
2026-04-28,PHOENIXLTD,1761.9,1759.3,1770.7,-2.6,97.7709,0.648,90300.0,3605700.0,354900.0
2026-04-28,PIDILITIND,1392.6,1392.1,1397.6,-0.5,91.1724,0.3951,678000.0,6954500.0,48000.0
2026-04-28,PIIND,3097.7,3084.5,3097.3,-13.2,90.6804,0.415,279475.0,2673125.0,46200.0
2026-04-28,PNB,111.39,111.21,111.87,-0.18,96.1117,0.5935,10616000.0,246248000.0,16160000.0
2026-04-28,PNBHOUSING,1043.55,1045.45,1050.1,1.9,90.5491,0.4448,1070550.0,10212150.0,44850.0
2026-04-28,POLICYBZR,1667.4,1664.9,1674.6,-2.5,92.8976,0.5826,654150.0,8397200.0,158900.0
2026-04-28,POLYCAB,8254.5,8278.0,8281.0,23.5,87.0481,0.0362,256625.0,1705625.0,19125.0
2026-04-28,POWERGRID,319.0,317.95,320.05,-1.05,90.5933,0.6605,8350500.0,68954800.0,11466500.0
2026-04-28,POWERINDIA,32805.0,32865.0,32965.0,60.0,91.5763,0.3043,35350.0,375200.0,9100.0
2026-04-28,PREMIERENE,1037.3,1038.95,1029.0,1.65,92.549,-0.9577,811325.0,10054450.0,23000.0
2026-04-28,PRESTIGE,1402.6,1400.9,1408.6,-1.7,96.3336,0.5496,224550.0,5657400.0,242550.0
2026-04-28,RBLBANK,320.75,321.4,323.25,0.65,87.3474,0.5756,8655050.0,59512200.0,238125.0
2026-04-28,RECLTD,375.8,377.0,377.2,1.2,93.8337,0.0531,4362400.0,63273000.0,3110800.0
2026-04-28,RELIANCE,1388.9,1384.5,1394.1,-4.4,86.1322,0.6934,16793500.0,86556000.0,17748000.0
2026-04-28,RVNL,308.62,309.45,305.44,0.83,94.6722,-1.2958,2665700.0,44783150.0,2584875.0
2026-04-28,SAIL,185.63,185.32,187.02,-0.31,98.0433,0.9173,3478000.0,173970500.0,300800.0
2026-04-28,SAMMAANCAP,143.36,143.78,144.41,0.42,97.5504,0.4382,2614400.0,100465200.0,3646400.0
2026-04-28,SBICARD,647.45,645.3,647.95,-2.15,88.0832,0.4107,3404000.0,23016800.0,2144000.0
2026-04-28,SBILIFE,1808.3,1806.8,1814.8,-1.5,81.084,0.4428,2537625.0,9654000.0,1223625.0
2026-04-28,SBIN,1091.3,1092.45,1086.85,1.15,88.6571,-0.5126,10748250.0,65037000.0,18972000.0
2026-04-28,SHREECEM,24890.0,24960.0,24620.0,70.0,90.9135,-1.3622,37175.0,368950.0,3000.0
2026-04-28,SHRIRAMFIN,953.25,953.65,958.55,0.4,97.6892,0.5138,1017225.0,37615050.0,5387250.0
2026-04-28,SIEMENS,3827.3,3837.0,3839.8,9.7,90.5473,0.073,313425.0,2972725.0,29575.0
2026-04-28,SOLARINDS,15303.0,15288.0,15384.0,-15.0,95.4403,0.6279,37150.0,726600.0,51000.0
2026-04-28,SONACOMS,598.85,599.2,602.8,0.35,94.2462,0.6008,906500.0,14715925.0,132300.0
2026-04-28,SRF,2532.8,2529.9,2546.4,-2.9,89.8624,0.6522,383200.0,3349400.0,47400.0
2026-04-28,SUNPHARMA,1747.3,1751.8,1758.9,4.5,91.5663,0.4053,2613800.0,24976000.0,3402350.0
2026-04-28,SUPREMEIND,3631.9,3634.6,3654.4,2.7,97.5434,0.5448,56700.0,2216200.0,35175.0
2026-04-28,SUZLON,57.32,57.48,57.69,0.16,87.7107,0.3653,39078250.0,255488725.0,23419875.0
2026-04-28,SWIGGY,282.3,282.55,284.65,0.25,96.1535,0.7432,1622400.0,39890500.0,665600.0
2026-04-28,TATACONSUM,1147.7,1149.2,1153.0,1.5,75.4916,0.3307,2851750.0,7916700.0,867350.0
2026-04-28,TATAELXSI,4131.5,4133.1,4137.6,1.6,94.5288,0.1089,138800.0,2243200.0,154900.0
2026-04-28,TATAPOWER,461.8,463.35,464.35,1.55,82.9138,0.2158,10374750.0,49434850.0,910600.0
2026-04-28,TATASTEEL,215.05,215.43,216.39,0.38,90.9628,0.4456,18507500.0,174086000.0,12199000.0
2026-04-28,TCS,2444.7,2442.7,2412.5,-2.0,89.7754,-1.2363,4121075.0,34037325.0,2146900.0
2026-04-28,TECHM,1408.1,1408.0,1411.8,-0.1,92.8303,0.2699,1395600.0,17738400.0,331200.0
2026-04-28,TIINDIA,3001.1,2997.7,3013.2,-3.4,97.2802,0.5171,67200.0,2388200.0,15400.0
2026-04-28,TITAN,4417.1,4406.3,4435.5,-10.8,92.4694,0.6627,718200.0,8056475.0,762475.0
2026-04-28,TMPV,350.8,350.25,352.7,-0.55,93.9571,0.6995,3956000.0,58505600.0,3003200.0
2026-04-28,TORNTPHARM,4182.9,4196.8,4207.6,13.9,96.1374,0.2573,108500.0,2694750.0,5750.0
2026-04-28,TRENT,4253.9,4251.4,4266.5,-2.5,86.5428,0.3552,1106100.0,6882500.0,230800.0
2026-04-28,TVSMOTOR,3495.9,3493.4,3515.4,-2.5,96.8032,0.6298,279125.0,8078875.0,373275.0
2026-04-28,ULTRACEMCO,11817.0,11790.0,11841.0,-27.0,91.0667,0.4326,297750.0,2608250.0,427050.0
2026-04-28,UNIONBANK,170.49,171.03,171.66,0.54,94.9426,0.3684,6978225.0,127665675.0,3336450.0
2026-04-28,UNITDSPR,1374.4,1370.7,1380.2,-3.7,93.9934,0.6931,681600.0,10099600.0,566400.0
2026-04-28,UNOMINDA,1129.7,1126.0,1132.8,-3.7,96.8762,0.6039,138600.0,4274050.0,24200.0
2026-04-28,UPL,645.5,645.75,649.3,0.25,89.5383,0.5497,3288585.0,27917065.0,228995.0
2026-04-28,VBL,518.55,518.95,521.05,0.4,95.1661,0.4047,2497500.0,48224250.0,945000.0
2026-04-28,VEDL,739.3,738.95,739.5,-0.35,57.0324,0.0744,11632250.0,14941950.0,497950.0
2026-04-28,VMM,125.99,126.04,126.74,0.05,95.553,0.5554,1304650.0,27916600.0,116400.0
2026-04-28,VOLTAS,1511.1,1513.2,1494.9,2.1,90.1196,-1.2094,1066125.0,9567000.0,157125.0
2026-04-28,WAAREEENER,3453.7,3447.2,3466.7,-6.5,95.4963,0.5657,248150.0,5183675.0,78050.0
2026-04-28,WIPRO,201.58,202.06,192.14,0.48,92.5222,-4.9094,23721000.0,270255000.0,23241000.0
2026-04-28,YESBANK,19.97,19.94,20.05,-0.03,96.2118,0.5517,48640400.0,1181831100.0,53523100.0
2026-04-28,ZYDUSLIFE,911.3,911.8,917.2,0.5,96.7463,0.5922,322200.0,9376200.0,204300.0
2026-05-26,360ONE,1125.3,1125.1,1134.0,-0.2,96.8661,0.791,154000.0,4749500.0,10500.0
2026-05-26,ABB,6804.0,6805.5,6784.5,1.5,87.943,-0.3086,341875.0,2454375.0,39250.0
2026-05-26,ABCAPITAL,363.05,362.1,364.8,-0.95,98.3499,0.7457,939300.0,54364700.0,1618200.0
2026-05-26,ADANIENSOL,1463.3,1455.5,1469.3,-7.8,90.4999,0.9481,2085750.0,19793700.0,75600.0
2026-05-26,ADANIENT,2969.3,2963.6,2986.0,-5.7,91.6665,0.7558,1815066.0,19477506.0,487911.0
2026-05-26,ADANIGREEN,1457.4,1455.0,1468.4,-2.4,93.3409,0.921,1516800.0,20995200.0,265800.0
2026-05-26,ADANIPORTS,1811.2,1814.9,1816.6,3.7,87.1407,0.0937,3183450.0,20352800.0,1219800.0
2026-05-26,ADANIPOWER,244.53,244.31,246.49,-0.22,97.1901,0.8923,2921650.0,93531850.0,7522450.0
2026-05-26,ALKEM,5380.0,5380.5,5420.5,0.5,98.0488,0.7434,24500.0,1226250.0,4875.0
2026-05-26,AMBER,7312.0,7321.5,7377.0,9.5,90.8383,0.758,275300.0,2714900.0,14700.0
2026-05-26,AMBUJACEM,449.7,448.75,451.25,-0.95,93.4466,0.5571,5070450.0,67537050.0,4764000.0
2026-05-26,ANGELONE,344.45,344.6,346.2,0.15,77.0146,0.4643,6325000.0,20692500.0,500000.0
2026-05-26,APLAPOLLO,1874.2,1869.5,1884.0,-4.7,95.4678,0.7756,261450.0,5455800.0,51450.0
2026-05-26,APOLLOHOSP,8258.5,8268.5,8315.0,10.0,85.8815,0.5624,304500.0,1636500.0,215750.0
2026-05-26,ASHOKLEY,160.54,160.74,160.74,0.2,91.1655,0.0,16820000.0,167700000.0,5870000.0
2026-05-26,ASIANPAINT,2647.0,2650.2,2646.4,3.2,81.6261,-0.1434,2528750.0,11044750.0,189250.0
2026-05-26,ASTRAL,1578.5,1583.2,1565.7,4.7,85.9829,-1.1054,1181925.0,7028650.0,221425.0
2026-05-26,AUBANK,1011.8,1010.7,1021.0,-1.1,95.809,1.0191,1105000.0,24535000.0,726000.0
2026-05-26,AUROPHARMA,1461.2,1464.4,1474.2,3.2,91.4999,0.6692,1676950.0,17996550.0,55000.0
2026-05-26,AXISBANK,1299.3,1295.8,1307.0,-3.5,90.8548,0.8643,6693125.0,57995000.0,8499375.0
2026-05-26,BAJAJ-AUTO,10593.0,10573.0,10292.0,-20.0,83.6853,-2.6577,469950.0,2384400.0,26175.0
2026-05-26,BAJAJFINSV,1800.7,1798.3,1810.6,-2.4,87.2366,0.684,1613750.0,9247500.0,1782300.0
2026-05-26,BAJAJHLDNG,10705.0,10686.0,10629.0,-19.0,86.5066,-0.5334,42700.0,272400.0,1350.0
2026-05-26,BAJFINANCE,930.2,928.55,928.1,-1.65,98.3993,-0.0485,1193250.0,72051000.0,1302000.0
2026-05-26,BANDHANBNK,200.4,200.59,202.22,0.19,96.8084,0.8126,3412800.0,102229200.0,1288800.0
2026-05-26,BANKBARODA,270.55,271.05,272.85,0.5,89.2393,0.6641,14332500.0,116216100.0,2644200.0
2026-05-26,BANKINDIA,144.99,145.15,145.86,0.16,86.9861,0.4891,9365200.0,61609600.0,988000.0
2026-05-26,BDL,1329.9,1327.7,1324.6,-2.2,89.072,-0.2335,406700.0,3183600.0,131325.0
2026-05-26,BEL,420.1,420.35,423.25,0.25,93.1732,0.6899,7938675.0,104824425.0,3524025.0
2026-05-26,BHARATFORG,1930.6,1931.2,1947.6,0.6,92.8736,0.8492,526000.0,6805000.0,50000.0
2026-05-26,BHARTIARTL,1846.9,1846.0,1861.7,-0.9,92.6337,0.8505,4581850.0,56990975.0,627475.0
2026-05-26,BHEL,417.75,416.7,420.35,-1.05,91.6617,0.8759,11082750.0,120760500.0,1071000.0
2026-05-26,BIOCON,436.15,436.65,439.85,0.5,93.5078,0.7329,2785000.0,39612500.0,500000.0
2026-05-26,BLUESTARCO,1640.9,1646.1,1651.0,5.2,85.4937,0.2977,488475.0,2847000.0,31850.0
2026-05-26,BOSCHLTD,35835.0,35805.0,36060.0,-30.0,95.7675,0.7122,15325.0,341950.0,4800.0
2026-05-26,BPCL,304.6,304.8,306.3,0.2,86.5766,0.4921,7672875.0,47005000.0,2482575.0
2026-05-26,BRITANNIA,5338.0,5331.5,5363.5,-6.5,84.9413,0.6002,439000.0,2444000.0,32250.0
2026-05-26,BSE,4403.3,4412.3,4421.4,9.0,87.5765,0.2062,1080000.0,7413000.0,200200.0
2026-05-26,CAMS,773.15,774.15,775.05,1.0,79.8007,0.1163,1446000.0,5556750.0,155925.0
2026-05-26,CANBK,133.15,133.33,134.26,0.18,95.2989,0.6975,12048750.0,235419750.0,8829000.0
2026-05-26,CDSL,1226.3,1222.1,1233.3,-4.2,92.9291,0.9165,900600.0,10806250.0,1029800.0
2026-05-26,CGPOWER,879.15,879.1,884.3,-0.05,95.3001,0.5915,981750.0,17566950.0,2340050.0
2026-05-26,CHOLAFIN,1567.3,1567.5,1579.8,0.2,93.6888,0.7847,1176875.0,15140625.0,2330000.0
2026-05-26,CIPLA,1417.5,1419.6,1417.0,2.1,88.9458,-0.1832,1837125.0,13122000.0,1660050.0
2026-05-26,COALINDIA,458.15,458.75,456.55,0.6,93.0638,-0.4796,4252500.0,56485350.0,571050.0
2026-05-26,COCHINSHIP,1526.2,1528.9,1535.0,2.7,94.5801,0.399,182000.0,3017600.0,158400.0
2026-05-26,COFORGE,1422.8,1427.2,1424.1,4.4,81.6315,-0.2172,3424500.0,15018375.0,200450.0
2026-05-26,COLPAL,2077.1,2077.6,2072.2,0.5,96.4041,-0.2599,181125.0,4768425.0,87450.0
2026-05-26,CONCOR,475.9,477.05,479.0,1.15,85.1376,0.4088,4266250.0,23803750.0,635000.0
2026-05-26,CROMPTON,289.05,288.45,290.55,-0.6,97.1387,0.728,1585800.0,52972200.0,864300.0
2026-05-26,CUMMINSIND,5418.5,5427.0,5462.0,8.5,91.7943,0.6449,300000.0,3345600.0,10400.0
2026-05-26,DABUR,447.6,446.95,450.55,-0.65,96.5831,0.8055,797500.0,20415000.0,2127500.0
2026-05-26,DALBHARAT,1785.6,1788.0,1794.3,2.4,83.3846,0.3523,702325.0,3499275.0,25350.0
2026-05-26,DELHIVERY,463.5,461.9,467.25,-1.6,96.1665,1.1583,1162000.0,28946250.0,203350.0
2026-05-26,DIVISLAB,6753.0,6771.5,6800.5,18.5,89.6916,0.4283,253700.0,2193900.0,13500.0
2026-05-26,DIXON,11673.0,11651.0,11632.0,-22.0,93.4634,-0.1631,183100.0,2532000.0,86050.0
2026-05-26,DLF,589.8,588.95,593.05,-0.85,96.6522,0.6962,1426425.0,40616400.0,565250.0
2026-05-26,DMART,4103.6,4115.1,4136.2,11.5,88.0532,0.5127,495600.0,3625350.0,27450.0
2026-05-26,DRREDDY,1327.9,1332.6,1326.5,4.7,76.7803,-0.4578,5315000.0,17446875.0,128125.0
2026-05-26,EICHERMOT,7376.0,7374.5,7412.0,-1.5,94.2164,0.5085,193900.0,3130900.0,27800.0
2026-05-26,ETERNAL,250.17,250.41,252.4,0.24,96.4759,0.7947,7146475.0,189368250.0,6273475.0
2026-05-26,EXIDEIND,366.25,366.1,368.15,-0.15,92.0252,0.56,1872000.0,20795400.0,806400.0
2026-05-26,FEDERALBNK,290.2,289.9,291.55,-0.3,91.4412,0.5692,7522500.0,79055000.0,1315000.0
2026-05-26,FORCEMOT,19833.0,19773.0,19900.0,-60.0,96.0946,0.6423,8625.0,205225.0,7000.0
2026-05-26,FORTIS,966.6,966.75,974.2,0.15,97.9909,0.7706,189100.0,9186850.0,36425.0
2026-05-26,GAIL,167.63,167.43,168.94,-0.2,91.0801,0.9019,7575750.0,75726000.0,1629450.0
2026-05-26,GLENMARK,2351.4,2356.0,2372.2,4.6,98.2741,0.6876,198375.0,11269500.0,26250.0
2026-05-26,GMRAIRPORT,96.23,96.2,96.88,-0.03,89.166,0.7069,14605650.0,117738000.0,2469150.0
2026-05-26,GODFRYPHLP,2298.4,2295.5,2310.9,-2.9,96.9144,0.6709,81400.0,2516250.0,40425.0
2026-05-26,GODREJCP,1031.8,1031.7,1037.2,-0.1,91.7495,0.5331,1083500.0,10951000.0,1098000.0
2026-05-26,GODREJPROP,1760.2,1760.9,1771.7,0.7,96.6203,0.6133,278575.0,7763250.0,200850.0
2026-05-26,GRASIM,3165.0,3161.1,3187.3,-3.9,96.9651,0.8288,479250.0,14561500.0,750750.0
2026-05-26,HAL,4427.7,4424.5,4460.4,-3.2,90.7542,0.8114,678150.0,6398100.0,258450.0
2026-05-26,HAVELLS,1201.0,1202.9,1211.0,1.9,84.1889,0.6734,1812500.0,9474500.0,176500.0
2026-05-26,HCLTECH,1161.9,1161.9,1161.3,0.0,93.4235,-0.0516,2802450.0,38795400.0,1015200.0
2026-05-26,HDFCAMC,2739.8,2739.6,2755.1,-0.2,90.7802,0.5658,678900.0,6666600.0,18000.0
2026-05-26,HDFCBANK,778.9,780.0,771.85,1.1,98.1223,-1.0449,6763350.0,320835900.0,32598150.0
2026-05-26,HDFCLIFE,618.85,616.9,620.25,-1.95,91.942,0.543,4588100.0,49286600.0,3063500.0
2026-05-26,HEROMOTOCO,4983.0,4975.5,5014.0,-7.5,89.9093,0.7738,450750.0,3823650.0,192600.0
2026-05-26,HINDALCO,1103.8,1106.4,1114.0,2.6,93.7667,0.6869,2204300.0,31025400.0,2133600.0
2026-05-26,HINDPETRO,398.0,397.65,400.55,-0.35,88.5114,0.7293,4128975.0,29291625.0,2519100.0
2026-05-26,HINDUNILVR,2209.4,2202.8,2195.1,-6.6,91.1585,-0.3496,1516200.0,15362100.0,270300.0
2026-05-26,HINDZINC,647.4,646.55,650.7,-0.85,91.6068,0.6419,3020850.0,32493125.0,477750.0
2026-05-26,HYUNDAI,1884.0,1883.1,1897.4,-0.9,95.899,0.7594,463925.0,10760200.0,88275.0
2026-05-26,ICICIBANK,1279.1,1279.4,1290.2,0.3,90.8214,0.8441,15957200.0,152499200.0,5395600.0
2026-05-26,ICICIGI,1860.3,1864.9,1866.6,4.6,97.1572,0.0912,136175.0,4385225.0,268775.0
2026-05-26,ICICIPRULI,522.7,522.4,524.1,-0.3,86.9598,0.3254,2408700.0,15659325.0,403300.0
2026-05-26,IDEA,14.14,14.11,14.22,-0.03,95.869,0.7796,239584200.0,5439819300.0,120220950.0
2026-05-26,IDFCFIRSTB,70.22,70.1,70.65,-0.12,95.9396,0.7846,17492650.0,397099850.0,16221975.0
2026-05-26,IEX,127.47,127.35,128.47,-0.12,94.2384,0.8795,4181250.0,67080000.0,1309350.0
2026-05-26,INDHOTEL,657.15,657.15,659.3,0.0,97.0297,0.3272,760000.0,21077000.0,3750000.0
2026-05-26,INDIANB,833.55,835.3,838.05,1.75,89.1933,0.3292,1357000.0,11108000.0,92000.0
2026-05-26,INDIGO,4480.8,4471.5,4507.3,-9.3,83.5466,0.8006,1473450.0,7402050.0,79800.0
2026-05-26,INDUSINDBK,932.3,930.95,937.35,-1.35,95.3212,0.6875,1821400.0,32120900.0,4986800.0
2026-05-26,INDUSTOWER,433.25,434.15,437.05,0.9,94.2394,0.668,5596400.0,89051100.0,2502400.0
2026-05-26,INFY,1167.7,1165.9,1166.0,-1.8,94.0155,0.0086,5922800.0,90862800.0,2184000.0
2026-05-26,INOXWIND,96.22,96.15,96.95,-0.07,95.4011,0.832,3936075.0,79264900.0,2387200.0
2026-05-26,IOC,142.38,142.17,143.44,-0.21,90.9969,0.8933,10091250.0,98640750.0,3354000.0
2026-05-26,IREDA,129.54,129.42,127.33,-0.12,94.8809,-1.6149,2528850.0,43997850.0,2873375.0
2026-05-26,IRFC,99.28,99.28,98.64,0.0,92.8501,-0.6446,4313750.0,51369750.0,4649225.0
2026-05-26,ITC,301.65,300.85,303.15,-0.8,94.0693,0.7645,10553600.0,159216000.0,8179950.0
2026-05-26,JINDALSTEL,1222.9,1223.8,1232.0,0.9,97.2523,0.67,343750.0,12103125.0,63750.0
2026-05-26,JIOFIN,240.67,240.26,242.09,-0.41,94.2168,0.7617,10610250.0,167035650.0,5820950.0
2026-05-26,JSWENERGY,576.0,576.0,578.5,0.0,89.0536,0.434,2708000.0,21890000.0,140825.0
2026-05-26,JSWSTEEL,1293.6,1293.1,1301.2,-0.5,90.8871,0.6264,4427325.0,42201675.0,1954125.0
2026-05-26,JUBLFOOD,430.05,431.15,430.55,1.1,91.3238,-0.1392,3147500.0,31842500.0,1287500.0
2026-05-26,KALYANKJIL,355.45,355.45,358.2,0.0,95.7907,0.7737,1526325.0,33570925.0,1163700.0
2026-05-26,KAYNES,3299.0,3306.8,3212.1,7.8,92.0868,-2.8638,349800.0,3793000.0,277650.0
2026-05-26,KEI,5305.5,5306.9,5338.2,1.4,83.8971,0.5898,267400.0,1384600.0,8575.0
2026-05-26,KFINTECH,837.05,835.55,841.55,-1.5,91.0933,0.7181,471000.0,4613000.0,204125.0
2026-05-26,KOTAKBANK,388.65,388.45,390.9,-0.2,93.9545,0.6307,11930000.0,174550000.0,10856000.0
2026-05-26,KPITTECH,784.8,785.65,764.85,0.85,87.5095,-2.6475,1160675.0,7822550.0,309225.0
2026-05-26,LAURUSLABS,1373.9,1375.6,1381.0,1.7,94.1649,0.3926,1123700.0,17800700.0,333200.0
2026-05-26,LICHSGFIN,544.15,544.7,548.45,0.55,96.9865,0.6885,906000.0,28939000.0,220000.0
2026-05-26,LICI,854.9,853.1,861.25,-1.8,90.0116,0.9553,1148000.0,9851100.0,494200.0
2026-05-26,LODHA,903.7,905.4,908.85,1.7,98.0145,0.381,250650.0,12299400.0,73750.0
2026-05-26,LT,4037.8,4027.2,4057.7,-10.6,94.2961,0.7574,882000.0,13706175.0,874825.0
2026-05-26,LTF,282.7,282.3,283.65,-0.4,90.8804,0.4782,4092750.0,40302000.0,483750.0
2026-05-26,LTM,3970.3,3973.5,3972.6,3.2,91.1187,-0.0227,368100.0,3684750.0,91800.0
2026-05-26,LUPIN,2265.9,2260.2,2279.3,-5.7,76.0697,0.8451,2181950.0,6687800.0,248200.0
2026-05-26,M&M,3107.3,3102.4,3127.8,-4.9,96.7635,0.8187,615600.0,15988400.0,2416400.0
2026-05-26,MANAPPURAM,330.25,330.9,332.65,0.65,87.8026,0.5289,6606000.0,47358000.0,195000.0
2026-05-26,MANKIND,2423.5,2424.9,2440.6,1.4,93.4048,0.6474,256500.0,3616425.0,16250.0
2026-05-26,MARICO,830.0,830.35,834.35,0.35,96.4721,0.4817,645600.0,17550000.0,104400.0
2026-05-26,MARUTI,13208.0,13176.0,13279.0,-32.0,94.459,0.7817,182600.0,2848450.0,264400.0
2026-05-26,MAXHEALTH,993.95,996.9,1000.0,2.95,91.7195,0.311,1240575.0,13585950.0,155400.0
2026-05-26,MAZDOCK,2460.1,2456.2,2473.5,-3.9,90.5033,0.7043,442400.0,4062600.0,153450.0
2026-05-26,MCX,3307.3,3303.6,3321.6,-3.7,92.3766,0.5449,865000.0,10271250.0,210375.0
2026-05-26,MFSL,1725.6,1729.3,1739.0,3.7,96.3382,0.5609,369200.0,9706800.0,6400.0
2026-05-26,MOTHERSON,135.82,136.15,136.74,0.33,89.3733,0.4333,18271650.0,146603700.0,7066350.0
2026-05-26,MOTILALOFS,870.55,869.3,874.6,-1.25,94.6231,0.6097,229400.0,3976525.0,60450.0
2026-05-26,MPHASIS,2265.3,2269.0,2287.4,3.7,85.6542,0.8109,712525.0,4220700.0,33550.0
2026-05-26,MUTHOOTFIN,3331.5,3338.8,3336.8,7.3,83.0207,-0.0599,759275.0,3676750.0,35750.0
2026-05-26,NAM-INDIA,1095.7,1097.0,1091.2,1.3,92.8658,-0.5287,256875.0,3325000.0,18750.0
2026-05-26,NATIONALUM,416.2,416.05,418.45,-0.15,93.1114,0.5769,3073125.0,40991250.0,547500.0
2026-05-26,NAUKRI,980.7,982.0,988.75,1.3,98.5337,0.6874,228000.0,14865750.0,455400.0
2026-05-26,NBCC,95.55,95.79,96.5,0.24,98.041,0.7412,1917500.0,94666000.0,1300000.0
2026-05-26,NESTLEIND,1428.6,1428.0,1437.0,-0.6,93.9697,0.6303,863000.0,13225500.0,222500.0
2026-05-26,NHPC,78.44,78.2,78.32,-0.24,96.0423,0.1535,4979200.0,117516800.0,3315150.0
2026-05-26,NMDC,90.67,90.77,91.36,0.1,97.5457,0.65,8862750.0,345667500.0,6588000.0
2026-05-26,NTPC,389.65,389.9,392.65,0.25,90.7463,0.7053,13204500.0,120982500.0,8508000.0
2026-05-26,NUVAMA,1513.5,1516.6,1523.8,3.1,78.5037,0.4747,431000.0,1557000.0,17000.0
2026-05-26,NYKAA,266.35,266.45,268.15,0.1,97.0466,0.638,1553125.0,50696875.0,337500.0
2026-05-26,OBEROIRLTY,1693.7,1698.1,1685.7,4.4,85.0407,-0.7302,1094800.0,6196050.0,27650.0
2026-05-26,OFSS,9882.0,9885.5,9783.0,3.5,93.7145,-1.0369,70875.0,1049025.0,7700.0
2026-05-26,OIL,492.1,492.85,496.35,0.75,88.2859,0.7102,2039800.0,15258600.0,114800.0
2026-05-26,ONGC,287.5,288.4,289.85,0.9,92.4519,0.5028,7708500.0,88758000.0,5658750.0
2026-05-26,PAGEIND,38305.0,38315.0,38375.0,10.0,93.923,0.1566,18045.0,277275.0,1620.0
2026-05-26,PATANJALI,465.75,464.3,467.35,-1.45,98.4144,0.6569,521100.0,32249700.0,94600.0
2026-05-26,PAYTM,1131.6,1132.4,1141.3,0.8,85.4088,0.7859,2929000.0,15902150.0,1242650.0
2026-05-26,PERSISTENT,5105.8,5115.2,5111.8,9.4,85.781,-0.0665,562100.0,3353700.0,37375.0
2026-05-26,PETRONET,280.2,280.6,281.85,0.4,85.6705,0.4455,4535300.0,26734900.0,380000.0
2026-05-26,PFC,433.7,433.3,434.5,-0.4,91.0673,0.2769,5652400.0,53102400.0,4522700.0
2026-05-26,PGEL,466.95,467.0,468.3,0.05,90.0718,0.2784,1444000.0,12683450.0,417050.0
2026-05-26,PHOENIXLTD,1785.3,1787.0,1796.1,1.7,83.9789,0.5092,670250.0,3356500.0,156800.0
2026-05-26,PIDILITIND,1478.5,1474.9,1485.6,-3.6,96.1494,0.7255,268500.0,6612000.0,92500.0
2026-05-26,PIIND,2838.0,2844.9,2807.2,6.9,93.4731,-1.3252,256550.0,3587850.0,86275.0
2026-05-26,PNB,105.91,106.0,106.79,0.09,95.9918,0.7453,13128000.0,291712000.0,22688000.0
2026-05-26,PNBHOUSING,1092.6,1094.6,1100.7,2.0,89.9587,0.5573,1295450.0,11584300.0,21450.0
2026-05-26,POLICYBZR,1789.0,1783.9,1797.9,-5.1,82.1871,0.7848,1585500.0,7285600.0,29750.0
2026-05-26,POLYCAB,9613.5,9604.5,9617.5,-9.0,84.9285,0.1354,331875.0,1777125.0,93000.0
2026-05-26,POWERGRID,292.55,292.65,294.7,0.1,96.8199,0.7005,2819600.0,75490800.0,10353100.0
2026-05-26,POWERINDIA,35995.0,36070.0,36250.0,75.0,94.9398,0.499,23525.0,433925.0,7450.0
2026-05-26,PREMIERENE,1016.8,1016.3,1024.8,-0.5,88.1498,0.8364,1654275.0,12250375.0,55250.0
2026-05-26,PRESTIGE,1402.2,1404.6,1414.2,2.4,94.7522,0.6835,291600.0,4937850.0,327150.0
2026-05-26,RBLBANK,344.25,344.8,347.15,0.55,91.9448,0.6816,5892800.0,65687575.0,1574800.0
2026-05-26,RECLTD,337.6,338.0,340.1,0.4,91.2137,0.6213,6235600.0,62847400.0,1886850.0
2026-05-26,RELIANCE,1356.3,1354.5,1363.9,-1.8,94.7268,0.694,6360500.0,106842500.0,7417500.0
2026-05-26,RVNL,259.75,259.35,256.6,-0.4,96.0332,-1.0603,2160925.0,47400050.0,4914525.0
2026-05-26,SAIL,203.84,203.1,205.65,-0.74,97.3041,1.2555,4732900.0,170360900.0,465300.0
2026-05-26,SAMMAANCAP,167.71,167.67,169.05,-0.04,90.147,0.823,8617200.0,78840500.0,0.0
2026-05-26,SBICARD,628.7,626.7,620.4,-2.0,97.0603,-1.0053,786400.0,24640000.0,1324800.0
2026-05-26,SBILIFE,1883.2,1876.3,1892.0,-6.9,82.8502,0.8368,1690500.0,7941750.0,225000.0
2026-05-26,SBIN,968.5,967.7,974.2,-0.8,89.9135,0.6717,11112000.0,93072750.0,5982000.0
2026-05-26,SHREECEM,25180.0,25170.0,24905.0,-10.0,97.2518,-1.0528,11300.0,396325.0,3550.0
2026-05-26,SHRIRAMFIN,952.15,952.05,959.25,-0.1,94.0632,0.7563,2588025.0,38607525.0,2397450.0
2026-05-26,SIEMENS,3677.1,3685.5,3680.8,8.4,90.9446,-0.1275,296450.0,2959775.0,17500.0
2026-05-26,SOLARINDS,18479.0,18469.0,18632.0,-10.0,96.4115,0.8826,28550.0,748250.0,18800.0
2026-05-26,SONACOMS,608.0,606.7,609.25,-1.3,94.5446,0.4203,863625.0,14880075.0,86975.0
2026-05-26,SRF,2749.7,2749.7,2762.1,0.0,84.2292,0.451,640200.0,3386200.0,33000.0
2026-05-26,SUNPHARMA,1840.8,1846.5,1855.0,5.7,86.3169,0.4603,3679550.0,22840650.0,371000.0
2026-05-26,SUPREMEIND,3571.0,3563.4,3572.6,-7.6,94.119,0.2582,130725.0,2080050.0,12075.0
2026-05-26,SUZLON,54.58,54.74,55.02,0.16,95.6026,0.5115,15152975.0,317255825.0,12179300.0
2026-05-26,SWIGGY,253.9,254.6,256.1,0.7,86.5923,0.5892,6698900.0,42590600.0,673425.0
2026-05-26,TATACONSUM,1187.6,1188.2,1197.7,0.6,94.9711,0.7995,799150.0,14580500.0,511500.0
2026-05-26,TATAELXSI,4335.6,4349.4,4247.2,13.8,93.0456,-2.3497,140100.0,1827700.0,46750.0
2026-05-26,TATAPOWER,420.95,420.7,421.95,-0.25,87.0459,0.2971,8769600.0,52807550.0,6120450.0
2026-05-26,TATASTEEL,210.47,210.32,208.1,-0.15,88.1423,-1.0555,25792250.0,157602500.0,34119250.0
2026-05-26,TCS,2276.2,2275.7,2287.5,-0.5,93.0121,0.5185,3077900.0,39171300.0,1796625.0
2026-05-26,TECHM,1458.7,1459.3,1452.3,0.6,93.4692,-0.4797,1281000.0,18177000.0,156600.0
2026-05-26,TIINDIA,3039.1,3039.9,3053.8,0.8,98.037,0.4573,44800.0,2230200.0,7200.0
2026-05-26,TITAN,4105.9,4100.5,4133.4,-5.4,91.6247,0.8023,730800.0,7039200.0,955675.0
2026-05-26,TMPV,385.6,384.55,385.35,-1.05,81.4852,0.208,18059200.0,64688000.0,14792000.0
2026-05-26,TORNTPHARM,4452.1,4458.6,4459.7,6.5,98.1896,0.0247,59625.0,3227000.0,6875.0
2026-05-26,TRENT,4239.6,4237.9,4228.4,-1.7,93.2208,-0.2242,453800.0,6091600.0,148650.0
2026-05-26,TVSMOTOR,3455.0,3446.8,3470.1,-8.2,94.4363,0.676,561575.0,9098950.0,432950.0
2026-05-26,ULTRACEMCO,11623.0,11624.0,11700.0,1.0,89.5468,0.6538,288550.0,2459900.0,11950.0
2026-05-26,UNIONBANK,167.56,167.95,168.99,0.39,93.2211,0.6192,8947350.0,121103400.0,1938150.0
2026-05-26,UNITDSPR,1293.4,1293.0,1301.5,-0.4,79.7991,0.6574,2655200.0,9702800.0,786000.0
2026-05-26,UNOMINDA,1114.9,1118.2,1121.0,3.3,95.8624,0.2504,189200.0,4368100.0,15400.0
2026-05-26,UPL,655.0,655.45,659.45,0.45,87.1407,0.6103,3825165.0,25659635.0,261515.0
2026-05-26,VBL,531.3,532.05,535.35,0.75,93.3714,0.6202,3461625.0,46233000.0,2528325.0
2026-05-26,VEDL,344.9,345.6,347.1,0.7,85.6244,0.434,6647000.0,39026400.0,564650.0
2026-05-26,VMM,121.08,120.9,121.82,-0.18,95.8892,0.761,1338600.0,31020600.0,203700.0
2026-05-26,VOLTAS,1271.4,1270.7,1261.8,-0.7,90.4965,-0.7004,1053000.0,9745875.0,281250.0
2026-05-26,WAAREEENER,3088.1,3083.0,3107.6,-5.1,92.3225,0.7979,460075.0,5422900.0,109550.0
2026-05-26,WIPRO,203.73,203.94,181.41,0.21,84.7823,-11.0474,48522000.0,244632000.0,25698000.0
2026-05-26,YESBANK,22.83,22.84,23.01,0.01,97.2071,0.7443,34987500.0,1119226800.0,98493700.0
2026-05-26,ZYDUSLIFE,1079.05,1077.05,1084.55,-2.0,91.6937,0.6963,968400.0,10556100.0,134100.0
2026-06-30,360ONE,1074.6,1076.4,1082.8,1.8,96.8474,0.5946,205000.0,6282000.0,15500.0
2026-06-30,ABB,7031.0,7044.0,6989.0,13.0,96.0303,-0.7808,101625.0,2419625.0,38750.0
2026-06-30,ABCAPITAL,391.95,391.2,393.8,-0.75,95.23,0.6646,1909600.0,37590600.0,533200.0
2026-06-30,ADANIENSOL,1491.4,1492.4,1502.8,1.0,97.0756,0.6969,588600.0,19432575.0,105975.0
2026-06-30,ADANIENT,3036.0,3035.3,3050.9,-0.7,85.2559,0.514,3073932.0,17604966.0,169641.0
2026-06-30,ADANIGREEN,1492.2,1494.1,1503.5,1.9,96.9355,0.6291,703200.0,22051200.0,192600.0
2026-06-30,ADANIPORTS,1810.2,1809.4,1824.3,-0.8,94.7156,0.8235,1304350.0,21870900.0,1507650.0
2026-06-30,ADANIPOWER,223.77,223.83,225.44,0.06,96.581,0.7193,4494300.0,121218300.0,5736800.0
2026-06-30,ALKEM,5570.0,5557.5,5599.5,-12.5,70.8589,0.7557,505125.0,1218375.0,9875.0
2026-06-30,AMBER,7530.0,7530.0,7569.5,0.0,90.9206,0.5246,186700.0,1856800.0,12800.0
2026-06-30,AMBUJACEM,421.85,422.1,425.2,0.25,96.0672,0.7344,3437700.0,82579200.0,1394400.0
2026-06-30,ANGELONE,330.65,330.5,332.75,-0.15,91.2494,0.6808,2127500.0,21562500.0,622500.0
2026-06-30,APLAPOLLO,1788.7,1788.9,1802.5,0.2,95.73,0.7602,253750.0,5650050.0,38850.0
2026-06-30,APOLLOHOSP,8682.0,8691.5,8742.5,9.5,92.6998,0.5868,181875.0,2292250.0,17250.0
2026-06-30,ASHOKLEY,157.7,158.02,158.95,0.32,85.5001,0.5885,29105000.0,166040000.0,5580000.0
2026-06-30,ASIANPAINT,2635.7,2639.7,2653.5,4.0,93.5001,0.5228,614500.0,8747250.0,92250.0
2026-06-30,ASTRAL,1335.6,1337.0,1331.6,1.4,91.0604,-0.4039,643875.0,6343550.0,215050.0
2026-06-30,AUBANK,1037.05,1039.35,1044.7,2.3,90.5332,0.5147,2635000.0,22593000.0,2606000.0
2026-06-30,AUROPHARMA,1578.7,1581.8,1592.6,3.1,83.9026,0.6828,2363900.0,12290300.0,30800.0
2026-06-30,AXISBANK,1345.7,1346.3,1355.6,0.6,88.6757,0.6908,7778125.0,60023750.0,883125.0
2026-06-30,BAJAJ-AUTO,9716.0,9713.0,9725.0,-3.0,90.7423,0.1235,323925.0,3132600.0,42450.0
2026-06-30,BAJAJFINSV,1780.3,1781.1,1792.4,0.8,93.3228,0.6344,1016750.0,14101200.0,109200.0
2026-06-30,BAJAJHLDNG,10603.0,10578.0,10649.0,-25.0,89.4127,0.6712,33800.0,283050.0,2400.0
2026-06-30,BAJFINANCE,1004.75,1003.95,1009.9,-0.8,93.0094,0.5927,5991000.0,75601500.0,4108500.0
2026-06-30,BANDHANBNK,204.18,204.06,205.2,-0.12,91.8942,0.5587,9543600.0,101491200.0,6703200.0
2026-06-30,BANKBARODA,272.4,272.85,274.4,0.45,88.9883,0.5681,13712400.0,102872250.0,7941375.0
2026-06-30,BANKINDIA,140.4,140.27,141.54,-0.13,92.6153,0.9054,7326800.0,90521600.0,1367600.0
2026-06-30,BDL,1368.4,1372.9,1346.9,4.5,82.5926,-1.8938,1183000.0,5356700.0,256275.0
2026-06-30,BEL,411.8,410.95,414.1,-0.85,94.4917,0.7665,7042350.0,112689000.0,8118225.0
2026-06-30,BHARATFORG,2144.2,2138.7,2130.3,-5.5,87.8195,-0.3928,1301000.0,9329500.0,50500.0
2026-06-30,BHARTIARTL,1852.0,1851.4,1859.7,-0.6,92.1583,0.4483,4868750.0,28164175.0,29055275.0
2026-06-30,BHEL,414.1,415.2,417.7,1.1,72.2865,0.6021,27680625.0,70683375.0,1517250.0
2026-06-30,BIOCON,418.3,418.35,421.2,0.05,96.7771,0.6812,1335000.0,39590000.0,497500.0
2026-06-30,BLUESTARCO,1628.3,1626.9,1627.6,-1.4,94.2368,0.043,196950.0,3182075.0,38350.0
2026-06-30,BOSCHLTD,39900.0,39975.0,40195.0,75.0,92.3105,0.5503,21325.0,249800.0,6200.0
2026-06-30,BPCL,303.55,303.0,305.3,-0.55,96.6763,0.7591,1585925.0,44605375.0,1524700.0
2026-06-30,BRITANNIA,5146.5,5154.5,5180.0,8.0,85.0034,0.4947,418125.0,2286625.0,83375.0
2026-06-30,BSE,3865.6,3861.1,3882.5,-4.5,85.3324,0.5542,1226250.0,6878400.0,255600.0
2026-06-30,CAMS,796.85,797.15,799.3,0.3,95.6957,0.2697,276750.0,5998575.0,154275.0
2026-06-30,CANBK,125.5,125.5,126.52,0.0,96.9879,0.8127,11151000.0,339140250.0,19919250.0
2026-06-30,CDSL,1305.5,1304.9,1302.0,-0.6,91.9529,-0.2222,837900.0,8410350.0,1164225.0
2026-06-30,CGPOWER,952.15,951.75,959.65,-0.4,96.7466,0.83,637500.0,18065050.0,892500.0
2026-06-30,CHOLAFIN,1789.8,1796.5,1802.7,6.7,93.0756,0.3451,1092500.0,14635000.0,50000.0
2026-06-30,CIPLA,1465.4,1466.1,1476.6,0.7,92.5131,0.7162,1123500.0,13792950.0,89675.0
2026-06-30,COALINDIA,439.05,439.05,441.75,0.0,85.6708,0.615,11750400.0,68581350.0,1671300.0
2026-06-30,COCHINSHIP,1507.8,1506.8,1461.7,-1.0,94.698,-2.9931,267200.0,4610800.0,161600.0
2026-06-30,COFORGE,1465.7,1471.0,1441.5,5.3,71.4141,-2.0054,7846875.0,19129675.0,473575.0
2026-06-30,COLPAL,1997.9,1996.2,2006.6,-1.7,93.888,0.521,319950.0,4793250.0,121550.0
2026-06-30,CONCOR,475.25,475.4,478.15,0.15,79.3016,0.5785,5897500.0,21951250.0,643750.0
2026-06-30,CROMPTON,274.75,275.05,273.8,0.3,98.4341,-0.4545,817200.0,50664750.0,705200.0
2026-06-30,CUMMINSIND,5659.5,5668.5,5659.0,9.0,92.2322,-0.1676,357800.0,4217400.0,31000.0
2026-06-30,DABUR,422.2,422.7,419.95,0.5,97.4174,-0.6506,730000.0,26855000.0,681250.0
2026-06-30,DALBHARAT,1700.6,1698.9,1711.5,-1.7,98.267,0.7417,79950.0,4495400.0,38025.0
2026-06-30,DELHIVERY,472.05,471.75,475.6,-0.3,97.0111,0.8161,875650.0,28168125.0,253150.0
2026-06-30,DIVISLAB,6579.0,6582.0,6604.0,3.0,95.3484,0.3342,161700.0,3299500.0,15000.0
2026-06-30,DIXON,11920.0,11929.0,12000.0,9.0,95.6138,0.5952,130300.0,2754900.0,85450.0
2026-06-30,DLF,620.05,621.1,624.15,1.05,89.4893,0.4911,6064575.0,38045600.0,13588800.0
2026-06-30,DMART,4380.7,4377.0,4388.2,-3.7,91.0131,0.2559,273450.0,2750850.0,18450.0
2026-06-30,DRREDDY,1357.1,1353.3,1346.1,-3.8,87.9714,-0.532,1975625.0,14346875.0,101875.0
2026-06-30,EICHERMOT,7073.5,7070.0,7096.5,-3.5,88.1601,0.3748,521500.0,3733400.0,149700.0
2026-06-30,ETERNAL,264.6,264.05,265.95,-0.55,96.7889,0.7196,7372000.0,218931425.0,3276175.0
2026-06-30,EXIDEIND,387.6,386.55,387.6,-1.05,94.2267,0.2716,1389600.0,22680000.0,0.0
2026-06-30,FEDERALBNK,330.05,329.3,330.05,-0.75,96.1724,0.2278,3635000.0,86647500.0,4685000.0
2026-06-30,FORCEMOT,18579.0,18600.0,18654.0,21.0,89.6458,0.2903,23900.0,202200.0,4725.0
2026-06-30,FORTIS,956.95,955.3,961.0,-1.65,95.0057,0.5967,540175.0,10221475.0,54250.0
2026-06-30,GAIL,173.49,172.89,174.46,-0.6,88.219,0.9081,9667350.0,71124250.0,1267350.0
2026-06-30,GLENMARK,2204.3,2205.3,2219.2,1.0,95.4308,0.6303,578250.0,11991375.0,85875.0
2026-06-30,GMRAIRPORT,112.09,111.91,112.78,-0.18,92.4414,0.7774,11738925.0,142045875.0,1520550.0
2026-06-30,GODFRYPHLP,2173.2,2176.2,2186.6,3.0,94.9024,0.4779,99825.0,1805650.0,52800.0
2026-06-30,GODREJCP,1010.0,1011.8,1018.6,1.8,98.2281,0.6721,206000.0,11356000.0,64000.0
2026-06-30,GODREJPROP,1866.6,1866.4,1870.9,-0.2,91.8513,0.2411,728750.0,8135725.0,78650.0
2026-06-30,GRASIM,3100.0,3104.3,3118.6,4.3,96.2888,0.4607,517500.0,12989250.0,437500.0
2026-06-30,GVT&D,4944.0,4957.0,4982.5,13.0,95.6385,0.5144,65875.0,1322375.0,122125.0
2026-06-30,HAL,4381.5,4384.5,4410.7,3.0,94.3239,0.5976,355500.0,5667150.0,240450.0
2026-06-30,HAVELLS,1159.3,1155.0,1164.3,-4.3,93.2634,0.8052,799000.0,10196000.0,865500.0
2026-06-30,HCLTECH,1071.8,1071.8,1059.3,0.0,95.3957,-1.1663,2103500.0,42374400.0,1208000.0
2026-06-30,HDFCAMC,2653.2,2645.4,2667.4,-7.8,93.2007,0.8316,420300.0,5709300.0,51900.0
2026-06-30,HDFCBANK,797.95,798.05,802.9,0.1,92.2902,0.6077,28611000.0,328385850.0,14101100.0
2026-06-30,HDFCLIFE,575.85,576.7,579.9,0.85,90.8902,0.5549,3769700.0,37072200.0,539000.0
2026-06-30,HEROMOTOCO,4794.3,4792.8,4753.5,-1.5,94.1899,-0.82,380400.0,6050100.0,116700.0
2026-06-30,HINDALCO,956.6,956.5,959.5,-0.1,93.7044,0.3136,3441900.0,50745800.0,483700.0
2026-06-30,HINDPETRO,394.45,394.05,396.5,-0.4,91.8355,0.6217,3705750.0,39525975.0,2156625.0
2026-06-30,HINDUNILVR,2118.2,2121.9,2135.1,3.7,94.0192,0.6221,1137600.0,16970700.0,912600.0
2026-06-30,HINDZINC,533.15,531.65,535.9,-1.5,89.9351,0.7994,3646825.0,31793650.0,792575.0
2026-06-30,HYUNDAI,1905.4,1906.0,1914.8,0.6,75.0454,0.4617,1736625.0,5186500.0,36025.0
2026-06-30,ICICIBANK,1375.2,1372.7,1384.2,-2.5,91.4012,0.8378,12236000.0,111861400.0,18202100.0
2026-06-30,ICICIGI,1741.5,1743.2,1754.3,1.7,95.4321,0.6368,228475.0,4754750.0,18525.0
2026-06-30,ICICIPRULI,487.95,488.35,491.25,0.4,92.764,0.5938,1391200.0,17075500.0,759425.0
2026-06-30,IDEA,14.46,14.42,14.54,-0.04,96.4466,0.8322,213352875.0,5598994125.0,191910375.0
2026-06-30,IDFCFIRSTB,79.49,79.54,79.79,0.05,87.5475,0.3143,54379325.0,369293400.0,13022100.0
2026-06-30,IEX,125.13,125.12,126.12,-0.01,96.7034,0.7992,2786250.0,80179200.0,1552950.0
2026-06-30,INDHOTEL,713.95,713.9,719.2,-0.05,97.0693,0.7424,791000.0,26031000.0,168000.0
2026-06-30,INDIANB,816.65,816.45,821.85,-0.2,91.4105,0.6614,1442000.0,15108000.0,238000.0
2026-06-30,INDIGO,5368.4,5351.8,5394.6,-16.6,62.6938,0.7997,4389900.0,7278300.0,99000.0
2026-06-30,INDUSINDBK,924.2,923.05,930.8,-1.15,96.6895,0.8396,1424500.0,40738600.0,867300.0
2026-06-30,INDUSTOWER,391.7,392.95,394.8,1.25,72.8478,0.4708,34010200.0,89227900.0,2019600.0
2026-06-30,INFY,1000.4,1001.3,1002.7,0.9,93.9573,0.1398,8092000.0,121371200.0,4450000.0
2026-06-30,INOXWIND,90.12,90.05,90.8,-0.07,95.3141,0.8329,4915625.0,94208000.0,5779200.0
2026-06-30,IOC,139.38,139.51,140.38,0.13,95.7007,0.6236,5893875.0,125940750.0,5255250.0
2026-06-30,IREDA,128.69,128.83,125.66,0.14,89.3122,-2.4606,7341600.0,56562500.0,4787450.0
2026-06-30,IRFC,90.53,90.56,91.18,0.03,87.9368,0.6846,12580000.0,83425650.0,8278550.0
2026-06-30,ITC,286.95,286.35,288.55,-0.6,89.9493,0.7683,18289600.0,156115950.0,7567575.0
2026-06-30,JINDALSTEL,1060.1,1060.0,1066.6,-0.1,95.5575,0.6226,626250.0,13335625.0,135000.0
2026-06-30,JIOFIN,236.44,236.32,237.81,-0.12,96.9596,0.6305,5322750.0,162598850.0,7148700.0
2026-06-30,JSWENERGY,583.15,581.45,585.8,-1.7,97.3045,0.7481,650000.0,23235050.0,228975.0
2026-06-30,JSWSTEEL,1226.4,1227.0,1227.3,0.6,98.3286,0.0244,758700.0,43145325.0,1488375.0
2026-06-30,JUBLFOOD,417.6,418.55,419.9,0.95,60.1147,0.3225,12515000.0,17957500.0,905000.0
2026-06-30,KALYANKJIL,386.7,386.3,389.9,-0.4,90.9504,0.9319,4120725.0,40927950.0,486000.0
2026-06-30,KAYNES,3121.9,3120.4,3132.6,-1.5,91.6826,0.391,352800.0,3661050.0,227850.0
2026-06-30,KEI,5427.5,5429.5,5367.5,2.0,89.0095,-1.1419,237475.0,1909250.0,14000.0
2026-06-30,KFINTECH,879.8,878.85,874.35,-0.95,92.4462,-0.512,452500.0,5244575.0,293250.0
2026-06-30,KOTAKBANK,392.3,392.75,394.8,0.45,95.0207,0.522,9894000.0,167608000.0,21200000.0
2026-06-30,KPITTECH,671.55,673.4,663.65,1.85,90.395,-1.4479,873800.0,7593450.0,630075.0
2026-06-30,LAURUSLABS,1517.4,1523.0,1523.2,5.6,92.0203,0.0131,1374450.0,15549050.0,300900.0
2026-06-30,LICHSGFIN,564.0,561.4,565.7,-2.6,96.9647,0.7659,771000.0,23761000.0,869000.0
2026-06-30,LICI,431.65,431.1,430.65,-0.55,92.3095,-0.1044,1852200.0,21134400.0,1097600.0
2026-06-30,LODHA,955.25,956.5,962.6,1.25,97.4717,0.6377,322650.0,12331875.0,106875.0
2026-06-30,LT,4143.4,4133.6,4165.6,-9.8,85.3002,0.7741,2432500.0,13872775.0,242550.0
2026-06-30,LTF,310.75,310.1,311.05,-0.65,93.6775,0.3064,3055500.0,44750250.0,522000.0
2026-06-30,LTM,3538.0,3546.3,3558.8,8.3,88.3816,0.3525,531750.0,3893100.0,151950.0
2026-06-30,LUPIN,2419.0,2419.1,2418.4,0.1,88.009,-0.0289,699550.0,5089375.0,45050.0
2026-06-30,M&M,3068.8,3069.1,3060.8,0.3,94.6972,-0.2704,1143200.0,20079200.0,336000.0
2026-06-30,MANAPPURAM,324.15,324.9,326.0,0.75,91.7422,0.3386,4374000.0,48372000.0,222000.0
2026-06-30,MANKIND,2545.7,2542.9,2555.9,-2.8,95.1856,0.5112,132075.0,2588250.0,23000.0
2026-06-30,MARICO,836.25,836.85,841.25,0.6,96.9379,0.5258,494400.0,15603600.0,48000.0
2026-06-30,MARUTI,14115.0,14060.0,14176.0,-55.0,82.0889,0.825,723350.0,3256200.0,59000.0
2026-06-30,MAXHEALTH,1129.25,1129.2,1136.15,-0.05,89.5999,0.6155,1505175.0,12898200.0,69300.0
2026-06-30,MAZDOCK,2496.6,2494.5,2514.7,-2.1,95.787,0.8098,197400.0,4328100.0,159975.0
2026-06-30,MCX,2837.2,2833.3,2842.6,-3.9,84.0036,0.3282,1765625.0,8938125.0,333900.0
2026-06-30,MFSL,1584.0,1580.5,1592.1,-3.5,97.1038,0.7339,271200.0,9079200.0,13600.0
2026-06-30,MOTHERSON,148.11,148.07,148.99,-0.04,79.5678,0.6213,34944300.0,134537400.0,1543650.0
2026-06-30,MOTILALOFS,951.25,949.8,957.3,-1.45,93.9947,0.7896,296050.0,4598850.0,34875.0
2026-06-30,MPHASIS,2161.6,2167.3,2177.9,5.7,77.1413,0.4891,1395900.0,4685725.0,25025.0
2026-06-30,MUTHOOTFIN,2997.3,2991.4,3015.6,-5.9,93.1832,0.809,403700.0,5395775.0,122650.0
2026-06-30,NAM-INDIA,1162.0,1159.3,1166.2,-2.7,95.2277,0.5952,328750.0,6528750.0,31250.0
2026-06-30,NATIONALUM,339.6,338.75,341.05,-0.85,93.2379,0.679,3772500.0,50626875.0,1389375.0
2026-06-30,NAUKRI,978.0,978.65,982.2,0.65,97.3404,0.3627,480750.0,17459750.0,135300.0
2026-06-30,NBCC,104.93,105.17,105.79,0.24,96.2898,0.5895,4426500.0,113152000.0,1729000.0
2026-06-30,NESTLEIND,1405.3,1405.0,1405.4,-0.3,91.1517,0.0285,1134000.0,11610500.0,71500.0
2026-06-30,NHPC,81.33,81.6,79.9,0.27,79.1271,-2.0833,28812800.0,106077850.0,3148350.0
2026-06-30,NMDC,85.16,85.09,85.78,-0.07,97.1314,0.8109,10563750.0,351857250.0,5838750.0
2026-06-30,NTPC,356.65,356.15,358.45,-0.5,93.6217,0.6458,8848500.0,128470500.0,1410000.0
2026-06-30,NUVAMA,1806.4,1799.4,1788.2,-7.0,89.9226,-0.6224,241000.0,2150500.0,0.0
2026-06-30,NYKAA,310.85,310.6,312.15,-0.25,94.0226,0.499,3456250.0,54034375.0,331250.0
2026-06-30,OBEROIRLTY,1769.2,1769.7,1778.4,0.5,86.2363,0.4916,950600.0,5902050.0,53900.0
2026-06-30,OFSS,10775.5,10785.5,10836.0,10.0,92.0088,0.4682,118875.0,1355100.0,13600.0
2026-06-30,OIL,416.95,416.7,417.9,-0.25,86.8431,0.288,2471000.0,15915200.0,394800.0
2026-06-30,ONGC,234.9,235.6,236.3,0.7,92.5084,0.2971,8367750.0,96538500.0,6788250.0
2026-06-30,PAGEIND,41375.0,41390.0,41490.0,15.0,97.9242,0.2416,5790.0,271880.0,1260.0
2026-06-30,PATANJALI,411.05,408.55,411.85,-2.5,89.3904,0.8077,2724300.0,22733025.0,220375.0
2026-06-30,PAYTM,1141.5,1143.4,1151.2,1.9,92.0134,0.6822,1747975.0,20022325.0,116000.0
2026-06-30,PERSISTENT,4326.5,4325.0,4346.0,-1.5,93.9307,0.4855,374800.0,5545750.0,254750.0
2026-06-30,PETRONET,280.8,281.0,282.8,0.2,95.8357,0.6406,1508600.0,34553400.0,165300.0
2026-06-30,PFC,424.3,424.55,427.65,0.25,96.2683,0.7302,2059200.0,51308400.0,1813500.0
2026-06-30,PGEL,533.4,534.15,537.7,0.75,86.3739,0.6646,2063400.0,12838300.0,241300.0
2026-06-30,PHOENIXLTD,1948.6,1949.3,1960.1,0.7,89.6462,0.554,460950.0,3984750.0,6300.0
2026-06-30,PIDILITIND,1592.7,1595.6,1593.5,2.9,93.3948,-0.1316,487000.0,6859500.0,26500.0
2026-06-30,PIIND,2555.1,2563.2,2572.4,8.1,79.6718,0.3589,765275.0,2912175.0,87150.0
2026-06-30,PNB,106.69,106.53,107.36,-0.16,95.7182,0.7791,13992000.0,298536000.0,14248000.0
2026-06-30,PNBHOUSING,1038.4,1042.1,1047.4,3.7,87.3724,0.5086,1470950.0,10125050.0,52650.0
2026-06-30,POLICYBZR,1628.6,1627.4,1641.5,-1.2,91.2399,0.8664,693350.0,7189350.0,32200.0
2026-06-30,POLYCAB,9961.0,9978.0,9909.0,17.0,93.3628,-0.6915,146250.0,2024875.0,32375.0
2026-06-30,POWERGRID,286.3,285.45,287.85,-0.85,94.3504,0.8408,4525800.0,74624400.0,957600.0
2026-06-30,POWERINDIA,34920.0,34960.0,35155.0,40.0,95.4264,0.5578,19575.0,400700.0,7725.0
2026-06-30,PREMIERENE,1051.0,1049.4,1057.2,-1.6,93.3752,0.7433,592825.0,8295950.0,59800.0
2026-06-30,PRESTIGE,1564.6,1568.0,1574.2,3.4,94.0885,0.3954,364950.0,5788350.0,20250.0
2026-06-30,RADICO,3945.5,3935.1,3940.6,-10.4,87.863,0.1398,62700.0,448650.0,5250.0
2026-06-30,RBLBANK,369.05,369.75,371.45,0.7,82.9159,0.4598,10264775.0,48980725.0,838200.0
2026-06-30,RECLTD,363.8,364.0,366.45,0.2,86.2449,0.6731,8167600.0,48601350.0,2609775.0
2026-06-30,RELIANCE,1293.9,1290.0,1300.4,-3.9,84.4415,0.8062,23181000.0,120371500.0,5440000.0
2026-06-30,RVNL,235.83,236.13,237.28,0.3,90.9666,0.487,3669150.0,33464200.0,3484250.0
2026-06-30,SAIL,173.49,173.47,174.9,-0.02,98.367,0.8244,2965700.0,176903300.0,1739000.0
2026-06-30,SBICARD,593.2,592.1,596.55,-1.1,96.962,0.7516,848800.0,25252000.0,1838400.0
2026-06-30,SBILIFE,1765.7,1760.7,1774.6,-5.0,96.0068,0.7895,380250.0,8372625.0,769500.0
2026-06-30,SBIN,1026.9,1025.7,1033.75,-1.2,92.4823,0.7848,6660000.0,70798500.0,11132250.0
2026-06-30,SHREECEM,25250.0,25335.0,25355.0,85.0,90.6485,0.0789,38250.0,367750.0,3025.0
2026-06-30,SHRIRAMFIN,1042.15,1045.55,1044.7,3.4,93.0008,-0.0813,2743950.0,35303400.0,1156650.0
2026-06-30,SIEMENS,3599.9,3595.5,3593.7,-4.4,95.6291,-0.0501,171675.0,3711575.0,44450.0
2026-06-30,SOLARINDS,18696.0,18684.0,18751.0,-12.0,96.9021,0.3586,23000.0,683800.0,35650.0
2026-06-30,SONACOMS,619.9,618.15,620.9,-1.75,94.4906,0.4449,933450.0,15929900.0,79625.0
2026-06-30,SRF,2739.0,2746.4,2750.1,7.4,91.8831,0.1347,293800.0,3281600.0,44200.0
2026-06-30,SUNPHARMA,1862.5,1860.2,1870.8,-2.3,83.7655,0.5698,3881150.0,19966450.0,59150.0
2026-06-30,SUPREMEIND,3157.8,3153.8,3173.0,-4.0,94.9312,0.6088,133525.0,2450175.0,50575.0
2026-06-30,SUZLON,58.9,58.69,59.16,-0.21,93.2929,0.8008,29087575.0,391325100.0,13271500.0
2026-06-30,SWIGGY,239.35,240.0,241.35,0.65,89.1922,0.5625,7161700.0,58049600.0,1053025.0
2026-06-30,TATACONSUM,1075.6,1072.0,1080.5,-3.6,92.307,0.7929,1357950.0,16174950.0,118800.0
2026-06-30,TATAELXSI,3829.7,3818.3,3822.0,-11.4,94.6945,0.0969,138800.0,2345750.0,131625.0
2026-06-30,TATAPOWER,385.5,385.05,388.2,-0.45,88.9559,0.8181,8075050.0,63241750.0,1799450.0
2026-06-30,TATASTEEL,188.06,188.12,189.19,0.06,81.6185,0.5688,47184500.0,205150000.0,4361500.0
2026-06-30,TCS,2031.6,2026.0,2023.2,-5.6,94.7651,-0.1382,2775850.0,47878200.0,2371950.0
2026-06-30,TECHM,1404.7,1408.2,1398.0,3.5,76.0166,-0.7243,6971400.0,21897600.0,198600.0
2026-06-30,TIINDIA,3029.4,3036.8,3049.4,7.4,94.9628,0.4149,104200.0,1953400.0,11000.0
2026-06-30,TITAN,4404.0,4399.5,4421.6,-4.5,88.186,0.5023,1124550.0,8056650.0,337575.0
2026-06-30,TMPV,352.2,352.95,354.9,0.75,91.9753,0.5525,7114400.0,77732800.0,3809600.0
2026-06-30,TORNTPHARM,4620.1,4616.4,4657.4,-3.7,93.4742,0.8881,203125.0,2906000.0,3500.0
2026-06-30,TRENT,3282.5,3272.0,3285.3,-10.5,87.8694,0.4065,1387500.0,9850275.0,200250.0
2026-06-30,TVSMOTOR,3460.7,3463.0,3486.1,2.3,97.5036,0.6671,344400.0,13157025.0,294700.0
2026-06-30,ULTRACEMCO,11254.0,11267.0,11338.0,13.0,93.6895,0.6302,166950.0,2389200.0,89450.0
2026-06-30,UNIONBANK,172.43,172.61,173.49,0.18,85.6946,0.5098,18846075.0,110585175.0,2309850.0
2026-06-30,UNITDSPR,1350.4,1348.2,1345.2,-2.2,89.2654,-0.2225,1056800.0,8737600.0,50400.0
2026-06-30,UNOMINDA,1087.8,1084.5,1092.5,-3.3,97.5436,0.7377,129250.0,5044600.0,88000.0
2026-06-30,UPL,571.2,570.85,569.65,-0.35,96.0158,-0.2102,1350935.0,29484800.0,3071785.0
2026-06-30,VBL,507.55,507.8,510.8,0.25,92.3115,0.5908,4776750.0,56597250.0,754800.0
2026-06-30,VEDL,280.75,281.1,282.65,0.35,93.1093,0.5514,4689700.0,61530750.0,1837700.0
2026-06-30,VMM,117.96,118.24,118.86,0.28,98.079,0.5244,795400.0,40424750.0,184300.0
2026-06-30,VOLTAS,1277.6,1277.8,1285.1,0.2,91.5878,0.5713,773250.0,8248125.0,170625.0
2026-06-30,WAAREEENER,2947.0,2941.2,2932.0,-5.8,96.9483,-0.3128,220325.0,6860700.0,138775.0
2026-06-30,WIPRO,170.39,170.28,170.29,-0.11,94.547,0.0059,20145000.0,331575000.0,17712000.0
2026-06-30,YESBANK,24.18,24.16,24.34,-0.02,97.6603,0.745,33028200.0,1325326500.0,53274300.0
2026-06-30,ZYDUSLIFE,1112.6,1111.4,1120.3,-1.2,93.851,0.8008,719100.0,10896300.0,79200.0
2026-07-28,360ONE,1128.3,1127.7,1133.1,-0.6,93.3312,0.4789,310500.0,4328500.0,17000.0
2026-07-28,ABB,7243.5,7248.0,7275.0,4.5,82.6467,0.3725,437000.0,2045250.0,36000.0
2026-07-28,ABCAPITAL,391.35,390.0,392.6,-1.35,96.0589,0.6667,1385700.0,33306400.0,468100.0
2026-07-28,ADANIENSOL,1649.5,1647.2,1656.2,-2.3,95.3502,0.5464,969300.0,19808550.0,68175.0
2026-07-28,ADANIENT,3002.3,2999.3,3015.6,-3.0,94.192,0.5435,1048746.0,16516050.0,492237.0
2026-07-28,ADANIGREEN,1377.8,1375.3,1383.5,-2.5,94.8562,0.5962,1429200.0,26102400.0,253200.0
2026-07-28,ADANIPORTS,1774.7,1773.6,1785.4,-1.1,96.4561,0.6653,791825.0,19379525.0,2171700.0
2026-07-28,ADANIPOWER,208.25,208.12,209.36,-0.13,94.1112,0.5958,10039400.0,152202700.0,8239550.0
2026-07-28,ALKEM,5651.5,5658.5,5673.5,7.0,88.8337,0.2651,171500.0,1360125.0,4250.0
2026-07-28,AMBER,7209.0,7205.5,7240.5,-3.5,88.7609,0.4857,170700.0,1335500.0,12600.0
2026-07-28,AMBUJACEM,426.0,426.3,428.65,0.3,96.2374,0.5513,3222000.0,80029200.0,2382000.0
2026-07-28,ANGELONE,302.6,302.3,304.05,-0.3,89.2916,0.5789,3272500.0,26402500.0,885000.0
2026-07-28,APLAPOLLO,1846.7,1848.7,1855.8,2.0,88.6019,0.3841,642600.0,4391800.0,603400.0
2026-07-28,APOLLOHOSP,8903.0,8895.0,8928.0,-8.0,96.8524,0.371,74500.0,1928625.0,363750.0
2026-07-28,ASHOKLEY,157.5,157.9,158.55,0.4,93.548,0.4117,10300000.0,145885000.0,3455000.0
2026-07-28,ASIANPAINT,2736.2,2741.5,2754.7,5.3,90.7331,0.4815,898750.0,7497750.0,1302000.0
2026-07-28,ASTRAL,1471.4,1475.3,1448.1,3.9,93.3844,-1.8437,506175.0,7041825.0,103275.0
2026-07-28,AUBANK,1047.7,1049.0,1051.6,1.3,91.4743,0.2479,2305000.0,22353000.0,2378000.0
2026-07-28,AUROPHARMA,1549.2,1550.4,1555.7,1.2,88.3765,0.3418,1321100.0,10006700.0,37950.0
2026-07-28,AXISBANK,1223.5,1225.0,1231.0,1.5,94.7466,0.4898,4669375.0,77688125.0,6526250.0
2026-07-28,BAJAJ-AUTO,11374.0,11402.0,11417.5,28.0,78.8971,0.1359,521775.0,1930950.0,19800.0
2026-07-28,BAJAJFINSV,1927.9,1921.7,1933.0,-6.2,87.8849,0.588,1436400.0,8832900.0,1587000.0
2026-07-28,BAJAJHLDNG,10831.0,10806.0,10852.0,-25.0,95.3657,0.4257,15825.0,323025.0,2625.0
2026-07-28,BAJFINANCE,1048.4,1052.7,1056.2,4.3,94.15,0.3325,4800750.0,65715000.0,11548500.0
2026-07-28,BANDHANBNK,168.84,168.85,168.21,0.01,96.0621,-0.379,5313600.0,125715600.0,3906000.0
2026-07-28,BANKBARODA,239.2,239.0,240.15,-0.2,94.2816,0.4812,8277750.0,131040000.0,5437575.0
2026-07-28,BANKINDIA,136.32,136.0,136.71,-0.32,97.1189,0.5221,3021200.0,98987200.0,2854800.0
2026-07-28,BDL,1271.0,1274.4,1226.4,3.4,92.216,-3.7665,629850.0,7088575.0,373150.0
2026-07-28,BEL,389.0,388.35,389.9,-0.65,92.5793,0.3991,9154200.0,99048900.0,15157725.0
2026-07-28,BHARATFORG,2162.7,2162.3,2175.0,-0.4,97.1376,0.5873,219500.0,7408500.0,40500.0
2026-07-28,BHARTIARTL,1901.8,1904.0,1914.2,2.2,94.4172,0.5357,3470825.0,58291525.0,407075.0
2026-07-28,BHEL,405.75,405.3,407.5,-0.45,91.2209,0.5428,8150625.0,81834375.0,2856000.0
2026-07-28,BIOCON,432.45,431.85,434.25,-0.6,91.9262,0.5557,4147500.0,46622500.0,600000.0
2026-07-28,BLUESTARCO,1645.2,1640.4,1647.5,-4.8,93.0358,0.4328,235300.0,3123575.0,19825.0
2026-07-28,BOSCHLTD,41310.0,41395.0,41310.0,85.0,92.2997,-0.2053,16625.0,197725.0,1550.0
2026-07-28,BPCL,320.05,320.65,321.7,0.6,84.4654,0.3275,7236400.0,38010850.0,1335100.0
2026-07-28,BRITANNIA,5478.5,5484.0,5425.0,5.5,86.4872,-1.0759,321250.0,2018875.0,37250.0
2026-07-28,BSE,3457.8,3460.1,3477.9,2.3,92.9583,0.5144,662600.0,8377400.0,369600.0
2026-07-28,CAMS,800.3,800.95,802.75,0.65,83.5468,0.2247,1303500.0,6533175.0,85800.0
2026-07-28,CANBK,124.24,124.15,124.98,-0.09,96.6063,0.6685,14607000.0,403521750.0,12285000.0
2026-07-28,CDSL,1345.1,1347.6,1353.5,2.5,92.4731,0.4378,806550.0,9415925.0,493050.0
2026-07-28,CGPOWER,844.1,842.45,846.65,-1.65,92.2278,0.4985,1646450.0,18188300.0,1348950.0
2026-07-28,CHOLAFIN,1752.9,1756.2,1762.5,3.3,94.675,0.3587,884375.0,12924375.0,2799375.0
2026-07-28,CIPLA,1444.6,1442.2,1448.9,-2.4,94.1575,0.4646,730150.0,9811125.0,1955850.0
2026-07-28,COALINDIA,410.15,410.75,407.3,0.6,94.5286,-0.8399,4611600.0,73962450.0,5711850.0
2026-07-28,COCHINSHIP,1382.5,1380.5,1388.9,-2.0,87.1089,0.6085,835600.0,5471200.0,175200.0
2026-07-28,COFORGE,1686.0,1683.7,1689.5,-2.3,80.5519,0.3445,3752500.0,15302600.0,239875.0
2026-07-28,COLPAL,2138.0,2138.5,2150.9,0.5,91.9281,0.5798,377850.0,4253150.0,50050.0
2026-07-28,CONCOR,522.4,522.4,524.45,0.0,90.8285,0.3924,2275000.0,22078750.0,451250.0
2026-07-28,CROMPTON,247.4,247.4,248.95,0.0,98.1063,0.6265,1126600.0,57650100.0,713800.0
2026-07-28,CUMMINSIND,5455.5,5466.0,5491.5,10.5,83.4567,0.4665,849000.0,3916000.0,367000.0
2026-07-28,DABUR,424.6,424.85,427.4,0.25,96.3926,0.6002,1185000.0,29896250.0,1767500.0
2026-07-28,DALBHARAT,1811.2,1808.1,1819.4,-3.1,95.8731,0.625,165750.0,3850600.0,0.0
2026-07-28,DELHIVERY,472.2,471.6,474.7,-0.6,94.1638,0.6573,1467025.0,23285650.0,383875.0
2026-07-28,DIVISLAB,7425.0,7416.0,7456.0,-9.0,94.35,0.5394,249800.0,3592900.0,578500.0
2026-07-28,DIXON,13903.0,13916.0,13726.0,13.0,93.6092,-1.3653,154350.0,2157400.0,103450.0
2026-07-28,DLF,663.05,660.95,666.6,-2.1,92.9841,0.8548,3604300.0,47408800.0,360050.0
2026-07-28,DMART,3846.6,3840.3,3838.3,-6.3,91.3768,-0.0521,496050.0,5132850.0,123600.0
2026-07-28,DRREDDY,1135.6,1135.4,1140.5,-0.2,81.931,0.4492,3120625.0,13606250.0,543750.0
2026-07-28,EICHERMOT,7836.0,7836.0,7785.0,0.0,93.0843,-0.6508,323800.0,3944400.0,413900.0
2026-07-28,ETERNAL,308.3,307.55,309.25,-0.75,87.4955,0.5528,22833800.0,153323050.0,6448075.0
2026-07-28,FEDERALBNK,357.25,357.0,357.65,-0.25,97.1865,0.1821,2802500.0,87995000.0,8810000.0
2026-07-28,FORCEMOT,17198.0,17195.0,17255.0,-3.0,95.3231,0.3489,14025.0,275700.0,10150.0
2026-07-28,FORTIS,945.45,945.25,951.3,-0.2,98.0077,0.64,244125.0,9031850.0,2977550.0
2026-07-28,GAIL,175.15,175.45,176.28,0.3,94.6837,0.4731,4377150.0,77166350.0,791650.0
2026-07-28,GLENMARK,2184.6,2182.0,2197.1,-2.6,95.905,0.692,497250.0,11616750.0,28875.0
2026-07-28,GMRAIRPORT,107.96,107.99,108.6,0.03,94.7762,0.5649,7205175.0,125877825.0,4847625.0
2026-07-28,GODFRYPHLP,2031.0,2032.0,1967.6,1.0,98.384,-3.1693,38775.0,2243175.0,117425.0
2026-07-28,GODREJCP,1066.9,1069.8,1069.4,2.9,97.6219,-0.0374,247500.0,10141000.0,19000.0
2026-07-28,GODREJPROP,2136.6,2135.1,2150.2,-1.5,95.6525,0.7072,353925.0,7639125.0,147875.0
2026-07-28,GRASIM,3116.2,3111.9,3119.8,-4.3,96.5187,0.2539,435250.0,11930750.0,136500.0
2026-07-28,GVT&D,4124.0,4119.1,4134.8,-4.9,94.9032,0.3812,143125.0,2639500.0,25500.0
2026-07-28,HAL,4600.1,4588.8,4604.4,-11.3,94.1726,0.34,341250.0,5027550.0,487200.0
2026-07-28,HAVELLS,1227.1,1227.2,1234.5,0.1,94.6037,0.5949,551500.0,9497500.0,171000.0
2026-07-28,HCLTECH,1318.6,1318.8,1326.5,0.2,87.9236,0.5839,3836000.0,27485200.0,443200.0
2026-07-28,HDFCAMC,2531.2,2529.8,2544.8,-1.4,93.2842,0.5929,467400.0,6124200.0,368100.0
2026-07-28,HDFCBANK,735.4,736.5,740.1,1.1,94.1671,0.4888,20803250.0,298446200.0,37402950.0
2026-07-28,HDFCLIFE,558.85,557.2,560.4,-1.65,95.6808,0.5743,2124100.0,41091600.0,5962000.0
2026-07-28,HEROMOTOCO,5154.2,5151.2,5183.7,-3.0,92.8748,0.6309,368250.0,4742250.0,57750.0
2026-07-28,HINDALCO,936.4,937.95,942.3,1.55,89.5068,0.4638,6593300.0,52167500.0,4073300.0
2026-07-28,HINDPETRO,400.05,401.2,402.15,1.15,81.9941,0.2368,9402075.0,41326200.0,1488375.0
2026-07-28,HINDUNILVR,2022.7,2022.6,2032.4,-0.1,82.4037,0.4845,4401600.0,17494500.0,3118200.0
2026-07-28,HINDZINC,526.9,525.4,528.5,-1.5,93.3252,0.59,2076375.0,28075775.0,955500.0
2026-07-28,HYUNDAI,2001.9,2007.1,2000.5,5.2,85.9907,-0.3288,649000.0,3943500.0,40150.0
2026-07-28,ICICIBANK,1430.8,1426.2,1424.2,-4.6,92.0526,-0.1402,10027500.0,107499700.0,8646400.0
2026-07-28,ICICIGI,1683.8,1687.9,1689.8,4.1,86.4508,0.1126,801125.0,5072925.0,38675.0
2026-07-28,ICICIPRULI,510.1,510.55,512.7,0.45,95.5395,0.4211,913900.0,19371350.0,203500.0
2026-07-28,IDEA,12.95,12.96,13.03,0.01,96.9409,0.5401,190552350.0,5926206675.0,112287225.0
2026-07-28,IDFCFIRSTB,85.75,85.68,85.96,-0.07,96.8265,0.3268,12910800.0,355362350.0,38556175.0
2026-07-28,IEX,132.11,131.85,132.87,-0.26,91.8269,0.7736,6377100.0,70622250.0,1026600.0
2026-07-28,INDHOTEL,734.7,732.5,737.65,-2.2,96.5436,0.7031,937000.0,21415000.0,4757000.0
2026-07-28,INDIANB,834.25,834.0,837.2,-0.25,83.1433,0.3837,2558000.0,12493000.0,124000.0
2026-07-28,INDIGO,5270.5,5261.5,5291.0,-9.0,93.0006,0.5607,457050.0,5691450.0,381300.0
2026-07-28,INDUSINDBK,992.2,992.85,996.15,0.65,93.7677,0.3324,2578800.0,35203000.0,3595900.0
2026-07-28,INDUSTOWER,381.6,382.45,384.2,0.85,87.307,0.4576,13805700.0,91040100.0,3920200.0
2026-07-28,INFY,1105.7,1103.0,1109.8,-2.7,83.3195,0.6165,19894800.0,96232800.0,3142000.0
2026-07-28,INOXWIND,75.94,75.97,76.31,0.03,95.2222,0.4475,5484800.0,105376000.0,3936000.0
2026-07-28,IOC,141.28,141.28,140.78,0.0,90.9705,-0.3539,14995500.0,144655875.0,6420375.0
2026-07-28,IREDA,120.48,120.88,117.4,0.4,94.1073,-2.8789,4244450.0,63626025.0,4158475.0
2026-07-28,IRFC,87.15,87.12,87.45,-0.03,92.2455,0.3788,7497350.0,81988025.0,7198975.0
2026-07-28,ITC,284.65,284.25,285.75,-0.4,94.5181,0.5277,10308600.0,157413150.0,20325675.0
2026-07-28,JINDALSTEL,1054.4,1054.2,1060.4,-0.2,94.0078,0.5881,858750.0,12791250.0,681250.0
2026-07-28,JIOFIN,237.08,237.16,237.99,0.08,97.4379,0.35,4845700.0,168871000.0,15416000.0
2026-07-28,JSWENERGY,544.25,544.1,547.9,-0.15,95.9024,0.6984,1066400.0,24797025.0,161250.0
2026-07-28,JSWSTEEL,1246.9,1244.9,1252.3,-2.0,96.639,0.5944,1401975.0,39093975.0,1217025.0
2026-07-28,JUBLFOOD,432.2,432.9,434.95,0.7,88.6532,0.4736,2313750.0,17210000.0,867500.0
2026-07-28,KALYANKJIL,608.4,609.85,609.0,1.45,83.0316,-0.1394,5289300.0,25058700.0,823500.0
2026-07-28,KAYNES,3227.8,3224.8,3241.5,-3.0,95.2586,0.5179,189900.0,3671400.0,143850.0
2026-07-28,KEI,4843.0,4845.0,4855.0,2.0,93.9955,0.2064,131075.0,2034900.0,16975.0
2026-07-28,KFINTECH,973.7,977.45,963.0,3.75,74.0725,-1.4783,1418525.0,3905400.0,147200.0
2026-07-28,KOTAKBANK,385.3,385.35,387.3,0.05,94.6885,0.506,11930000.0,179554000.0,33124000.0
2026-07-28,KPITTECH,602.45,601.2,602.75,-1.25,88.9117,0.2578,1631375.0,11625775.0,1455450.0
2026-07-28,LAURUSLABS,1758.8,1758.6,1764.1,-0.2,93.6441,0.3127,1199350.0,17129200.0,541450.0
2026-07-28,LICHSGFIN,545.7,546.65,538.8,0.95,94.8463,-1.436,1276000.0,23259000.0,224000.0
2026-07-28,LICI,427.15,428.35,422.95,1.2,80.25,-1.2607,4688600.0,18128600.0,922600.0
2026-07-28,LODHA,1301.4,1305.45,1221.85,4.05,92.3242,-6.4039,1183125.0,13710625.0,520000.0
2026-07-28,LT,3832.0,3825.0,3851.2,-7.0,91.0696,0.685,1409450.0,12666150.0,1706950.0
2026-07-28,LTF,311.0,310.45,309.35,-0.55,95.2064,-0.3543,2628000.0,51455250.0,740250.0
2026-07-28,LTM,4309.3,4314.3,4336.7,5.0,90.6735,0.5192,304500.0,2912400.0,48000.0
2026-07-28,LUPIN,2395.8,2394.1,2410.4,-1.7,91.5325,0.6808,502775.0,5366900.0,68000.0
2026-07-28,M&M,3271.2,3264.7,3286.8,-6.5,88.6869,0.6769,2289800.0,15484800.0,2465600.0
2026-07-28,MANAPPURAM,361.25,362.0,362.75,0.75,86.2915,0.2072,8652000.0,54294000.0,168000.0
2026-07-28,MANKIND,2617.9,2612.8,2631.2,-5.1,89.9579,0.7042,298500.0,2667250.0,6750.0
2026-07-28,MARICO,883.25,882.75,884.7,-0.5,95.5163,0.2209,700800.0,13964400.0,964800.0
2026-07-28,MARUTI,13802.0,13764.0,13713.0,-38.0,89.949,-0.3705,267150.0,2278950.0,111850.0
2026-07-28,MAXHEALTH,1104.8,1103.2,1110.1,-1.6,95.3911,0.6255,473550.0,9755550.0,45675.0
2026-07-28,MAZDOCK,2295.8,2289.0,2297.0,-6.8,94.1717,0.3495,318150.0,4904100.0,236475.0
2026-07-28,MCX,2713.3,2709.1,2720.1,-4.2,89.5751,0.406,841950.0,6945525.0,288900.0
2026-07-28,MFSL,1506.9,1502.2,1512.7,-4.7,93.5279,0.699,641200.0,9232400.0,33600.0
2026-07-28,MOTHERSON,147.86,147.91,148.72,0.05,91.9751,0.5476,11322150.0,128473500.0,1291500.0
2026-07-28,MOTILALOFS,856.15,856.2,861.75,0.05,95.856,0.6482,306900.0,6959500.0,139500.0
2026-07-28,MPHASIS,2413.5,2414.4,2422.3,0.9,85.8453,0.3272,696300.0,4199525.0,23375.0
2026-07-28,MUTHOOTFIN,3014.3,3010.6,3033.4,-3.7,93.0971,0.7573,505175.0,6758675.0,54450.0
2026-07-28,NAM-INDIA,1150.3,1146.0,1141.3,-4.3,96.8574,-0.4101,226250.0,6956875.0,16250.0
2026-07-28,NATIONALUM,334.55,334.6,336.3,0.05,88.2186,0.5081,5990625.0,43537500.0,1320000.0
2026-07-28,NAUKRI,1236.15,1233.4,1240.55,-2.75,93.1166,0.5797,1098350.0,14573350.0,284900.0
2026-07-28,NBCC,94.51,94.43,94.9,-0.08,93.1162,0.4977,7637500.0,100873500.0,2437500.0
2026-07-28,NESTLEIND,1491.8,1487.0,1494.5,-4.8,91.5771,0.5044,1022500.0,9842500.0,1274500.0
2026-07-28,NHPC,78.28,78.09,78.2,-0.19,90.557,0.1409,13302300.0,124933200.0,2634050.0
2026-07-28,NMDC,83.92,83.89,84.22,-0.03,89.1481,0.3934,45967500.0,342063000.0,35559000.0
2026-07-28,NTPC,343.75,343.0,345.3,-0.75,96.8946,0.6706,4101000.0,99636000.0,28321500.0
2026-07-28,NYKAA,329.6,329.8,330.85,0.2,89.5487,0.3184,5153125.0,43693750.0,459375.0
2026-07-28,OBEROIRLTY,1829.5,1826.5,1839.4,-3.0,77.3593,0.7063,1626450.0,5499200.0,58100.0
2026-07-28,OFSS,11334.0,11348.0,11402.0,14.0,94.3113,0.4759,79500.0,1297500.0,20500.0
2026-07-28,OIL,444.6,443.55,444.5,-1.05,89.5209,0.2142,1880200.0,15873200.0,189000.0
2026-07-28,ONGC,238.91,238.98,239.89,0.07,81.455,0.3808,14505750.0,53444250.0,10269000.0
2026-07-28,PAGEIND,40370.0,40390.0,40500.0,20.0,78.139,0.2723,69260.0,245840.0,1720.0
2026-07-28,PATANJALI,342.95,342.85,344.4,-0.1,94.4195,0.4521,1818900.0,30189225.0,585875.0
2026-07-28,PAYTM,1307.9,1307.3,1314.0,-0.6,89.2508,0.5125,2739775.0,20832150.0,1916175.0
2026-07-28,PERSISTENT,5428.4,5447.3,5445.1,18.9,78.8112,-0.0404,970500.0,3561500.0,48250.0
2026-07-28,PETRONET,277.8,277.8,279.25,0.0,94.9031,0.522,1683400.0,31161900.0,182400.0
2026-07-28,PFC,419.9,420.35,417.45,0.45,84.732,-0.6899,9141600.0,46313800.0,4418700.0
2026-07-28,PGEL,585.45,583.7,587.05,-1.75,93.0687,0.5739,758100.0,10063350.0,115900.0
2026-07-28,PHOENIXLTD,2023.2,2025.2,2036.7,2.0,96.3048,0.5678,129150.0,3352300.0,13650.0
2026-07-28,PIDILITIND,1619.6,1622.1,1631.0,2.5,95.6368,0.5487,377000.0,7628500.0,635000.0
2026-07-28,PIIND,2706.6,2710.0,2711.0,3.4,95.0869,0.0369,145425.0,2752050.0,62475.0
2026-07-28,PNB,111.65,111.41,112.11,-0.24,96.1269,0.6283,12488000.0,294848000.0,15096000.0
2026-07-28,PNBHOUSING,1069.4,1065.6,1065.2,-3.8,88.7996,-0.0375,950950.0,7515950.0,23400.0
2026-07-28,POLICYBZR,1583.3,1583.2,1592.2,-0.1,90.1564,0.5685,1029000.0,9379650.0,44800.0
2026-07-28,POLYCAB,9121.5,9112.0,9158.5,-9.5,89.418,0.5103,276125.0,2289125.0,44125.0
2026-07-28,POWERGRID,285.3,285.1,286.15,-0.2,89.972,0.3683,6591100.0,42119200.0,17016400.0
2026-07-28,POWERINDIA,31130.0,31070.0,31250.0,-60.0,94.354,0.5793,31050.0,514175.0,4725.0
2026-07-28,PREMIERENE,1016.9,1015.3,1022.0,-1.6,94.7951,0.6599,360750.0,6498700.0,71500.0
2026-07-28,PRESTIGE,1682.3,1687.7,1691.9,5.4,95.6149,0.2489,230400.0,5007150.0,16650.0
2026-07-28,RADICO,4289.6,4286.9,4314.8,-2.7,91.4166,0.6508,79800.0,839100.0,10800.0
2026-07-28,RBLBANK,364.9,364.05,366.2,-0.85,96.829,0.5906,1492250.0,45291375.0,276225.0
2026-07-28,RECLTD,368.45,368.4,365.05,-0.05,94.6939,-0.9093,2406600.0,41780025.0,1168650.0
2026-07-28,RELIANCE,1267.7,1268.9,1275.8,1.2,93.8913,0.5438,7861000.0,104917500.0,15906000.0
2026-07-28,RVNL,221.33,221.48,222.54,0.15,91.56,0.4786,3490025.0,34186075.0,3674825.0
2026-07-28,SAIL,165.85,165.81,166.71,-0.04,96.3572,0.5428,7360200.0,191468600.0,3219500.0
2026-07-28,SBICARD,654.9,653.85,657.6,-1.05,96.3853,0.5735,842400.0,21706400.0,756000.0
2026-07-28,SBILIFE,1889.1,1886.5,1893.5,-2.6,92.5337,0.3711,605250.0,6981000.0,520125.0
2026-07-28,SBIN,1013.2,1011.8,1017.7,-1.4,92.2125,0.5831,7656750.0,80728500.0,9936000.0
2026-07-28,SHREECEM,26875.0,26960.0,26770.0,85.0,93.6931,-0.7047,21125.0,312400.0,1425.0
2026-07-28,SHRIRAMFIN,1040.9,1039.0,1044.6,-1.9,97.5313,0.539,827475.0,27603675.0,5087775.0
2026-07-28,SIEMENS,3681.0,3678.8,3590.3,-2.2,96.3487,-2.4057,139125.0,3638250.0,32900.0
2026-07-28,SOLARINDS,18244.0,18249.0,18337.0,5.0,96.3335,0.4822,32450.0,769850.0,82750.0
2026-07-28,SONACOMS,713.0,714.4,717.15,1.4,72.3939,0.3849,4168675.0,10824100.0,107800.0
2026-07-28,SRF,2633.5,2638.0,2651.7,4.5,93.199,0.5193,326000.0,4409400.0,58000.0
2026-07-28,SUNPHARMA,1976.7,1971.9,1984.9,-4.8,81.7059,0.6593,3700200.0,14208950.0,2317000.0
2026-07-28,SUPREMEIND,3395.4,3397.5,3415.7,2.1,95.0615,0.5357,118825.0,2263450.0,23800.0
2026-07-28,SUZLON,48.02,48.02,48.34,0.0,95.1317,0.6664,23393400.0,440258200.0,16878300.0
2026-07-28,SWIGGY,268.47,269.08,269.33,0.61,91.0662,0.0929,5414775.0,53992625.0,1202675.0
2026-07-28,TATACONSUM,1082.1,1083.0,1089.0,0.9,96.5301,0.554,621500.0,15449500.0,1840300.0
2026-07-28,TATAELXSI,3581.8,3585.9,3604.4,4.1,89.0757,0.5159,355000.0,2727875.0,166750.0
2026-07-28,TATAPOWER,371.35,370.7,372.8,-0.65,93.4025,0.5665,4902450.0,64336500.0,5069200.0
2026-07-28,TATASTEEL,182.63,182.74,183.63,0.11,90.7186,0.487,19643250.0,161598250.0,30398500.0
2026-07-28,TCS,2398.0,2391.4,2405.4,-6.6,84.7437,0.5854,6375375.0,34182900.0,1230300.0
2026-07-28,TECHM,1635.2,1630.4,1631.6,-4.8,87.4111,0.0736,2549400.0,17571000.0,130800.0
2026-07-28,TIINDIA,2825.2,2827.8,2842.3,2.6,97.1475,0.5128,56200.0,1907000.0,7000.0
2026-07-28,TITAN,4849.4,4843.9,4866.5,-5.5,87.2293,0.4666,933800.0,5808600.0,569625.0
2026-07-28,TMPV,324.4,324.65,326.2,0.25,88.259,0.4774,11403200.0,78636800.0,7083200.0
2026-07-28,TORNTPHARM,4898.3,4896.3,4922.0,-2.0,92.087,0.5249,370625.0,4284125.0,29000.0
2026-07-28,TRENT,2930.7,2929.4,2938.8,-1.3,93.9666,0.3209,741825.0,11282400.0,271125.0
2026-07-28,TVSMOTOR,3993.4,3989.7,4006.9,-3.7,96.9005,0.4311,388325.0,11655350.0,485100.0
2026-07-28,ULTRACEMCO,11956.0,11924.0,12005.0,-32.0,94.1673,0.6793,125050.0,1739950.0,278950.0
2026-07-28,UNIONBANK,168.24,168.03,169.22,-0.21,88.6765,0.7082,15730875.0,120227250.0,2964750.0
2026-07-28,UNITDSPR,1508.8,1509.1,1518.2,0.3,87.7706,0.603,1143200.0,8153200.0,51600.0
2026-07-28,UNOMINDA,1163.9,1162.8,1170.4,-1.1,95.8712,0.6536,202400.0,4664550.0,35200.0
2026-07-28,UPL,599.65,599.6,603.2,-0.05,95.341,0.6004,1501340.0,30441430.0,281840.0
2026-07-28,VBL,430.0,430.6,432.3,0.6,92.0803,0.3948,5071950.0,57719250.0,1250775.0
2026-07-28,VEDL,259.35,259.2,260.35,-0.15,84.6933,0.4437,9187350.0,49706450.0,1128150.0
2026-07-28,VMM,109.57,109.37,109.91,-0.2,88.8541,0.4937,5703600.0,41040700.0,4428050.0
2026-07-28,VOLTAS,1311.1,1311.6,1318.4,0.5,87.1253,0.5185,1085625.0,7263000.0,83625.0
2026-07-28,WAAREEENER,2694.3,2697.0,2702.7,2.7,96.4068,0.2113,266175.0,6982325.0,159250.0
2026-07-28,WIPRO,181.12,181.67,179.44,0.55,85.5814,-1.2275,46113000.0,263385000.0,10317000.0
2026-07-28,YESBANK,22.81,22.76,22.89,-0.05,95.0027,0.5712,66989400.0,1198003100.0,75510800.0
2026-07-28,ZYDUSLIFE,1099.2,1099.5,1105.4,0.3,96.8722,0.5366,318600.0,9780300.0,87300.0
2026-08-25,360ONE,1209.95,1204.9,1212.2,-5.05,87.1326,0.6059,521000.0,3498000.0,30000.0
2026-08-25,ABB,7628.27,7637.5,7691.0,9.23,87.416,0.7005,252750.0,1729250.0,26500.0
2026-08-25,ABCAPITAL,410.83,407.55,410.8,-3.28,96.7312,0.7974,1345400.0,39013500.0,799800.0
2026-08-25,ADANIENSOL,1594.36,1585.6,1593.3,-8.76,92.9447,0.4856,1402650.0,18331650.0,146475.0
2026-08-25,ADANIENT,3109.92,3101.8,3119.6,-8.12,95.9635,0.5739,669603.0,15784338.0,134724.0
2026-08-25,ADANIGREEN,1329.86,1330.5,1341.3,0.64,95.3944,0.8117,1272000.0,26070600.0,276000.0
2026-08-25,ADANIPORTS,1702.65,1697.3,1707.9,-5.35,93.5147,0.6245,1417400.0,19885875.0,552425.0
2026-08-25,ADANIPOWER,206.33,207.12,208.48,0.79,95.3807,0.6566,8086900.0,161070600.0,5910750.0
2026-08-25,ALKEM,5367.26,5337.5,5369.0,-29.76,93.225,0.5902,95875.0,1241875.0,77375.0
2026-08-25,AMBER,7431.23,7452.0,7502.5,20.77,91.219,0.6777,132400.0,1360400.0,15000.0
2026-08-25,AMBUJACEM,413.04,411.25,414.85,-1.79,96.051,0.8754,3873600.0,91902000.0,2316000.0
2026-08-25,ANGELONE,300.85,301.6,302.85,0.75,85.9357,0.4145,5012500.0,29335000.0,1292500.0
2026-08-25,APLAPOLLO,2139.31,2158.5,2152.9,19.19,96.0462,-0.2594,361900.0,8772050.0,19250.0
2026-08-25,APOLLOHOSP,8888.94,8829.0,8892.5,-59.94,93.9044,0.7192,167500.0,2296375.0,284000.0
2026-08-25,ASHOKLEY,174.66,175.07,175.92,0.41,90.839,0.4855,13480000.0,129900000.0,3765000.0
2026-08-25,ASIANPAINT,2639.8,2636.5,2657.8,-3.3,82.7502,0.8079,1848750.0,7987500.0,881250.0
2026-08-25,ASTRAL,1539.92,1546.2,1518.5,6.28,91.1351,-1.7915,686375.0,6825925.0,230350.0
2026-08-25,AUBANK,1128.6,1125.1,1133.8,-3.5,94.6945,0.7733,1279000.0,20432000.0,2396000.0
2026-08-25,AUROPHARMA,1617.68,1617.5,1627.9,-0.18,97.1116,0.643,302500.0,10098550.0,72050.0
2026-08-25,AXISBANK,1235.0,1232.8,1242.4,-2.2,96.1097,0.7787,4028125.0,97880625.0,1633750.0
2026-08-25,BAJAJ-AUTO,11926.98,11867.0,11951.0,-59.98,87.314,0.7078,254475.0,1738875.0,12600.0
2026-08-25,BAJAJFINSV,2003.97,2006.1,2018.5,2.13,94.3537,0.6181,535200.0,8469600.0,474000.0
2026-08-25,BAJAJHLDNG,11290.0,11222.0,11269.0,-68.0,69.3575,0.4188,111600.0,250350.0,2250.0
2026-08-25,BAJFINANCE,1087.35,1083.2,1092.2,-4.15,90.8316,0.8309,6804750.0,60657000.0,6758250.0
2026-08-25,BANDHANBNK,173.51,172.94,174.39,-0.57,89.7261,0.8384,13690800.0,117309600.0,2257200.0
2026-08-25,BANKBARODA,241.04,241.15,243.12,0.11,95.6461,0.8169,6753825.0,143193375.0,5174325.0
2026-08-25,BANKINDIA,143.96,143.65,144.86,-0.31,94.596,0.8423,4758000.0,81411200.0,1877200.0
2026-08-25,BDL,1359.74,1358.8,1359.3,-0.94,75.7219,0.0368,1847475.0,5496100.0,266050.0
2026-08-25,BEL,413.24,412.85,415.1,-0.39,92.3496,0.545,9007425.0,101933100.0,6797250.0
2026-08-25,BHARATFORG,2052.42,2040.4,2056.4,-12.02,92.9022,0.7842,624000.0,8059000.0,108500.0
2026-08-25,BHARTIARTL,1947.0,1942.9,1957.4,-4.1,96.987,0.7463,1825425.0,50442150.0,8318200.0
2026-08-25,BHEL,416.98,418.8,420.8,1.82,95.6605,0.4776,3386250.0,72925125.0,1722000.0
2026-08-25,BIOCON,417.16,415.55,418.95,-1.61,87.2843,0.8182,7315000.0,49627500.0,585000.0
2026-08-25,BLUESTARCO,1514.99,1509.9,1506.5,-5.09,93.6396,-0.2252,359125.0,5199350.0,87750.0
2026-08-25,BOSCHLTD,48680.0,48565.0,48730.0,-115.0,88.5362,0.3398,25825.0,183475.0,15975.0
2026-08-25,BPCL,318.1,318.3,320.85,0.2,86.2075,0.8011,6019800.0,33264925.0,4360800.0
2026-08-25,BRITANNIA,5382.02,5347.0,5383.0,-35.02,83.2926,0.6733,426875.0,2115000.0,13125.0
2026-08-25,BSE,3303.0,3311.2,3331.3,8.2,89.8808,0.607,1334400.0,11199000.0,653400.0
2026-08-25,CAMS,749.82,745.9,753.15,-3.92,91.5356,0.972,954525.0,10105425.0,216975.0
2026-08-25,CANBK,128.8,127.73,128.75,-1.07,97.1565,0.7986,11286000.0,367949250.0,17664750.0
2026-08-25,CDSL,1394.8,1392.7,1403.7,-2.1,95.0135,0.7898,579975.0,10685600.0,365275.0
2026-08-25,CGPOWER,878.52,878.2,884.55,-0.32,95.3334,0.7231,923950.0,18529150.0,345950.0
2026-08-25,CHOLAFIN,1872.93,1866.4,1878.7,-6.53,94.411,0.659,893125.0,14635000.0,451875.0
2026-08-25,CIPLA,1421.99,1418.9,1429.3,-3.09,94.4231,0.733,648550.0,10633500.0,347225.0
2026-08-25,COALINDIA,404.0,402.25,400.35,-1.75,94.9267,-0.4723,4839750.0,89017650.0,1539000.0
2026-08-25,COCHINSHIP,1518.28,1519.8,1533.3,1.52,88.73,0.8883,652400.0,5062800.0,73600.0
2026-08-25,COFORGE,1892.79,1904.7,1912.6,11.91,90.1033,0.4148,1511450.0,13646275.0,114475.0
2026-08-25,COLPAL,1876.8,1867.6,1883.8,-9.2,89.7756,0.8674,695475.0,5780225.0,326425.0
2026-08-25,CONCOR,515.93,516.85,519.65,0.92,89.6302,0.5417,2502500.0,21190000.0,440000.0
2026-08-25,CROMPTON,243.02,243.05,244.8,0.03,95.8702,0.72,2840150.0,64527950.0,1403950.0
2026-08-25,CUMMINSIND,5239.34,5231.5,5262.0,-7.84,87.0436,0.583,723200.0,4692000.0,166600.0
2026-08-25,DABUR,395.04,395.0,397.7,-0.04,94.9522,0.6835,1636250.0,28953750.0,1825000.0
2026-08-25,DELHIVERY,447.95,446.6,449.45,-1.35,93.1627,0.6382,1867500.0,24980925.0,464800.0
2026-08-25,DIVISLAB,8743.27,8739.0,8776.0,-4.27,93.1314,0.4234,230600.0,3061100.0,65600.0
2026-08-25,DIXON,14990.0,15115.0,14270.0,125.0,93.8934,-5.5905,199550.0,2938350.0,129850.0
2026-08-25,DLF,682.95,684.4,688.3,1.45,86.9946,0.5698,6866600.0,45110750.0,820800.0
2026-08-25,DMART,3909.61,3917.2,3921.4,7.59,92.7467,0.1072,381300.0,4816950.0,58650.0
2026-08-25,DRREDDY,1193.47,1184.8,1186.1,-8.67,90.3809,0.1097,1859375.0,17231250.0,239375.0
2026-08-25,EICHERMOT,8055.0,8044.0,8108.5,-11.0,91.7056,0.8018,317400.0,3265200.0,244100.0
2026-08-25,ETERNAL,330.82,329.3,329.95,-1.52,85.49,0.1974,22996275.0,133059750.0,2429850.0
2026-08-25,FEDERALBNK,346.95,345.15,348.25,-1.8,91.2469,0.8982,8485000.0,84120000.0,4332500.0
2026-08-25,FORCEMOT,17431.0,17489.0,17539.0,58.0,91.2007,0.2859,23725.0,236325.0,9575.0
2026-08-25,FORTIS,923.95,923.45,928.1,-0.5,88.38,0.5035,1732125.0,13078125.0,96100.0
2026-08-25,GAIL,175.49,174.11,174.76,-1.38,91.5238,0.3733,7387550.0,75501400.0,4267100.0
2026-08-25,GLENMARK,2399.99,2398.0,2406.8,-1.99,91.8922,0.367,985125.0,11148750.0,16500.0
2026-08-25,GMRAIRPORT,99.84,99.25,100.01,-0.59,93.6088,0.7657,9765000.0,138753675.0,4268700.0
2026-08-25,GODFRYPHLP,2107.28,2085.9,2108.9,-21.38,81.5653,1.1026,331650.0,1421475.0,45925.0
2026-08-25,GODREJCP,929.0,928.9,934.6,-0.1,87.5571,0.6136,2031000.0,13702500.0,589000.0
2026-08-25,GODREJPROP,2048.59,2055.6,2065.0,7.01,94.0728,0.4573,530075.0,7803900.0,609050.0
2026-08-25,GRASIM,3289.58,3274.8,3280.5,-14.78,87.7994,0.1741,1342250.0,9343500.0,315750.0
2026-08-25,GVT&D,4184.5,4196.4,4216.1,11.9,84.2637,0.4695,566250.0,2741875.0,290250.0
2026-08-25,HAL,4899.91,4887.6,4929.7,-12.31,88.8911,0.8614,762450.0,5913450.0,187500.0
2026-08-25,HAVELLS,1269.1,1262.5,1270.7,-6.6,91.8214,0.6495,605500.0,6465500.0,332500.0
2026-08-25,HCLTECH,1315.79,1312.6,1321.2,-3.19,97.0105,0.6552,801200.0,25640400.0,358800.0
2026-08-25,HDFCAMC,2697.92,2673.5,2692.2,-24.42,95.2553,0.6995,319800.0,6366600.0,53700.0
2026-08-25,HDFCBANK,727.49,723.6,729.1,-3.89,94.8626,0.7601,20650500.0,347535500.0,33777250.0
2026-08-25,HDFCLIFE,546.7,547.4,551.3,0.7,96.4135,0.7125,2041600.0,53226800.0,1655500.0
2026-08-25,HEROMOTOCO,5624.48,5621.0,5669.5,-3.48,83.4322,0.8628,787350.0,3832200.0,132750.0
2026-08-25,HINDALCO,1051.05,1045.55,1053.0,-5.5,94.1702,0.7125,2975700.0,47389300.0,678300.0
2026-08-25,HINDPETRO,373.2,374.2,377.35,1.0,85.2915,0.8418,7136100.0,39657600.0,1723275.0
2026-08-25,HINDUNILVR,2024.2,2027.2,2040.8,3.0,92.4655,0.6709,1401600.0,16032300.0,1168500.0
2026-08-25,HINDZINC,592.48,592.15,596.3,-0.33,91.2451,0.7008,2800350.0,28480025.0,705600.0
2026-08-25,HYUNDAI,2232.46,2236.3,2224.7,3.84,90.4237,-0.5187,346225.0,3253250.0,15950.0
2026-08-25,ICICIBANK,1422.7,1421.2,1433.5,-1.5,94.8129,0.8655,5833100.0,94952900.0,11667600.0
2026-08-25,ICICIGI,1616.0,1611.6,1620.7,-4.4,91.3378,0.5647,527150.0,5279950.0,278525.0
2026-08-25,ICICIPRULI,509.94,509.95,514.35,0.01,96.3027,0.8628,633625.0,15616775.0,887075.0
2026-08-25,IDEA,15.19,15.2,15.34,0.01,98.0326,0.9211,118862925.0,5791547775.0,131156625.0
2026-08-25,IDFCFIRSTB,85.0,85.25,85.84,0.25,97.0066,0.6921,11732875.0,371333900.0,8894725.0
2026-08-25,IEX,124.21,124.39,125.35,0.18,96.0105,0.7718,3105900.0,73319250.0,1426800.0
2026-08-25,INDHOTEL,730.0,730.5,735.15,0.5,97.7873,0.6366,590000.0,25248000.0,826000.0
2026-08-25,INDIANB,878.0,881.95,886.75,3.95,82.1549,0.5442,2019000.0,9007000.0,288000.0
2026-08-25,INDIGO,5218.02,5208.5,5242.5,-9.52,94.8939,0.6528,350700.0,6289650.0,227850.0
2026-08-25,INDUSINDBK,1015.0,1005.5,1009.7,-9.5,96.6131,0.4177,1229900.0,34606600.0,477400.0
2026-08-25,INDUSTOWER,387.24,384.85,387.25,-2.39,98.136,0.6236,1948200.0,101413500.0,1157700.0
2026-08-25,INFY,1143.97,1135.2,1141.5,-8.77,89.4946,0.555,8928000.0,74566000.0,1490800.0
2026-08-25,INOXWIND,73.73,73.3,73.82,-0.43,95.9379,0.7094,5337600.0,120115200.0,5945600.0
2026-08-25,IOC,139.0,138.64,139.86,-0.36,86.6416,0.88,23716875.0,147693000.0,6132750.0
2026-08-25,IREDA,120.56,121.66,113.35,1.1,94.8534,-6.8305,5543125.0,92531725.0,9629200.0
2026-08-25,IRFC,85.44,85.36,85.91,-0.08,93.6549,0.6443,6830075.0,90776525.0,10036250.0
2026-08-25,ITC,271.4,270.3,272.55,-1.1,91.1183,0.8324,17826150.0,170811225.0,12069825.0
2026-08-25,JINDALSTEL,1154.09,1152.6,1157.8,-1.49,90.0052,0.4512,1690625.0,14456875.0,767500.0
2026-08-25,JIOFIN,243.13,243.3,245.05,0.17,95.6917,0.7193,10577350.0,221283050.0,13651150.0
2026-08-25,JSWENERGY,548.12,545.3,549.45,-2.82,96.555,0.761,965350.0,26789000.0,267675.0
2026-08-25,JSWSTEEL,1320.31,1319.6,1324.0,-0.71,96.4216,0.3334,1514025.0,39856725.0,939600.0
2026-08-25,JUBLFOOD,514.84,517.6,505.8,2.76,78.2968,-2.2798,6470000.0,22795000.0,546250.0
2026-08-25,KALYANKJIL,612.28,615.15,616.7,2.87,91.2161,0.252,2998350.0,30881250.0,255150.0
2026-08-25,KAYNES,3935.7,3937.1,3958.6,1.4,87.8504,0.5461,468750.0,3293700.0,95700.0
2026-08-25,KEI,5587.75,5556.8,5560.6,-30.95,82.3599,0.0684,339325.0,1575700.0,8575.0
2026-08-25,KFINTECH,966.0,961.2,966.65,-4.8,83.0674,0.567,1037300.0,4907050.0,181700.0
2026-08-25,KOTAKBANK,401.6,399.85,403.2,-1.75,96.8948,0.8378,6250000.0,175416000.0,19612000.0
2026-08-25,KPITTECH,591.65,592.9,594.75,1.25,86.4786,0.312,1823575.0,11203400.0,459575.0
2026-08-25,LAURUSLABS,1866.2,1865.3,1870.6,-0.9,82.2127,0.2841,3417850.0,15530350.0,266900.0
2026-08-25,LICHSGFIN,506.0,506.5,510.35,0.5,94.3343,0.7601,2103000.0,34335000.0,680000.0
2026-08-25,LICI,423.97,424.8,428.4,0.83,80.9427,0.8475,10935400.0,45484600.0,961800.0
2026-08-25,LODHA,1281.1,1289.2,1247.6,8.1,93.219,-3.2268,771250.0,10386875.0,215625.0
2026-08-25,LT,4118.99,4106.3,4138.9,-12.69,88.5474,0.7939,1646750.0,12083400.0,648725.0
2026-08-25,LTF,319.5,318.5,320.95,-1.0,93.7085,0.7692,3109500.0,45571500.0,742500.0
2026-08-25,LTM,4527.85,4508.7,4530.2,-19.15,94.5631,0.4769,224100.0,3833400.0,64350.0
2026-08-25,LUPIN,2175.5,2179.4,2194.4,3.9,89.941,0.6883,928200.0,8159150.0,140250.0
2026-08-25,M&M,3442.95,3441.4,3445.5,-1.55,89.5168,0.1191,1445000.0,12045200.0,293800.0
2026-08-25,MANAPPURAM,367.03,365.55,368.85,-1.48,96.6094,0.9027,2226000.0,63237000.0,189000.0
2026-08-25,MANKIND,2365.01,2367.9,2387.1,2.89,93.4382,0.8108,213750.0,3016000.0,27750.0
2026-08-25,MARICO,847.48,843.5,849.3,-3.98,95.858,0.6876,729600.0,16130400.0,754800.0
2026-08-25,MARUTI,13677.85,13649.0,13768.0,-28.85,88.31,0.8719,282400.0,1739000.0,394350.0
2026-08-25,MAXHEALTH,1016.0,1012.8,1017.2,-3.2,89.8616,0.4344,1442175.0,11343675.0,1439025.0
2026-08-25,MAZDOCK,2609.91,2604.7,2614.7,-5.21,86.0937,0.3839,725625.0,4387725.0,104625.0
2026-08-25,MCX,3279.9,3278.0,3297.6,-1.9,64.3864,0.5979,3815100.0,6689700.0,207675.0
2026-08-25,MFSL,1592.5,1589.0,1599.8,-3.5,92.3395,0.6797,726400.0,8736400.0,19600.0
2026-08-25,MOTHERSON,166.43,165.49,166.9,-0.94,91.9589,0.852,11746500.0,128879400.0,5455050.0
2026-08-25,MOTILALOFS,1011.37,1012.4,1018.45,1.03,89.4105,0.5976,786625.0,6579750.0,62000.0
2026-08-25,MPHASIS,2431.9,2407.7,2426.4,-24.2,93.3411,0.7767,312400.0,4363700.0,15400.0
2026-08-25,MUTHOOTFIN,3201.18,3218.6,3230.8,17.42,86.8093,0.379,893475.0,5668300.0,211750.0
2026-08-25,NAM-INDIA,1224.4,1236.7,1235.6,12.3,97.1358,-0.0889,231875.0,7831875.0,31875.0
2026-08-25,NATIONALUM,397.78,396.05,398.05,-1.73,92.7941,0.505,2968125.0,37704375.0,517500.0
2026-08-25,NAUKRI,1350.01,1343.2,1355.2,-6.81,84.6897,0.8934,2458500.0,13300650.0,298650.0
2026-08-25,NBCC,89.49,89.11,89.37,-0.38,95.7716,0.2918,4491500.0,99190000.0,2541500.0
2026-08-25,NESTLEIND,1479.0,1479.2,1486.6,0.2,92.8317,0.5003,744000.0,9563500.0,71500.0
2026-08-25,NHPC,76.62,76.71,76.17,0.09,94.8105,-0.7039,7214100.0,127977300.0,3822500.0
2026-08-25,NMDC,85.93,85.57,86.24,-0.36,97.7114,0.783,8552250.0,333963000.0,31178250.0
2026-08-25,NTPC,339.85,337.7,336.95,-2.15,95.2256,-0.2221,6418500.0,126712500.0,1303500.0
2026-08-25,NYKAA,333.99,334.0,336.95,0.01,83.9663,0.8832,8034375.0,41562500.0,512500.0
2026-08-25,OBEROIRLTY,1879.9,1878.9,1891.2,-1.0,87.8418,0.6546,644350.0,4621050.0,34300.0
2026-08-25,OFSS,11728.84,11645.0,11677.0,-83.84,89.5901,0.2748,129000.0,1098100.0,12100.0
2026-08-25,OIL,467.51,465.25,466.95,-2.26,81.8231,0.3654,2842000.0,12674200.0,119000.0
2026-08-25,ONGC,234.0,234.16,235.05,0.16,89.2355,0.3801,8741250.0,68679000.0,3784500.0
2026-08-25,PAGEIND,35500.0,35560.0,35760.0,60.0,88.6781,0.5624,29720.0,228840.0,3940.0
2026-08-25,PATANJALI,350.9,349.35,352.25,-1.55,95.3375,0.8301,1625400.0,32905750.0,330025.0
2026-08-25,PAYTM,1717.7,1710.7,1716.4,-7.0,78.6087,0.3332,5136625.0,18612925.0,263175.0
2026-08-25,PERSISTENT,5654.65,5640.0,5673.0,-14.65,90.4505,0.5851,321375.0,3017500.0,26500.0
2026-08-25,PETRONET,292.5,292.75,293.4,0.25,94.9098,0.222,1501000.0,27797000.0,190000.0
2026-08-25,PFC,366.97,365.3,364.55,-1.67,92.6165,-0.2053,7133100.0,86914100.0,2561000.0
2026-08-25,PGEL,592.84,595.85,600.2,3.01,92.6392,0.73,955700.0,11855050.0,172900.0
2026-08-25,PHOENIXLTD,1930.0,1933.1,1944.2,3.1,84.7747,0.5742,645750.0,3589950.0,5600.0
2026-08-25,PIDILITIND,1651.11,1647.3,1662.9,-3.81,92.5838,0.947,469000.0,5755000.0,100000.0
2026-08-25,PIIND,2506.36,2490.9,2487.8,-15.46,91.0387,-0.1245,371700.0,3621100.0,155050.0
2026-08-25,PNB,115.93,115.98,116.87,0.05,97.3655,0.7674,7744000.0,268792000.0,17408000.0
2026-08-25,PNBHOUSING,1181.48,1180.7,1187.7,-0.78,92.6457,0.5929,746200.0,9344400.0,55900.0
2026-08-25,POLICYBZR,1798.3,1796.4,1808.9,-1.9,90.6513,0.6958,735000.0,6869450.0,257600.0
2026-08-25,POLYCAB,9097.79,9064.0,9129.0,-33.79,93.6833,0.7171,153875.0,2237875.0,44250.0
2026-08-25,POWERGRID,270.99,269.7,272.0,-1.29,93.2354,0.8528,5650600.0,76545300.0,1335700.0
2026-08-25,POWERINDIA,33301.24,33185.0,33420.0,-116.24,92.3189,0.7082,45925.0,484725.0,67250.0
2026-08-25,PREMIERENE,1035.95,1032.7,1039.8,-3.25,91.0469,0.6875,652600.0,6519500.0,117000.0
2026-08-25,PRESTIGE,1623.0,1613.9,1623.1,-9.1,95.3245,0.57,269100.0,5267250.0,219150.0
2026-08-25,RADICO,4630.03,4641.5,4676.8,11.47,90.3399,0.7605,102750.0,955800.0,5100.0
2026-08-25,RBLBANK,384.04,383.55,386.4,-0.49,97.3707,0.7431,1069975.0,39357300.0,266700.0
2026-08-25,RECLTD,326.0,326.55,328.3,0.55,94.453,0.5359,3123225.0,50798475.0,2382975.0
2026-08-25,RELIANCE,1316.95,1311.1,1321.8,-5.85,94.65,0.8161,7613500.0,127637000.0,7058000.0
2026-08-25,RVNL,218.4,218.68,220.17,0.28,90.9958,0.6814,3742200.0,34465200.0,3353350.0
2026-08-25,SAIL,184.58,185.35,186.7,0.77,95.2749,0.7284,9592700.0,162521300.0,30902500.0
2026-08-25,SBICARD,651.0,651.35,653.45,0.35,88.3837,0.3224,3047200.0,22427200.0,757600.0
2026-08-25,SBILIFE,1755.0,1763.1,1775.8,8.1,91.122,0.7203,821625.0,8280750.0,152250.0
2026-08-25,SBIN,1048.0,1044.0,1051.9,-4.0,92.1226,0.7567,8077500.0,83722500.0,10740000.0
2026-08-25,SHREECEM,24440.0,24550.0,24675.0,110.0,94.0778,0.5092,21625.0,339325.0,4200.0
2026-08-25,SHRIRAMFIN,1138.48,1145.2,1149.5,6.72,96.1605,0.3755,1151700.0,28343700.0,500775.0
2026-08-25,SIEMENS,4090.5,4084.7,4093.8,-5.8,89.431,0.2228,406350.0,3405500.0,32900.0
2026-08-25,SOLARINDS,19805.37,19787.0,19920.0,-18.37,92.3952,0.6722,68200.0,784200.0,44400.0
2026-08-25,SONACOMS,808.8,811.3,815.05,2.5,72.3573,0.4622,4318125.0,10882900.0,420175.0
2026-08-25,SRF,2574.87,2567.4,2587.1,-7.47,92.8632,0.7673,350600.0,4511600.0,50400.0
2026-08-25,SUNPHARMA,1921.98,1914.5,1926.3,-7.48,93.2413,0.6163,1227450.0,16782150.0,151550.0
2026-08-25,SUPREMEIND,3593.01,3560.9,3586.5,-32.11,94.2621,0.7189,138600.0,1880900.0,396025.0
2026-08-25,SUZLON,46.75,46.61,46.95,-0.14,94.2779,0.7295,28003500.0,440753500.0,20637500.0
2026-08-25,SWIGGY,287.39,287.8,287.95,0.41,89.2444,0.0521,8626775.0,69271525.0,2308625.0
2026-08-25,TATACONSUM,1060.49,1060.8,1067.8,0.31,95.6413,0.6599,806850.0,17545550.0,158950.0
2026-08-25,TATAELXSI,3663.64,3654.1,3676.0,-9.54,86.2352,0.5993,331750.0,2006000.0,72375.0
2026-08-25,TATAPOWER,370.6,371.8,373.95,1.2,94.2051,0.5783,4268800.0,67339450.0,2056100.0
2026-08-25,TATASTEEL,186.93,185.09,186.19,-1.84,93.8688,0.5943,16084750.0,239109750.0,7150000.0
2026-08-25,TCS,2296.18,2286.7,2301.5,-9.48,92.9536,0.6472,2460150.0,31169475.0,1284075.0
2026-08-25,TECHM,1599.89,1596.9,1604.6,-2.99,91.1249,0.4822,1718400.0,17529600.0,114000.0
2026-08-25,TIINDIA,2887.99,2880.8,2901.5,-7.19,93.6531,0.7186,140800.0,1940200.0,137400.0
2026-08-25,TITAN,5124.7,5123.7,5154.2,-1.0,82.2244,0.5953,1111775.0,4712050.0,430675.0
2026-08-25,TMPV,314.25,314.95,316.9,0.7,90.0354,0.6191,10227200.0,86902400.0,5505600.0
2026-08-25,TORNTPHARM,4931.99,4914.5,4947.0,-17.49,92.7232,0.6613,271625.0,3012250.0,448875.0
2026-08-25,TRENT,2930.0,2937.3,2955.5,7.3,95.6697,0.6196,500625.0,10885500.0,174825.0
2026-08-25,TVSMOTOR,4419.76,4412.9,4446.4,-6.86,87.8413,0.7591,1130850.0,7964425.0,205450.0
2026-08-25,ULTRACEMCO,11539.97,11585.0,11681.0,45.03,95.8008,0.8287,92900.0,1882950.0,236450.0
2026-08-25,UNIONBANK,186.97,187.31,188.48,0.34,92.9622,0.6246,7451700.0,90831975.0,7597725.0
2026-08-25,UNITDSPR,1549.95,1548.6,1557.5,-1.35,94.5025,0.5747,441600.0,7067200.0,524000.0
2026-08-25,UNOMINDA,1253.4,1241.7,1251.0,-11.7,97.2158,0.749,160050.0,5571500.0,17050.0
2026-08-25,UPL,585.0,581.45,586.6,-3.55,89.5178,0.8857,3811615.0,31656865.0,894300.0
2026-08-25,VBL,438.0,436.35,440.0,-1.65,95.6491,0.8365,2551275.0,53279700.0,2806275.0
2026-08-25,VEDL,274.99,274.6,276.75,-0.39,95.4457,0.783,3056700.0,60499200.0,3560400.0
2026-08-25,VMM,112.46,111.89,111.91,-0.57,95.091,0.0179,2589900.0,49508800.0,659600.0
2026-08-25,VOLTAS,1243.0,1241.3,1251.0,-1.7,78.5121,0.7814,2745750.0,9852000.0,180375.0
2026-08-25,WAAREEENER,2655.08,2650.2,2657.8,-4.88,96.3247,0.2868,268100.0,6813625.0,212975.0
2026-08-25,WIPRO,180.09,179.82,178.98,-0.27,91.4457,-0.4671,19167000.0,197907000.0,6990000.0
2026-08-25,YESBANK,22.5,22.48,22.65,-0.02,95.0829,0.7562,58654600.0,982231300.0,151985700.0
2026-08-25,ZYDUSLIFE,1124.82,1123.4,1127.3,-1.42,72.2972,0.3472,3657600.0,9341100.0,204300.0
2026-09-29,360ONE,1029.2,1045.0,1038.0,15.8,86.8578,-0.6699,648500.0,4226000.0,60000.0
2026-09-29,ABB,6660.54,6831.0,6855.5,170.46,88.2426,0.3587,211750.0,1560375.0,28875.0
2026-09-29,ABCAPITAL,378.0,379.95,382.9,1.95,95.1536,0.7764,2073900.0,40312400.0,406100.0
2026-09-29,ADANIENSOL,1305.84,1317.2,1326.6,11.36,94.1807,0.7136,1436400.0,22960800.0,286200.0
2026-09-29,ADANIENT,2972.88,2930.6,2926.0,-42.28,94.1693,-0.157,1016610.0,15454635.0,964080.0
2026-09-29,ADANIGREEN,1259.96,1252.9,1260.4,-7.06,96.648,0.5986,856800.0,24459600.0,244800.0
2026-09-29,ADANIPORTS,1821.96,1787.8,1794.2,-34.16,87.5003,0.358,2374525.0,15342500.0,1279650.0
2026-09-29,ADANIPOWER,196.3,198.59,200.4,2.29,94.9245,0.9114,11551700.0,210131600.0,5914300.0
2026-09-29,ALKEM,5249.99,5296.0,5324.0,46.01,93.6753,0.5287,127000.0,1875250.0,5750.0
2026-09-29,AMBER,6606.9,6656.0,6699.0,49.1,88.9991,0.646,149700.0,1194700.0,16400.0
2026-09-29,AMBUJACEM,365.77,369.25,371.45,3.48,97.4789,0.5958,2504400.0,94880400.0,1952400.0
2026-09-29,ANGELONE,273.51,275.5,277.8,1.99,94.0762,0.8348,2080000.0,31760000.0,1272500.0
2026-09-29,APLAPOLLO,2188.6,2202.9,2217.3,14.3,95.848,0.6537,640150.0,14544250.0,233450.0
2026-09-29,APOLLOHOSP,8659.03,8695.5,8739.0,36.47,96.0882,0.5003,94875.0,2088750.0,241750.0
2026-09-29,ASHOKLEY,153.44,154.02,155.12,0.58,90.9807,0.7142,12315000.0,119875000.0,4350000.0
2026-09-29,ASIANPAINT,2415.0,2415.7,2426.0,0.7,90.6948,0.4264,730250.0,6608500.0,509000.0
2026-09-29,ASTRAL,1375.0,1371.5,1381.2,-3.5,87.0722,0.7073,772225.0,5115300.0,85850.0
2026-09-29,ATHERENERG,1407.15,1422.6,1428.2,15.45,84.6816,0.3936,1034625.0,5495250.0,224250.0
2026-09-29,AUBANK,1005.19,998.7,1004.1,-6.49,95.0403,0.5407,1254000.0,22131000.0,1899000.0
2026-09-29,AUROPHARMA,1697.73,1708.0,1717.7,10.27,89.4929,0.5679,1438250.0,12214950.0,35200.0
2026-09-29,AXISBANK,1212.1,1207.6,1213.8,-4.5,96.2004,0.5134,3763750.0,89585000.0,5708750.0
2026-09-29,BAJAJ-AUTO,10811.0,10836.0,10876.0,25.0,89.1857,0.3691,232275.0,1891800.0,23775.0
2026-09-29,BAJAJFINSV,1742.4,1739.0,1751.0,-3.4,88.7797,0.6901,1013700.0,7463700.0,557100.0
2026-09-29,BAJAJHLDNG,10600.06,10761.0,10802.0,160.94,91.1577,0.381,21825.0,225000.0,0.0
2026-09-29,BAJFINANCE,973.8,971.0,977.5,-2.8,90.8475,0.6694,6667500.0,60873750.0,5307750.0
2026-09-29,BANDHANBNK,185.3,183.65,185.14,-1.65,94.5802,0.8113,7880400.0,135828000.0,1692000.0
2026-09-29,BANKBARODA,227.68,229.45,231.11,1.77,95.4318,0.7235,7034625.0,143570700.0,3387150.0
2026-09-29,BANKINDIA,130.12,130.82,132.01,0.7,93.886,0.9096,4908800.0,72826000.0,2553200.0
2026-09-29,BDL,1085.28,1089.9,1098.4,4.62,86.6437,0.7799,1251200.0,7611325.0,505325.0
2026-09-29,BEL,387.75,385.95,387.9,-1.8,82.8732,0.5052,18512175.0,79648950.0,9927975.0
2026-09-29,BHARATFORG,1942.0,1932.6,1947.1,-9.4,88.8895,0.7503,1039500.0,8205000.0,111500.0
2026-09-29,BHARTIARTL,1771.2,1776.1,1790.2,4.9,92.0823,0.7939,4989875.0,53499250.0,4532450.0
2026-09-29,BHEL,413.35,415.15,417.8,1.8,90.1724,0.6383,9187500.0,80592750.0,3706500.0
2026-09-29,BIOCON,377.01,379.15,381.75,2.14,93.1171,0.6857,4032500.0,53577500.0,977500.0
2026-09-29,BLUESTARCO,1529.54,1538.4,1488.0,8.86,93.3882,-3.2761,467675.0,6541925.0,63700.0
2026-09-29,BOSCHLTD,45698.21,46350.0,46525.0,651.79,93.8033,0.3776,12900.0,193075.0,2200.0
2026-09-29,BPCL,299.35,300.25,302.4,0.9,94.8309,0.7161,1896000.0,34442025.0,341675.0
2026-09-29,BRITANNIA,4834.99,4800.0,4828.5,-34.99,90.8054,0.5938,256875.0,2507250.0,29625.0
2026-09-29,BSE,3200.0,3157.9,3187.8,-42.1,79.9022,0.9468,2876600.0,10931600.0,504800.0
2026-09-29,CAMS,666.03,670.0,675.3,3.97,78.8964,0.791,2678775.0,9624450.0,390225.0
2026-09-29,CANBK,119.51,119.64,120.5,0.13,97.228,0.7188,10563750.0,353848500.0,16672500.0
2026-09-29,CDSL,1261.9,1271.0,1280.8,9.1,93.357,0.771,827450.0,11139225.0,489250.0
2026-09-29,CGPOWER,858.07,867.45,873.25,9.38,93.0317,0.6686,1292000.0,16972800.0,276250.0
2026-09-29,CHOLAFIN,1627.3,1635.2,1644.2,7.9,95.2066,0.5504,737500.0,13378125.0,1270000.0
2026-09-29,CIPLA,1379.3,1385.0,1388.8,5.7,79.0247,0.2744,2584850.0,8150650.0,1587800.0
2026-09-29,COALINDIA,425.0,424.05,426.55,-0.95,89.2674,0.5896,11223900.0,91822950.0,1530900.0
2026-09-29,COCHINSHIP,1359.27,1327.6,1305.2,-31.67,90.6628,-1.6873,660400.0,6274400.0,138000.0
2026-09-29,COFORGE,1722.0,1763.4,1775.3,41.4,90.0388,0.6748,1670100.0,14918325.0,177650.0
2026-09-29,COLPAL,1785.14,1806.3,1813.9,21.16,91.6229,0.4207,534875.0,5450225.0,399850.0
2026-09-29,CONCOR,443.53,446.0,449.95,2.47,87.2972,0.8857,3640000.0,23935000.0,1080000.0
2026-09-29,CROMPTON,211.38,213.23,214.48,1.85,96.1208,0.5862,3085250.0,74832900.0,1614650.0
2026-09-29,CUMMINSIND,4800.02,4845.0,4865.0,44.98,89.6019,0.4128,708400.0,5731800.0,372600.0
2026-09-29,DABUR,380.4,379.95,381.65,-0.45,93.6231,0.4474,2002500.0,27385000.0,2015000.0
2026-09-29,DELHIVERY,417.4,417.35,419.85,-0.05,95.6192,0.599,1257450.0,27045550.0,400475.0
2026-09-29,DIVISLAB,9431.02,9497.5,9543.5,66.48,96.4767,0.4843,157700.0,3864400.0,453800.0
2026-09-29,DIXON,13250.73,13305.0,13294.0,54.27,91.1189,-0.0827,253250.0,2505600.0,92700.0
2026-09-29,DLF,653.01,669.3,664.25,16.29,78.0072,-0.7545,10018700.0,35204150.0,331550.0
2026-09-29,DMART,3750.01,3804.8,3823.8,54.79,86.9104,0.4994,629400.0,4132650.0,46350.0
2026-09-29,DRREDDY,1251.89,1242.8,1243.0,-9.09,86.9832,0.0161,3020625.0,19973750.0,211250.0
2026-09-29,EICHERMOT,7179.01,7213.0,7233.0,33.99,88.5598,0.2773,401300.0,3085900.0,20600.0
2026-09-29,ETERNAL,327.85,328.85,330.6,1.0,90.8302,0.5322,14600925.0,141869775.0,2757225.0
2026-09-29,FEDERALBNK,320.2,321.7,323.9,1.5,94.5802,0.6839,5362500.0,82907500.0,10672500.0
2026-09-29,FORCEMOT,16905.68,16947.0,17078.0,41.32,93.3061,0.773,20100.0,268875.0,11300.0
2026-09-29,FORTIS,821.82,827.3,831.35,5.48,96.6545,0.4895,420050.0,10491175.0,1644550.0
2026-09-29,GAIL,170.04,170.8,171.65,0.76,94.81,0.4977,4054100.0,73272000.0,788100.0
2026-09-29,GLENMARK,2441.33,2394.4,2399.9,-46.93,98.7649,0.2297,136875.0,10918875.0,26250.0
2026-09-29,GMRAIRPORT,93.75,94.04,94.36,0.29,91.6324,0.3403,12345750.0,133055100.0,2141325.0
2026-09-29,GODFRYPHLP,1862.92,1895.1,1900.6,32.18,90.2986,0.2902,154550.0,1384900.0,53625.0
2026-09-29,GODREJCP,855.0,855.25,858.5,0.25,86.6104,0.38,1667000.0,10441500.0,341500.0
2026-09-29,GODREJPROP,1634.4,1648.7,1656.0,14.3,94.9946,0.4428,494650.0,9205625.0,182000.0
2026-09-29,GRASIM,3100.0,3094.3,3111.1,-5.7,81.0511,0.5429,1716250.0,7313000.0,28000.0
2026-09-29,GVT&D,4130.34,4131.5,4159.8,1.16,91.0252,0.685,326750.0,3263125.0,50875.0
2026-09-29,HAL,4549.39,4658.4,4687.0,109.01,88.0303,0.6139,764700.0,5235750.0,388200.0
2026-09-29,HAVELLS,1043.33,1049.9,1054.6,6.57,93.7942,0.4477,707000.0,10086000.0,599500.0
2026-09-29,HCLTECH,1222.0,1232.7,1228.4,10.7,87.8992,-0.3488,3290400.0,23710000.0,191200.0
2026-09-29,HDFCAMC,2223.43,2255.0,2267.2,31.57,94.5804,0.541,444600.0,6843000.0,915900.0
2026-09-29,HDFCBANK,722.7,715.4,722.1,-7.3,93.0855,0.9365,28943850.0,365359800.0,24291800.0
2026-09-29,HDFCLIFE,523.55,520.75,525.0,-2.8,93.4201,0.8161,3208700.0,40946400.0,4610100.0
2026-09-29,HEROMOTOCO,5207.52,5242.0,5262.0,34.48,91.249,0.3815,325800.0,3366000.0,31200.0
2026-09-29,HINDALCO,955.2,957.9,963.1,2.7,90.8984,0.5429,4971400.0,46736900.0,2912700.0
2026-09-29,HINDPETRO,349.2,349.0,351.4,-0.2,95.6318,0.6877,1986525.0,42946200.0,544725.0
2026-09-29,HINDUNILVR,1863.8,1869.8,1883.7,6.0,84.7208,0.7434,2994300.0,15342300.0,1260600.0
2026-09-29,HINDZINC,563.32,568.2,571.05,4.88,81.3165,0.5016,5893475.0,25096575.0,553700.0
2026-09-29,HYUNDAI,2100.0,2070.7,2060.3,-29.3,85.9516,-0.5022,602250.0,3647600.0,37125.0
2026-09-29,ICICIBANK,1292.2,1296.2,1306.7,4.0,85.818,0.8101,21816900.0,125041000.0,6977600.0
2026-09-29,ICICIGI,1515.0,1513.7,1517.1,-1.3,90.6956,0.2246,602550.0,5816525.0,56875.0
2026-09-29,ICICIPRULI,444.58,446.55,445.55,1.97,96.282,-0.2239,731675.0,18293725.0,653975.0
2026-09-29,IDEA,13.56,13.51,13.58,-0.05,96.5382,0.5181,237011100.0,6461340000.0,148096200.0
2026-09-29,IDFCFIRSTB,79.46,79.91,80.57,0.45,95.925,0.8259,17808000.0,400884050.0,18318125.0
2026-09-29,IEX,106.4,106.95,107.74,0.55,94.8279,0.7387,4458750.0,79683300.0,2066250.0
2026-09-29,INDHOTEL,714.35,718.35,719.8,4.0,90.0216,0.2019,3326000.0,27149000.0,2857000.0
2026-09-29,INDIANB,795.26,800.5,805.85,5.24,89.6466,0.6683,1081000.0,9256000.0,104000.0
2026-09-29,INDIGO,4872.0,4866.5,4906.0,-5.5,92.9762,0.8117,460350.0,6033600.0,60150.0
2026-09-29,INDUSINDBK,878.08,894.4,900.3,16.32,94.9155,0.6597,2343600.0,41743800.0,2005500.0
2026-09-29,INDUSTOWER,367.53,369.95,372.1,2.42,96.6558,0.5812,3214700.0,89918100.0,2993700.0
2026-09-29,INFY,1015.29,996.6,1002.6,-18.69,89.6551,0.602,8600400.0,72622800.0,1913200.0
2026-09-29,INOXWIND,71.51,72.88,72.87,1.37,96.2713,-0.0137,4448000.0,111820800.0,3020800.0
2026-09-29,IOC,131.34,132.85,133.56,1.51,91.5384,0.5344,12733500.0,133185000.0,4567875.0
2026-09-29,IREDA,111.01,110.78,109.47,-0.23,94.1046,-1.1825,5153975.0,77287000.0,4982025.0
2026-09-29,IRFC,80.22,78.3,77.39,-1.92,87.2317,-1.1622,14137550.0,88904900.0,7681800.0
2026-09-29,ITC,265.1,265.3,267.1,0.2,93.9413,0.6785,10161975.0,148579425.0,8983800.0
2026-09-29,JINDALSTEL,1130.0,1146.1,1150.7,16.1,91.2656,0.4014,1428125.0,14696250.0,226250.0
2026-09-29,JIOFIN,217.56,218.37,219.87,0.81,94.317,0.6869,13545400.0,205068050.0,19735300.0
2026-09-29,JSWENERGY,501.14,497.1,500.0,-4.04,96.203,0.5834,1107250.0,27713500.0,340775.0
2026-09-29,JSWSTEEL,1272.4,1266.6,1278.6,-5.8,97.1868,0.9474,1179225.0,40184100.0,554175.0
2026-09-29,JUBLFOOD,463.01,464.2,464.2,1.19,91.7294,0.0,1910000.0,20800000.0,383750.0
2026-09-29,KALYANKJIL,568.86,570.15,573.8,1.29,89.9243,0.6402,2875500.0,25236900.0,426600.0
2026-09-29,KAYNES,3511.54,3526.4,3545.0,14.86,91.5928,0.5275,335700.0,3493950.0,163350.0
2026-09-29,KEI,4461.01,4497.0,4521.5,35.99,86.084,0.5448,351925.0,2123625.0,53375.0
2026-09-29,KFINTECH,838.22,840.4,832.35,2.18,93.1315,-0.9579,392725.0,5110600.0,214475.0
2026-09-29,KOTAKBANK,406.0,407.5,409.2,1.5,86.1843,0.4172,27488000.0,157996000.0,13478000.0
2026-09-29,KPITTECH,519.69,508.6,507.85,-11.09,92.8692,-0.1475,916050.0,11208050.0,722300.0
2026-09-29,LAURUSLABS,1979.04,1996.8,2011.8,17.76,88.6131,0.7512,2487950.0,18790950.0,570350.0
2026-09-29,LICHSGFIN,548.55,555.4,562.4,6.85,91.827,1.2604,3105000.0,34803000.0,83000.0
2026-09-29,LICI,390.01,395.8,398.65,5.79,94.0067,0.7201,2927400.0,44980600.0,936600.0
2026-09-29,LODHA,1106.6,1113.3,1109.8,6.7,89.9376,-0.3144,896875.0,7823750.0,192500.0
2026-09-29,LT,3749.1,3759.5,3783.5,10.4,90.8337,0.6384,1212225.0,10874675.0,1137850.0
2026-09-29,LTF,271.05,271.3,273.2,0.25,92.236,0.7003,4801500.0,55665000.0,1377000.0
2026-09-29,LTM,3936.45,4004.7,3959.4,68.25,93.7591,-1.1312,328200.0,4819200.0,111450.0
2026-09-29,LUPIN,2052.12,2069.8,2079.7,17.68,92.661,0.4783,624750.0,7632575.0,255425.0
2026-09-29,M&M,2947.8,2956.9,2977.6,9.1,89.3915,0.7001,1591400.0,11602600.0,1807200.0
2026-09-29,MAHABANK,79.16,79.94,79.8,0.78,92.1217,-0.1751,2944500.0,33819500.0,611000.0
2026-09-29,MANAPPURAM,316.45,315.4,318.15,-1.05,91.0256,0.8719,6405000.0,64575000.0,390000.0
2026-09-29,MANKIND,2545.0,2545.5,2547.0,0.5,96.0694,0.0589,110500.0,2684250.0,16500.0
2026-09-29,MARICO,787.15,793.05,798.6,5.9,93.8189,0.6998,1177200.0,17797200.0,70800.0
2026-09-29,MARUTI,11877.02,11930.0,12015.0,52.98,87.7127,0.7125,376550.0,2528300.0,159700.0
2026-09-29,MAXHEALTH,982.1,982.3,984.5,0.2,94.526,0.224,581700.0,9982875.0,61950.0
2026-09-29,MAZDOCK,2087.29,2092.1,2109.0,4.81,90.9304,0.8078,531900.0,5065875.0,266850.0
2026-09-29,MCX,3232.07,3292.1,3313.8,60.03,93.2323,0.6592,543825.0,7285500.0,206325.0
2026-09-29,MFSL,1392.4,1395.5,1405.1,3.1,84.7908,0.6879,1013600.0,5625600.0,25200.0
2026-09-29,MOTHERSON,158.57,160.79,161.96,2.22,85.4289,0.7277,23413050.0,122495700.0,14772300.0
2026-09-29,MOTILALOFS,996.22,1002.6,1005.3,6.38,94.0504,0.2693,314650.0,4915825.0,58125.0
2026-09-29,MPHASIS,2154.4,2184.8,2196.0,30.4,92.5486,0.5126,467775.0,5781050.0,28875.0
2026-09-29,MUTHOOTFIN,2736.83,2761.6,2771.9,24.77,81.0697,0.373,1629375.0,6721000.0,256850.0
2026-09-29,NAM-INDIA,1068.0,1078.2,1077.0,10.2,40.5509,-0.1113,5691875.0,3844375.0,38125.0
2026-09-29,NATIONALUM,346.65,346.1,349.25,-0.55,91.3414,0.9101,3601875.0,37046250.0,950625.0
2026-09-29,NAUKRI,1245.0,1247.2,1253.8,2.2,92.0529,0.5292,1190200.0,13746150.0,40150.0
2026-09-29,NBCC,78.04,78.89,79.58,0.85,93.2285,0.8746,6883500.0,92033500.0,2736500.0
2026-09-29,NESTLEIND,1345.7,1338.8,1348.7,-6.9,97.0167,0.7395,311500.0,9627500.0,502500.0
2026-09-29,NHPC,73.32,73.59,73.92,0.27,85.2566,0.4484,20182800.0,114000850.0,2710500.0
2026-09-29,NMDC,77.0,77.27,76.79,0.27,95.3381,-0.6212,17988750.0,361698750.0,6176250.0
2026-09-29,NTPC,323.5,322.8,324.75,-0.7,89.4627,0.6041,11392500.0,94602000.0,2121000.0
2026-09-29,NYKAA,327.35,329.6,330.55,2.25,93.656,0.2882,2425000.0,35587500.0,212500.0
2026-09-29,OBEROIRLTY,1762.9,1769.1,1778.8,6.2,86.1081,0.5483,619150.0,3811850.0,25900.0
2026-09-29,OFSS,10405.99,10463.0,10496.0,57.01,87.6333,0.3154,182000.0,1257400.0,32300.0
2026-09-29,OIL,459.45,461.15,463.25,1.7,90.592,0.4554,1397200.0,13281800.0,172200.0
2026-09-29,ONGC,230.0,230.25,231.59,0.25,91.1455,0.582,5852250.0,58803750.0,1437750.0
2026-09-29,PAGEIND,36580.0,36865.0,37075.0,285.0,94.2047,0.5696,13620.0,219300.0,2100.0
2026-09-29,PATANJALI,371.4,370.5,373.3,-0.9,93.8479,0.7557,2576775.0,39055825.0,251550.0
2026-09-29,PAYTM,1682.99,1690.3,1698.8,7.31,87.554,0.5029,2130775.0,14522475.0,466900.0
2026-09-29,PERSISTENT,5162.15,5238.0,5264.0,75.85,86.7896,0.4964,475625.0,3095375.0,29375.0
2026-09-29,PETRONET,282.95,285.35,284.95,2.4,96.2606,-0.1402,1134300.0,29066200.0,133000.0
2026-09-29,PFC,324.11,325.05,327.85,0.94,94.7283,0.8614,5673200.0,98664800.0,3277300.0
2026-09-29,PGEL,493.24,497.45,500.9,4.21,92.0799,0.6935,1016500.0,11621350.0,196650.0
2026-09-29,PHOENIXLTD,1929.0,1937.9,1941.1,8.9,95.3363,0.1651,175700.0,3536400.0,55300.0
2026-09-29,PIDILITIND,1461.04,1475.5,1482.3,14.46,96.0291,0.4609,218500.0,5177000.0,107000.0
2026-09-29,PIIND,2288.84,2296.9,2301.2,8.06,84.6906,0.1872,690550.0,3721025.0,99050.0
2026-09-29,PNB,111.75,112.52,113.2,0.77,95.2891,0.6043,13112000.0,248256000.0,16968000.0
2026-09-29,PNBHOUSING,1098.2,1100.2,1105.9,2.0,91.9379,0.5181,928850.0,10562500.0,29900.0
2026-09-29,POLICYBZR,1081.09,1087.3,1095.5,6.21,85.6769,0.7542,3084900.0,18003650.0,449400.0
2026-09-29,POLYCAB,8102.51,8142.5,8183.0,39.99,75.6535,0.4974,655500.0,1999500.0,37375.0
2026-09-29,POWERGRID,261.5,262.5,261.85,1.0,93.9919,-0.2476,4271200.0,64919200.0,1900000.0
2026-09-29,POWERINDIA,30735.02,30655.0,30785.0,-80.02,82.3906,0.4241,100325.0,461700.0,7700.0
2026-09-29,PREMIERENE,870.04,864.4,865.2,-5.64,91.1297,0.0925,1109550.0,11263850.0,135200.0
2026-09-29,PRESTIGE,1417.5,1433.9,1433.3,16.4,89.4257,-0.0418,647100.0,5440050.0,32400.0
2026-09-29,RADICO,4364.14,4416.6,4437.0,52.46,83.3975,0.4619,213450.0,1064100.0,8100.0
2026-09-29,RBLBANK,402.0,405.55,407.1,3.55,92.1225,0.3822,4010025.0,46348650.0,546100.0
2026-09-29,RECLTD,292.45,295.0,294.55,2.55,91.7335,-0.1525,4857300.0,50927625.0,2973600.0
2026-09-29,RELIANCE,1182.01,1186.8,1195.8,4.79,93.6886,0.7583,10854500.0,146382000.0,14746500.0
2026-09-29,RVNL,197.92,198.15,199.31,0.23,90.4069,0.5854,3694075.0,31489150.0,3324475.0
2026-09-29,SAGILITY,42.54,42.64,42.95,0.1,94.0473,0.727,5376000.0,83460000.0,1476000.0
2026-09-29,SAIL,181.85,183.0,182.82,1.15,96.871,-0.0984,5795100.0,179154600.0,253800.0
2026-09-29,SBICARD,581.05,586.9,589.95,5.85,81.1953,0.5197,3936800.0,16300800.0,697600.0
2026-09-29,SBILIFE,1735.0,1747.9,1739.5,12.9,94.8382,-0.4806,385125.0,6910125.0,165750.0
2026-09-29,SBIN,964.7,960.8,969.1,-3.9,86.8857,0.8639,16281750.0,99740250.0,8130750.0
2026-09-29,SHREECEM,21900.0,21970.0,21935.0,70.0,83.1581,-0.1593,81275.0,392700.0,8600.0
2026-09-29,SHRIRAMFIN,971.5,979.6,983.4,8.1,90.6144,0.3879,2569875.0,24201375.0,609675.0
2026-09-29,SIEMENS,3710.03,3774.2,3744.7,64.17,92.5527,-0.7816,282800.0,3493350.0,21175.0
2026-09-29,SOLARINDS,18650.09,19190.0,19265.0,539.91,88.7972,0.3908,124200.0,904900.0,79550.0
2026-09-29,SONACOMS,815.65,819.25,819.65,3.6,96.2345,0.0488,569625.0,14323925.0,233975.0
2026-09-29,SRF,2420.12,2434.2,2448.9,14.08,89.9108,0.6039,466000.0,4091000.0,61800.0
2026-09-29,SUNPHARMA,1864.99,1861.3,1869.4,-3.69,94.9998,0.4352,833000.0,14822150.0,1004150.0
2026-09-29,SUPREMEIND,3445.8,3480.7,3496.7,34.9,95.6653,0.4597,95200.0,2033150.0,67900.0
2026-09-29,SUZLON,39.5,39.71,39.98,0.21,95.8122,0.6799,19507200.0,402450300.0,43853100.0
2026-09-29,SWIGGY,253.7,253.0,254.3,-0.7,75.7774,0.5138,22744975.0,69813550.0,1341375.0
2026-09-29,TATACONSUM,967.7,960.2,966.9,-7.5,94.8094,0.6978,957000.0,16244250.0,1235850.0
2026-09-29,TATAELXSI,3211.58,3127.4,3133.5,-84.18,91.4641,0.1951,220750.0,2234125.0,131250.0
2026-09-29,TATAPOWER,359.0,356.7,359.65,-2.3,91.2128,0.827,6213250.0,63318600.0,1175950.0
2026-09-29,TATASTEEL,188.0,188.44,189.53,0.44,94.2968,0.5784,18922750.0,305582750.0,7287500.0
2026-09-29,TCS,2032.41,2049.0,2050.4,16.59,93.5979,0.0683,1912050.0,27064125.0,889875.0
2026-09-29,TECHM,1510.54,1520.2,1519.8,9.66,82.0026,-0.0263,3731400.0,14500800.0,2500800.0
2026-09-29,TIINDIA,2413.02,2428.5,2443.4,15.48,92.8905,0.6135,189000.0,2422400.0,47000.0
2026-09-29,TITAN,4675.0,4686.5,4720.5,11.5,88.1801,0.7255,742875.0,5232150.0,309925.0
2026-09-29,TMPV,280.95,279.15,281.45,-1.8,91.4486,0.8239,9128000.0,89198400.0,8416000.0
2026-09-29,TORNTPHARM,4894.01,4920.0,4954.5,25.99,98.0239,0.7012,71625.0,3166750.0,386250.0
2026-09-29,TRENT,2635.0,2636.9,2651.8,1.9,94.1429,0.5651,580050.0,9162225.0,161100.0
2026-09-29,TVSMOTOR,4091.11,4127.4,4138.3,36.29,94.2529,0.2641,452725.0,7348425.0,76300.0
2026-09-29,ULTRACEMCO,10829.0,10855.0,10935.0,26.0,92.2078,0.737,158350.0,1751050.0,122750.0
2026-09-29,UNIONBANK,166.0,169.94,170.33,3.94,92.9592,0.2295,7788000.0,92557725.0,10266000.0
2026-09-29,UNITDSPR,1363.01,1376.2,1361.7,13.19,89.6765,-1.0536,795200.0,6870800.0,36800.0
2026-09-29,UNOMINDA,1162.0,1166.8,1172.9,4.8,93.9749,0.5228,325050.0,5050650.0,19250.0
2026-09-29,UPL,538.0,535.0,539.3,-3.0,87.3701,0.8037,4494535.0,30660940.0,430890.0
2026-09-29,VBL,430.0,431.0,434.2,1.0,95.9971,0.7425,3086775.0,73042200.0,984300.0
2026-09-29,VEDL,260.0,259.2,260.2,-0.8,81.4517,0.3858,12430350.0,53671650.0,914250.0
2026-09-29,VMM,104.29,102.25,101.3,-2.04,91.5414,-0.9291,5238000.0,55464600.0,1222200.0
2026-09-29,VOLTAS,1090.12,1094.6,1102.4,4.48,90.758,0.7126,1111500.0,10659750.0,255375.0
2026-09-29,WAAREEENER,2380.52,2378.7,2383.1,-1.82,95.7312,0.185,311850.0,6799800.0,193725.0
2026-09-29,WIPRO,156.79,157.72,157.91,0.93,87.8532,0.1205,29610000.0,201504000.0,12654000.0
2026-09-29,YESBANK,20.71,21.06,21.16,0.35,96.3628,0.4748,47334200.0,1199620300.0,54425000.0
2026-09-29,ZYDUSLIFE,1200.49,1213.6,1214.8,13.11,67.5876,0.0989,4445100.0,9172800.0,96300.0
